steps,grad_similarity
1,-0.604653001
2,0.797008753
3,0.517140448
4,-0.583187282
5,-0.433033705
6,0.031451542
7,-0.039677009
8,-0.020155681
9,0.646177471
10,-0.367223948
11,-0.335806191
12,-0.106845461
13,-0.109621324
14,0.186062768
15,-0.051403493
16,-0.246395037
17,0.318647653
18,0.059173506
19,0.17739825
20,0.119790696
21,0.176719606
22,0.225772038
23,0.372298598
24,0.128236845
25,0.298751324
26,-0.07793121
27,0.081778832
28,-0.123159364
29,0.009267924
30,0.157264426
31,0.200126186
32,0.228907734
33,-0.529034913
34,0.090813436
35,0.416240662
36,0.383740872
37,0.022415873
38,-0.511530936
39,0.401576668
40,0.304606706
41,-0.058642156
42,0.291258305
43,0.165706456
44,-0.141857773
45,0.022920178
46,0.345527142
47,-0.020147888
48,0.319883853
49,0.319801301
50,0.459409446
51,0.212414563
52,0.12656337
53,-0.152165636
54,0.345057964
55,0.224028647
56,0.052614175
57,-0.391207069
58,0.118287504
59,0.078055881
60,0.236883685
61,-0.115493029
62,0.208300322
63,0.346478373
64,-0.219876975
65,0.110800788
66,-0.008153222
67,-0.131462872
68,-0.293903321
69,0.086187422
70,0.513207614
71,0.049576834
72,0.101110496
73,0.447406471
74,0.153324887
75,0.243828461
76,0.375743687
77,-0.125781581
78,0.473571777
79,0.373176605
80,-0.051201746
81,-0.289725661
82,0.191659331
83,0.029378114
84,-0.162477836
85,-0.136882216
86,-0.10060855
87,-0.129848808
88,-0.146060973
89,-0.254747659
90,0.092072882
91,0.048565794
92,0.078257635
93,0.198359534
94,-0.186805397
95,-0.286209494
96,-0.344440043
97,0.329525739
98,-0.065439992
99,-0.083752058
100,0.063771755
101,0.036977872
102,0.167047888
103,0.142211065
104,-0.099593386
105,-0.361399442
106,0.243090466
107,-0.236363456
108,0.028687155
109,0.214480519
110,0.124431573
111,0.017081961
112,0.131282851
113,-0.028647481
114,0.220919326
115,-0.233921602
116,-0.145967349
117,-0.342481345
118,-0.022371281
119,-0.002948478
120,-0.434063345
121,-0.004660687
122,-0.097800694
123,0.122727819
124,0.077978432
125,0.36812374
126,0.350088745
127,-0.148848101
128,-0.305808038
129,0.110335223
130,0.223505631
131,0.231582478
132,0.148647293
133,-0.086939991
134,0.212131262
135,0.332671404
136,0.311004519
137,-0.27033186
138,0.383511513
139,-0.063267551
140,-0.047756612
141,-0.047732651
142,0.240611091
143,-0.162373036
144,0.07944081
145,-0.037408452
146,-0.022246139
147,-0.229267582
148,0.228107333
149,-0.098955624
150,0.167716831
151,-0.03927457
152,0.021359557
153,0.247155741
154,0.068507574
155,-0.044281058
156,-0.199246392
157,-0.189185932
158,-0.071120732
159,0.092542008
160,0.231776893
161,-0.010605996
162,0.003301047
163,0.240428984
164,0.141714901
165,-0.263865769
166,0.214820877
167,0.088415444
168,-0.135218859
169,-0.245155334
170,-0.261409998
171,0.141994342
172,0.018189102
173,0.217392728
174,-0.074768782
175,0.040533144
176,-0.178363636
177,0.343508214
178,-0.004369053
179,-0.02152635
180,0.026174311
181,-0.192161068
182,0.143294781
183,0.185535803
184,0.211984262
185,0.016083287
186,-0.189306915
187,0.173986867
188,0.075300373
189,-0.09356349
190,-0.210538983
191,-0.25025925
192,-0.012238807
193,-0.019204034
194,0.421907693
195,-0.120564677
196,-0.203920275
197,-0.198862493
198,0.29521364
199,-0.130462423
200,0.001669162
201,0.07278467
202,-0.227754146
203,0.092473924
204,-0.065061688
205,0.081085563
206,-0.045131586
207,0.390715927
208,0.121748708
209,-0.040546503
210,0.063401833
211,-0.238589391
212,0.004190404
213,0.217948481
214,-0.137953609
215,0.152062327
216,0.00693486
217,0.096966907
218,0.277482361
219,-0.122000195
220,-0.009826479
221,-0.092507839
222,-0.063197598
223,0.033741631
224,-0.256250769
225,0.378001362
226,-0.139744878
227,-0.097104289
228,0.118405752
229,0.067550346
230,-0.049799036
231,0.082898542
232,0.024249671
233,-0.027320934
234,-0.057768665
235,0.090473726
236,0.028962091
237,0.00905459
238,0.088851899
239,-0.039146621
240,-0.313621253
241,-0.278819799
242,-0.210982636
243,-0.08233285
244,-0.164127231
245,-0.343209922
246,-0.16725786
247,0.020585421
248,0.081844993
249,-0.147690773
250,-0.211961925
251,0.125139132
252,0.172033697
253,0.297984451
254,0.262631625
255,0.074986778
256,-0.094154187
257,-0.141424552
258,-0.127403527
259,-0.009531424
260,-0.024237484
261,0.054349799
262,0.201796293
263,0.02195096
264,-0.0065931
265,-0.01267857
266,-0.01304682
267,-0.177295119
268,0.185770646
269,0.306274682
270,-0.041213948
271,0.306716174
272,-0.080230467
273,-0.015058073
274,0.205492377
275,0.110717222
276,0.016892634
277,-0.228293121
278,0.013966706
279,-0.14040418
280,-0.095840171
281,-0.13025412
282,-0.231673613
283,0.002400636
284,0.085892342
285,-0.020744728
286,0.140583873
287,-0.066966057
288,0.039871339
289,-0.248787105
290,0.120668828
291,-0.028409669
292,-0.036162194
293,0.162400767
294,-0.22645022
295,-0.158898309
296,-0.087583296
297,0.163399592
298,0.083486557
299,0.054861341
300,0.126126304
301,0.193549603
302,0.111636445
303,-0.025507385
304,0.105843909
305,-0.094279245
306,0.016432926
307,-0.061959621
308,0.035566904
309,-0.098738179
310,-0.187958911
311,-0.161316127
312,0.029950732
313,-0.167495161
314,-0.055503782
315,0.09126503
316,-0.001111329
317,-0.101162754
318,0.100983143
319,-0.059353769
320,0.017780092
321,0.02636105
322,-0.073065661
323,-0.107120872
324,-0.063949458
325,-0.046749603
326,-0.053998526
327,0.3565211
328,0.01974682
329,-0.157778949
330,-0.080932468
331,-0.033549324
332,0.189694494
333,0.029341541
334,0.068269767
335,0.195828035
336,0.150829554
337,0.153955847
338,0.212281331
339,0.046229135
340,0.154516339
341,0.139973
342,-0.010860797
343,0.098982722
344,0.012894398
345,0.007384415
346,0.086703584
347,-0.011062757
348,0.138652146
349,0.012702649
350,0.070226811
351,-0.042929847
352,0.030025527
353,-0.049859703
354,0.180868194
355,-0.050187945
356,0.027518123
357,-0.044915408
358,-0.064032793
359,-0.030155493
360,0.125341177
361,-0.029940914
362,0.018749643
363,0.46217683
364,0.068091184
365,0.067296073
366,0.033730391
367,0.125384361
368,0.205570042
369,-0.003482953
370,0.094882801
371,0.502891362
372,-0.083713457
373,0.139340252
374,0.027409533
375,0.023607831
376,0.163862258
377,0.123163596
378,0.060456794
379,-0.13937749
380,0.018181164
381,0.139173225
382,0.351773858
383,0.345472544
384,-0.032857846
385,0.070073627
386,0.131262243
387,0.031363174
388,0.00764259
389,0.063628763
390,0.251715988
391,-0.045023017
392,-4.04E-05
393,-0.11787872
394,-0.017014766
395,0.01436451
396,0.044694852
397,0.029837744
398,-0.048068725
399,0.041712224
400,-0.019027539
401,0.013250011
402,-0.164508313
403,-0.086678721
404,-0.062883973
405,0.117131472
406,0.040376946
407,0.001502431
408,-0.034444787
409,-0.018818362
410,-0.104473256
411,-0.10800714
412,-3.48E-05
413,-0.134853631
414,-0.010164274
415,-0.237007126
416,-0.009526724
417,-0.106954284
418,-0.156514943
419,-0.155061558
420,0.43645218
421,0.117391564
422,0.055995654
423,0.170599997
424,0.088132143
425,-0.110876128
426,0.080414496
427,-0.022470279
428,0.005285192
429,-0.036565207
430,0.004297506
431,0.069615953
432,-0.103416979
433,0.104466729
434,0.021796346
435,0.002326614
436,0.008871162
437,-0.004524041
438,-0.076679863
439,0.021820379
440,-0.030048264
441,0.22683312
442,0.121252835
443,-0.023086211
444,0.016679378
445,-0.053042214
446,0.051833104
447,0.002181808
448,-0.013066288
449,0.078057915
450,0.037121311
451,-0.001925754
452,0.13001734
453,0.200775087
454,0.049771331
455,0.032343954
456,-0.025162153
457,0.037959177
458,0.038665421
459,-0.102337353
460,0.288757086
461,-0.051902071
462,-0.141625613
463,0.00695132
464,-0.004862446
465,0.259679049
466,0.011260411
467,-0.165626124
468,-0.073411256
469,-0.006294921
470,0.009185076
471,-0.007120025
472,-0.00414233
473,0.05160705
474,-0.007162552
475,0.051897112
476,0.136111945
477,-0.037883773
478,-0.236842111
479,-0.104162015
480,0.292792469
481,-0.183585435
482,0.009656739
483,0.032646772
484,-0.080255814
485,-0.116521962
486,-0.030485673
487,-0.028975258
488,-0.078991093
489,0.102284886
490,0.004951324
491,0.004653917
492,0.032617122
493,0.060235716
494,-0.095817789
495,-0.092025429
496,0.034156546
497,0.19984746
498,0.0594729
499,-0.073705256
500,0.127571717
501,-0.137457445
502,0.213128135
503,0.151822522
504,-0.194435492
505,-0.167438447
506,0.095047072
507,0.009829721
508,0.420661986
509,0.133527935
510,-0.089719079
511,0.362325102
512,0.06694369
513,0.138658985
514,-0.091031827
515,0.154888153
516,0.013976204
517,-0.046019275
518,-0.014908195
519,0.07639572
520,-0.003586715
521,-0.069647133
522,-0.048138727
523,0.112805173
524,-0.128896788
525,-0.000934848
526,7.73E-05
527,0.035084408
528,0.114609398
529,-0.054730263
530,0.045166872
531,0.281622618
532,-0.119027995
533,-0.159330741
534,0.034531146
535,-0.239781693
536,0.247809336
537,-0.223400116
538,-0.201463237
539,0.17934981
540,-0.048431162
541,0.129700571
542,0.120153539
543,-0.332519144
544,0.123449095
545,0.060740899
546,0.022168603
547,-0.125181541
548,-0.277067393
549,0.269743592
550,-0.154914632
551,-0.04708951
552,-0.15570949
553,-0.097745031
554,-0.169793487
555,0.115114592
556,-0.060202338
557,0.197425425
558,-0.145527735
559,0.188753441
560,-0.067338176
561,0.116590783
562,-0.020964442
563,0.031727705
564,0.203440636
565,0.10316091
566,0.070575915
567,-0.037991017
568,0.081461154
569,-0.131068975
570,0.059512872
571,-0.089300677
572,-0.029220635
573,-0.21546416
574,0.065714523
575,-0.323557913
576,0.113991939
577,0.034485321
578,0.29188922
579,-0.183363125
580,0.131215468
581,-0.158799231
582,0.009550882
583,0.078540601
584,-0.00056731
585,0.064445294
586,0.006180494
587,0.027465524
588,-0.091015182
589,-0.005116269
590,0.087703668
591,-0.188787133
592,0.052760489
593,0.283140689
594,-0.272829205
595,-0.063562356
596,0.147173375
597,0.172160938
598,-0.017157726
599,0.056709152
600,-0.014071918
601,-0.100326821
602,-0.013154557
603,0.016819777
604,0.022119243
605,-0.242892951
606,0.169659674
607,0.092681341
608,-0.030414317
609,-0.142009914
610,0.26226455
611,0.064413279
612,-0.00023342
613,-0.011782407
614,-0.093172252
615,-0.015135752
616,-0.080436274
617,0.135256171
618,0.066166781
619,-0.009718997
620,0.073865779
621,-0.04771373
622,-0.212349489
623,0.092802234
624,0.234560773
625,-0.191070303
626,0.148887426
627,0.0732904
628,-0.244233459
629,-0.157007217
630,0.065608718
631,-0.088088974
632,-0.034687471
633,0.242265731
634,0.193951279
635,-0.010845195
636,0.22775805
637,-0.161865279
638,0.214716583
639,-0.099825047
640,-0.012084818
641,-0.229159668
642,0.04533698
643,-0.027005633
644,-0.020125413
645,-0.069703519
646,-0.133531049
647,-0.072249673
648,0.104233779
649,0.041721296
650,-0.144632682
651,-0.057541102
652,-0.041226517
653,-0.005728911
654,0.020383494
655,0.104559064
656,0.257585466
657,-0.002937189
658,-0.013934056
659,0.001405066
660,-0.087459579
661,-0.028313514
662,-0.010854688
663,0.007991014
664,-0.078540459
665,0.001575597
666,0.131770536
667,-0.073944025
668,0.099944159
669,-0.022157433
670,0.218060389
671,0.005890167
672,0.016438346
673,0.091463745
674,0.132076129
675,0.033199087
676,0.101630606
677,-0.008776124
678,-0.116686627
679,-0.067517981
680,0.112913445
681,0.020259418
682,0.04948106
683,0.020187341
684,-0.054253042
685,0.014366603
686,0.023666162
687,0.174814403
688,-0.005032141
689,0.054986063
690,0.063885055
691,0.232662618
692,0.000149296
693,0.104664549
694,0.014781293
695,0.042498652
696,0.027415957
697,-0.019582629
698,-0.129401088
699,-0.002923564
700,-0.132111967
701,-0.080735803
702,0.007669794
703,0.081452034
704,0.031562395
705,0.051426508
706,0.04508571
707,-0.201978922
708,-0.031340919
709,-0.023742277
710,0.035397474
711,-0.07794632
712,0.022473168
713,-0.046190944
714,-0.005749544
715,-0.017846927
716,-0.010624209
717,-0.002058488
718,-0.004303598
719,0.045922115
720,-0.012973202
721,0.008663669
722,0.108862132
723,0.093077943
724,0.026092131
725,0.00884126
726,-0.025531679
727,0.001988923
728,0.020070156
729,0.02279965
730,0.056459259
731,0.053840842
732,0.017631255
733,0.062499609
734,0.030424191
735,-0.050916787
736,0.103432
737,-0.032287322
738,0.027938863
739,0.072461471
740,0.029472727
741,0.015331902
742,0.095150299
743,0.168155357
744,0.016837826
745,-0.006255256
746,0.05443294
747,-0.081561685
748,-0.101328611
749,-0.071404465
750,-0.024412204
751,0.029191397
752,-0.050761737
753,-0.057741746
754,0.050146535
755,-0.073862061
756,-0.062904663
757,-0.054651242
758,0.02535147
759,0.052814592
760,-0.029292511
761,0.04520249
762,-0.053701401
763,-0.034163233
764,0.094402313
765,0.006266332
766,0.010275967
767,-0.02731381
768,-0.050127488
769,0.015625821
770,0.00516001
771,0.008970658
772,-0.052350517
773,-0.007613363
774,-0.181680232
775,-0.119027615
776,-0.030443775
777,-0.001636398
778,-0.008001775
779,0.063492939
780,0.020998124
781,0.021495596
782,0.005720491
783,-0.100592539
784,0.005111361
785,-0.019978657
786,-0.09552075
787,-0.112904273
788,0.008945646
789,0.028622417
790,-0.010763827
791,-0.042640842
792,0.092587091
793,0.05861982
794,-0.073187657
795,-0.03401725
796,-0.062140353
797,-0.033469785
798,-0.064090468
799,-0.028102377
800,0.03434078
801,0.091544464
802,-0.027075818
803,0.011916955
804,0.104362547
805,0.016524997
806,-0.014515232
807,-0.078334682
808,-0.042917624
809,0.056412321
810,-0.019035153
811,0.07863497
812,-0.00629996
813,-0.034028906
814,-0.034662925
815,-0.015004992
816,0.138580516
817,-0.157351226
818,0.055243142
819,-0.002385488
820,0.021701373
821,-0.011564237
822,0.043576624
823,0.087957241
824,0.051357385
825,-0.072400235
826,0.08578337
827,0.031095322
828,-0.050943691
829,0.000608401
830,-0.013736454
831,-0.062419515
832,-0.046499543
833,-0.002229646
834,-0.005180429
835,-0.090541609
836,0.013587685
837,-0.024590671
838,0.053831063
839,-0.011689928
840,-0.000235482
841,0.187686175
842,0.084267542
843,-0.015137598
844,-0.024536889
845,-0.032881379
846,0.004219275
847,-0.069591738
848,0.02300762
849,-0.032212213
850,0.453177363
851,0.016170196
852,-0.020589633
853,0.05033106
854,0.062437203
855,-0.048095621
856,0.030860091
857,-0.098798916
858,0.047755376
859,-0.021157483
860,-0.029146696
861,-0.017473131
862,-0.028028931
863,-0.02662373
864,-0.03170925
865,-0.019503387
866,0.057380542
867,-0.021044038
868,0.009890403
869,-0.001233499
870,-0.027155783
871,-0.034511283
872,-0.008022286
873,0.024430413
874,-0.036582232
875,0.011359364
876,0.042973999
877,-0.036115319
878,0.000775063
879,-0.085559353
880,0.088057369
881,0.090495795
882,-0.048135344
883,0.005227355
884,0.04762242
885,0.047433008
886,0.065203302
887,-0.062944055
888,0.027601959
889,0.009342822
890,0.124523371
891,0.025453668
892,0.189248502
893,-0.039151743
894,-0.007361293
895,0.047304347
896,-0.017155861
897,-0.161032006
898,-0.172360733
899,0.059183571
900,0.020502549
901,-0.01711192
902,-0.033544548
903,-0.021883534
904,0.036608726
905,-0.001924095
906,-0.066313133
907,0.09136647
908,-0.036301371
909,0.016408529
910,-0.058961816
911,0.001577946
912,0.076517522
913,-0.025030913
914,-0.100412831
915,0.031506941
916,0.047041021
917,0.119451992
918,0.056098908
919,-0.00668063
920,0.041694276
921,0.006305269
922,-0.219167471
923,-0.018105347
924,-0.048495442
925,-0.040436145
926,-0.006995845
927,-0.004875205
928,-0.256373495
929,0.006201453
930,-0.038596336
931,-0.012591288
932,-0.025758769
933,0.029899981
934,0.084023654
935,-0.005383023
936,0.03602872
937,-0.033431914
938,0.169756711
939,-0.041757431
940,0.030610096
941,0.142988265
942,-0.000715582
943,0.101574779
944,0.010195438
945,0.084779009
946,-0.006597162
947,-0.005172281
948,0.064354151
949,0.025323872
950,-0.0157873
951,0.115290955
952,0.050335169
953,-0.030206507
954,-0.073543631
955,-0.011167014
956,0.017601077
957,-0.071088992
958,0.019437423
959,-0.008417326
960,0.050101239
961,-0.060370669
962,0.008797609
963,-0.022766052
964,0.108011
965,-0.021779345
966,0.000409452
967,-0.029420195
968,0.034425776
969,0.023407063
970,-0.118324965
971,0.005107983
972,0.11019174
973,0.067537233
974,-0.059656136
975,0.047991436
976,0.049405836
977,-0.017021568
978,-0.049075682
979,0.028160453
980,0.015610774
981,-0.005175583
982,-0.250700861
983,-0.025301807
984,0.004883785
985,0.015729338
986,0.021844959
987,0.063668966
988,0.03126758
989,0.091147467
990,0.016949762
991,0.032652147
992,0.021033689
993,-0.012685198
994,-0.063426405
995,0.039008107
996,0.015550785
997,-0.015803894
998,-0.03759421
999,-0.026746765
1000,0.016950591
1001,0.003759224
1002,-0.037782252
1003,0.018650914
1004,-0.00460333
1005,0.011199079
1006,0.007830598
1007,0.055470269
1008,-0.016751269
1009,0.031283747
1010,0.000503046
1011,0.038158156
1012,-0.027554158
1013,0.033178926
1014,0.022027897
1015,0.002868208
1016,0.01211098
1017,0.033208817
1018,-0.062455457
1019,-0.01198066
1020,0.008537634
1021,0.072935514
1022,-0.060474295
1023,-0.02606591
1024,-0.014845523
1025,0.039436199
1026,-0.018929429
1027,0.040653851
1028,0.041999616
1029,0.040141258
1030,-0.034648485
1031,-0.044553526
1032,-0.069359817
1033,0.048583426
1034,-0.015862228
1035,0.044321299
1036,-0.023595026
1037,-0.016115947
1038,0.000743216
1039,0.056033544
1040,-0.00995587
1041,0.036000315
1042,-0.071945772
1043,-0.038949266
1044,-0.045675889
1045,-0.13489759
1046,-0.041190233
1047,-0.012551745
1048,0.026064832
1049,-0.011979662
1050,-0.001192814
1051,0.018548118
1052,0.052807927
1053,-0.035679884
1054,-0.006671932
1055,-0.002744193
1056,-0.034053821
1057,0.011695252
1058,0.046533179
1059,0.001979487
1060,-0.025335772
1061,-0.00561358
1062,-0.013109823
1063,-0.032319181
1064,-0.026861826
1065,-0.059368085
1066,0.030357229
1067,0.078622453
1068,0.025329547
1069,0.014633234
1070,0.025359932
1071,0.002950176
1072,-0.083868153
1073,-0.020536864
1074,0.084060311
1075,9.69E-05
1076,-0.005459639
1077,0.021947281
1078,0.053085376
1079,-0.005016768
1080,-0.032935809
1081,-0.046667773
1082,-0.021846661
1083,-0.046879016
1084,-0.043429311
1085,0.022131346
1086,0.072721377
1087,0.071294613
1088,0.026924096
1089,0.028250579
1090,0.018467359
1091,0.021760989
1092,0.070960671
1093,0.013002903
1094,0.05291453
1095,0.005019429
1096,0.049721919
1097,0.041270651
1098,-0.009677076
1099,0.017973946
1100,9.84E-05
1101,-0.016681349
1102,-0.056730781
1103,0.019793838
1104,-0.000758303
1105,0.052870154
1106,0.020543376
1107,-0.02808887
1108,-0.002993055
1109,0.006476596
1110,0.006776179
1111,0.023286371
1112,0.017018596
1113,0.038109325
1114,-0.040165052
1115,-0.007578675
1116,-0.035497773
1117,-0.003907622
1118,0.096839726
1119,-0.021622056
1120,-0.007973221
1121,-0.013222602
1122,-0.020119313
1123,-0.040944934
1124,-0.031725742
1125,0.037081301
1126,0.038001459
1127,-0.02500879
1128,0.029939167
1129,0.040848292
1130,-0.002517317
1131,0.010461084
1132,0.001636688
1133,0.004097845
1134,0.059121512
1135,-0.027831439
1136,0.056701895
1137,0.012351607
1138,0.007062373
1139,0.006609074
1140,0.015838992
1141,-0.004898503
1142,-0.00827648
1143,-0.047042686
1144,-0.011698171
1145,-0.01069965
1146,0.010788624
1147,0.016358295
1148,-0.01943299
1149,-0.00292411
1150,0.004929232
1151,-0.008142225
1152,-0.043306872
1153,-0.010383768
1154,-0.006259035
1155,0.020961732
1156,0.023949575
1157,0.003466352
1158,-0.023824209
1159,-0.022960518
1160,0.045766208
1161,-0.111493565
1162,-0.026347708
1163,-0.002324853
1164,-0.003934778
1165,-0.060337245
1166,-0.018822411
1167,-0.062161777
1168,0.03376276
1169,0.046851352
1170,0.03665689
1171,0.008339163
1172,-0.004155058
1173,-0.005464499
1174,0.012389542
1175,-0.022520658
1176,0.004489235
1177,-0.013228926
1178,-0.009455037
1179,0.010357412
1180,-0.02372748
1181,0.065910466
1182,0.066838592
1183,0.044378959
1184,0.027752094
1185,-0.035020523
1186,-0.056827195
1187,-0.005835511
1188,-0.013376336
1189,-0.039370619
1190,-0.002357637
1191,0.011135572
1192,0.004949956
1193,-0.014831561
1194,-0.088700734
1195,0.03037581
1196,-0.013259481
1197,-0.038058493
1198,-0.003607133
1199,-0.023651561
1200,-0.03699071
1201,0.026248109
1202,-0.001344868
1203,0.012560096
1204,0.007068173
1205,0.033397079
1206,0.017966496
1207,0.056202337
1208,-0.02392903
1209,0.011301232
1210,-0.000473279
1211,-0.015600163
1212,-0.006618767
1213,-0.018729676
1214,0.052236386
1215,0.044833116
1216,0.045629323
1217,0.003062276
1218,0.019270064
1219,-0.006727349
1220,-0.0340943
1221,0.046137199
1222,0.020083526
1223,0.064612418
1224,-0.002711328
1225,-0.068595126
1226,0.010616276
1227,0.073438212
1228,-0.026236944
1229,-0.012955
1230,0.006951601
1231,-0.013699826
1232,0.01743174
1233,0.019092901
1234,-0.033708207
1235,0.009391249
1236,-0.018723972
1237,-0.006102598
1238,0.021284122
1239,0.006946262
1240,-0.020065777
1241,-0.005861923
1242,0.005239366
1243,0.011858969
1244,-0.034435544
1245,0.002923379
1246,0.070131287
1247,0.048358817
1248,-0.037790168
1249,0.006393451
1250,
1251,
1252,0.020604331
1253,0.015805926
1254,0.023535274
1255,-0.004647561
1256,-0.027839957
1257,-0.003794366
1258,-0.095356174
1259,-0.002187098
1260,-0.000794675
1261,-0.018721135
1262,0.015179084
1263,0.020785723
1264,0.060211115
1265,-0.027273113
1266,0.051585872
1267,0.005149981
1268,0.035185285
1269,0.034931935
1270,0.044521805
1271,0.020544559
1272,0.014551773
1273,0.015623433
1274,0.003651676
1275,0.037107527
1276,0.004198889
1277,0.041153561
1278,-0.006188208
1279,0.000618615
1280,0.040437076
1281,-0.00337956
1282,0.000568507
1283,-0.015955999
1284,-0.018410943
1285,-0.010333748
1286,0.019874893
1287,0.004673375
1288,0.01394916
1289,-0.020596532
1290,0.004781216
1291,0.038952641
1292,0.005635902
1293,-0.035505962
1294,-0.02994596
1295,-0.007198037
1296,-0.008112624
1297,-0.001176213
1298,0.002721349
1299,0.001791329
1300,-0.075193062
1301,0.016110821
1302,-0.008589218
1303,0.034921456
1304,0.014896399
1305,0.010042081
1306,-0.012878357
1307,-0.010309331
1308,-0.012885336
1309,-0.002985683
1310,0.01911973
1311,0.03334149
1312,-0.005325648
1313,-0.019050328
1314,0.011966407
1315,0.031018294
1316,0.042913914
1317,0.021264892
1318,0.007726721
1319,0.016821994
1320,0.018902974
1321,0.011471503
1322,0.0271412
1323,0.027724845
1324,0.011272137
1325,0.016347772
1326,0.034040555
1327,-0.002354766
1328,-0.035958815
1329,-0.030767076
1330,0.00093597
1331,0.012737478
1332,-0.006408541
1333,-0.017252602
1334,0.003567275
1335,-0.016681764
1336,-0.019520232
1337,-0.025445439
1338,-0.086678557
1339,-0.022549158
1340,0.001060395
1341,0.002122783
1342,0.006549648
1343,-0.012466977
1344,-0.007837699
1345,0.046691626
1346,-0.040989801
1347,-0.07766223
1348,0.060326256
1349,0.025795294
1350,0.041652139
1351,0.027037065
1352,0.041892055
1353,-0.00299939
1354,-0.013709125
1355,-0.039949227
1356,-0.059339561
1357,0.004381797
1358,0.018069163
1359,-0.024992166
1360,-0.005507703
1361,-0.019017467
1362,0.030464839
1363,0.013373658
1364,-0.01902993
1365,0.00530424
1366,-0.00481471
1367,-0.009596049
1368,-0.051123884
1369,-0.010006959
1370,-0.0297956
1371,-0.004979604
1372,0.005960565
1373,-0.000753474
1374,-0.00747922
1375,0.017078903
1376,0.014117103
1377,-0.006066622
1378,-0.018193623
1379,-0.004099014
1380,-0.004131263
1381,0.003760057
1382,0.085757546
1383,0.01715008
1384,-0.089020923
1385,4.10E-06
1386,-0.048147559
1387,0.022138916
1388,-0.099717721
1389,0.00442946
1390,-0.001990851
1391,-0.011642581
1392,0.037018217
1393,0.002708122
1394,-0.017752156
1395,-0.01792191
1396,-0.057197891
1397,0.011123164
1398,0.02729927
1399,0.140351102
1400,-0.035395499
1401,0.007763956
1402,0.004781603
1403,-0.010650336
1404,0.032329075
1405,-0.021399954
1406,-0.004043104
1407,-0.044927392
1408,-0.011205282
1409,0.035684828
1410,-0.000163774
1411,0.000385483
1412,0.042902414
1413,0.016662324
1414,0.05711465
1415,0.031213714
1416,-0.008342024
1417,0.009053841
1418,0.01540623
1419,0.001988636
1420,0.002799271
1421,0.031084202
1422,0.032698497
1423,-0.00054689
1424,0.017491201
1425,0.01979506
1426,0.037110116
1427,0.016926777
1428,0.016026191
1429,-0.043190036
1430,-0.033709761
1431,-0.045990799
1432,-0.042385593
1433,-0.011211335
1434,-0.01034241
1435,-0.05188771
1436,0.003433644
1437,-0.038622253
1438,0.007049012
1439,-0.044368125
1440,-0.039440643
1441,-0.030281607
1442,-0.015662432
1443,0.020596836
1444,0.026367817
1445,-0.049432065
1446,0.02982424
1447,-0.011276665
1448,-0.009621343
1449,-0.030407842
1450,-0.039661154
1451,0.002266397
1452,0.013633078
1453,0.074379675
1454,0.037573859
1455,0.015493104
1456,0.02430862
1457,0.01366878
1458,-0.027890824
1459,0.003616935
1460,-0.016930996
1461,0.025583008
1462,-0.035971016
1463,0.009619238
1464,0.037910413
1465,-0.048609156
1466,-0.038347866
1467,-0.060832955
1468,-0.000919765
1469,-0.014718608
1470,0.036980025
1471,0.023093749
1472,-0.006945683
1473,-0.0286023
1474,-0.034781564
1475,0.035015494
1476,-0.016247151
1477,-0.006593951
1478,-0.012442494
1479,0.05438824
1480,0.0132671
1481,-0.007558846
1482,-0.016495064
1483,0.014800717
1484,0.029577136
1485,-0.014971734
1486,0.037182897
1487,0.026331628
1488,-0.004282167
1489,0.018194588
1490,0.017420009
1491,-0.003637774
1492,0.025547419
1493,0.005876225
1494,-0.03617594
1495,-0.006722706
1496,0.017013943
1497,0.000989549
1498,0.0026262
1499,0.030016035
1500,0.020740069
1501,0.00798976
1502,-0.000520253
1503,-0.023810176
1504,-0.025108488
1505,0.031955857
1506,0.005242473
1507,-0.004896139
1508,0.017118128
1509,-0.000222138
1510,-0.020578874
1511,0.045998897
1512,0.007719418
1513,-0.037092112
1514,0.038813498
1515,-0.007181709
1516,0.030546255
1517,0.032021549
1518,-0.01435054
1519,-0.026965158
1520,0.002193318
1521,-0.040935166
1522,-0.030248918
1523,0.009834689
1524,-0.009545601
1525,0.07044255
1526,-0.032230902
1527,-0.011970401
1528,-0.004364531
1529,-0.00688642
1530,-0.041367557
1531,-0.002154153
1532,-0.005476194
1533,0.011012306
1534,0.034242045
1535,-0.006652004
1536,-0.011599209
1537,0.012153629
1538,-0.051020917
1539,0.017897962
1540,0.017171372
1541,0.003166794
1542,0.041130666
1543,0.049003564
1544,0.031833712
1545,-0.03159228
1546,0.014926162
1547,0.040709738
1548,-0.018055616
1549,-0.004850262
1550,-0.011911152
1551,-0.038200643
1552,-0.0300494
1553,-0.001947963
1554,-0.00218502
1555,-0.038333278
1556,-0.02615591
1557,-0.01286125
1558,-0.012536918
1559,-0.018525569
1560,0.018081103
1561,-0.000754146
1562,-0.018364934
1563,0.013539692
1564,0.041536823
1565,0.039797682
1566,-0.018414062
1567,-0.001658936
1568,0.008329164
1569,0.028821651
1570,-0.035351723
1571,0.008828397
1572,0.028793233
1573,0.028895112
1574,0.019025102
1575,-0.017624812
1576,0.023168553
1577,0.078224771
1578,0.038828466
1579,-0.016460035
1580,0.02468775
1581,0.015932489
1582,0.024388783
1583,0.008290085
1584,-0.049928036
1585,0.006519154
1586,-0.007351495
1587,0.003437215
1588,0.044321835
1589,-0.013707572
1590,0.003693854
1591,-0.060043059
1592,0.002824534
1593,-0.037032004
1594,-0.028459815
1595,-0.02634934
1596,-0.033100955
1597,-0.056633055
1598,-0.070877232
1599,-0.061464608
1600,-0.047076628
1601,-0.013526857
1602,-0.038307026
1603,-0.034925681
1604,-0.032883003
1605,0.000934529
1606,-0.019262252
1607,0.040400155
1608,0.049807042
1609,0.008217867
1610,0.013330098
1611,-0.035374951
1612,0.041526295
1613,0.034782264
1614,0.012389784
1615,0.026380576
1616,-0.012364522
1617,0.009971161
1618,-0.013762606
1619,-0.006249948
1620,-0.022030113
1621,-0.070268005
1622,0.035182443
1623,0.024270803
1624,0.049085665
1625,0.00844407
1626,-0.023718877
1627,0.008872814
1628,-0.057816703
1629,0.000186896
1630,-0.009861988
1631,-0.029588019
1632,0.018828737
1633,0.017602133
1634,0.023127228
1635,0.014375044
1636,-0.001645627
1637,0.008609258
1638,0.027635889
1639,0.034266397
1640,0.028983714
1641,-0.000229461
1642,-0.027289961
1643,-0.030466646
1644,0.04360038
1645,0.092045844
1646,0.052178469
1647,0.015052061
1648,0.059466954
1649,0.006942104
1650,-0.002897881
1651,0.045518983
1652,0.006462979
1653,0.022500472
1654,0.024857994
1655,0.061112639
1656,-0.014547206
1657,-0.001348296
1658,0.000136754
1659,-0.022312123
1660,0.027844768
1661,0.07050442
1662,0.013682621
1663,0.000938225
1664,-0.01804837
1665,0.027784009
1666,0.040941969
1667,0.017497869
1668,0.042299353
1669,0.011376205
1670,0.013769495
1671,0.010923603
1672,-0.000903461
1673,0.035591371
1674,0.009048847
1675,0.000953355
1676,0.01416404
1677,0.010218653
1678,-0.000673832
1679,-0.003520899
1680,0.025108952
1681,0.061014492
1682,-0.029915242
1683,-0.014492538
1684,0.039304487
1685,0.017142253
1686,-0.051906206
1687,-0.010307902
1688,0.049490269
1689,0.061099246
1690,-0.002490356
1691,-0.002045091
1692,0.008715582
1693,0.001324957
1694,-0.022319401
1695,-0.013817335
1696,-0.01229844
1697,-0.033641741
1698,-0.034339853
1699,-0.047875065
1700,0.002923342
1701,0.021690177
1702,-0.023330886
1703,-0.025760183
1704,-0.02382797
1705,-0.032015447
1706,0.016709585
1707,-0.009257677
1708,-0.03058332
1709,0.002291152
1710,0.008907204
1711,-0.07504499
1712,-0.00959655
1713,0.008945811
1714,-0.046362858
1715,-0.017779298
1716,-0.005879125
1717,0.013712187
1718,-0.019748468
1719,-0.049856063
1720,-0.021721551
1721,-0.051005557
1722,-0.022527093
1723,-0.000618324
1724,0.019443048
1725,-0.024063665
1726,0.13329123
1727,0.006875403
1728,-0.018654326
1729,-0.010000796
1730,0.016892977
1731,0.028271807
1732,0.004546691
1733,0.020420849
1734,0.01630622
1735,0.047297742
1736,-0.003759228
1737,-2.04E-05
1738,-0.026986428
1739,0.037552886
1740,-0.004164619
1741,0.01510773
1742,0.031110907
1743,0.032598402
1744,0.013291129
1745,-0.014103598
1746,0.026781019
1747,-0.00272628
1748,0.006308728
1749,0.015071338
1750,-0.026352942
1751,0.00961032
1752,0.028141886
1753,-0.026833689
1754,-0.002701682
1755,-0.014961802
1756,-0.044936817
1757,0.034142204
1758,0.019681223
1759,0.003533369
1760,0.058617972
1761,0.0209355
1762,-0.023488682
1763,0.015374333
1764,0.008969809
1765,-0.023459814
1766,0.007378778
1767,-0.004109544
1768,0.002836223
1769,-0.023380026
1770,0.042289536
1771,-0.1061147
1772,0.014178654
1773,-0.040513214
1774,-0.007209371
1775,-0.02941967
1776,0.035597276
1777,-0.025432806
1778,0.047966953
1779,0.020072263
1780,0.036383063
1781,0.017814726
1782,0.005900195
1783,-0.004504868
1784,0.016921924
1785,-0.048805762
1786,-0.003987346
1787,0.036376279
1788,0.050408289
1789,0.030071134
1790,0.012444022
1791,-9.74E-05
1792,0.01346933
1793,-0.007791034
1794,0.008937642
1795,0.028160118
1796,0.021314466
1797,-0.005732452
1798,0.013241011
1799,0.011886436
1800,0.031443045
1801,-0.014599778
1802,0.058948018
1803,0.0234439
1804,0.062412001
1805,-0.009744966
1806,-0.012941257
1807,0.005554369
1808,0.028861504
1809,0.025856582
1810,0.006696871
1811,0.024245346
1812,-0.004761237
1813,-0.002081767
1814,-0.028123733
1815,-0.027084729
1816,0.018428601
1817,0.022233915
1818,-0.018046642
1819,-0.001933493
1820,-0.00164932
1821,-0.075790845
1822,-0.024550227
1823,0.013564059
1824,0.026332678
1825,0.028270302
1826,0.013185415
1827,0.027289189
1828,-0.058818344
1829,-0.005657539
1830,-5.54E-05
1831,-0.009776186
1832,-0.020522241
1833,-0.010407344
1834,-0.011589043
1835,-0.03124008
1836,0.0286933
1837,-0.004963947
1838,-0.014074523
1839,-0.007321568
1840,0.007161987
1841,-0.003830316
1842,-0.010186407
1843,-0.000392213
1844,-0.039701991
1845,0.004753473
1846,-0.008590378
1847,0.009428619
1848,-0.005963901
1849,-0.012551545
1850,-0.003681476
1851,0.048433714
1852,-0.042246271
1853,0.000281851
1854,0.00589371
1855,0.002734792
1856,0.004919868
1857,0.023035742
1858,-0.033766758
1859,-0.010134185
1860,0.006056406
1861,0.02760483
1862,0.029247813
1863,0.023951376
1864,0.096248746
1865,0.007635411
1866,-0.037056793
1867,0.001789057
1868,-0.036542147
1869,0.016873965
1870,-0.028497007
1871,0.009874776
1872,-0.030649181
1873,-0.020426419
1874,0.000760365
1875,-0.008066216
1876,-0.007398236
1877,-0.006307201
1878,-0.005278373
1879,-0.011134692
1880,0.01616195
1881,-0.021980127
1882,-0.013452788
1883,-0.015642853
1884,-0.028592322
1885,-0.036639526
1886,-0.004142127
1887,-0.01092199
1888,-0.046893306
1889,-0.008883907
1890,-0.002595089
1891,0.000205233
1892,0.0217667
1893,-0.004546424
1894,0.06286259
1895,0.027327383
1896,-0.005040945
1897,0.042433511
1898,-0.013669419
1899,-0.021422938
1900,-0.00376976
1901,0.036346175
1902,0.003412871
1903,0.002502449
1904,0.032651655
1905,0.018935122
1906,0.002455837
1907,-0.01649278
1908,-0.026762852
1909,0.004308651
1910,0.019925447
1911,-0.009255155
1912,0.000635359
1913,0.014138543
1914,0.002990027
1915,-0.029544167
1916,-0.025711956
1917,-0.004562432
1918,0.005018183
1919,0.008717583
1920,0.023711093
1921,0.047662307
1922,-0.016649412
1923,0.067255028
1924,0.006789386
1925,-0.011851987
1926,0.009915834
1927,-0.016511474
1928,-0.031994432
1929,-0.005045278
1930,-0.031737201
1931,-0.018114105
1932,-0.025714166
1933,-0.034840342
1934,-0.032700326
1935,-0.016671918
1936,0.033998508
1937,-0.002692141
1938,-0.005906782
1939,0.014998562
1940,0.063284814
1941,0.069660529
1942,0.005034561
1943,0.036149073
1944,0.000658514
1945,0.00749678
1946,0.02383733
1947,-0.004474294
1948,-0.030543594
1949,-0.003508937
1950,-0.026845442
1951,-0.014565662
1952,0.001151006
1953,0.014856278
1954,-0.026621602
1955,-0.066555284
1956,-0.017804857
1957,-0.035670765
1958,0.006249549
1959,0.000171643
1960,0.018332442
1961,0.009919409
1962,-0.051202953
1963,-0.001236516
1964,0.005823885
1965,-0.022796724
1966,0.002232124
1967,0.029711436
1968,0.014875527
1969,-0.013721896
1970,-0.087235697
1971,-0.037701402
1972,0.006409992
1973,-0.006213687
1974,0.036039751
1975,6.43E-05
1976,-0.008998548
1977,-0.027207039
1978,-0.01655311
1979,-0.024367752
1980,-0.022366695
1981,-0.009926081
1982,-0.030360375
1983,0.002292023
1984,-0.002883839
1985,-0.025676982
1986,-0.038124446
1987,0.043984432
1988,0.018609887
1989,9.34E-05
1990,0.000936933
1991,0.023280313
1992,0.026090091
1993,-0.045991126
1994,-0.005756584
1995,-0.001655403
1996,0.050955158
1997,0.013274664
1998,0.011980691
1999,0.046969604
2000,-0.030257862
2001,-0.039626651
2002,-0.003977279
2003,0.00812349
2004,-0.001236775
2005,-0.000735823
2006,-0.017855581
2007,-8.96E-05
2008,0.044290993
2009,-0.003453203
2010,-0.003803981
2011,0.009920103
2012,0.00391021
2013,0.009671015
2014,-0.011060484
2015,-0.001419973
2016,-0.014811664
2017,-0.005381916
2018,-0.006664313
2019,-0.001854181
2020,-0.0478133
2021,-0.01765134
2022,-0.013273453
2023,-0.029311575
2024,-0.019588634
2025,-0.010175838
2026,-0.005792466
2027,-0.006417667
2028,-0.036121648
2029,-0.037410393
2030,-0.01436881
2031,-0.004250308
2032,-0.038659375
2033,-0.022233082
2034,-0.018004525
2035,-0.021862304
2036,0.022036932
2037,0.013865079
2038,0.03402723
2039,0.020282451
2040,0.010098517
2041,-0.002378477
2042,0.00779721
2043,-0.000996186
2044,0.03362355
2045,0.054836757
2046,0.037659544
2047,-0.004948151
2048,-0.002498861
2049,-0.022793036
2050,0.013514298
2051,-0.010404415
2052,0.024529187
2053,0.000919564
2054,-0.029366702
2055,0.007075178
2056,0.039051324
2057,0.018473156
2058,0.026148306
2059,0.027761608
2060,0.015563943
2061,-0.006145079
2062,-0.007343266
2063,-0.014248128
2064,-0.027814176
2065,0.010247825
2066,0.019790398
2067,0.005629883
2068,-0.03141107
2069,0.012321041
2070,0.037720751
2071,0.039628506
2072,0.018409049
2073,0.005504087
2074,-0.005813922
2075,-0.017173307
2076,-0.012919306
2077,-0.033867873
2078,-0.002047491
2079,8.39E-05
2080,-0.002689163
2081,0.035342943
2082,-0.033597019
2083,-0.014439023
2084,-0.000616361
2085,0.030087745
2086,0.025969617
2087,-0.020014655
2088,0.011441487
2089,-0.02543279
2090,-0.018331241
2091,-0.005169613
2092,-0.015022294
2093,0.016066283
2094,0.04638987
2095,0.041560426
2096,0.021980187
2097,0.033352219
2098,0.003298239
2099,-0.017055204
2100,0.004887637
2101,-0.007529044
2102,-0.02836835
2103,-0.02280819
2104,-0.004174928
2105,-0.011727489
2106,-0.017379303
2107,0.035353612
2108,-0.01926492
2109,0.050784953
2110,0.032710813
2111,0.018745728
2112,0.011020745
2113,0.003382345
2114,0.024066921
2115,-0.001643713
2116,0.044353299
2117,-0.003771442
2118,0.008143464
2119,-0.013437762
2120,-0.00594118
2121,0.010201083
2122,0.055794988
2123,-0.007108896
2124,-0.014369169
2125,0.018804908
2126,0.007722275
2127,0.020283183
2128,0.037162282
2129,0.00552756
2130,-0.020093206
2131,-0.022136083
2132,-0.063731551
2133,-0.005123621
2134,-0.01794653
2135,-0.035174429
2136,0.011833656
2137,-0.000795186
2138,0.016000031
2139,-0.014679622
2140,-0.003212699
2141,-0.003694018
2142,-0.015867027
2143,-0.00672236
2144,0.009891714
2145,-0.010287329
2146,0.063482165
2147,0.012373207
2148,-0.004700833
2149,-0.040642399
2150,0.012158128
2151,0.003799101
2152,-0.022003945
2153,0.016366005
2154,-0.036283504
2155,0.025453174
2156,0.04031571
2157,0.071234532
2158,0.017473102
2159,-0.011815486
2160,-0.050328583
2161,-0.011668689
2162,-0.004083264
2163,-0.004838788
2164,0.053731188
2165,0.057808604
2166,0.017073916
2167,0.022877648
2168,-0.008435349
2169,0.045514781
2170,-0.02532436
2171,-0.019425998
2172,-0.052466158
2173,0.019998441
2174,0.085789107
2175,0.004452955
2176,0.04088724
2177,-0.018508581
2178,0.004277041
2179,-0.010145005
2180,-0.049894873
2181,0.053433802
2182,-0.011820775
2183,-0.007719009
2184,0.002637497
2185,0.004380234
2186,-0.029584011
2187,-0.042560197
2188,-0.045132603
2189,-0.038709767
2190,0.00035102
2191,0.005162262
2192,0.023148781
2193,-0.017430868
2194,-0.0030923
2195,-0.007438358
2196,0.019724103
2197,0.01358902
2198,-0.001430282
2199,0.01408959
2200,0.006046182
2201,-0.04693142
2202,-0.051372554
2203,0.007115643
2204,-0.022852132
2205,-0.042439129
2206,-0.017414197
2207,-0.00254374
2208,0.041080948
2209,0.040881332
2210,-0.012936837
2211,-0.056874499
2212,-0.004101902
2213,-0.060118519
2214,-0.039050058
2215,-0.023420848
2216,-0.010572159
2217,-0.022702891
2218,-0.006027278
2219,-0.008489733
2220,0.017395431
2221,0.018639278
2222,-0.036138251
2223,-0.03120845
2224,-0.009673622
2225,-0.024054965
2226,-0.012855155
2227,0.028513623
2228,-0.024908418
2229,-0.021485467
2230,0.006001112
2231,0.014173301
2232,0.000745073
2233,0.019790156
2234,0.000706639
2235,-0.062616795
2236,-0.021461742
2237,-0.010954543
2238,0.011711596
2239,0.054202326
2240,-0.005835184
2241,0.024679407
2242,-0.015274325
2243,0.047153372
2244,0.004591951
2245,0.00169103
2246,-0.030907916
2247,-0.02265745
2248,-0.060630254
2249,-0.063181214
2250,-0.005197453
2251,-0.049800061
2252,0.074992381
2253,0.004422807
2254,0.0257969
2255,-0.018932233
2256,-0.023337312
2257,-0.017018287
2258,0.011148003
2259,0.003237457
2260,-0.033156354
2261,0.007233079
2262,-0.019454049
2263,-0.00792881
2264,0.015809838
2265,-0.036619686
2266,0.011996828
2267,0.02217395
2268,-0.03900208
2269,-0.000250151
2270,-0.003890908
2271,-0.041654713
2272,-0.035619121
2273,-0.00907348
2274,0.030680874
2275,0.050008424
2276,-0.002437822
2277,0.023373587
2278,0.01047336
2279,0.017550025
2280,0.101010703
2281,0.001167808
2282,0.044865128
2283,0.014088674
2284,0.003699821
2285,-0.014542496
2286,-0.032607261
2287,-0.072962515
2288,0.008821901
2289,0.008173591
2290,0.046877701
2291,0.007337067
2292,-0.012266856
2293,0.015939699
2294,-0.006301311
2295,-0.037734903
2296,-0.001729315
2297,-0.048666041
2298,0.013697566
2299,0.022466403
2300,-0.013253291
2301,-0.011543316
2302,-0.008127525
2303,-0.072756194
2304,-0.034396853
2305,0.001397439
2306,-0.019441936
2307,0.00539545
2308,-0.016854316
2309,0.034182869
2310,-0.02271774
2311,-0.023681778
2312,0.011633604
2313,0.024013057
2314,-0.016032662
2315,-0.029363558
2316,-0.02715984
2317,0.07707832
2318,0.028617747
2319,-0.015446679
2320,-0.013339021
2321,0.025957325
2322,-0.003336726
2323,-0.020826569
2324,-0.060084473
2325,-0.007394957
2326,-0.017664157
2327,-0.043234751
2328,-0.045901086
2329,-0.010577876
2330,-0.000234263
2331,-0.008183629
2332,0.006091081
2333,0.017744889
2334,0.016551472
2335,0.029920682
2336,-0.028386744
2337,-0.002192741
2338,0.004151027
2339,0.02414945
2340,0.004459783
2341,-0.002117373
2342,-0.022860773
2343,0.023926383
2344,0.005020227
2345,-0.010724518
2346,-0.01233816
2347,0.02260516
2348,0.015923262
2349,-0.006954096
2350,0.002348318
2351,0.001509903
2352,0.013252258
2353,0.029569579
2354,0.018961277
2355,-0.008847025
2356,0.011811933
2357,0.00186808
2358,0.010717888
2359,0.013053737
2360,0.051000688
2361,-0.006408966
2362,-0.009977863
2363,-0.011007319
2364,0.017425083
2365,-0.010484523
2366,0.019576887
2367,-0.102046542
2368,0.02894615
2369,0.029816199
2370,-0.008548317
2371,-0.027215989
2372,-0.024576981
2373,0.022193441
2374,0.010010651
2375,0.03128184
2376,0.014190002
2377,0.014716228
2378,0.027103912
2379,0.066922083
2380,0.016475003
2381,0.020720387
2382,-0.024842625
2383,-0.013710685
2384,-0.017543206
2385,-0.026750363
2386,-0.027839648
2387,-0.061044622
2388,-0.021682713
2389,-0.037433513
2390,-0.028431805
2391,-0.016684704
2392,-0.058432389
2393,-0.005342075
2394,-0.011102543
2395,0.002941578
2396,0.048559085
2397,-0.020567447
2398,-0.024725651
2399,0.004141506
2400,-0.005563211
2401,-0.034959007
2402,0.001867526
2403,0.00660802
2404,-0.001840038
2405,0.041471194
2406,-0.000826553
2407,-0.023309344
2408,0.037671939
2409,-0.010602358
2410,-0.002137461
2411,-0.003727641
2412,0.012004583
2413,-0.021411637
2414,-0.023420295
2415,0.008392333
2416,-0.015972739
2417,-0.051578775
2418,0.00385771
2419,0.041042041
2420,-0.049445644
2421,-0.007399756
2422,-0.019763933
2423,0.04764732
2424,-0.006489499
2425,-0.063894384
2426,0.003295932
2427,-0.007186286
2428,0.014541793
2429,-0.014401604
2430,-0.01281591
2431,0.011112803
2432,0.016868899
2433,0.018112041
2434,0.024186188
2435,0.00628967
2436,-0.003513282
2437,-0.028525541
2438,-0.00331811
2439,-0.017714309
2440,0.021806637
2441,-0.019581139
2442,-0.005467424
2443,0.015668923
2444,0.06332846
2445,0.072412618
2446,0.076074272
2447,0.030735029
2448,-0.008460172
2449,0.000111479
2450,-0.020888861
2451,0.043844115
2452,0.035225648
2453,0.001005495
2454,0.015184651
2455,-0.003173476
2456,0.00306084
2457,-0.001267264
2458,0.021406732
2459,0.066001259
2460,0.021335458
2461,-0.014787636
2462,0.006601106
2463,0.013625315
2464,0.035345435
2465,0.014297134
2466,0.021428296
2467,-0.019266168
2468,0.031206446
2469,-0.004480579
2470,0.00945644
2471,-0.007127434
2472,-0.008485572
2473,-0.006665459
2474,-0.015663894
2475,-0.017031087
2476,0.000595834
2477,0.003145006
2478,0.045177504
2479,0.012548743
2480,-0.05536003
2481,-0.028669812
2482,-0.010789906
2483,-0.01271583
2484,-0.046943653
2485,-0.014435468
2486,0.003433117
2487,-0.021060666
2488,-0.023603307
2489,0.053464264
2490,0.017869849
2491,-0.000985898
2492,0.025034677
2493,0.09067522
2494,-0.001243477
2495,0.022001619
2496,-0.007432903
2497,-0.013348606
2498,-0.10224887
2499,-0.021521633
2500,-0.016763814
2501,-0.0260121
2502,
2503,
2504,-0.035015598
2505,0.038847219
2506,0.036873672
2507,0.023506073
2508,0.015446106
2509,0.021237798
2510,-0.011552836
2511,0.04519387
2512,0.007477267
2513,-0.043019459
2514,-0.005580885
2515,0.009280755
2516,0.007684285
2517,0.03343061
2518,0.007366566
2519,-0.015821425
2520,-0.003601005
2521,-0.004177672
2522,-0.037140772
2523,-0.017019702
2524,0.004896655
2525,-0.041427217
2526,-0.055622797
2527,-0.063488849
2528,0.033422653
2529,0.013025764
2530,0.015176361
2531,0.003587522
2532,0.059132572
2533,0.02977436
2534,0.051658086
2535,0.028101573
2536,0.012044179
2537,0.003461782
2538,0.01210009
2539,-0.036580108
2540,-0.094577946
2541,-0.061288547
2542,-0.046961799
2543,-0.008527853
2544,-0.011698894
2545,-0.030846605
2546,-0.012526612
2547,-0.037812572
2548,-0.022825845
2549,0.017361864
2550,0.035036817
2551,0.039917093
2552,0.034658454
2553,0.057751369
2554,-0.015719406
2555,-0.027239898
2556,-0.013182921
2557,-0.008264115
2558,-0.021345902
2559,0.019084424
2560,-0.004652673
2561,0.006900028
2562,0.016771024
2563,0.01993099
2564,-0.001236042
2565,-0.011877495
2566,-0.003281303
2567,-0.010912199
2568,-0.018375572
2569,0.02040023
2570,-0.015905904
2571,-0.010855453
2572,-0.011985746
2573,0.08438202
2574,0.001766871
2575,2.15E-05
2576,-0.03980181
2577,0.016946936
2578,0.004042005
2579,-0.024827709
2580,-0.004821244
2581,-0.024734372
2582,-0.000595333
2583,0.036934409
2584,0.010654442
2585,0.033886217
2586,-0.063780122
2587,-0.004004106
2588,0.018388825
2589,0.056024898
2590,-0.000817727
2591,0.035822332
2592,-0.021736996
2593,-0.010023264
2594,0.0468028
2595,0.048122078
2596,-0.006749642
2597,-0.008160249
2598,-0.035023175
2599,0.004596005
2600,-0.053289503
2601,-0.02403895
2602,-0.020204471
2603,-0.035385594
2604,-0.014587975
2605,-0.01123962
2606,-0.011060702
2607,0.004178723
2608,0.005303505
2609,-0.012460996
2610,0.016070915
2611,0.028836196
2612,0.00431452
2613,0.031837769
2614,-0.015735915
2615,0.0612472
2616,0.013709512
2617,-0.023255562
2618,-0.00293486
2619,-0.000302097
2620,0.022976849
2621,-0.042127058
2622,0.012671337
2623,-0.019882845
2624,0.009749777
2625,0.009281876
2626,0.046622131
2627,0.071028106
2628,-0.025909917
2629,0.009202042
2630,0.003339655
2631,0.016899154
2632,0.005094714
2633,0.021431534
2634,-0.011528723
2635,-0.022725699
2636,-0.028076293
2637,0.006812802
2638,0.040993482
2639,-0.015636409
2640,0.018050041
2641,0.027977485
2642,0.031187288
2643,0.025459941
2644,0.013128407
2645,0.010581898
2646,0.019812772
2647,-0.02097459
2648,0.035942368
2649,0.031584125
2650,-0.004538791
2651,-0.046380974
2652,-0.032218475
2653,0.048232451
2654,0.020400334
2655,-0.017323945
2656,0.026693866
2657,-0.026820909
2658,0.036795065
2659,-0.0001483
2660,-0.016312782
2661,-0.01133556
2662,0.062776588
2663,0.037841123
2664,0.021184066
2665,0.053402919
2666,0.016067082
2667,-0.014329251
2668,0.032907195
2669,0.006203756
2670,0.006411126
2671,-0.018404549
2672,0.000193079
2673,0.019185731
2674,-0.062437974
2675,-0.015326635
2676,-0.013953952
2677,0.002866512
2678,0.076990947
2679,-0.016260561
2680,0.000251607
2681,0.031841148
2682,-0.022498084
2683,-0.006437826
2684,-0.031316373
2685,-0.049785104
2686,-0.047130723
2687,-0.003154705
2688,0.00850433
2689,-0.002546765
2690,0.01084389
2691,0.038399633
2692,0.00348752
2693,0.024108855
2694,-0.004651331
2695,-0.005908716
2696,0.002139826
2697,0.031620678
2698,-0.035320014
2699,-0.053708829
2700,-0.00560707
2701,0.033546217
2702,0.008176282
2703,-0.011927825
2704,0.024903316
2705,0.03983118
2706,0.013153153
2707,-0.027900647
2708,-0.004737176
2709,-0.012872657
2710,-0.033415772
2711,-0.05022398
2712,0.004106647
2713,-0.003908535
2714,-0.024899898
2715,-0.018029189
2716,-0.007156528
2717,-0.029704684
2718,0.030655498
2719,-0.025046438
2720,-0.03035149
2721,-0.012262149
2722,0.003791477
2723,0.030198142
2724,0.028361775
2725,0.013121814
2726,0.046094917
2727,0.002534949
2728,-0.024078012
2729,-0.017673083
2730,-0.007206397
2731,0.000961662
2732,-0.006219492
2733,-0.003876911
2734,0.004850485
2735,-0.004656061
2736,0.002534091
2737,0.00766532
2738,-0.038441572
2739,-0.00425405
2740,0.001787421
2741,-0.004874681
2742,-0.000102452
2743,-0.006648074
2744,-0.017376248
2745,-0.013525816
2746,-0.018763345
2747,-0.01145284
2748,0.004066278
2749,0.065007515
2750,0.026604068
2751,0.038637977
2752,-0.04027579
2753,-0.001045606
2754,-0.025079306
2755,-0.028536651
2756,0.008654942
2757,0.008960082
2758,-0.043919753
2759,0.003868645
2760,0.002532359
2761,-0.019840047
2762,-0.007410635
2763,-0.056279551
2764,-0.00223939
2765,-0.015644047
2766,0.01266667
2767,0.018437216
2768,0.02966675
2769,0.017038384
2770,0.049652018
2771,0.015987992
2772,-0.021272177
2773,0.049480718
2774,-0.022334103
2775,-0.002537227
2776,-0.023712473
2777,0.054792047
2778,0.048199046
2779,0.057506531
2780,0.040919453
2781,-0.013401886
2782,-0.032894138
2783,-0.020588415
2784,0.065400772
2785,0.022649178
2786,0.018070646
2787,0.012936266
2788,-0.069072485
2789,0.035157271
2790,-0.018249627
2791,0.016447162
2792,0.013876458
2793,-0.00186695
2794,0.016962595
2795,-0.010234944
2796,-0.011228153
2797,-0.010772633
2798,-0.000605616
2799,-0.00147591
2800,-0.01690283
2801,-0.040442083
2802,-0.018574901
2803,-0.075674988
2804,0.037853636
2805,0.020001767
2806,0.087474741
2807,0.222234666
2808,0.027015597
2809,0.001861252
2810,0.026969949
2811,0.084379517
2812,-0.008830592
2813,0.034387399
2814,0.040821582
2815,0.055466626
2816,0.047838222
2817,0.017823389
2818,-0.009062587
2819,0.030568339
2820,0.036772653
2821,0.041809104
2822,0.033266913
2823,0.012961529
2824,-0.049219608
2825,0.000815797
2826,-0.004261166
2827,0.008426717
2828,-0.03228699
2829,0.01072663
2830,-0.062182918
2831,-0.007570901
2832,-0.01713077
2833,-0.048394714
2834,-0.025395488
2835,-0.009206063
2836,0.004951836
2837,-0.030003427
2838,-0.037552301
2839,-0.004676387
2840,-0.005818211
2841,0.024955025
2842,0.017596647
2843,0.014972908
2844,0.013888504
2845,0.038360629
2846,0.012735931
2847,0.033706564
2848,0.004215817
2849,-0.047040239
2850,-0.000843161
2851,-6.49E-05
2852,0.002788378
2853,-0.014411243
2854,0.01637337
2855,0.008206382
2856,-0.031946979
2857,0.005567789
2858,0.015642477
2859,-0.020846769
2860,0.003234911
2861,-0.027313054
2862,0.011422133
2863,0.008843259
2864,0.000780515
2865,-0.049402531
2866,-0.008389607
2867,0.020489216
2868,0.066693738
2869,0.010728268
2870,0.016939539
2871,-0.023938706
2872,0.008311058
2873,0.011963887
2874,0.010310624
2875,-0.023777179
2876,-0.034140099
2877,0.015494893
2878,-0.003124225
2879,-0.018214464
2880,-0.015868919
2881,0.080331482
2882,0.024861392
2883,-0.004838565
2884,0.06295149
2885,0.020753101
2886,0.00383447
2887,0.015754383
2888,0.017422322
2889,0.020267377
2890,0.047732826
2891,-0.017709734
2892,0.006322637
2893,0.008828987
2894,-0.032858048
2895,0.033144284
2896,0.023669181
2897,0.03008417
2898,0.00682812
2899,-0.002215753
2900,0.035495043
2901,-0.020442069
2902,-0.048851177
2903,0.000386289
2904,-0.01817235
2905,0.011880822
2906,-0.004932025
2907,0.00563274
2908,0.006733886
2909,-0.007353195
2910,0.019022655
2911,-0.008280401
2912,-0.023576861
2913,-0.007876664
2914,-0.018150775
2915,-0.002160605
2916,-0.044356059
2917,-0.01363726
2918,-0.013952968
2919,-0.032052286
2920,0.020423112
2921,0.019833196
2922,0.002862803
2923,0.002924621
2924,0.027265945
2925,0.070683099
2926,-0.019419378
2927,0.021445248
2928,0.015750004
2929,-0.000912482
2930,-0.010485299
2931,0.028973665
2932,0.010209672
2933,0.028244115
2934,-0.000637301
2935,0.019664757
2936,-0.004501435
2937,0.000359016
2938,0.011286734
2939,0.020617956
2940,0.000929311
2941,-0.007164765
2942,0.009278755
2943,-0.029466134
2944,-0.007325213
2945,-0.006476788
2946,0.013551435
2947,0.016973995
2948,-0.009948882
2949,-0.026464991
2950,-0.022577995
2951,-0.04364524
2952,-0.001161464
2953,0.010364075
2954,-0.015725223
2955,0.023800636
2956,-0.012086269
2957,-0.026064787
2958,0.00610597
2959,0.01652376
2960,0.008049898
2961,-0.046772785
2962,-0.098869205
2963,-0.024790434
2964,-0.007795081
2965,-0.007326999
2966,0.031212699
2967,0.005524849
2968,0.021273158
2969,-0.019144196
2970,-0.023593994
2971,0.067401074
2972,0.002843394
2973,0.032934155
2974,0.001861945
2975,-0.031767897
2976,-0.006646284
2977,0.035348721
2978,0.025976108
2979,-0.025918618
2980,-0.072309658
2981,-0.035513029
2982,-0.004955746
2983,0.035553113
2984,-0.013471666
2985,0.003593249
2986,0.04243115
2987,0.002055342
2988,-0.005678247
2989,0.009480195
2990,0.016642004
2991,0.008988398
2992,-0.021903316
2993,-0.021948636
2994,-0.003147299
2995,0.006595701
2996,0.005208895
2997,0.04755355
2998,-0.044969153
2999,-0.023773681
3000,0.015502485
3001,0.02447358
3002,-0.011492305
3003,0.006848274
3004,-0.035947241
3005,0.008689304
3006,0.025697773
3007,-0.007829279
3008,0.010307783
3009,-0.005072693
3010,-0.017620755
3011,0.058773737
3012,-0.013869412
3013,0.016288038
3014,-0.000321027
3015,-0.022194207
3016,-0.003010004
3017,-0.089483529
3018,0.026481083
3019,0.010220962
3020,0.021610126
3021,-0.022217283
3022,-0.007153016
3023,-0.024392193
3024,0.026506053
3025,0.0174265
3026,0.072964758
3027,0.04130188
3028,0.03000883
3029,0.044344567
3030,0.008951893
3031,-0.012793776
3032,-0.081226155
3033,-0.047520604
3034,-0.022806831
3035,-0.084988095
3036,-0.009234834
3037,-0.017489797
3038,-0.047573119
3039,-0.042312767
3040,-0.021574927
3041,-0.07380268
3042,-0.049301989
3043,-0.013700639
3044,-0.023253173
3045,-0.034970939
3046,0.000164421
3047,-0.019476395
3048,-0.007404361
3049,-0.011283539
3050,0.009446844
3051,0.026690004
3052,0.010717044
3053,0.003166659
3054,0.003560156
3055,-0.02933291
3056,0.002548286
3057,0.017780842
3058,-0.015283099
3059,-0.010153359
3060,-0.025587589
3061,0.008151577
3062,0.001221192
3063,0.028886335
3064,0.001434199
3065,-0.004064305
3066,0.034144323
3067,0.062975764
3068,-0.027055221
3069,-0.023873949
3070,0.051363699
3071,-0.059542511
3072,-0.019840963
3073,0.001947099
3074,0.010731786
3075,0.101652555
3076,0.019196332
3077,0.033293296
3078,-0.01104992
3079,0.023833655
3080,0.001278391
3081,0.038075022
3082,0.024198137
3083,-0.009354927
3084,0.034021381
3085,0.038637597
3086,-0.01459284
3087,-0.01733548
3088,-0.006056341
3089,0.008216253
3090,0.026656931
3091,0.061405651
3092,0.024493214
3093,0.040174648
3094,-0.006851369
3095,-0.02430529
3096,0.0231269
3097,0.008641655
3098,-0.047171365
3099,-0.010786167
3100,0.026544239
3101,8.00E-05
3102,0.017140631
3103,-0.002598571
3104,0.001158059
3105,-0.007418154
3106,-0.017826436
3107,-0.027947482
3108,-0.013500605
3109,-0.047261573
3110,0.007267869
3111,0.030396359
3112,0.010392915
3113,0.013896377
3114,0.041671246
3115,-0.001689363
3116,-0.0419304
3117,-0.049705334
3118,-0.039380271
3119,-0.026871346
3120,-0.023562882
3121,0.01665814
3122,0.020560747
3123,0.03011618
3124,-0.007097161
3125,-0.000690933
3126,0.003108622
3127,0.046421122
3128,0.011332959
3129,0.003436915
3130,-0.011476542
3131,-0.015154454
3132,0.01786419
3133,-0.020849889
3134,0.014694874
3135,0.014823738
3136,-0.016770519
3137,0.030359834
3138,0.010450633
3139,0.003172855
3140,0.008361598
3141,-0.014591501
3142,-0.024363585
3143,-0.035060763
3144,-0.029999888
3145,0.029491745
3146,-0.02272249
3147,-0.004377185
3148,-0.021814965
3149,0.053557344
3150,0.054333907
3151,-0.012915066
3152,0.028374257
3153,0.032346874
3154,0.003071337
3155,-0.039515685
3156,-0.005811146
3157,0.008860548
3158,0.012032376
3159,0.000452324
3160,-0.053599488
3161,-0.018417513
3162,-0.007552635
3163,-0.008563015
3164,0.014937747
3165,0.02649042
3166,0.057922762
3167,0.001563509
3168,-0.051827699
3169,-0.04681664
3170,0.005066007
3171,-0.036312912
3172,-0.002367767
3173,-0.002414315
3174,0.050154131
3175,0.007647211
3176,0.040504221
3177,-0.000459821
3178,0.001811908
3179,0.014744801
3180,-0.004956247
3181,0.005070736
3182,0.011116396
3183,0.020842882
3184,0.01526711
3185,0.03959579
3186,-0.001481797
3187,0.026286507
3188,0.03765092
3189,-0.000372422
3190,0.006131117
3191,0.004187303
3192,0.030336596
3193,-0.020200342
3194,0.002724511
3195,-0.004182913
3196,0.055321932
3197,0.03480038
3198,-0.007897059
3199,0.00129951
3200,-0.017460989
3201,-0.006188318
3202,-0.017983727
3203,0.008323217
3204,0.011823938
3205,-0.015750432
3206,-0.04646324
3207,-0.023403756
3208,-0.017041706
3209,0.015243096
3210,0.028935747
3211,-0.046851698
3212,0.008735178
3213,0.009216632
3214,-0.042177383
3215,0.004242668
3216,0.004033417
3217,-0.024424991
3218,0.031720933
3219,0.01601347
3220,0.00569312
3221,0.037867919
3222,0.091263928
3223,0.044946212
3224,0.002132024
3225,0.024856277
3226,-0.027621903
3227,0.004607807
3228,0.036794577
3229,-0.008048542
3230,0.011145839
3231,0.024745787
3232,0.012581996
3233,-0.030582253
3234,0.076205507
3235,0.019600082
3236,0.007604941
3237,-0.007014709
3238,-0.013642266
3239,-0.034357779
3240,-0.012585822
3241,-0.015590281
3242,-0.006894753
3243,0.024999488
3244,-0.011731777
3245,-0.042552661
3246,0.006813071
3247,-0.003811919
3248,0.003435353
3249,-0.008044542
3250,0.001058585
3251,-0.029507603
3252,-0.020877482
3253,-0.00519564
3254,-0.009077189
3255,0.013401724
3256,0.017656583
3257,0.026005285
3258,0.019351933
3259,0.018486921
3260,-0.034629967
3261,-0.008325757
3262,0.004874546
3263,-0.040870894
3264,0.009388419
3265,-0.027094593
3266,0.008936374
3267,-0.00818111
3268,-0.036218021
3269,-0.014717564
3270,0.0153612
3271,-0.007505983
3272,0.021723852
3273,-0.036042187
3274,-0.031939831
3275,-0.010568561
3276,-0.053347249
3277,-0.019904053
3278,0.007072528
3279,-0.015155368
3280,0.013393576
3281,-0.013167387
3282,-0.013154977
3283,0.051038828
3284,0.018347964
3285,0.009658967
3286,0.046441097
3287,-0.015244204
3288,-0.012526318
3289,0.009809396
3290,0.013253367
3291,0.013064425
3292,-0.001616482
3293,0.01144135
3294,0.012119431
3295,-0.013590458
3296,0.014275943
3297,0.014900553
3298,0.051529329
3299,0.025877578
3300,0.008399489
3301,-0.03880221
3302,0.012513966
3303,-0.001392157
3304,-0.004382066
3305,-0.000977853
3306,-0.007194091
3307,-0.010432012
3308,-0.024523074
3309,0.003310466
3310,-0.001786798
3311,-0.002443677
3312,-0.000863184
3313,0.009791211
3314,-0.011024198
3315,0.007002247
3316,-0.017100673
3317,-0.010377095
3318,0.017708421
3319,-0.012849915
3320,-0.012530877
3321,-0.000360035
3322,-0.00027907
3323,0.014961795
3324,-0.056636762
3325,0.003896171
3326,-0.017527508
3327,0.023195112
3328,0.010514687
3329,0.006840455
3330,-0.005864369
3331,0.005972464
3332,-0.019033786
3333,-0.034992263
3334,0.001859921
3335,-0.00695934
3336,-0.054576389
3337,-0.063940652
3338,-0.006384295
3339,-0.073167853
3340,-0.02339099
3341,0.01426478
3342,0.00512708
3343,0.030750528
3344,6.02E-05
3345,-0.002050703
3346,-0.020031972
3347,-0.023028085
3348,-0.008421483
3349,0.03183917
3350,0.012185928
3351,-0.032054663
3352,-0.000681602
3353,0.018280726
3354,0.052156433
3355,0.021660076
3356,0.05092277
3357,0.026004683
3358,-0.025848668
3359,-0.028585656
3360,0.020726513
3361,-0.007122653
3362,-0.003290413
3363,-0.000142062
3364,-0.010333275
3365,0.001138652
3366,0.018073823
3367,0.016290976
3368,0.027598437
3369,0.025208846
3370,0.024412412
3371,-0.001038854
3372,-0.029355817
3373,-0.028365089
3374,-0.052403659
3375,-0.042629551
3376,-0.005806968
3377,-0.018505184
3378,-0.01972213
3379,0.035136685
3380,-0.002785595
3381,0.026557596
3382,0.005609854
3383,-0.005362116
3384,-0.014375555
3385,0.090190254
3386,0.001422773
3387,-0.002871786
3388,0.01755145
3389,0.055132162
3390,0.006586748
3391,0.014252443
3392,-0.004989879
3393,-0.0074175
3394,-0.039045919
3395,0.041753355
3396,-0.021812305
3397,0.052655015
3398,0.000529172
3399,0.040024385
3400,-0.016960934
3401,0.026339656
3402,0.005577467
3403,0.02550872
3404,-0.034855261
3405,-0.010282685
3406,-0.044849221
3407,-0.010991073
3408,-0.000710885
3409,0.047319461
3410,0.061543815
3411,0.013511679
3412,-0.040510982
3413,0.029934295
3414,0.015675478
3415,0.102047853
3416,0.057961162
3417,0.001829907
3418,-0.005818546
3419,-0.027799994
3420,0.003804439
3421,-0.051936924
3422,-0.000824024
3423,0.008838364
3424,-0.007978946
3425,-0.040311463
3426,0.036298621
3427,0.01600357
3428,0.023103701
3429,-0.003290628
3430,-0.004483152
3431,0.045696169
3432,0.008297554
3433,0.03928237
3434,0.014848786
3435,0.019184241
3436,-0.011514043
3437,-0.037388071
3438,0.024282936
3439,0.045867726
3440,0.027574174
3441,-0.059074737
3442,-0.020200137
3443,-0.021043727
3444,-0.023834091
3445,-0.001915693
3446,-0.005063231
3447,0.008208186
3448,-0.015362689
3449,-0.031325981
3450,-0.055749565
3451,-0.030749552
3452,-0.015341537
3453,-0.006707646
3454,-0.026450112
3455,-0.026336107
3456,0.054516334
3457,0.004090176
3458,0.0202266
3459,-0.002278216
3460,0.00574387
3461,0.011518561
3462,0.008872011
3463,-0.028367784
3464,-0.037407782
3465,-0.034756903
3466,0.034540746
3467,0.018600427
3468,0.000826663
3469,0.00703283
3470,-0.007456427
3471,-0.015593763
3472,-0.027666956
3473,-0.024652269
3474,-0.008638239
3475,0.006175822
3476,0.011540965
3477,-0.015345061
3478,-0.010553472
3479,-0.013135896
3480,-0.00356492
3481,-0.034046333
3482,0.020426402
3483,0.053437866
3484,0.006106111
3485,0.020647371
3486,-0.003818906
3487,0.003264973
3488,-0.039225668
3489,-0.047295734
3490,-0.014274989
3491,-0.011571827
3492,-0.045641188
3493,-0.054422628
3494,-0.025381958
3495,-0.003738174
3496,-0.041338038
3497,-0.045785893
3498,-0.04243011
3499,-0.068180643
3500,-0.038325664
3501,-0.003297135
3502,-0.013500317
3503,0.017665388
3504,0.043979086
3505,0.004142811
3506,-0.02321903
3507,-0.008399026
3508,-0.004590127
3509,0.022709414
3510,0.028607268
3511,0.047040969
3512,-0.007167057
3513,-0.019520044
3514,0.025494831
3515,0.036783662
3516,0.002262468
3517,-0.022462068
3518,0.009388026
3519,-0.00217066
3520,-0.005651731
3521,-0.000215536
3522,-0.005529433
3523,-0.002783465
3524,-0.026018577
3525,-0.06978213
3526,-0.04415293
3527,-0.002054478
3528,0.048036888
3529,0.016702877
3530,-0.036661647
3531,-0.00726463
3532,-0.016549569
3533,-0.024399415
3534,-0.00495409
3535,-0.012632539
3536,-0.001510772
3537,0.002281289
3538,-0.010616145
3539,-0.051159352
3540,0.00961403
3541,-0.001161381
3542,-0.033680528
3543,0.046939787
3544,-0.038693652
3545,-0.002166011
3546,-0.014623443
3547,0.041832525
3548,0.018855656
3549,-0.006349036
3550,0.025842214
3551,0.004363013
3552,0.003941141
3553,0.02873444
3554,0.018351177
3555,0.068886437
3556,0.023796251
3557,-0.001565406
3558,0.042278025
3559,0.016820975
3560,0.034002647
3561,0.102944888
3562,0.03089509
3563,-0.000622605
3564,-0.006512822
3565,-0.010349293
3566,-0.04741795
3567,-0.010980312
3568,0.015286314
3569,-0.008213966
3570,-0.032936409
3571,0.008020768
3572,0.01491246
3573,0.003836098
3574,0.054063477
3575,0.005085996
3576,-0.032524332
3577,-0.005692428
3578,0.012058067
3579,0.001595239
3580,0.01002977
3581,0.012267032
3582,-0.000343108
3583,-0.052087765
3584,-0.017417766
3585,0.031967051
3586,-0.010880147
3587,-0.02632485
3588,0.001648161
3589,0.013559495
3590,-0.007553567
3591,-0.053266842
3592,0.014719133
3593,0.032509547
3594,0.01465321
3595,-0.009356063
3596,-0.023434116
3597,-0.012222663
3598,-0.015293004
3599,0.064341903
3600,-0.008335228
3601,0.019723995
3602,0.025503578
3603,0.023614667
3604,-0.018996894
3605,-0.015625939
3606,0.01316437
3607,0.027863435
3608,-0.028663427
3609,0.072680064
3610,0.049161755
3611,0.056653745
3612,0.005848458
3613,-0.012261732
3614,0.003537019
3615,-0.005895942
3616,-0.010878895
3617,-0.007460862
3618,-0.008697322
3619,0.033648595
3620,0.004170363
3621,0.015467471
3622,0.027516354
3623,0.011148293
3624,0.008802852
3625,0.001757973
3626,-0.007378049
3627,-0.002728186
3628,0.015518077
3629,-0.00351934
3630,0.024842495
3631,0.022020131
3632,0.008592994
3633,0.012947776
3634,-0.021220468
3635,-0.060663234
3636,-0.025305219
3637,-0.004194565
3638,-0.010752355
3639,0.008470287
3640,0.013977854
3641,-0.001247264
3642,-0.02610868
3643,-0.037515651
3644,-0.007971619
3645,-0.017464802
3646,-0.002894109
3647,-0.004998507
3648,0.004192877
3649,-0.021821342
3650,-0.009197546
3651,0.055102974
3652,-0.030321058
3653,-0.025749236
3654,0.003742134
3655,-0.011659293
3656,-0.009297997
3657,0.039321706
3658,0.010620373
3659,-0.002681213
3660,-0.013488748
3661,0.006193779
3662,-0.017499812
3663,-0.050972641
3664,-0.007573084
3665,-0.003424016
3666,-0.01402654
3667,-0.016448446
3668,0.004967787
3669,0.023655495
3670,-0.013571453
3671,0.006012786
3672,0.04512326
3673,0.058517732
3674,0.054607373
3675,-0.016056197
3676,0.014558562
3677,0.014826492
3678,-0.018328501
3679,0.00194125
3680,-0.01342716
3681,-0.00437829
3682,0.018656816
3683,-0.000393694
3684,-0.011679495
3685,0.011307245
3686,0.030073404
3687,-0.048730645
3688,0.013142114
3689,-0.006049869
3690,0.008368528
3691,0.027869124
3692,-0.008255913
3693,-0.007995632
3694,-0.064525731
3695,-0.031793006
3696,0.012403277
3697,0.006152544
3698,-0.000871109
3699,-0.062862448
3700,-0.010014115
3701,-0.058680438
3702,0.001230563
3703,0.030845592
3704,0.029714905
3705,0.046539716
3706,0.014399969
3707,0.010821556
3708,0.006400065
3709,-0.027612427
3710,-0.028138494
3711,-0.031860217
3712,-0.033092882
3713,-0.012562973
3714,-0.005399099
3715,-0.010177614
3716,-0.011039598
3717,0.054502737
3718,0.069805354
3719,0.08528892
3720,0.03858684
3721,-0.005841829
3722,-0.008665954
3723,-0.030289616
3724,-0.032724332
3725,-0.010867614
3726,-0.014735479
3727,-0.019121056
3728,0.014446355
3729,-0.069753349
3730,-0.041963782
3731,-0.03699347
3732,1.74E-05
3733,-0.020721182
3734,-0.023623694
3735,-0.067478113
3736,-0.020331642
3737,0.001346185
3738,0.024220292
3739,-0.004994497
3740,-0.059177935
3741,0.018084943
3742,-0.049237963
3743,0.000660172
3744,0.031223955
3745,-0.007106768
3746,-0.010901799
3747,0.030699985
3748,0.029059876
3749,-0.00559388
3750,0.011153968
3751,0.01309719
3752,0.001249359
3753,
3754,
3755,-0.027106531
3756,0.025221337
3757,0.007571257
3758,-0.057223551
3759,-0.023879498
3760,-0.018091056
3761,-2.78E-05
3762,-0.002553446
3763,-0.024383489
3764,-0.032782156
3765,-0.021997476
3766,-0.027415605
3767,-0.005124236
3768,0.014342334
3769,-0.003245372
3770,0.025434682
3771,0.006272032
3772,0.021538576
3773,0.001740813
3774,-0.030131364
3775,-0.002245267
3776,0.024232483
3777,-0.010093491
3778,0.019051492
3779,-0.015440323
3780,0.005911618
3781,0.040851932
3782,-0.012491397
3783,-0.006997524
3784,-0.000170543
3785,0.012458428
3786,-0.009235456
3787,0.033750542
3788,-0.001641299
3789,0.010305958
3790,0.057197087
3791,0.024474699
3792,0.028476907
3793,-0.015258241
3794,-0.00950103
3795,-0.020441426
3796,0.012153035
3797,0.004323981
3798,0.018440573
3799,0.074945129
3800,0.00684787
3801,-0.024082262
3802,-0.005396225
3803,0.025061196
3804,0.003933893
3805,-0.025299378
3806,-0.018785896
3807,0.007518929
3808,-0.01374498
3809,-0.005065723
3810,0.014932062
3811,0.022419572
3812,0.01585057
3813,0.038917348
3814,0.014081048
3815,0.021634428
3816,-0.029897979
3817,0.011529673
3818,0.015291338
3819,0.007015186
3820,-0.022526091
3821,-0.000864845
3822,-0.000404929
3823,-0.028719766
3824,0.007848077
3825,0.018678807
3826,0.042143922
3827,-0.001338235
3828,-0.025857918
3829,0.007397604
3830,0.023262516
3831,0.032473836
3832,-0.024938622
3833,-0.023934104
3834,-0.018057277
3835,-0.0191136
3836,-0.029624872
3837,0.00016289
3838,0.00638717
3839,0.015453275
3840,0.045282669
3841,-0.018232226
3842,0.019984255
3843,0.00451906
3844,-0.003265243
3845,-0.034907013
3846,-0.024913302
3847,-0.012327835
3848,0.03413986
3849,0.002900078
3850,-0.076425873
3851,-0.093881123
3852,-0.036405873
3853,-0.028098209
3854,0.029546348
3855,-0.008770176
3856,0.03867355
3857,0.008309111
3858,0.057726894
3859,0.054586228
3860,0.033402659
3861,0.054267637
3862,0.015656181
3863,-0.006714608
3864,0.004246353
3865,0.015544849
3866,0.028245628
3867,-0.017963339
3868,0.026514113
3869,-0.03293141
3870,-0.017314754
3871,0.037321161
3872,-0.009876833
3873,0.007035485
3874,0.003984716
3875,-0.014636493
3876,-0.000856533
3877,-0.016611276
3878,-0.015816202
3879,-0.002502156
3880,-0.007521738
3881,-0.012392864
3882,-0.019709056
3883,-0.013305636
3884,0.012350249
3885,-0.014114778
3886,0.00458565
3887,0.037878584
3888,-0.016295195
3889,0.012552464
3890,-0.002351519
3891,0.046321947
3892,0.019792296
3893,0.006282652
3894,0.032998655
3895,0.062281039
3896,0.031304307
3897,0.007950391
3898,0.01252859
3899,0.004469372
3900,0.030146033
3901,-0.015555005
3902,0.008602404
3903,-0.020101247
3904,0.003704159
3905,-0.023341158
3906,-0.028633509
3907,0.000999841
3908,-0.007908819
3909,-0.023842631
3910,0.045727935
3911,0.024323722
3912,-0.032114591
3913,-0.021749429
3914,0.000943639
3915,0.026666762
3916,0.002570583
3917,-0.021830061
3918,-0.000366748
3919,-0.001554996
3920,-0.038034525
3921,0.002921595
3922,0.018089861
3923,-0.022388186
3924,0.010060269
3925,0.009320762
3926,0.015398568
3927,0.009989592
3928,-0.010223401
3929,0.055807322
3930,0.005156225
3931,0.027064225
3932,-0.012872231
3933,0.00215175
3934,-0.018643707
3935,-0.010694667
3936,0.014100629
3937,0.033805445
3938,0.0078827
3939,0.002260858
3940,0.02584626
3941,0.031275269
3942,0.009246198
3943,0.020719603
3944,0.016457681
3945,-0.012689804
3946,-0.011489796
3947,0.033921428
3948,0.003571761
3949,0.012215307
3950,0.000306748
3951,-0.031129753
3952,-0.025070205
3953,0.063219935
3954,0.000489456
3955,0.02751217
3956,0.052319057
3957,0.038872384
3958,0.037564218
3959,0.058088463
3960,-0.004283892
3961,-0.016100895
3962,-0.062472228
3963,0.02339677
3964,0.028506516
3965,0.022153864
3966,-0.007385131
3967,0.022652162
3968,0.035929821
3969,0.033861868
3970,0.018365346
3971,0.016816946
3972,-0.012702091
3973,0.013988452
3974,-0.006846003
3975,-0.000199496
3976,-0.030181633
3977,0.041205205
3978,-0.017848695
3979,0.011818127
3980,0.030852934
3981,-0.007403859
3982,0.00649941
3983,-0.010393508
3984,-0.012698664
3985,0.043217998
3986,0.021753274
3987,-0.034083046
3988,0.023510495
3989,-0.008561124
3990,-0.015076051
3991,-0.01363423
3992,-0.050928086
3993,-0.034675054
3994,0.031466339
3995,-0.092025824
3996,-0.000913232
3997,0.020050099
3998,-0.021418726
3999,0.023795558
4000,0.029988902
4001,-0.011402856
4002,0.053225581
4003,0.001001347
4004,-0.001348926
4005,-0.021017605
4006,0.042332437
4007,0.005542419
4008,-0.037826482
4009,0.004494607
4010,0.031127548
4011,-0.016222581
4012,-0.003777262
4013,-0.02383744
4014,-0.015157107
4015,0.007136923
4016,-0.036747281
4017,-0.012020524
4018,-0.003440684
4019,0.01166385
4020,0.009047088
4021,0.017726604
4022,0.01415318
4023,-0.021055315
4024,0.00370018
4025,0.035204448
4026,0.018388823
4027,0.012445782
4028,-0.035454068
4029,0.009069366
4030,-0.003005331
4031,0.004307279
4032,-0.036147796
4033,-0.006944788
4034,-0.030219471
4035,-0.015878841
4036,-0.083477929
4037,0.009364909
4038,-0.020678511
4039,-0.020533565
4040,0.017560484
4041,0.003838457
4042,-0.000457423
4043,0.005170924
4044,0.006525862
4045,0.012316903
4046,-0.029960345
4047,0.021113027
4048,-0.017400408
4049,0.003323312
4050,0.03171641
4051,-0.01131944
4052,-0.008349023
4053,-0.015277146
4054,0.006883495
4055,0.013807076
4056,0.017317539
4057,-0.02465008
4058,-0.031377796
4059,0.011352639
4060,-0.019273236
4061,0.01245125
4062,-0.023180041
4063,0.000690406
4064,-0.030294942
4065,-0.024810238
4066,0.012107559
4067,-0.013505067
4068,-0.024628635
4069,-0.000421128
4070,-0.006500685
4071,-0.033661727
4072,-0.011097152
4073,-0.030163297
4074,0.000169449
4075,0.008333169
4076,-0.02267275
4077,-0.032796714
4078,0.002201777
4079,-0.005000442
4080,0.014431264
4081,0.028040519
4082,0.027285865
4083,0.041236155
4084,-0.049907144
4085,-0.011416216
4086,0.023550779
4087,-0.068285495
4088,-0.017333772
4089,0.004840136
4090,0.010089737
4091,0.007962044
4092,0.019788111
4093,-0.010738848
4094,-0.001454002
4095,-0.014688076
4096,0.000372083
4097,-0.030821357
4098,-0.011700598
4099,-0.004815491
4100,-0.000102869
4101,0.038705777
4102,-0.002568226
4103,0.022068018
4104,0.004245289
4105,-0.054631867
4106,-0.022625003
4107,0.054718386
4108,0.034347404
4109,0.024315028
4110,-0.000461063
4111,-0.028178483
4112,0.001392243
4113,0.081879437
4114,0.018064586
4115,-0.009465215
4116,0.015312558
4117,-0.011304663
4118,-0.015451524
4119,-0.044133686
4120,-0.042771656
4121,-0.021662569
4122,0.023834191
4123,-0.043844521
4124,-0.036447171
4125,-0.025264308
4126,-0.019461516
4127,-0.006249947
4128,0.00508508
4129,-0.043739721
4130,-0.00611176
4131,-0.001200768
4132,0.007435943
4133,0.010480667
4134,0.044359811
4135,0.017050343
4136,0.020094179
4137,-0.015543175
4138,0.048086278
4139,-0.001548654
4140,-0.028871158
4141,-0.024328677
4142,0.008474085
4143,0.039511845
4144,-0.059863165
4145,-0.019003483
4146,-0.024491621
4147,-0.004525336
4148,0.006900186
4149,0.014466877
4150,0.037456054
4151,0.02285441
4152,0.035793275
4153,0.003288548
4154,-0.002122701
4155,0.024017995
4156,-0.014469245
4157,-0.017205376
4158,0.023858966
4159,0.020638432
4160,-0.008049589
4161,-0.031641606
4162,0.025290169
4163,0.008307027
4164,0.005391396
4165,0.005801269
4166,-0.002700052
4167,0.010234877
4168,0.000294326
4169,0.042998537
4170,0.017880872
4171,-0.006877052
4172,0.00328372
4173,-0.02961548
4174,-0.016148102
4175,-0.009037608
4176,0.01541685
4177,0.013034626
4178,0.004945972
4179,0.015888369
4180,0.037887219
4181,-0.004169172
4182,-0.019978732
4183,0.002763456
4184,-0.010849972
4185,0.003332703
4186,-0.018186605
4187,0.020698659
4188,0.010112263
4189,0.005311161
4190,-0.022105254
4191,0.018018845
4192,0.005600473
4193,0.022214448
4194,0.055489
4195,-0.019638063
4196,-0.010043001
4197,-0.035164576
4198,0.0018466
4199,0.009679695
4200,0.04287627
4201,0.00214659
4202,0.018144717
4203,0.013016979
4204,-0.009727515
4205,-0.023003604
4206,-0.021029159
4207,0.01933028
4208,-0.019155387
4209,0.008496164
4210,0.028774936
4211,0.03580077
4212,0.009743113
4213,0.013919614
4214,-0.042938102
4215,-0.001123558
4216,0.007774266
4217,-0.053953737
4218,0.02593353
4219,-0.009816372
4220,-0.010308984
4221,-0.040348887
4222,-0.01246224
4223,0.013129039
4224,0.00658605
4225,-0.007440206
4226,-0.023763349
4227,0.010721227
4228,-0.066667482
4229,-0.052515164
4230,-0.013681337
4231,-0.031269114
4232,-0.020064669
4233,-0.003547797
4234,-0.003351925
4235,-0.013092254
4236,-0.069307894
4237,-0.048625156
4238,-0.023607595
4239,0.052083511
4240,0.004744987
4241,0.001040891
4242,0.016230194
4243,-0.010201692
4244,-0.014141507
4245,-0.032040354
4246,0.022550676
4247,-0.003698304
4248,0.010474241
4249,0.033673614
4250,-0.020031001
4251,-0.021763721
4252,0.003950177
4253,0.003318567
4254,-0.00220232
4255,-0.044163298
4256,-0.02099932
4257,0.000978202
4258,-0.017338658
4259,-0.035289556
4260,-0.057133205
4261,-0.004513287
4262,-0.004620872
4263,0.019825427
4264,0.051804237
4265,0.007418365
4266,0.045823697
4267,0.021449171
4268,-0.021231038
4269,0.017967973
4270,0.022501973
4271,0.025906047
4272,0.105080634
4273,-0.001471986
4274,-0.009181102
4275,0.011115854
4276,-0.03405932
4277,0.00093325
4278,0.038193017
4279,0.067289516
4280,0.039984513
4281,-0.018465545
4282,-0.008059369
4283,0.00385068
4284,0.009361232
4285,-0.003331376
4286,0.013645508
4287,-0.000388439
4288,-0.017816396
4289,0.00470192
4290,-0.004381514
4291,0.020999724
4292,-0.015619615
4293,-0.024236521
4294,0.014841863
4295,-0.00921836
4296,0.008010944
4297,0.017832659
4298,0.009502679
4299,-0.025360724
4300,0.038616549
4301,0.01485501
4302,-0.001747605
4303,-0.007333029
4304,0.011432431
4305,-0.013374913
4306,-0.014407699
4307,-0.028253755
4308,0.029548138
4309,0.068640478
4310,0.037233524
4311,0.021679435
4312,-0.007834998
4313,-0.081015334
4314,-0.011124617
4315,0.002662727
4316,0.020410212
4317,-0.005043062
4318,-0.020222822
4319,0.002398528
4320,-0.014601021
4321,0.019439656
4322,0.022049472
4323,0.001003718
4324,0.024677284
4325,-0.003325569
4326,0.005422068
4327,0.020322476
4328,0.001759798
4329,-0.022316581
4330,-0.030617949
4331,0.010500719
4332,0.009894707
4333,-0.010691356
4334,0.009111602
4335,-0.013503877
4336,-0.022875186
4337,0.008488779
4338,0.002412605
4339,0.022336358
4340,-0.009095615
4341,-0.061304647
4342,0.000491229
4343,0.016707545
4344,-0.041103587
4345,-0.00677055
4346,-0.020491987
4347,-0.009151128
4348,0.022364521
4349,0.039133754
4350,-0.021498514
4351,-0.009311235
4352,-0.034978889
4353,-0.003047819
4354,-0.003113056
4355,-0.005323715
4356,-0.005775727
4357,-0.014745962
4358,-0.015094757
4359,0.035332609
4360,-0.015596224
4361,0.012026247
4362,0.008185975
4363,-0.013767413
4364,0.003285077
4365,-0.01842065
4366,-0.00033759
4367,0.003826711
4368,0.048215374
4369,0.057218116
4370,-0.01006774
4371,0.021913761
4372,-0.000280191
4373,-0.037479609
4374,-0.01769821
4375,-0.025535051
4376,-0.022532411
4377,-0.013074422
4378,-0.039238084
4379,0.006424428
4380,0.019077182
4381,0.015013708
4382,0.030598016
4383,-0.002524459
4384,-0.018838933
4385,0.00402503
4386,0.006772077
4387,-0.023041556
4388,0.003223086
4389,-0.024528313
4390,0.006597522
4391,0.020090574
4392,0.027714128
4393,0.005533133
4394,-0.001778295
4395,-0.001290057
4396,-0.021830514
4397,-0.052832272
4398,0.015819276
4399,-0.013431544
4400,0.009751716
4401,0.004160497
4402,0.006565695
4403,6.74E-05
4404,-0.03947176
4405,-0.01888668
4406,-0.030829234
4407,-0.015589886
4408,-0.029836046
4409,0.01563235
4410,0.005171732
4411,-0.012920321
4412,0.004265915
4413,-0.001374659
4414,0.044717956
4415,0.046466477
4416,0.014420931
4417,0.018566625
4418,0.019257227
4419,0.017413324
4420,-0.008750362
4421,-0.04129032
4422,-0.036678504
4423,-0.023739358
4424,-0.035587173
4425,0.001445642
4426,0.027795188
4427,-0.003904485
4428,-0.00075652
4429,-0.030417437
4430,-0.018260702
4431,0.01548924
4432,-0.003512583
4433,-0.005736645
4434,0.021758351
4435,0.058600049
4436,-0.041320857
4437,-0.028310167
4438,-0.011722677
4439,0.021886881
4440,0.016024889
4441,-0.032175303
4442,-0.013059965
4443,0.0080658
4444,0.022284381
4445,0.073469095
4446,0.039546691
4447,-0.012744366
4448,-0.013191366
4449,-0.010536858
4450,-0.023962043
4451,0.000594284
4452,0.010264094
4453,0.035847578
4454,0.043118972
4455,0.036943141
4456,-0.011156156
4457,-0.001929806
4458,-0.038491286
4459,0.009034554
4460,-0.012499861
4461,0.013975173
4462,-0.010959256
4463,0.015358064
4464,0.020592753
4465,0.023326797
4466,0.036229439
4467,0.018289827
4468,0.01095787
4469,-0.021125698
4470,-0.007886195
4471,0.024379361
4472,-0.005757338
4473,0.011931436
4474,0.012660109
4475,0.005445205
4476,0.023527857
4477,-0.016829923
4478,-0.022228196
4479,-0.055182051
4480,-0.007934952
4481,-0.024255333
4482,0.01138809
4483,-0.007409342
4484,-0.003786307
4485,0.01120892
4486,0.011259384
4487,-0.012259373
4488,-0.027824601
4489,-0.008614426
4490,-0.009846594
4491,-0.031389654
4492,-0.015456404
4493,-0.012258805
4494,-0.013306249
4495,-0.021197123
4496,0.003336938
4497,-0.004202335
4498,-0.007589788
4499,0.000644257
4500,0.031622451
4501,0.043625925
4502,-0.010828469
4503,0.004881394
4504,-0.016064219
4505,0.028271433
4506,-0.013610324
4507,0.009132179
4508,0.024256693
4509,-0.00220527
4510,0.02233441
4511,0.022816895
4512,0.088024437
4513,0.022484519
4514,-0.0278135
4515,-0.005050822
4516,-0.000170917
4517,-0.037993256
4518,0.007740644
4519,0.077342719
4520,0.042708702
4521,0.035716698
4522,-0.037397154
4523,-0.005979893
4524,-0.00153401
4525,0.060670819
4526,-0.032973293
4527,-0.008578048
4528,0.021216998
4529,-0.012388509
4530,-0.007130422
4531,-0.010072449
4532,-0.000942419
4533,0.024005473
4534,0.011260115
4535,0.007537841
4536,-0.010224287
4537,0.008657269
4538,0.016199345
4539,0.044129521
4540,-0.016718486
4541,-0.018281398
4542,0.027490444
4543,0.017834911
4544,-0.049669117
4545,0.010669324
4546,0.023790279
4547,0.026346711
4548,0.019161098
4549,-0.007060614
4550,0.020177249
4551,0.052764095
4552,0.002789858
4553,0.005141367
4554,0.004938383
4555,-0.00765304
4556,-0.003211362
4557,0.020780826
4558,0.012354722
4559,-0.019858792
4560,0.01030038
4561,0.034894403
4562,0.003269457
4563,0.008477251
4564,-0.021016272
4565,-0.021385098
4566,-0.053133365
4567,-0.006055203
4568,0.02915032
4569,-0.00349717
4570,-0.009383108
4571,-0.024134941
4572,-0.008828089
4573,-0.028639175
4574,-0.002228132
4575,-0.038602557
4576,-0.002568979
4577,0.044997688
4578,0.047784112
4579,0.015036808
4580,0.027958108
4581,-0.014952803
4582,0.030648792
4583,-0.024354545
4584,-0.030368356
4585,-0.040484712
4586,-0.024111941
4587,-0.010288848
4588,-0.006331657
4589,0.03195348
4590,0.0019667
4591,-0.007255916
4592,0.00025356
4593,0.008923666
4594,0.035781994
4595,0.014965284
4596,0.023029935
4597,0.003459243
4598,0.003094386
4599,0.030446982
4600,0.016101398
4601,-0.001124638
4602,0.005589706
4603,0.000974666
4604,0.011533291
4605,0.009544786
4606,-0.010250359
4607,0.061883658
4608,-0.014801778
4609,0.011227988
4610,0.010020674
4611,0.003348523
4612,0.020095455
4613,-0.006676539
4614,-0.008323787
4615,0.024696128
4616,0.009431063
4617,-0.018890351
4618,-0.026088934
4619,0.00917069
4620,-0.014939737
4621,-0.013102539
4622,0.002570085
4623,0.028545843
4624,-0.00683321
4625,0.005774623
4626,0.0217315
4627,-0.018249322
4628,-0.032340072
4629,-0.00621589
4630,-0.0537256
4631,0.014996211
4632,0.010628946
4633,0.038625639
4634,0.00426746
4635,-0.025279336
4636,-0.02465809
4637,0.003047478
4638,0.001044227
4639,-0.022910658
4640,-0.01795063
4641,0.00901381
4642,-0.00942992
4643,-0.015321598
4644,-0.037000157
4645,-0.021927232
4646,-0.008385899
4647,-0.007190141
4648,0.001370836
4649,-0.030212641
4650,-0.025641199
4651,0.006174593
4652,0.007217444
4653,-0.03907866
4654,0.021586962
4655,-0.016354328
4656,-0.009169172
4657,-0.052112039
4658,0.003638633
4659,-0.015712412
4660,-0.003902275
4661,-0.014480093
4662,0.017070688
4663,0.030819757
4664,0.018846456
4665,-0.014549538
4666,-0.009745281
4667,-0.014552888
4668,-0.027586084
4669,-0.012011269
4670,-0.019051263
4671,-0.005212201
4672,0.006128476
4673,0.011664741
4674,0.005531927
4675,-0.013440223
4676,-0.037365105
4677,-0.065884829
4678,-0.004039592
4679,0.02231521
4680,-0.008838203
4681,-0.000206793
4682,-0.011572855
4683,-0.01585244
4684,0.01522497
4685,-0.035050582
4686,0.017891996
4687,-0.000197822
4688,0.016680483
4689,-0.018966133
4690,0.031232253
4691,-0.017541492
4692,-0.015896525
4693,0.021600977
4694,-0.020444205
4695,-0.004359606
4696,0.001282618
4697,0.073242553
4698,0.010629727
4699,0.000715299
4700,-0.001546781
4701,-0.004358345
4702,0.006905099
4703,0.023017906
4704,-0.00077365
4705,0.007430887
4706,0.031864408
4707,0.012032925
4708,0.028038558
4709,0.028594786
4710,0.029272143
4711,-0.008063505
4712,0.008152421
4713,-0.014223526
4714,-0.005829572
4715,0.008848135
4716,0.030122474
4717,-0.022004183
4718,-0.046469502
4719,0.006228505
4720,0.018400699
4721,0.011816876
4722,-0.018992649
4723,-0.043731526
4724,-0.049396925
4725,-0.040080346
4726,-0.007330808
4727,0.029303852
4728,-0.046696797
4729,0.005540221
4730,-0.020369804
4731,-0.016060935
4732,0.013456925
4733,-0.01590387
4734,-0.037732273
4735,-0.020551968
4736,-0.001558413
4737,0.061016083
4738,0.018866958
4739,0.018317349
4740,0.003533937
4741,0.014270364
4742,-0.003430564
4743,-0.022670075
4744,0.035036393
4745,0.025103042
4746,0.011247551
4747,-0.01672326
4748,-0.020574998
4749,-0.029210396
4750,0.036557093
4751,-0.01088327
4752,-0.003359999
4753,-0.00954996
4754,-0.009438568
4755,-0.010157472
4756,-0.018965207
4757,-0.012362518
4758,-0.016742436
4759,-0.023331665
4760,-0.005724376
4761,-0.024751119
4762,-0.009054815
4763,-0.007633089
4764,0.00314513
4765,-0.024857055
4766,0.004300443
4767,0.015258968
4768,0.027156821
4769,-0.022768199
4770,-0.027645279
4771,-0.031111736
4772,0.014471882
4773,0.014472824
4774,-0.001373283
4775,0.015341547
4776,0.030671891
4777,0.000243303
4778,-0.018580252
4779,0.00802137
4780,-0.000266882
4781,-0.034042016
4782,-0.012204398
4783,0.010733407
4784,0.039599217
4785,0.015911032
4786,0.037480623
4787,0.000186508
4788,0.000922896
4789,-0.015274793
4790,-0.02289743
4791,-0.023815565
4792,0.004416135
4793,-0.007196709
4794,-0.005973149
4795,0.0124846
4796,0.029512268
4797,0.002507635
4798,0.002088198
4799,-0.017211629
4800,-0.02677984
4801,-0.016133979
4802,-0.04688669
4803,0.002375855
4804,-0.002289597
4805,-0.018409576
4806,0.002216502
4807,-0.034953576
4808,-0.009341466
4809,-0.026656212
4810,0.008056503
4811,-0.031160841
4812,-0.031360123
4813,0.003888878
4814,-0.031248061
4815,-0.002169902
4816,-0.023124535
4817,-0.018189613
4818,0.008225791
4819,0.007893905
4820,0.000448091
4821,0.015096491
4822,0.004694301
4823,-0.028241664
4824,-0.006689743
4825,0.013705369
4826,0.021851171
4827,0.009813448
4828,-9.14E-05
4829,0.000100511
4830,-0.013780452
4831,0.082436889
4832,0.005234702
4833,-0.007706251
4834,-0.053171761
4835,-0.010241415
4836,0.011096973
4837,-0.016987108
4838,-0.029345134
4839,0.005500843
4840,0.00289694
4841,-0.011063828
4842,0.046157755
4843,-0.01081518
4844,0.027969347
4845,0.030250136
4846,-0.013349967
4847,0.014111984
4848,0.005092643
4849,-0.002265954
4850,-0.033468034
4851,0.004961065
4852,-0.002702486
4853,-0.027803993
4854,-0.008437661
4855,0.010681101
4856,-0.023435207
4857,-0.012425886
4858,0.007183142
4859,-0.000533427
4860,0.012645939
4861,-0.017433155
4862,0.005496005
4863,-0.006716767
4864,0.008726628
4865,-0.02105316
4866,-0.009499371
4867,0.006477669
4868,0.002237849
4869,0.012584015
4870,-0.00165032
4871,0.026004069
4872,-0.017262112
4873,-0.000401754
4874,-0.018656069
4875,-0.02811439
4876,0.007994681
4877,-0.010509886
4878,-0.001337113
4879,-0.013691016
4880,0.038277067
4881,0.013559885
4882,-0.004791075
4883,0.002579903
4884,-0.008968629
4885,0.005894748
4886,0.026996803
4887,0.019327059
4888,-0.001022049
4889,-0.040517304
4890,-0.00815749
4891,0.009789766
4892,0.00306671
4893,-0.006325283
4894,-0.009153624
4895,-0.027441397
4896,0.003004223
4897,-0.008341487
4898,0.013459
4899,0.004002491
4900,-0.020788306
4901,-0.001432997
4902,-0.012020751
4903,0.006421936
4904,-0.027503233
4905,-0.001870919
4906,0.01421581
4907,0.006475081
4908,-0.001055846
4909,0.002174251
4910,0.007038935
4911,0.023675403
4912,0.001492774
4913,0.013582255
4914,0.002754369
4915,-0.035606328
4916,-0.000967012
4917,-0.01120748
4918,-0.043265782
4919,-0.017641272
4920,-0.042728845
4921,-0.028572336
4922,0.003606999
4923,-0.021870047
4924,-0.01835048
4925,-0.026554313
4926,-0.026974263
4927,0.030867228
4928,0.006831685
4929,-0.005906436
4930,0.013357092
4931,0.01336443
4932,0.02419688
4933,0.001729278
4934,0.06026556
4935,0.002491401
4936,-0.01178212
4937,-0.020710805
4938,-0.006601873
4939,-0.014031587
4940,0.015863121
4941,-0.013643085
4942,-0.023054423
4943,-0.007690051
4944,-0.018324763
4945,-0.011704381
4946,0.006026831
4947,0.019811515
4948,-0.022411773
4949,-0.010887472
4950,-0.02248312
4951,-0.003962413
4952,0.014008695
4953,-0.035052642
4954,0.02324928
4955,0.002144447
4956,-0.009055166
4957,-0.099305525
4958,-0.010332806
4959,-0.01540466
4960,0.007870289
4961,0.003191825
4962,0.02312378
4963,0.007305115
4964,0.00634751
4965,-0.001766303
4966,-0.039929897
4967,-0.028796721
4968,-0.004025994
4969,0.00346549
4970,0.003819805
4971,0.035359126
4972,0.010208072
4973,-0.018346818
4974,-0.014369714
4975,-0.004310408
4976,0.027677009
4977,0.001660668
4978,0.025735045
4979,-0.019448373
4980,0.00134068
4981,0.019210709
4982,0.026485296
4983,0.022917721
4984,0.026589213
4985,0.051330317
4986,0.010241444
4987,0.016922072
4988,0.04456256
4989,-0.043896079
4990,0.00423286
4991,-0.009043012
4992,-0.022863442
4993,-0.018954469
4994,-0.033941228
4995,-0.056939289
4996,-0.024753148
4997,-0.009758739
4998,-0.033722349
4999,-0.004458508
5000,-0.005724632
5001,0.002059453
5002,-0.023684634
5003,0.018793806
5004,0.007176412
5005,
5006,
5007,0.004916227
5008,-0.028994614
5009,-0.011270654
5010,0.005097443
5011,0.007699981
5012,0.03153386
5013,0.002206356
5014,-0.007476284
5015,-0.035764825
5016,-0.035386063
5017,-0.013899559
5018,0.030502029
5019,0.043478768
5020,0.001991324
5021,0.015317226
5022,-0.046221878
5023,-0.028830558
5024,-0.042431772
5025,-0.045162402
5026,-0.014686207
5027,0.021366062
5028,0.004344457
5029,-0.021725256
5030,-0.018294876
5031,0.012262243
5032,0.007132728
5033,-0.019035626
5034,-0.025217792
5035,-0.011187154
5036,0.022261571
5037,-0.030594215
5038,-0.001251943
5039,-0.058161486
5040,-0.026345434
5041,-0.026051078
5042,0.014821595
5043,0.012529791
5044,0.003358141
5045,0.005436013
5046,0.005611084
5047,0.004144366
5048,0.002294509
5049,-0.018605262
5050,0.027268074
5051,0.050784659
5052,0.005994194
5053,0.002926678
5054,0.022106279
5055,0.002160934
5056,-0.000823351
5057,0.006595952
5058,0.020623779
5059,0.015035996
5060,0.043498181
5061,0.024580594
5062,0.025998997
5063,0.025545033
5064,-0.01941224
5065,-0.010955325
5066,-0.034445141
5067,-0.030853448
5068,-0.011657516
5069,0.016746938
5070,-0.012746698
5071,-0.015773226
5072,0.018369867
5073,-0.00923979
5074,-0.010121014
5075,0.009393908
5076,-0.014800897
5077,-0.018043855
5078,0.004439266
5079,-0.009231186
5080,-0.013112706
5081,-0.004804598
5082,0.006829383
5083,0.02487373
5084,-0.001756827
5085,0.003263156
5086,-0.001792652
5087,-0.005959661
5088,-0.002511782
5089,-0.019333843
5090,0.013275559
5091,-0.030208927
5092,-0.004525191
5093,0.011735442
5094,-0.019349182
5095,-0.04994392
5096,0.001972674
5097,-0.006072982
5098,-0.025041575
5099,-0.001846418
5100,-0.001959193
5101,-0.060912445
5102,0.024470992
5103,-0.002638899
5104,-0.006427998
5105,-0.00482296
5106,0.000125258
5107,-0.034268528
5108,-0.032148819
5109,-0.019756686
5110,-0.003283164
5111,0.046008192
5112,0.00162559
5113,-0.015865926
5114,-0.024028592
5115,-0.005592171
5116,-0.020808488
5117,0.006829074
5118,0.010442253
5119,0.018598754
5120,-0.010888932
5121,-0.003383865
5122,-0.000972121
5123,0.007409706
5124,0.002278339
5125,-0.015089135
5126,-0.002054664
5127,-0.00366742
5128,-0.029475706
5129,0.0031991
5130,0.02083464
5131,0.010265671
5132,0.020106142
5133,-0.017675392
5134,0.068555497
5135,0.003394154
5136,0.004690167
5137,0.015028823
5138,0.004466265
5139,-0.02938663
5140,-0.00527674
5141,0.008495883
5142,0.014445414
5143,-0.00205422
5144,0.00085703
5145,0.004852548
5146,0.01819092
5147,0.014872818
5148,0.015669858
5149,0.011876289
5150,-0.016978862
5151,-0.019981284
5152,0.010052963
5153,-0.00060957
5154,-0.018376945
5155,-0.012330181
5156,0.012957685
5157,0.019867502
5158,0.007386827
5159,0.010776633
5160,0.007420456
5161,-0.009541387
5162,-0.030230144
5163,-0.122199938
5164,-0.004192049
5165,0.003006523
5166,-0.001892142
5167,0.020988859
5168,-0.011173582
5169,-0.01503124
5170,-0.012787421
5171,-0.001641046
5172,0.003872863
5173,-0.035273869
5174,-0.033161782
5175,-0.03378759
5176,0.030828549
5177,-0.008659547
5178,-0.009698852
5179,-0.012856122
5180,-0.012100453
5181,-0.003900038
5182,-0.007367824
5183,0.030688243
5184,0.023038825
5185,0.008152905
5186,0.00834175
5187,0.010336512
5188,0.005734379
5189,-0.002240118
5190,-0.027967982
5191,0.006563953
5192,-0.008605332
5193,0.000584792
5194,0.028608838
5195,0.003267572
5196,0.039260082
5197,0.0128287
5198,-0.010317091
5199,0.023587853
5200,0.019307954
5201,-0.005105393
5202,-0.024130397
5203,0.004500995
5204,-0.008777251
5205,-0.003969492
5206,0.014963514
5207,0.001473947
5208,-0.023954825
5209,-0.010741347
5210,-0.002295216
5211,-0.00844892
5212,-0.012098483
5213,-0.011279656
5214,-0.010143407
5215,0.016139934
5216,0.00787947
5217,-0.005908262
5218,-0.01989813
5219,-0.008035474
5220,-0.00465091
5221,-0.011825101
5222,-0.026365707
5223,0.00832668
5224,0.025298458
5225,0.05580185
5226,0.012616435
5227,0.051905245
5228,0.08009553
5229,-0.034835763
5230,-0.037968889
5231,0.003485608
5232,0.016869159
5233,-0.023150973
5234,-0.039281391
5235,0.003123022
5236,0.018319836
5237,0.008317475
5238,-0.011341654
5239,0.012490944
5240,0.013617392
5241,-0.010081612
5242,-0.010937816
5243,-0.002266574
5244,0.0242039
5245,0.038741354
5246,-0.000302914
5247,-0.022667101
5248,0.015458581
5249,0.027142216
5250,-0.000864826
5251,0.008838437
5252,-0.021270422
5253,-0.017072935
5254,0.01038148
5255,0.009094411
5256,-0.042042356
5257,-0.003283095
5258,-0.011904893
5259,-0.005707717
5260,-0.000362532
5261,0.017172607
5262,-0.001611582
5263,-0.040850665
5264,-0.000586003
5265,0.036564674
5266,0.016007602
5267,-0.00069843
5268,-0.010833157
5269,-0.051746465
5270,-0.040766891
5271,-0.004487436
5272,-0.003892555
5273,-0.005762936
5274,-0.021949777
5275,0.008600114
5276,-0.012090097
5277,0.010814507
5278,-0.017453974
5279,-0.01005242
5280,0.010564572
5281,0.021372257
5282,-0.058778469
5283,-0.010019404
5284,-0.028564259
5285,0.008914222
5286,-0.014172499
5287,0.01834622
5288,0.011939687
5289,0.01994128
5290,-0.009034815
5291,0.007827631
5292,0.026835401
5293,-0.011359069
5294,-0.017182717
5295,-0.056715753
5296,-0.00463175
5297,0.020807231
5298,-0.00489778
5299,0.044738647
5300,0.0431423
5301,0.03625806
5302,0.023828372
5303,0.004737953
5304,0.015601636
5305,0.001828523
5306,-0.012994701
5307,-0.00460949
5308,0.003661805
5309,-0.029196082
5310,0.022250665
5311,0.006945847
5312,0.022418354
5313,0.014292262
5314,0.015338108
5315,-0.003933501
5316,0.006897136
5317,0.025432192
5318,-0.011088012
5319,-0.028643833
5320,-0.009377576
5321,0.009325279
5322,-0.008109303
5323,0.059114575
5324,-0.018018644
5325,-0.005535047
5326,-0.019494701
5327,-0.039355066
5328,-0.051720276
5329,0.004183593
5330,-0.013896408
5331,-0.009927595
5332,0.010784421
5333,0.0228887
5334,-0.011573516
5335,-0.002193028
5336,0.025835156
5337,0.01729775
5338,0.020813638
5339,-0.003348962
5340,-0.014683149
5341,-0.071591325
5342,0.009044544
5343,-0.008606022
5344,-0.009237653
5345,0.017603345
5346,0.010130623
5347,0.003543526
5348,-0.021199567
5349,-0.032305285
5350,-0.000574533
5351,0.02458312
5352,0.001488262
5353,0.022107268
5354,0.035678152
5355,0.037735112
5356,-0.01518557
5357,-0.024512574
5358,0.015454668
5359,0.010416723
5360,0.021784261
5361,0.004391257
5362,0.028180202
5363,0.01544938
5364,0.016253054
5365,-0.014670602
5366,0.004413003
5367,0.00684651
5368,0.005933306
5369,0.026567103
5370,0.023540113
5371,0.018558795
5372,-0.013178049
5373,0.010236003
5374,-0.019465001
5375,-0.011978338
5376,0.017244359
5377,0.006397639
5378,0.013502949
5379,0.001410754
5380,-0.006316793
5381,-0.037491485
5382,-0.011398965
5383,0.001100664
5384,0.00345716
5385,0.016700994
5386,0.055127777
5387,0.036300067
5388,0.018100794
5389,-0.027372213
5390,0.003836665
5391,-0.010977252
5392,0.002691934
5393,0.020505125
5394,-0.020709204
5395,0.015643151
5396,0.022716092
5397,0.011867983
5398,0.034884326
5399,0.002247377
5400,0.030642759
5401,0.018358553
5402,-0.019262709
5403,0.001662386
5404,-0.02597788
5405,0.005852875
5406,0.048269797
5407,0.030813081
5408,0.052929748
5409,-0.007383912
5410,-0.00175881
5411,0.005401634
5412,0.000153721
5413,-0.014712542
5414,-0.001099274
5415,0.012510407
5416,-0.001165043
5417,-0.010760793
5418,0.057604183
5419,0.036975287
5420,0.005729573
5421,0.009442127
5422,-0.000421658
5423,0.000766809
5424,-0.029432122
5425,-0.019860201
5426,-0.001292831
5427,-0.039187275
5428,-0.012706958
5429,-0.02144891
5430,-0.014348857
5431,-0.002862336
5432,-0.011552683
5433,-0.002654245
5434,0.009682672
5435,0.007383799
5436,-0.041490313
5437,-0.028580049
5438,0.022110052
5439,0.008107245
5440,-0.003021023
5441,0.016951354
5442,-0.00093275
5443,0.006217086
5444,0.014662129
5445,-0.011172106
5446,0.055711623
5447,0.027838329
5448,0.004960833
5449,-0.018617619
5450,0.009573521
5451,-0.012172813
5452,-0.00202007
5453,0.004752998
5454,-0.044382151
5455,0.009369213
5456,-0.001370266
5457,-0.009939111
5458,0.031503417
5459,0.011179945
5460,0.035935283
5461,0.014750802
5462,0.016433712
5463,-0.003005604
5464,-0.028852588
5465,-0.018543648
5466,-0.015491603
5467,0.014205799
5468,-0.002867731
5469,0.028287705
5470,0.037161689
5471,-0.010527297
5472,0.018883215
5473,0.018339835
5474,-0.039740112
5475,-0.027139654
5476,-0.000375882
5477,-0.016666589
5478,0.005861787
5479,-0.001452786
5480,-0.014479188
5481,0.009392418
5482,0.025827553
5483,-0.001625206
5484,-0.026867179
5485,0.016896354
5486,-0.001952558
5487,-0.004643214
5488,-0.01370719
5489,-0.010029621
5490,0.022730231
5491,0.014049645
5492,0.021800898
5493,0.000613224
5494,0.003983713
5495,-0.067712128
5496,-0.018474326
5497,-0.012763219
5498,0.007378869
5499,0.010991613
5500,-0.002198749
5501,0.010430505
5502,0.014776148
5503,0.031357452
5504,-0.003143629
5505,-0.003409419
5506,0.012402248
5507,-0.000450171
5508,-0.024170741
5509,-0.046708666
5510,-0.020070821
5511,0.012129873
5512,0.005855432
5513,0.013159225
5514,0.066005751
5515,-0.013338929
5516,-0.013512242
5517,-0.011392727
5518,-0.021990666
5519,-0.025688872
5520,0.054637287
5521,0.046132438
5522,-3.47E-05
5523,0.063811332
5524,0.001940214
5525,-0.006181562
5526,-0.006925778
5527,0.010058935
5528,0.024665046
5529,0.024385177
5530,0.004583388
5531,0.026003705
5532,-0.008379846
5533,0.015626587
5534,0.011433671
5535,0.020202639
5536,-0.014597628
5537,0.005260081
5538,0.00796053
5539,0.020804929
5540,0.029580571
5541,-0.024724461
5542,0.010890958
5543,0.037350465
5544,0.018442485
5545,0.009495101
5546,0.007073121
5547,-0.007508266
5548,-0.005313529
5549,0.01836911
5550,-0.008172491
5551,0.014860041
5552,-0.006216334
5553,0.016268091
5554,0.019916065
5555,0.022918263
5556,-0.012101854
5557,-0.047405154
5558,-0.011326706
5559,0.003998024
5560,0.022201313
5561,0.001757924
5562,0.003162291
5563,0.014884502
5564,-0.000732037
5565,-0.006903776
5566,-0.003039228
5567,0.00257165
5568,-0.00025331
5569,0.036883406
5570,0.035206892
5571,-0.011914346
5572,-0.011313855
5573,-0.044855915
5574,0.00459473
5575,-0.001693273
5576,0.003462031
5577,-0.001437935
5578,0.000776435
5579,-7.89E-05
5580,0.002417771
5581,0.002780842
5582,0.029250173
5583,0.00539845
5584,-0.000788323
5585,0.025729222
5586,0.007484881
5587,-0.015427482
5588,-0.031373005
5589,-0.024216022
5590,-0.012017629
5591,-0.03514171
5592,0.014238323
5593,0.00821853
5594,-0.01140154
5595,-0.034289725
5596,0.015982432
5597,0.010048104
5598,-0.017787538
5599,-0.020042485
5600,-0.004562148
5601,-0.0010664
5602,-0.012004201
5603,-0.009108369
5604,0.021755174
5605,0.005212915
5606,0.016084122
5607,-0.021518609
5608,-0.000579522
5609,-0.03028054
5610,-0.019999899
5611,0.019597547
5612,0.023340654
5613,-0.000704069
5614,-0.022182761
5615,-0.03908015
5616,-0.002082931
5617,-0.023391526
5618,-0.000644205
5619,-0.019328546
5620,0.012221209
5621,-0.017714551
5622,0.007945868
5623,-0.006281284
5624,-0.002319455
5625,0.013753803
5626,0.002892147
5627,0.016637757
5628,0.009413279
5629,0.009505225
5630,0.005941097
5631,-0.023880893
5632,-0.024868697
5633,0.023297507
5634,0.027945515
5635,-0.00858192
5636,0.021150429
5637,-0.021874053
5638,-0.01659129
5639,-0.016078183
5640,0.026709
5641,0.011957381
5642,0.013271897
5643,0.009488329
5644,0.045409489
5645,-0.018926512
5646,0.005443148
5647,0.000321301
5648,-0.016162651
5649,0.01089454
5650,-0.010471085
5651,0.004908085
5652,-0.000807045
5653,0.021544371
5654,0.016195156
5655,0.022118382
5656,-0.005781836
5657,-0.032611344
5658,-0.076279119
5659,-5.13E-05
5660,0.02449275
5661,0.014287625
5662,0.001944805
5663,-0.012700036
5664,-0.027199067
5665,0.010976609
5666,0.029740654
5667,0.011564495
5668,0.01813931
5669,0.029327678
5670,-0.010167936
5671,-0.023340825
5672,-0.039661735
5673,0.014932219
5674,-0.005771955
5675,-0.019027099
5676,-0.008860739
5677,0.023950545
5678,0.020153344
5679,-0.01627495
5680,-0.002738053
5681,-0.030061616
5682,-0.003036198
5683,-0.012141874
5684,-0.003291948
5685,-0.043033861
5686,-0.017860964
5687,0.069335707
5688,0.029571747
5689,0.009483998
5690,-0.041726641
5691,-0.016634157
5692,0.000880082
5693,-0.007379716
5694,0.055389222
5695,0.016509186
5696,-0.011179076
5697,0.064164035
5698,0.071810842
5699,0.043540414
5700,0.033613924
5701,0.007812236
5702,0.013870046
5703,0.023829862
5704,-0.02147989
5705,-0.013991933
5706,0.003132891
5707,-0.011960131
5708,0.017640516
5709,-0.002983156
5710,-0.021806404
5711,-0.009113813
5712,0.010061328
5713,-0.021138113
5714,-0.017672835
5715,-0.005791724
5716,-0.018163953
5717,-0.004035948
5718,-0.022819927
5719,0.019134609
5720,-0.012480112
5721,-0.023301795
5722,0.006835802
5723,-0.004543963
5724,-0.023074402
5725,-0.035251886
5726,0.00774603
5727,0.006097255
5728,0.064293735
5729,0.007869105
5730,0.026385427
5731,-0.020995656
5732,0.005437782
5733,0.01368646
5734,-0.008584067
5735,-0.077886753
5736,0.021034494
5737,-0.009535458
5738,-0.01161998
5739,-0.019917725
5740,-0.02316873
5741,0.035880011
5742,-0.022424733
5743,0.017246623
5744,0.015398922
5745,-0.019725604
5746,0.000926504
5747,-0.009084247
5748,0.042186376
5749,-0.027421042
5750,-0.024384554
5751,-0.009555737
5752,-0.006020214
5753,-0.035437167
5754,-0.029216558
5755,-0.020825803
5756,0.063100576
5757,0.035188489
5758,-0.002282591
5759,-0.056237943
5760,0.015602272
5761,-0.010526391
5762,-0.010493718
5763,-0.001276978
5764,-0.015530839
5765,0.005999814
5766,-0.013280454
5767,-0.025567811
5768,-0.001311483
5769,0.005513182
5770,-0.00624364
5771,-0.013225627
5772,-0.022765702
5773,0.002648666
5774,-0.002869611
5775,-0.013829732
5776,0.004300421
5777,-0.028722007
5778,-0.022967018
5779,-0.003550851
5780,-0.00204743
5781,-0.012012061
5782,-0.060424138
5783,-0.037619971
5784,-0.0086131
5785,-0.021470329
5786,-0.023465168
5787,0.022213845
5788,-0.013196898
5789,0.003571142
5790,-0.027088754
5791,0.001079677
5792,0.02069822
5793,0.020017384
5794,-0.000982924
5795,0.014469929
5796,0.027150242
5797,-0.00276963
5798,0.027879354
5799,0.005918765
5800,-0.003119947
5801,0.009709233
5802,0.036364391
5803,0.016541932
5804,-0.011569828
5805,-0.029015342
5806,-0.004472723
5807,-0.015871799
5808,0.029534649
5809,-0.049230281
5810,0.019524941
5811,-0.042129003
5812,-0.005702106
5813,-0.028567409
5814,0.015313345
5815,-0.004284382
5816,0.053473994
5817,0.011638025
5818,-0.002727205
5819,0.005966585
5820,-0.007565239
5821,0.009570188
5822,0.007171942
5823,-0.006582541
5824,-0.003640665
5825,0.0100223
5826,-0.014555884
5827,0.010552117
5828,0.010882303
5829,-0.020206943
5830,0.003734726
5831,-9.02E-06
5832,0.002781256
5833,0.00336396
5834,0.004900955
5835,0.004521897
5836,0.000229241
5837,0.010729441
5838,-0.011588902
5839,0.008515736
5840,-0.004511374
5841,0.001168988
5842,0.00670233
5843,-0.001559951
5844,-0.017335804
5845,0.033173475
5846,0.031444792
5847,0.027951701
5848,0.003315134
5849,0.002220713
5850,0.014495268
5851,0.030807465
5852,-0.005096429
5853,0.013299347
5854,-0.015026378
5855,0.040869191
5856,0.002957146
5857,0.032050934
5858,0.011574984
5859,-0.014717137
5860,-0.002996624
5861,-0.016735116
5862,0.004705483
5863,-0.031040007
5864,0.018047977
5865,0.004501099
5866,0.004246659
5867,-0.011630658
5868,0.000174179
5869,-0.039371539
5870,-0.02562996
5871,-0.057716321
5872,-0.018569738
5873,0.001123408
5874,-0.015166607
5875,0.027892612
5876,0.015152077
5877,0.001866753
5878,0.028005462
5879,0.014869859
5880,-0.059104782
5881,-0.011635598
5882,-0.004863922
5883,-0.011683085
5884,-0.04824964
5885,-0.000448608
5886,0.018173762
5887,-0.00815639
5888,0.003318129
5889,-0.007051398
5890,-0.016739866
5891,-0.014904905
5892,0.02149765
5893,0.031866781
5894,0.038011931
5895,0.002626797
5896,-0.010407791
5897,-0.020914841
5898,-0.066927806
5899,-0.000626703
5900,-0.017788498
5901,-0.054831441
5902,0.000834333
5903,-0.014339069
5904,-0.022319242
5905,0.030775251
5906,0.024772681
5907,0.017223911
5908,0.015053987
5909,0.026126137
5910,0.013939769
5911,0.013888296
5912,0.004764081
5913,-0.026938729
5914,0.033721898
5915,-0.012907634
5916,0.027910961
5917,0.020928338
5918,0.0166822
5919,0.015961448
5920,0.005671006
5921,0.010856597
5922,0.004298153
5923,-0.018215729
5924,-0.003525493
5925,0.017103136
5926,-0.004036835
5927,-0.045677908
5928,-0.029870497
5929,-0.02821316
5930,-0.021240694
5931,-0.020843372
5932,-0.017880226
5933,-0.041154336
5934,-0.014366338
5935,-0.026921276
5936,-0.048990294
5937,-0.003175023
5938,-0.015879977
5939,-0.005658322
5940,0.010381852
5941,0.037321795
5942,-0.004024629
5943,-0.025123354
5944,0.033310369
5945,-0.052913707
5946,-0.037033089
5947,-0.009596967
5948,-0.003638957
5949,0.013326101
5950,-0.00077384
5951,-0.011858934
5952,0.001926173
5953,0.004367823
5954,-0.000499201
5955,0.017536342
5956,0.002031497
5957,-0.003146593
5958,-0.003734799
5959,-0.007951679
5960,-0.01514541
5961,-0.030367106
5962,-0.03132141
5963,-0.032693904
5964,-0.010611766
5965,-0.018549049
5966,-0.057638619
5967,-0.06032614
5968,-0.023279963
5969,0.019490048
5970,-0.02798157
5971,0.009432545
5972,0.003031984
5973,-0.01207597
5974,0.021984598
5975,-0.013319016
5976,-0.072802939
5977,-0.040703904
5978,-0.00294136
5979,0.023804603
5980,0.026495082
5981,-0.008146252
5982,0.017545629
5983,0.010534803
5984,0.012690869
5985,0.00270051
5986,-0.026206691
5987,-0.001132518
5988,-0.037857048
5989,-0.025736079
5990,-0.063328229
5991,-0.023671333
5992,-0.020307848
5993,-0.004699939
5994,-0.003116952
5995,-0.005281291
5996,-0.028252438
5997,-0.026573621
5998,-0.002549956
5999,-0.00669318
6000,-0.009915634
6001,-0.008341733
6002,-0.008589853
6003,-0.015328522
6004,-0.012522791
6005,-0.033972688
6006,0.005670927
6007,0.000863441
6008,-0.024717949
6009,0.018940067
6010,0.011468638
6011,0.005915351
6012,0.025265416
6013,0.01248672
6014,-0.004164428
6015,-0.006806196
6016,0.004298448
6017,-0.017787039
6018,0.008056782
6019,0.011597037
6020,0.035251837
6021,0.024553504
6022,0.011327
6023,0.020052699
6024,0.050672788
6025,-0.00097921
6026,-0.001747881
6027,-0.042661268
6028,-0.033411779
6029,-0.026005574
6030,-0.053074419
6031,-0.048025168
6032,0.01840193
6033,-0.002619582
6034,-0.005619746
6035,-0.014489207
6036,0.005480158
6037,-0.015641229
6038,-0.009811963
6039,-0.023433646
6040,-0.048334196
6041,-0.032379501
6042,-0.004376541
6043,0.005169674
6044,0.072606266
6045,0.016227854
6046,0.057086181
6047,0.01717657
6048,0.013767372
6049,0.018127123
6050,-0.001889217
6051,0.009252793
6052,-0.002513587
6053,0.010367977
6054,0.023974312
6055,-0.003168825
6056,-0.026930062
6057,-0.020559246
6058,-0.016646478
6059,-0.014042507
6060,-0.01140573
6061,0.025368439
6062,0.002639506
6063,0.024324805
6064,0.011706189
6065,0.034712944
6066,0.000575257
6067,-0.038277309
6068,0.009371331
6069,-0.017856531
6070,0.016162412
6071,0.014686564
6072,0.034680519
6073,0.01169526
6074,-0.023787098
6075,0.001568339
6076,-0.022990316
6077,0.030143647
6078,0.0073388
6079,0.002291782
6080,-0.026661685
6081,0.007895259
6082,-0.000197488
6083,0.013370218
6084,-0.019920258
6085,-0.004325332
6086,0.005612005
6087,0.00294862
6088,0.015764331
6089,0.005108527
6090,-0.00602363
6091,-0.008417374
6092,-0.01291372
6093,0.006585578
6094,0.012773476
6095,0.023619464
6096,-0.021417752
6097,0.032317244
6098,-0.002138897
6099,0.014592721
6100,0.012894793
6101,0.015729556
6102,0.023701051
6103,-0.009168344
6104,-0.001411243
6105,-0.030984879
6106,0.011978306
6107,-0.004218956
6108,0.005508904
6109,-0.00235078
6110,-0.0076905
6111,-0.014744576
6112,0.002431366
6113,-0.030557377
6114,-0.003687731
6115,0.02210266
6116,0.005025822
6117,-0.006612774
6118,-0.013284529
6119,0.015495873
6120,-0.01360459
6121,-0.023224557
6122,-0.011892874
6123,-0.019245608
6124,0.020033684
6125,0.029708741
6126,0.037120618
6127,0.022851178
6128,-0.014469882
6129,-0.045270961
6130,-0.059016436
6131,0.014391012
6132,0.002675226
6133,-0.003419485
6134,-0.021389768
6135,-0.020388486
6136,0.004652717
6137,0.007105461
6138,0.052568171
6139,-0.011025116
6140,-0.044452284
6141,0.010077273
6142,0.005524246
6143,0.007294209
6144,0.004886816
6145,0.039804284
6146,0.039995495
6147,-0.014421731
6148,-0.007556696
6149,-0.013725041
6150,-0.011147472
6151,0.014605436
6152,0.007358627
6153,-0.011542131
6154,0.045543488
6155,-0.011221467
6156,0.06885241
6157,0.007932162
6158,0.029148446
6159,0.036287077
6160,0.002886117
6161,0.016620088
6162,-0.012511451
6163,-0.019528255
6164,-0.030740686
6165,-0.02274253
6166,0.014569144
6167,0.07805904
6168,0.029822778
6169,-0.017107459
6170,-0.000752544
6171,0.024726175
6172,0.057265542
6173,0.024697147
6174,-0.011938493
6175,-0.034698024
6176,0.029662563
6177,-0.008252895
6178,0.009628372
6179,0.021555653
6180,0.010396458
6181,0.025935465
6182,-0.012712988
6183,0.044101782
6184,-0.008358794
6185,0.003617369
6186,0.00357176
6187,-0.026462927
6188,0.002376054
6189,0.020601811
6190,0.011893571
6191,0.005280727
6192,-0.000792599
6193,0.009375479
6194,-0.004653165
6195,-0.007272844
6196,0.002172718
6197,-0.009346845
6198,0.007089105
6199,-0.020444
6200,0.003558171
6201,0.006157786
6202,0.011616601
6203,-0.000336515
6204,-0.028823325
6205,-0.034427721
6206,-0.007140836
6207,-0.00552421
6208,0.056679476
6209,0.018262628
6210,-0.005935109
6211,-0.03156985
6212,-0.028887182
6213,-0.052748512
6214,0.005407241
6215,0.010865381
6216,0.033450626
6217,0.035014164
6218,-0.007778285
6219,-0.021400526
6220,-0.025837967
6221,0.016195025
6222,0.040253244
6223,0.008217392
6224,-0.004706698
6225,-0.026663626
6226,-0.00778311
6227,-0.010176399
6228,0.039703362
6229,-0.013498114
6230,0.007119455
6231,-0.021834558
6232,0.003033682
6233,-0.015675498
6234,-0.010057862
6235,-0.018436324
6236,0.029658284
6237,0.022810835
6238,-0.032659404
6239,-0.011022776
6240,-0.056442853
6241,-0.034045916
6242,-0.006103588
6243,0.011739302
6244,0.010266565
6245,-0.009420615
6246,-0.013869504
6247,-0.005472017
6248,-0.003580669
6249,-0.032945957
6250,-0.001423575
6251,0.047550168
6252,0.003794094
6253,0.008862127
6254,-0.027727744
6255,-0.023717949
6256,
6257,
6258,0.048360411
6259,0.000322145
6260,-0.023267228
6261,-0.002002078
6262,-0.027370989
6263,0.016196327
6264,0.02944012
6265,0.012355995
6266,0.023023922
6267,0.015570407
6268,0.00511876
6269,-0.015605261
6270,0.001904966
6271,-0.015999885
6272,-0.042843483
6273,-0.02724424
6274,-0.00633257
6275,-0.013105365
6276,-0.024626371
6277,-0.015034555
6278,-0.009004407
6279,0.016008962
6280,-0.00815519
6281,0.04650126
6282,0.011714617
6283,0.013670838
6284,0.038680293
6285,0.019593194
6286,-0.014539124
6287,0.006579441
6288,0.017933274
6289,0.039481968
6290,0.011865789
6291,0.00991211
6292,-0.017023798
6293,-0.016182208
6294,0.017483708
6295,-0.001666276
6296,-0.015344205
6297,-0.01357541
6298,-0.000869639
6299,-0.011032137
6300,-0.02283163
6301,0.005686128
6302,-0.018269483
6303,0.018181099
6304,-0.017128732
6305,-0.067698032
6306,0.002115658
6307,-0.035736848
6308,-0.001158049
6309,-0.010572824
6310,-0.012561727
6311,-0.006795435
6312,-0.009569026
6313,0.012566882
6314,0.008944621
6315,0.001680871
6316,0.029869307
6317,-0.010406705
6318,-0.002319322
6319,-0.012096618
6320,-0.020942489
6321,0.013818037
6322,0.028337091
6323,-0.02112692
6324,0.050226454
6325,-0.002191515
6326,0.015506668
6327,-0.003275599
6328,-0.009927567
6329,-0.04233316
6330,0.009855489
6331,0.009496119
6332,0.001058548
6333,-0.000175213
6334,-0.003098914
6335,0.030879946
6336,0.0545693
6337,0.042924657
6338,0.015012432
6339,0.007047226
6340,0.000150795
6341,0.02398595
6342,0.008455655
6343,0.022713479
6344,0.026026674
6345,0.022307737
6346,-0.01537258
6347,-0.010887844
6348,0.011467969
6349,0.011576852
6350,0.001275873
6351,0.018645497
6352,-0.004131264
6353,-0.02119909
6354,0.013213311
6355,0.016936734
6356,-0.007923821
6357,-0.063745588
6358,0.006201208
6359,-0.008579778
6360,0.020623107
6361,-0.015759397
6362,-0.027803481
6363,-0.025044624
6364,0.019369522
6365,0.018223595
6366,0.007786284
6367,-0.003029522
6368,-0.041546069
6369,0.002283159
6370,0.00504939
6371,-0.052352313
6372,0.009677451
6373,0.003734491
6374,-0.003513182
6375,-0.007750133
6376,-0.007870933
6377,-0.007252877
6378,0.032288082
6379,8.76E-05
6380,-0.00558847
6381,-0.002160047
6382,-0.020774376
6383,0.007794954
6384,-0.027157012
6385,-0.007762114
6386,0.003371888
6387,0.018502265
6388,-0.004014689
6389,-0.000755215
6390,0.020056425
6391,-0.005693184
6392,-0.001268379
6393,0.003210379
6394,0.008879099
6395,0.023378588
6396,0.009329974
6397,-0.008741607
6398,0.002081949
6399,0.045988537
6400,0.027593041
6401,0.02624955
6402,-0.008073877
6403,-0.031420529
6404,-0.006954451
6405,-0.027893506
6406,0.016739924
6407,0.020763297
6408,0.019515423
6409,-0.001865892
6410,-0.030395845
6411,-0.032536015
6412,0.001528099
6413,0.004315852
6414,0.033327553
6415,0.00869864
6416,0.015561225
6417,0.012405175
6418,-0.017367061
6419,-0.010108002
6420,0.00340199
6421,0.038062587
6422,0.050629105
6423,0.01171675
6424,-0.021856528
6425,0.011766132
6426,-0.016628558
6427,-0.01632132
6428,-0.013428002
6429,-0.018424122
6430,-0.0138745
6431,-0.023508178
6432,-0.028915385
6433,0.031350419
6434,-0.008543725
6435,0.017238356
6436,-0.004906027
6437,-0.016053135
6438,0.002386904
6439,-0.01997778
6440,-0.006511356
6441,-0.010162381
6442,0.026345443
6443,0.000111241
6444,0.015666671
6445,0.001417988
6446,0.044259623
6447,0.015247465
6448,0.025977606
6449,0.023470799
6450,0.018250026
6451,0.003171886
6452,-0.007260233
6453,-0.001950352
6454,-0.010747437
6455,0.012705133
6456,0.018817494
6457,-0.008934685
6458,-0.007262979
6459,-0.000232282
6460,-0.005748604
6461,-0.021667065
6462,-0.00518927
6463,0.020865114
6464,0.003525451
6465,0.008096174
6466,0.001064824
6467,0.019405061
6468,0.028408635
6469,0.018341769
6470,0.002052098
6471,0.037343133
6472,0.017093593
6473,-0.004616872
6474,-0.015198872
6475,-0.041671813
6476,-0.052880034
6477,-0.038979415
6478,-0.011794348
6479,0.022591103
6480,0.020748353
6481,0.022332992
6482,0.038137905
6483,0.001444257
6484,0.024196485
6485,-0.033059727
6486,-0.009844881
6487,-0.032862101
6488,-0.010977254
6489,0.025172956
6490,0.007793091
6491,0.004636347
6492,0.005341636
6493,-0.011231173
6494,0.002416063
6495,-0.017091876
6496,-0.012124244
6497,-0.004797915
6498,0.000319345
6499,-0.007816785
6500,0.037887126
6501,0.065858886
6502,0.033693172
6503,0.005629099
6504,-0.020799497
6505,-0.009633157
6506,-0.00033003
6507,-0.021383496
6508,-0.012315352
6509,0.005546662
6510,-0.002639598
6511,-0.013600465
6512,-0.00466542
6513,-0.018483488
6514,-0.016233662
6515,0.046182219
6516,0.010962936
6517,-0.000421276
6518,0.014884727
6519,0.004555589
6520,0.05095106
6521,0.008287199
6522,0.030751199
6523,-0.004702217
6524,0.010258587
6525,0.021063451
6526,0.003451029
6527,-0.003991763
6528,-0.001612271
6529,-0.004582155
6530,0.003467072
6531,0.028471237
6532,0.006801649
6533,0.009836549
6534,0.019694341
6535,0.020498332
6536,0.044243224
6537,0.005065608
6538,-0.024927959
6539,-0.003151994
6540,-0.01611441
6541,-0.008077753
6542,-0.008894832
6543,-0.036637992
6544,-0.007906259
6545,-0.027234355
6546,-0.001503921
6547,-0.007120184
6548,-0.007042446
6549,-0.060198065
6550,0.02512088
6551,-0.011212057
6552,-0.020890925
6553,-0.037905231
6554,0.012336581
6555,-0.044231974
6556,0.013093152
6557,-0.002888917
6558,0.008639134
6559,-0.001955462
6560,0.000328517
6561,0.009361058
6562,7.86E-05
6563,0.012935023
6564,0.017591629
6565,-0.020766206
6566,-0.011991934
6567,0.022378204
6568,0.018277062
6569,-0.0336744
6570,-0.03596421
6571,0.053448267
6572,0.012543083
6573,0.034365755
6574,0.046620671
6575,0.022525994
6576,-0.007760343
6577,0.029080449
6578,-0.095503688
6579,-0.01430301
6580,0.003498629
6581,-0.022453301
6582,0.021132862
6583,-0.008696274
6584,0.043197133
6585,-0.008350275
6586,-0.05090953
6587,-0.000125096
6588,0.012495468
6589,-0.020558003
6590,-0.012212524
6591,-0.02624931
6592,-0.045871358
6593,-0.00767362
6594,-0.010922836
6595,0.006152095
6596,-0.007763896
6597,0.021848846
6598,-0.002241934
6599,-0.038532615
6600,-0.029194627
6601,-0.019904213
6602,0.000180348
6603,0.005284205
6604,-0.003038994
6605,-0.026502037
6606,-0.011188238
6607,-0.006318887
6608,-0.018580487
6609,2.44E-06
6610,-0.038147587
6611,-0.001288428
6612,-0.001556865
6613,-0.02044048
6614,-0.000871236
6615,0.011526708
6616,0.016264405
6617,-0.001251249
6618,-0.006384836
6619,-0.00434456
6620,-0.01279004
6621,0.032139156
6622,-0.026562555
6623,0.006214568
6624,0.012011187
6625,-0.005068199
6626,0.007530168
6627,-0.013703166
6628,-0.01800845
6629,-0.014612028
6630,0.002432649
6631,-0.00873468
6632,0.022766192
6633,0.041736927
6634,0.024850033
6635,0.015044382
6636,0.050417311
6637,0.019305298
6638,-0.009034483
6639,0.005092456
6640,-0.033638254
6641,0.011043101
6642,0.016132783
6643,-0.00743439
6644,-0.016598407
6645,0.016560739
6646,0.004154755
6647,-0.015513677
6648,-0.011552123
6649,-0.005078823
6650,-0.01571591
6651,0.004104732
6652,-0.012317913
6653,-0.022002371
6654,-0.03334403
6655,-0.004099989
6656,-0.03088084
6657,0.001962979
6658,-0.004708407
6659,-0.023834553
6660,0.001044494
6661,-0.060123164
6662,-0.007651774
6663,-0.025223248
6664,-0.005481185
6665,-0.013521926
6666,-0.028215652
6667,-0.003995164
6668,0.021652924
6669,0.004941902
6670,-0.007428363
6671,0.018013773
6672,0.000876087
6673,0.002072922
6674,0.000545949
6675,-0.003387555
6676,-0.01842848
6677,0.001946168
6678,-0.033830214
6679,0.001607664
6680,-0.009698028
6681,0.007174601
6682,0.043399088
6683,-0.007378088
6684,1.33E-06
6685,-0.009287678
6686,0.000530998
6687,-0.019485956
6688,0.00027175
6689,0.012273945
6690,0.039865769
6691,-0.011779893
6692,-0.016305981
6693,0.020930136
6694,0.00514848
6695,0.006663708
6696,-0.00258375
6697,-0.043552581
6698,0.020111494
6699,-0.000818904
6700,-0.012312059
6701,-0.014992097
6702,-0.019293249
6703,-0.048007216
6704,-0.004335763
6705,-0.006565159
6706,0.0013105
6707,-0.010163042
6708,-0.031333875
6709,-0.012658201
6710,-0.004151575
6711,0.02348629
6712,0.004062573
6713,0.00909531
6714,0.015678324
6715,0.018703422
6716,-0.052406486
6717,-0.018347643
6718,-0.001897131
6719,-0.004282355
6720,0.011558928
6721,-0.019153163
6722,-0.00572462
6723,-0.006020785
6724,0.012274862
6725,-0.000650835
6726,0.020989656
6727,0.000674075
6728,-0.010760016
6729,0.014207006
6730,-0.012849812
6731,-0.000734745
6732,-0.006248651
6733,-0.046497017
6734,-0.02912325
6735,-0.005648439
6736,-0.016272288
6737,-0.000736366
6738,-0.02574956
6739,-0.013403818
6740,0.004648925
6741,0.014909182
6742,0.023537004
6743,0.03617527
6744,0.011472245
6745,-0.00508421
6746,-0.0038299
6747,0.019561412
6748,0.024327042
6749,-0.006092232
6750,0.014434856
6751,0.001502865
6752,-0.02388436
6753,0.011978621
6754,0.020968385
6755,0.032035273
6756,-0.019135002
6757,0.006159686
6758,-0.025632013
6759,-0.016609341
6760,0.005615712
6761,0.032042805
6762,0.02382867
6763,0.007845367
6764,-0.000127255
6765,-0.024249991
6766,-0.030738981
6767,-0.006104178
6768,-0.013970961
6769,-0.033148274
6770,-0.028435871
6771,-0.019493906
6772,-0.029477376
6773,-0.033933807
6774,-0.001760748
6775,0.017744681
6776,0.021950189
6777,-0.003282784
6778,0.006161556
6779,0.033456754
6780,0.015108035
6781,0.023082877
6782,-0.014166215
6783,0.01014558
6784,0.028544439
6785,0.017164901
6786,-0.006530829
6787,0.010592686
6788,-0.022859981
6789,-0.051403373
6790,0.01468957
6791,0.002577094
6792,-0.003719957
6793,-0.026768954
6794,0.03273559
6795,0.004777632
6796,-0.035788044
6797,-0.015803248
6798,0.020152682
6799,0.012813555
6800,0.009637488
6801,0.018114874
6802,0.015152692
6803,-0.010067752
6804,-0.024155421
6805,0.01265162
6806,0.002107244
6807,-0.010620601
6808,0.04214834
6809,0.037231658
6810,0.042736273
6811,0.022441417
6812,0.010232088
6813,0.006271934
6814,0.036215235
6815,-0.004438738
6816,0.012882102
6817,0.051811833
6818,0.006877516
6819,-0.004159133
6820,-0.017487492
6821,-0.010868088
6822,-0.014503458
6823,-0.025567211
6824,-0.02249662
6825,-0.023176711
6826,-0.015239774
6827,-0.028339291
6828,-0.006498454
6829,0.022219481
6830,-0.00204094
6831,0.008860306
6832,-0.009273789
6833,0.007750173
6834,0.033626232
6835,0.014976581
6836,-0.003499342
6837,-0.013428649
6838,-0.046604764
6839,-0.024132956
6840,-0.007577568
6841,-0.014766995
6842,0.014833579
6843,-0.001015272
6844,0.003905552
6845,0.002154552
6846,0.030930506
6847,-0.011182603
6848,0.005063357
6849,-0.013602161
6850,-0.012294645
6851,-0.014018206
6852,0.007930395
6853,0.02905559
6854,-0.016202912
6855,-0.005397299
6856,-0.005205431
6857,-0.005046899
6858,-0.069130093
6859,-0.002915367
6860,-0.022695154
6861,-0.019466452
6862,-0.022005634
6863,0.047083396
6864,0.026998764
6865,0.024194701
6866,0.035928238
6867,-0.003725836
6868,-0.000155206
6869,0.010782447
6870,0.004371682
6871,0.050194997
6872,-0.004976086
6873,0.005173269
6874,0.01476012
6875,0.016480882
6876,-0.001418413
6877,0.012411356
6878,-0.01114531
6879,-0.033051979
6880,-0.046027832
6881,-0.010333315
6882,0.004645905
6883,-0.01551615
6884,-0.023615021
6885,0.007885813
6886,-0.025133416
6887,-0.003789219
6888,-0.012555949
6889,0.014518158
6890,-0.022909008
6891,-0.017991206
6892,-0.034270272
6893,-0.023909487
6894,-0.041463211
6895,0.018291144
6896,-0.036790147
6897,-0.029382585
6898,0.02969137
6899,0.087411344
6900,-0.013145528
6901,0.027434507
6902,0.017627701
6903,0.001404949
6904,-0.014617228
6905,0.019729996
6906,-0.006595564
6907,-0.004317844
6908,-0.012035022
6909,-0.015750865
6910,0.006763647
6911,0.007213912
6912,-0.008411956
6913,0.003762969
6914,-0.007958041
6915,0.02428253
6916,-0.011309995
6917,-0.052988514
6918,-0.019237122
6919,0.004998737
6920,-0.002511096
6921,-0.009687047
6922,-0.000461637
6923,0.006003318
6924,0.034652825
6925,0.011520739
6926,-0.008852546
6927,-0.014472227
6928,0.018897204
6929,0.007841896
6930,0.010131979
6931,-0.00823545
6932,0.007929808
6933,-0.028133538
6934,-0.018584052
6935,0.015489127
6936,0.007768573
6937,-0.0107991
6938,-0.006280222
6939,-0.015047668
6940,-0.002054587
6941,0.033573046
6942,-0.023171732
6943,-0.042800732
6944,-0.036142889
6945,0.02808821
6946,0.005997939
6947,0.008728981
6948,-0.003270899
6949,-0.006915476
6950,0.035945881
6951,0.000951402
6952,-0.019348372
6953,-0.01754649
6954,-0.023278
6955,0.010894546
6956,0.013948
6957,-0.004842158
6958,-0.003371608
6959,-0.006683851
6960,0.011736209
6961,0.016658569
6962,0.002499636
6963,-0.077117786
6964,-0.039164066
6965,0.002879173
6966,0.036870029
6967,-0.008779028
6968,0.01271791
6969,0.018627236
6970,0.002725669
6971,0.009728533
6972,-0.004003195
6973,0.0148294
6974,0.005002524
6975,0.024884759
6976,-0.000264652
6977,0.009542982
6978,0.001628213
6979,-0.001717524
6980,0.005622027
6981,-0.002514778
6982,-0.033457238
6983,0.006757598
6984,0.020056341
6985,0.006492912
6986,0.017323036
6987,-0.008864928
6988,0.003945151
6989,-0.022167996
6990,-0.021629818
6991,-0.022346579
6992,-0.037159335
6993,-0.026412025
6994,-0.012410386
6995,0.011977793
6996,-0.020936187
6997,-0.00688543
6998,-0.000727218
6999,0.009861697
7000,-0.029340709
7001,0.004696546
7002,0.020681333
7003,0.00750978
7004,0.000801539
7005,-0.019670369
7006,0.001809793
7007,0.004646389
7008,0.013758466
7009,-0.01619412
7010,0.016407343
7011,-0.017048227
7012,0.005679088
7013,0.01329878
7014,0.006619417
7015,-0.028946701
7016,-0.022499597
7017,-0.017153829
7018,0.046037622
7019,0.034294073
7020,-0.01589084
7021,0.006116203
7022,0.03152011
7023,0.017396638
7024,0.055480421
7025,0.022491483
7026,-0.000443961
7027,0.000739199
7028,0.009961971
7029,0.00282465
7030,0.001142811
7031,-0.054080453
7032,-0.027371852
7033,-0.025859928
7034,-0.00430829
7035,-0.003522985
7036,-0.044158347
7037,-0.025479296
7038,-0.015080011
7039,0.005574763
7040,0.043685891
7041,0.035012808
7042,-0.013426286
7043,-0.0414594
7044,-0.021765132
7045,-0.025321322
7046,-0.013749819
7047,-0.051602602
7048,0.000392455
7049,0.035148524
7050,0.002838435
7051,0.011994414
7052,-0.007836263
7053,-0.0142811
7054,0.042046834
7055,-0.02141132
7056,-0.012558585
7057,0.016994843
7058,-0.028533038
7059,0.012656945
7060,0.003326334
7061,-0.044912145
7062,0.024178093
7063,-0.002661202
7064,0.001003288
7065,0.03462074
7066,-0.020338554
7067,-0.027432853
7068,-0.042822339
7069,-0.014071991
7070,-0.037415463
7071,0.000641305
7072,0.003191187
7073,0.018205328
7074,-0.022730697
7075,-0.064951845
7076,0.014774729
7077,-0.011132189
7078,-0.012010143
7079,-0.00844097
7080,0.006362127
7081,0.010273254
7082,-0.027920747
7083,-0.021000758
7084,-0.000401313
7085,0.030058742
7086,0.021248378
7087,0.028906435
7088,0.030100489
7089,0.0049683
7090,-0.047571935
7091,-0.031085934
7092,-0.009133453
7093,-0.026523195
7094,-0.018096108
7095,-0.004500486
7096,-0.00039446
7097,-0.005986724
7098,0.014018747
7099,-0.017537251
7100,-0.011584113
7101,-0.00984361
7102,0.003214011
7103,0.002160963
7104,-0.002420332
7105,0.056553483
7106,0.003552558
7107,0.006611868
7108,-0.042156335
7109,-0.033608735
7110,-0.015306518
7111,0.012099232
7112,0.0179069
7113,0.05419188
7114,0.037680354
7115,0.015869429
7116,0.009147106
7117,0.031674545
7118,0.026886847
7119,-0.022969162
7120,-0.029314149
7121,0.006392166
7122,0.005883902
7123,-0.057164218
7124,0.004847518
7125,0.052989792
7126,-0.018416209
7127,-0.045308594
7128,-0.033834569
7129,0.011001119
7130,-0.008549778
7131,0.023614775
7132,0.003560176
7133,-0.01480737
7134,0.018494762
7135,-0.005274456
7136,-0.001938759
7137,0.017049443
7138,0.028075457
7139,0.015604668
7140,0.01678909
7141,-0.001676383
7142,-0.003927092
7143,0.009927693
7144,-0.008957065
7145,0.025699768
7146,0.027302276
7147,0.014147133
7148,-0.014028074
7149,-0.005843211
7150,-0.011408438
7151,0.006462178
7152,0.003317843
7153,-0.002648921
7154,0.019404147
7155,0.009799722
7156,0.014310314
7157,-0.01600509
7158,0.00516843
7159,-0.0014816
7160,0.020096401
7161,0.031920318
7162,0.001785192
7163,0.029968446
7164,-0.011947545
7165,0.01087438
7166,-0.01173476
7167,0.02762527
7168,0.027014447
7169,0.019193558
7170,-0.002985228
7171,-0.002507875
7172,-0.024253715
7173,0.015538337
7174,-0.032768983
7175,-0.024861375
7176,0.038288031
7177,0.050378114
7178,0.023172179
7179,0.020314442
7180,-0.002551999
7181,0.016843339
7182,0.078252159
7183,0.004183804
7184,-0.007511076
7185,0.020872245
7186,-0.041745976
7187,-0.029407471
7188,0.005958007
7189,-0.001027918
7190,-0.035343576
7191,-0.03347861
7192,-0.002021322
7193,0.027408065
7194,0.034826193
7195,0.031322632
7196,-0.006215776
7197,-0.018732982
7198,0.006238629
7199,0.010790116
7200,-0.017967641
7201,0.004725488
7202,0.056989603
7203,0.018275347
7204,0.018033739
7205,0.036083024
7206,0.013999229
7207,-0.01742965
7208,0.040660884
7209,0.005776253
7210,-0.017156564
7211,-0.029432733
7212,-0.010974054
7213,-0.02790444
7214,-0.016132439
7215,0.030980831
7216,-0.029229544
7217,0.003426024
7218,0.004361412
7219,0.009718427
7220,-0.013840725
7221,-0.011063132
7222,-0.013265897
7223,0.015376884
7224,-0.020463733
7225,0.00135407
7226,0.01104477
7227,-0.032381207
7228,-0.048866585
7229,-0.013679058
7230,0.009591355
7231,-0.011109375
7232,5.40E-05
7233,0.004915777
7234,-0.002769349
7235,0.000941172
7236,0.04455547
7237,0.005244312
7238,-0.004817288
7239,0.008815446
7240,0.016805392
7241,0.027714629
7242,-0.012724803
7243,0.028181929
7244,0.031235456
7245,-0.022561744
7246,0.003676029
7247,0.051508561
7248,0.047876984
7249,-0.013747338
7250,-0.053107023
7251,-0.000176672
7252,0.000140867
7253,-0.007829818
7254,-0.056532595
7255,0.008076966
7256,-0.025601313
7257,-0.033668283
7258,-0.002508426
7259,-0.004189665
7260,-0.002441313
7261,0.029261636
7262,0.035497334
7263,0.010952413
7264,0.014638291
7265,0.034031492
7266,0.002541095
7267,0.006794916
7268,-0.006266641
7269,-0.008288947
7270,-0.027215119
7271,0.004987412
7272,-0.010171137
7273,0.006063125
7274,0.009992323
7275,0.014960476
7276,-0.004690596
7277,0.003429309
7278,-0.008569444
7279,0.003322124
7280,-0.011051235
7281,-0.02335559
7282,0.003573784
7283,-0.02099354
7284,-0.00033115
7285,0.011596076
7286,0.002367238
7287,-0.027275056
7288,0.034599029
7289,-0.003387014
7290,0.005218933
7291,-0.019298077
7292,0.03303501
7293,0.003231698
7294,0.004829336
7295,-0.010323464
7296,-0.026738694
7297,-0.020143831
7298,0.05866991
7299,0.005031375
7300,-0.014457868
7301,-0.009027653
7302,0.038316857
7303,0.044721927
7304,0.022112116
7305,-0.001784154
7306,0.063833594
7307,-0.002670159
7308,0.009119908
7309,0.007431636
7310,0.027091019
7311,0.039027192
7312,0.031962156
7313,-0.003012435
7314,-0.018116238
7315,0.006321999
7316,0.011026417
7317,-0.024380356
7318,0.004051901
7319,0.014751812
7320,0.01730348
7321,0.067815207
7322,0.078399621
7323,0.019464478
7324,-0.027402867
7325,-0.037216652
7326,-0.021938885
7327,-0.003441933
7328,0.006947179
7329,0.018492522
7330,-0.023248563
7331,0.021225635
7332,-0.010804238
7333,0.026066665
7334,-0.008117014
7335,-0.006047645
7336,-0.002839011
7337,-0.008882525
7338,0.021017991
7339,-0.0091914
7340,-0.006153431
7341,0.007374357
7342,0.028356783
7343,0.034845881
7344,0.026126632
7345,0.028522279
7346,-0.033271845
7347,-0.012974646
7348,-0.006193488
7349,-0.012607093
7350,-0.045268901
7351,-0.007877748
7352,0.029415205
7353,0.006303565
7354,0.018851196
7355,0.021523902
7356,-0.0224301
7357,0.006491433
7358,-0.016420804
7359,-0.002664104
7360,-0.008290858
7361,-0.023882007
7362,-0.025491413
7363,-0.001103452
7364,-0.029105531
7365,0.02906465
7366,0.016625982
7367,0.017194297
7368,0.013276054
7369,-0.024849392
7370,-0.027997576
7371,0.021685254
7372,0.006042179
7373,0.016678452
7374,-0.001488259
7375,0.017801622
7376,0.034294691
7377,0.000755162
7378,0.017997388
7379,0.026435276
7380,0.010102452
7381,-0.006828594
7382,0.004226488
7383,0.003148399
7384,0.016074222
7385,-0.016472954
7386,-0.012787562
7387,-0.0174587
7388,0.012798617
7389,-0.008382138
7390,-0.012809104
7391,0.010619142
7392,-0.025480427
7393,0.030839918
7394,0.038785763
7395,-0.00418391
7396,-0.004178177
7397,-0.007977327
7398,-0.008217686
7399,0.001341775
7400,0.004713106
7401,0.000219307
7402,0.015782664
7403,-0.002253537
7404,0.005378303
7405,-0.004840728
7406,0.0358372
7407,-0.009294878
7408,0.013962663
7409,-0.001650315
7410,0.032343529
7411,-0.003965688
7412,0.015790805
7413,0.027048094
7414,0.039379317
7415,0.010117567
7416,-0.014511949
7417,0.042225175
7418,-0.010760189
7419,-0.013862301
7420,0.014545799
7421,0.007663497
7422,0.008520314
7423,0.002277738
7424,-0.002506485
7425,-0.00332597
7426,-0.013605531
7427,-0.002205357
7428,0.031520348
7429,-0.014873092
7430,-0.014396662
7431,-0.028569607
7432,-0.035474528
7433,-0.051037874
7434,-0.007160978
7435,0.011489647
7436,0.005564162
7437,-0.028336991
7438,0.005898628
7439,-0.013720767
7440,-0.005963742
7441,0.003677862
7442,0.030957168
7443,0.012384075
7444,-0.019764911
7445,-0.004089257
7446,-0.012256399
7447,0.015248684
7448,-0.02309504
7449,0.014306093
7450,0.019725665
7451,-0.012552016
7452,-0.040311635
7453,-0.004428953
7454,-0.021051913
7455,-0.037224099
7456,-0.026003271
7457,0.012410274
7458,-0.001129791
7459,-0.027973648
7460,0.01431534
7461,0.015545682
7462,-0.032664407
7463,0.012292324
7464,0.002249638
7465,0.009372853
7466,0.025963891
7467,0.000478345
7468,-0.027319476
7469,-0.015699606
7470,-0.020334868
7471,0.007976905
7472,0.032424428
7473,0.008690636
7474,-0.010241098
7475,-0.002619362
7476,0.031836994
7477,0.014480159
7478,-0.016501918
7479,0.000101061
7480,0.027025379
7481,0.061990939
7482,-0.003187047
7483,-0.012086728
7484,-0.005860473
7485,-0.025984354
7486,-0.011039502
7487,0.002734605
7488,-0.03717516
7489,-0.029674115
7490,-0.029143216
7491,0.015022592
7492,-0.015846658
7493,0.005694543
7494,-0.00398362
7495,0.00254403
7496,0.007695237
7497,0.022589078
7498,-0.004869014
7499,-0.01782633
7500,-0.046185113
7501,-0.014715477
7502,-0.025197797
7503,6.22E-06
7504,-0.012366918
7505,-0.016809789
7506,0.032879449
7507,0.029539224
7508,
7509,
7510,-0.017336942
7511,-0.038689408
7512,-0.02386149
7513,-0.005136872
7514,0.028313065
7515,0.005922516
7516,0.012422914
7517,-0.003126089
7518,0.007884408
7519,0.004954137
7520,-0.002168058
7521,-0.016400045
7522,0.008994153
7523,0.014613229
7524,0.045306761
7525,0.036771029
7526,-0.011347134
7527,-0.011762833
7528,0.005344869
7529,0.001087399
7530,0.021090562
7531,-0.001482872
7532,-0.012111488
7533,0.006341259
7534,0.044448063
7535,0.011373044
7536,0.011955324
7537,-0.021108557
7538,0.008457249
7539,-0.062676363
7540,-0.014507262
7541,0.036343709
7542,0.032962359
7543,-0.02892635
7544,-0.049045067
7545,-0.016658524
7546,0.003688818
7547,-0.01031951
7548,-0.020091826
7549,-0.064335808
7550,-0.019970698
7551,-0.008843661
7552,0.023118641
7553,0.024037719
7554,-0.012206443
7555,-0.010422906
7556,0.065312274
7557,-0.006964553
7558,0.01429035
7559,-0.011418726
7560,0.004517585
7561,0.005289771
7562,-0.026333392
7563,0.003812037
7564,-0.019417072
7565,-0.018521467
7566,-0.032334335
7567,-0.009038695
7568,-0.004548947
7569,0.012146849
7570,0.035369903
7571,-0.004043977
7572,-0.007882381
7573,0.009265685
7574,-0.000539174
7575,-0.060950935
7576,-0.001252992
7577,0.010261366
7578,0.039365243
7579,-0.009599689
7580,0.00623748
7581,0.011535442
7582,-0.026350478
7583,-0.016043337
7584,-0.005103483
7585,0.007461112
7586,-0.004133032
7587,-0.017982213
7588,-0.00537702
7589,-0.026054909
7590,-0.013593998
7591,-0.004919833
7592,-0.014467199
7593,0.007694997
7594,-0.000405926
7595,0.01498635
7596,0.032708272
7597,-0.004880155
7598,-0.004030353
7599,0.000340011
7600,-0.004253028
7601,-0.004574804
7602,-0.011393111
7603,0.025434893
7604,0.003926926
7605,0.023503898
7606,-0.011729594
7607,0.00366284
7608,0.021090001
7609,0.002185602
7610,-0.009430543
7611,0.01821656
7612,0.017839186
7613,-0.003258477
7614,0.00813094
7615,0.02465659
7616,0.024876976
7617,0.004542616
7618,-0.000891439
7619,0.012318763
7620,0.011647907
7621,-0.004294261
7622,-0.015955044
7623,-0.015222081
7624,-0.021138029
7625,0.015306549
7626,-0.016884999
7627,-0.019364504
7628,-0.008357213
7629,0.007353142
7630,-0.015696781
7631,0.014483129
7632,-0.004640333
7633,-0.000250548
7634,-0.017559417
7635,0.006007731
7636,0.037070062
7637,0.020492775
7638,0.014732723
7639,5.19E-05
7640,-0.000392201
7641,-0.010526733
7642,-0.027453277
7643,-0.02502121
7644,0.024385171
7645,0.00535461
7646,-0.016313912
7647,-0.018257966
7648,-0.00016361
7649,0.013883408
7650,0.002958712
7651,0.003898501
7652,-0.008704678
7653,-0.0039682
7654,-0.009243425
7655,0.04272911
7656,0.003786749
7657,0.008409787
7658,-0.044397436
7659,-0.026371755
7660,-0.005919821
7661,-0.071102351
7662,0.035407417
7663,0.029942293
7664,0.034283992
7665,0.039003573
7666,0.00733076
7667,-0.005872861
7668,-0.021486258
7669,0.006810613
7670,0.00192816
7671,0.025667915
7672,0.017581644
7673,0.0261603
7674,0.032484479
7675,0.012326355
7676,0.037705511
7677,0.01701689
7678,-0.007149912
7679,0.002666918
7680,0.015484419
7681,-0.014144793
7682,-0.012058524
7683,-0.000487736
7684,0.004202929
7685,-0.0433488
7686,-0.031743165
7687,0.003398982
7688,0.013701403
7689,0.005106674
7690,-0.010076197
7691,-0.018787095
7692,0.001064747
7693,0.003571833
7694,0.009117397
7695,0.014085294
7696,0.009040808
7697,-0.00538325
7698,-0.016637754
7699,-0.013624654
7700,-0.001746232
7701,-0.001388839
7702,0.003640271
7703,-0.015887611
7704,0.008118061
7705,0.023282724
7706,-0.016343841
7707,-0.008261344
7708,-0.006507594
7709,0.015815385
7710,-0.008952749
7711,-0.016778704
7712,0.006074783
7713,-0.004234202
7714,-0.019722864
7715,0.002154872
7716,0.068446957
7717,0.021468032
7718,0.027233262
7719,0.013085371
7720,0.019461149
7721,0.028949797
7722,-0.008776395
7723,-0.014784455
7724,-0.024802314
7725,0.005864747
7726,0.018919868
7727,0.010698117
7728,-0.011511186
7729,0.002823492
7730,-0.018881263
7731,-0.00334691
7732,0.033022113
7733,0.057223372
7734,0.012784456
7735,0.024098566
7736,-0.035288867
7737,-0.030667823
7738,-0.004370292
7739,-0.007924823
7740,-0.008039971
7741,0.019361779
7742,0.005617743
7743,-0.013723216
7744,-0.000808527
7745,0.011400963
7746,0.000933879
7747,0.005838274
7748,-0.019422201
7749,-0.031474445
7750,-0.034118094
7751,0.037586935
7752,-0.046365324
7753,0.035092376
7754,-0.014508742
7755,-0.078277119
7756,-0.026328679
7757,-0.010325225
7758,0.000964064
7759,-0.006481413
7760,0.004080253
7761,0.006267155
7762,-0.010761927
7763,-0.00423786
7764,0.016201213
7765,-0.020870384
7766,-0.003953042
7767,-0.013643092
7768,0.010422257
7769,0.012446126
7770,0.00690183
7771,0.012746337
7772,-0.001164622
7773,0.004551802
7774,0.006279447
7775,0.013556228
7776,-0.042789809
7777,0.024275221
7778,0.000141319
7779,-0.013611421
7780,0.020236667
7781,0.007369012
7782,-0.00075963
7783,0.000404763
7784,-0.019712253
7785,-0.016548662
7786,-0.067830198
7787,-0.000234108
7788,0.007295786
7789,0.009626279
7790,-0.030363334
7791,0.004249507
7792,0.010924757
7793,0.000840047
7794,-0.000963893
7795,0.011652956
7796,-0.006688635
7797,-0.007341885
7798,-0.019405883
7799,-0.007094861
7800,-0.002913687
7801,0.001368053
7802,0.005178751
7803,-0.006583201
7804,0.00038135
7805,-0.003138423
7806,0.023983819
7807,0.028145492
7808,0.031447008
7809,-0.013158042
7810,-0.021177089
7811,-0.002585487
7812,-0.038178872
7813,0.019782327
7814,0.010018623
7815,0.013699619
7816,0.02039527
7817,0.001886286
7818,-0.005493342
7819,-0.032535005
7820,-0.007365425
7821,0.008226573
7822,0.010025675
7823,0.015550826
7824,0.006890431
7825,-0.040495593
7826,-0.002469823
7827,0.022243539
7828,-0.026940312
7829,0.096633434
7830,-0.00478963
7831,0.003518476
7832,-0.02417187
7833,0.005289584
7834,0.012697754
7835,-0.004731243
7836,-0.028775297
7837,-0.017844295
7838,0.045639556
7839,0.03943602
7840,-0.00806222
7841,-0.013905458
7842,-0.007619312
7843,0.024094833
7844,0.003136011
7845,-0.007802251
7846,0.00164626
7847,-0.003457953
7848,-0.020882258
7849,-0.035284497
7850,-0.004211305
7851,-0.000574455
7852,-0.015822161
7853,-0.03350829
7854,-0.022717068
7855,0.008134979
7856,0.026806746
7857,0.064465269
7858,0.008293138
7859,0.003698202
7860,-0.020615052
7861,-0.010494011
7862,-0.007031059
7863,-0.000361098
7864,-0.041305061
7865,-0.017468872
7866,-0.006009477
7867,-0.017260719
7868,0.017277896
7869,-0.003020838
7870,-0.015973708
7871,-0.02360715
7872,0.005799466
7873,0.007928641
7874,0.01155734
7875,0.00050116
7876,0.032147124
7877,0.015132635
7878,0.002688206
7879,-0.006630692
7880,0.010140769
7881,0.000992508
7882,0.002697866
7883,0.000565259
7884,0.020802815
7885,-0.028261505
7886,-0.003873928
7887,-0.026503762
7888,0.00901724
7889,-0.005777061
7890,-0.067834876
7891,0.001250282
7892,-0.013308468
7893,-0.018076699
7894,0.006742447
7895,-0.024646634
7896,-0.003241696
7897,0.002455825
7898,0.017711315
7899,-0.039827548
7900,0.023637271
7901,0.019357933
7902,0.010230236
7903,0.011514609
7904,0.003306174
7905,0.0087685
7906,-0.009670531
7907,-0.011462817
7908,-0.023026969
7909,0.00309772
7910,0.000247769
7911,-0.014106186
7912,-0.017056873
7913,-0.007645336
7914,0.009916983
7915,-0.023022814
7916,0.032139204
7917,0.021077091
7918,0.004464359
7919,0.029741082
7920,0.002920624
7921,0.001746371
7922,0.013983924
7923,0.013745527
7924,0.056428272
7925,0.019641718
7926,0.027839756
7927,0.001352524
7928,0.01860469
7929,0.003518142
7930,0.037577413
7931,0.003299011
7932,-0.021356037
7933,0.006944994
7934,-0.009350577
7935,0.018418182
7936,0.007125165
7937,0.005460873
7938,0.017197449
7939,-0.006144207
7940,0.043117944
7941,-0.036524516
7942,-0.023260025
7943,-0.024797233
7944,-0.01035334
7945,-0.022715781
7946,0.012972128
7947,0.011501677
7948,-0.00589172
7949,-0.011214261
7950,-0.007462319
7951,-0.025733521
7952,0.039229326
7953,0.016244246
7954,-0.013851498
7955,-0.034313723
7956,0.003712544
7957,-0.026385942
7958,-0.052918281
7959,0.009243479
7960,-0.001460189
7961,-0.012517997
7962,-0.002734759
7963,-0.005970892
7964,0.002084529
7965,0.017852535
7966,0.031183256
7967,-0.011313183
7968,-0.00233533
7969,-0.003077278
7970,-0.002510342
7971,-0.044407379
7972,0.003665909
7973,-0.046561964
7974,-0.005729132
7975,0.004100563
7976,-0.013762199
7977,-0.002466218
7978,0.045749296
7979,0.01427684
7980,-0.008703761
7981,-0.015424642
7982,-0.03325706
7983,-0.002690674
7984,-0.014424748
7985,0.012823208
7986,-0.028089179
7987,0.004889618
7988,0.025459995
7989,0.038875088
7990,-0.021014057
7991,-0.051027372
7992,0.01553877
7993,-0.003998105
7994,-0.013003055
7995,-0.009986899
7996,-0.01353948
7997,0.012387428
7998,0.012350342
7999,-0.015511521
8000,-0.053366624
8001,-0.031455878
8002,-0.028499264
8003,0.029009607
8004,0.031407587
8005,0.011787152
8006,0.007398825
8007,0.021126462
8008,0.000267523
8009,-0.015757659
8010,-0.016680034
8011,0.007731898
8012,0.040414389
8013,0.008527158
8014,0.026123257
8015,0.003217875
8016,0.027082689
8017,0.031710137
8018,-0.026969984
8019,-0.045382358
8020,0.005601391
8021,0.051208664
8022,-0.011307382
8023,0.011223733
8024,-0.016419381
8025,0.014111232
8026,0.017033277
8027,-0.018926518
8028,-0.01772783
8029,0.014447583
8030,-0.005786792
8031,-0.01096261
8032,-0.00476029
8033,-0.046644527
8034,-0.011524863
8035,-0.004292747
8036,-0.002775712
8037,-0.017254621
8038,0.018017456
8039,0.01347063
8040,-0.006454524
8041,-0.0003117
8042,0.00629086
8043,-0.015439115
8044,-0.021398837
8045,-0.03325602
8046,-0.005317252
8047,-0.006230913
8048,-0.027389616
8049,-0.001643024
8050,0.004678975
8051,-0.012748367
8052,-0.002621929
8053,0.013550967
8054,-0.004690431
8055,0.008083041
8056,-0.011203077
8057,-0.001513006
8058,-0.00334891
8059,-0.004695426
8060,0.003018072
8061,0.000213235
8062,0.000970432
8063,-0.013366955
8064,-0.019221844
8065,0.049425699
8066,0.047010627
8067,0.023469336
8068,-0.009749758
8069,-0.032604776
8070,0.021386463
8071,-0.021054046
8072,0.012170928
8073,0.032842819
8074,0.028870201
8075,-0.016382402
8076,-0.023577046
8077,0.019074136
8078,0.005275042
8079,0.036681108
8080,0.034594357
8081,0.003737507
8082,-0.002120502
8083,0.01841314
8084,-0.016619217
8085,-0.035892278
8086,-0.01197123
8087,-0.018945254
8088,-0.016837742
8089,-0.004857521
8090,-0.004941451
8091,-0.017941475
8092,-0.030079272
8093,0.003979269
8094,0.012842113
8095,0.006640174
8096,0.002496389
8097,0.031930067
8098,-0.037717421
8099,-0.001344838
8100,0.014517178
8101,0.028306497
8102,-0.002123273
8103,-0.000117964
8104,0.007861868
8105,0.014821517
8106,0.022756854
8107,0.072506852
8108,-0.002814683
8109,0.026402891
8110,0.023731582
8111,0.010613631
8112,0.017709542
8113,0.047767226
8114,0.016448246
8115,-0.019104987
8116,-0.004713135
8117,-0.003097951
8118,-0.004622887
8119,-0.024271883
8120,0.002830302
8121,-0.019925393
8122,-0.001706136
8123,-0.003057541
8124,0.029709525
8125,0.056315739
8126,-0.00349713
8127,0.004458068
8128,0.022154413
8129,0.001620959
8130,0.001356617
8131,-0.017073266
8132,-0.022239808
8133,-0.01828205
8134,-0.025073562
8135,0.024725517
8136,0.005290213
8137,0.005843644
8138,0.000156217
8139,-0.021642337
8140,0.001032435
8141,0.003304106
8142,-0.004109431
8143,-0.006256672
8144,-0.010711858
8145,-0.002978566
8146,0.013031425
8147,0.022509465
8148,0.029499637
8149,-0.007000305
8150,-0.009642249
8151,-0.028565951
8152,0.005784679
8153,-0.010029286
8154,0.006181045
8155,-0.003590665
8156,-0.0305021
8157,0.002474998
8158,-0.001024887
8159,0.042225651
8160,0.030882321
8161,-0.012205564
8162,0.0038284
8163,-0.001042865
8164,0.021335557
8165,0.024838347
8166,0.002751173
8167,0.007678679
8168,-0.003136679
8169,-0.007379227
8170,-0.017170392
8171,-0.02708837
8172,-0.002660797
8173,0.01751742
8174,-0.000582047
8175,-0.018350979
8176,0.004347229
8177,0.018623406
8178,0.017801862
8179,0.005637518
8180,0.000219714
8181,-0.020524139
8182,0.002667345
8183,5.19E-05
8184,-0.021210639
8185,0.003535483
8186,-0.031659272
8187,-0.005251786
8188,0.017131638
8189,0.040533971
8190,0.01610411
8191,0.000995084
8192,-0.001170241
8193,0.001218259
8194,-0.018987659
8195,0.042398736
8196,0.05109987
8197,0.016699485
8198,0.006505584
8199,-0.000164779
8200,0.011088083
8201,-0.001199489
8202,0.026114067
8203,0.032562163
8204,0.014306652
8205,0.011412017
8206,0.009742073
8207,0.012388742
8208,0.015658397
8209,-0.004716992
8210,0.006144338
8211,0.003887189
8212,0.01444731
8213,0.019453082
8214,0.004278949
8215,0.02039104
8216,0.02696907
8217,0.010867966
8218,0.01244167
8219,0.024013525
8220,0.017044084
8221,-0.006242584
8222,-0.000282144
8223,-0.000879583
8224,-0.000330139
8225,0.005886347
8226,0.012088465
8227,0.002975225
8228,-0.030777806
8229,0.001984246
8230,-0.003051174
8231,-0.00091782
8232,-0.008327924
8233,0.033266954
8234,-0.027505817
8235,-0.029607005
8236,-0.005700989
8237,0.000107661
8238,-0.006373017
8239,0.005322863
8240,-0.02575417
8241,-0.010377849
8242,-0.015391143
8243,-0.015087301
8244,0.043926548
8245,0.003254197
8246,-0.024339909
8247,-1.72E-05
8248,0.028380116
8249,0.019406449
8250,0.015784284
8251,0.000479717
8252,0.04219941
8253,0.001818773
8254,0.011921571
8255,-0.019766962
8256,-0.009318395
8257,0.00353623
8258,-0.004948117
8259,-0.008195429
8260,-0.01996769
8261,-0.028740065
8262,-0.004775953
8263,0.013725492
8264,0.012034022
8265,0.015204385
8266,0.021492787
8267,-0.004818748
8268,-0.009738523
8269,-0.007850143
8270,-0.037659213
8271,-0.010358962
8272,0.000747823
8273,-0.026093941
8274,-0.015725218
8275,0.046400547
8276,0.008204307
8277,0.000890395
8278,-0.001260815
8279,-0.008919393
8280,0.030006832
8281,0.016712276
8282,-0.003805287
8283,0.003985412
8284,-0.014945929
8285,0.004191536
8286,0.001548348
8287,-0.007888545
8288,-0.002578035
8289,-0.053268354
8290,-0.011437751
8291,-0.031251781
8292,-0.013506196
8293,-0.034804676
8294,0.025175501
8295,0.000408986
8296,-0.003463787
8297,0.007277739
8298,0.004095646
8299,-8.08E-05
8300,-0.027268985
8301,0.03997574
8302,0.016893419
8303,-0.01126167
8304,0.00925783
8305,0.027281357
8306,-0.006411843
8307,0.017036188
8308,-0.001412069
8309,0.005335437
8310,0.00813315
8311,-0.003784288
8312,0.001448045
8313,0.025278907
8314,-0.006236595
8315,-0.001587427
8316,-0.00108788
8317,-0.027680611
8318,0.020116068
8319,0.03067714
8320,0.01151157
8321,0.008944372
8322,-0.009604668
8323,0.016491905
8324,0.008911511
8325,-0.022339391
8326,-0.000740514
8327,0.009272743
8328,-0.004440963
8329,-0.016333539
8330,-0.010544631
8331,-0.033938475
8332,0.006108853
8333,0.010980833
8334,-0.015630376
8335,0.003279329
8336,-0.004731926
8337,-0.009096841
8338,-0.012980963
8339,0.001358029
8340,-0.008223347
8341,-0.029780643
8342,-0.046450835
8343,-0.018062828
8344,0.015208508
8345,0.012159363
8346,-0.019154336
8347,-2.55E-05
8348,-0.002291135
8349,-0.009443722
8350,-0.019442549
8351,-0.00392638
8352,-0.062643297
8353,-0.004818724
8354,0.003170497
8355,-0.013576929
8356,-0.00618461
8357,-0.002302917
8358,-0.024419162
8359,-0.022550281
8360,0.011554611
8361,-0.02950676
8362,-0.038840581
8363,-0.005849738
8364,-0.00349539
8365,-0.003545379
8366,-0.043807633
8367,-0.001619373
8368,-0.043569982
8369,0.008302692
8370,-0.014093726
8371,-0.007819529
8372,0.000369693
8373,-0.007161355
8374,0.027274506
8375,-0.007794948
8376,0.001805271
8377,-0.002986919
8378,-0.016963752
8379,0.00815964
8380,-0.016178597
8381,-0.017946132
8382,-0.038442288
8383,-0.009600904
8384,-0.017804915
8385,0.011779952
8386,-0.049689963
8387,-0.012348548
8388,0.005301381
8389,0.022718109
8390,-0.005269264
8391,-0.027122665
8392,0.00141717
8393,0.011802499
8394,0.007961995
8395,0.007999137
8396,-5.20E-05
8397,-0.018329272
8398,-0.00458809
8399,0.011001359
8400,0.013999125
8401,-0.008320803
8402,-0.016789382
8403,-0.010921506
8404,-0.017418267
8405,0.021215178
8406,-0.009415377
8407,0.022959771
8408,0.017280217
8409,-0.002815137
8410,-0.003126758
8411,-0.009920515
8412,0.012433469
8413,-0.017929511
8414,-0.005195913
8415,-0.004148493
8416,0.016570901
8417,0.008972741
8418,0.022641862
8419,0.031959131
8420,0.004852932
8421,-0.002645576
8422,0.023048757
8423,0.017492063
8424,-0.010056303
8425,0.005697141
8426,0.033506297
8427,0.000575664
8428,0.009148314
8429,-0.000723029
8430,-0.017349334
8431,0.011364621
8432,-0.002547464
8433,-0.013439068
8434,0.003590736
8435,0.032841031
8436,-0.011986429
8437,-0.035334088
8438,-0.001565053
8439,-0.006873272
8440,0.007773789
8441,0.005479773
8442,0.009421046
8443,-0.001159318
8444,-0.029183403
8445,-0.037521992
8446,-0.001648582
8447,-0.000411081
8448,0.034300771
8449,0.028410871
8450,0.004730396
8451,0.010885871
8452,-0.007826488
8453,0.000219505
8454,0.005434299
8455,-0.012782309
8456,0.000225652
8457,-0.020773571
8458,-0.017784208
8459,-0.000608274
8460,-0.017174635
8461,0.002551729
8462,-0.030025832
8463,-0.010169054
8464,0.031505164
8465,0.045111634
8466,0.022822674
8467,0.039162502
8468,0.02266225
8469,-0.012981873
8470,0.000777572
8471,0.003968156
8472,-0.012957312
8473,0.008779357
8474,0.011651496
8475,-0.004500772
8476,-0.014339524
8477,0.003983777
8478,0.002204991
8479,-0.020889463
8480,-0.031099567
8481,-0.024957966
8482,-0.048457537
8483,-0.009987168
8484,-0.012303544
8485,-0.009262569
8486,-0.033386264
8487,0.050329
8488,-0.01078004
8489,0.004057334
8490,0.007360559
8491,0.030010629
8492,-0.000336005
8493,0.021935826
8494,-0.004272433
8495,0.000882613
8496,-0.002086095
8497,-0.011399559
8498,-0.016083056
8499,-0.002825763
8500,0.018947508
8501,0.028658338
8502,-0.011787137
8503,-0.034298439
8504,-0.028342007
8505,0.008945373
8506,-0.023568444
8507,0.009927569
8508,0.005312916
8509,0.014016559
8510,-0.015741576
8511,0.009068253
8512,0.013553902
8513,0.011372783
8514,0.024061389
8515,0.025964422
8516,0.01854283
8517,0.037730802
8518,0.010628014
8519,0.019142417
8520,0.015004136
8521,0.000960014
8522,-0.001783411
8523,-0.010859545
8524,0.001532344
8525,0.000882728
8526,-0.001907211
8527,-0.011677518
8528,-0.014193635
8529,-0.010895884
8530,-0.009789609
8531,-0.007483743
8532,0.020196488
8533,0.009131279
8534,-0.02658209
8535,-0.018258309
8536,0.004405803
8537,0.009888939
8538,0.016640773
8539,0.01548729
8540,-0.020720921
8541,0.002351549
8542,-0.003292446
8543,0.009172647
8544,0.037344329
8545,0.004567991
8546,0.021689503
8547,0.022527266
8548,0.013485519
8549,0.017536476
8550,-0.023446355
8551,0.008134686
8552,0.017093679
8553,0.040726282
8554,0.025831683
8555,-0.008823777
8556,-0.026790882
8557,-0.03821012
8558,-0.031037757
8559,-0.009105269
8560,0.019318772
8561,0.007852448
8562,-0.011446894
8563,0.00898067
8564,-0.001355783
8565,0.005532905
8566,-0.011052576
8567,0.003262719
8568,-0.018175853
8569,0.009245649
8570,0.001584536
8571,-0.004763693
8572,0.015305766
8573,0.00283931
8574,-0.00659809
8575,-0.018051097
8576,-0.025493469
8577,0.004025694
8578,-0.00327506
8579,-0.007428911
8580,-0.054479063
8581,0.001582253
8582,-0.001402479
8583,0.001619805
8584,0.023506602
8585,0.010044881
8586,0.006332766
8587,-0.045681663
8588,0.006225904
8589,0.00525839
8590,-0.017874928
8591,-0.031693425
8592,-0.026210481
8593,0.005265097
8594,-0.018076075
8595,0.007624228
8596,0.010695615
8597,-0.007225442
8598,-0.01059639
8599,0.001943635
8600,0.00019767
8601,-0.007078459
8602,0.008229391
8603,-0.004082242
8604,-0.038382441
8605,-0.054413032
8606,-0.012666821
8607,0.007286292
8608,0.034332354
8609,-0.011361059
8610,-0.017039908
8611,-0.003699112
8612,0.070006222
8613,0.01209133
8614,-0.006579041
8615,-0.016357241
8616,-0.017077787
8617,-0.011808082
8618,0.015118133
8619,0.014539341
8620,-0.005166404
8621,-0.007974572
8622,0.031644907
8623,0.033368096
8624,0.024976321
8625,0.003439829
8626,-0.016585041
8627,-0.036840457
8628,-0.029611738
8629,-0.05429047
8630,0.016598782
8631,0.007583085
8632,-0.040145997
8633,0.002195598
8634,-0.029833412
8635,-0.006711406
8636,-0.021095289
8637,-0.017105922
8638,0.006376894
8639,-0.012496603
8640,-0.016426459
8641,-0.021357367
8642,-0.026396828
8643,-0.015092501
8644,0.014373189
8645,0.045003586
8646,0.027008869
8647,0.009641304
8648,-0.019231698
8649,-0.00097155
8650,0.009486525
8651,0.059145428
8652,0.006727788
8653,0.068298303
8654,0.034534018
8655,0.010112819
8656,0.029867865
8657,-0.006508456
8658,0.025295923
8659,0.015920099
8660,0.004453589
8661,-0.007060743
8662,0.005230602
8663,0.006394083
8664,-0.008404193
8665,-0.062004529
8666,0.056341574
8667,0.026097128
8668,-0.018417045
8669,-0.047312513
8670,0.002966139
8671,-2.09E-05
8672,0.004554915
8673,-0.011201673
8674,0.024286911
8675,-0.009871817
8676,-0.002632657
8677,-0.006599967
8678,-0.040364239
8679,-0.007402057
8680,-0.031426787
8681,0.000581575
8682,-0.009738074
8683,-0.04293387
8684,-0.008242699
8685,0.016391305
8686,-0.003285607
8687,0.022610428
8688,0.006616703
8689,-0.007879447
8690,-0.085662581
8691,-0.013274684
8692,0.004188737
8693,-0.006498578
8694,-0.005762022
8695,-0.023013871
8696,-0.03823987
8697,0.001687044
8698,0.002056593
8699,0.021987913
8700,0.022268722
8701,0.00805643
8702,-0.013392839
8703,0.000268086
8704,0.092653923
8705,-0.017215634
8706,-0.000312347
8707,-0.008343966
8708,-0.001040283
8709,-0.013452991
8710,-0.019688299
8711,-0.003230689
8712,0.023765529
8713,0.015128871
8714,0.037988961
8715,0.00834946
8716,-0.030840781
8717,-0.028455779
8718,0.041979376
8719,0.005035022
8720,0.004475198
8721,-0.01160439
8722,0.037162315
8723,-0.0109722
8724,-0.019482376
8725,0.002056385
8726,0.044890191
8727,0.013572599
8728,0.032917894
8729,-0.011172131
8730,-0.000308176
8731,0.039604403
8732,-0.020533696
8733,0.003368602
8734,0.020670034
8735,0.009985808
8736,-0.00202176
8737,0.000124462
8738,0.018817091
8739,-0.003704388
8740,-0.013161321
8741,-0.027318589
8742,-0.004172925
8743,0.005911843
8744,0.019078853
8745,-0.006765071
8746,0.01205356
8747,0.018942805
8748,0.033612698
8749,0.020900553
8750,-0.007398976
8751,-0.007084263
8752,-0.025580823
8753,-0.009680958
8754,-0.022449419
8755,-0.015631771
8756,0.005613302
8757,0.011172999
8758,-0.005614006
8759,
8760,
8761,-0.013620291
8762,-0.019385962
8763,0.008629085
8764,0.001437488
8765,0.014086155
8766,-0.000786029
8767,-0.003887738
8768,-0.006280067
8769,-0.021199422
8770,-0.028071202
8771,-0.009351028
8772,-0.021096617
8773,-0.027622508
8774,-0.004662483
8775,-0.011429614
8776,0.025288938
8777,0.021121681
8778,-0.000639026
8779,0.001771466
8780,-0.001416856
8781,0.026001699
8782,-0.003852334
8783,-0.018616853
8784,-0.011349916
8785,-0.020804295
8786,-0.008986967
8787,-0.025805596
8788,-0.051851757
8789,0.035220537
8790,0.016019898
8791,1.24E-05
8792,-0.007229928
8793,-0.01702537
8794,-0.025925132
8795,-0.014551918
8796,-0.023878388
8797,-0.00643034
8798,0.034023102
8799,0.06523256
8800,-0.020669814
8801,-0.025691038
8802,0.010418064
8803,-0.005699408
8804,0.004696292
8805,0.025579846
8806,0.022437846
8807,-0.001368429
8808,-0.02326498
8809,-0.010921836
8810,0.000151264
8811,-0.005932714
8812,-0.010501683
8813,0.000628654
8814,0.020437278
8815,0.002495446
8816,-0.007293422
8817,-0.000400546
8818,-0.007087609
8819,-0.002183951
8820,0.014517557
8821,-0.016541716
8822,-0.014200173
8823,0.019515587
8824,-0.000580137
8825,0.015105698
8826,-0.01035207
8827,-0.010173514
8828,-0.010758383
8829,-0.012131689
8830,-0.019284671
8831,0.0208469
8832,0.017265927
8833,-0.008133836
8834,-0.052779384
8835,0.010448908
8836,-0.006814782
8837,-0.004080483
8838,-0.073850311
8839,-0.019508868
8840,-0.027525753
8841,0.020206042
8842,0.002453917
8843,-0.025761798
8844,-0.010050765
8845,0.01141806
8846,0.004889813
8847,-0.010160908
8848,0.005421203
8849,0.002592461
8850,-0.004707044
8851,0.007586724
8852,-9.38E-05
8853,0.008989487
8854,-0.019776035
8855,-0.064492114
8856,-0.009759128
8857,0.022257714
8858,0.046470441
8859,-0.002420523
8860,-0.00900572
8861,-0.034771997
8862,-0.000218604
8863,0.008767101
8864,-0.009202734
8865,0.024395186
8866,-0.038944568
8867,-0.038508233
8868,-0.012014164
8869,-0.038007434
8870,0.001687006
8871,0.011037244
8872,0.005152552
8873,-0.049448241
8874,0.002731687
8875,0.028702695
8876,0.012804089
8877,0.027677594
8878,0.006484302
8879,-0.025426744
8880,-0.030820457
8881,-0.044172667
8882,-0.023311887
8883,-0.012065943
8884,-0.006918656
8885,0.004060207
8886,0.001529448
8887,-0.023539834
8888,-0.018238651
8889,-0.00384056
8890,-0.02061582
8891,0.028593224
8892,0.004014137
8893,0.004017413
8894,-0.004135562
8895,-0.00833143
8896,-0.021196293
8897,-0.007241176
8898,-0.010772779
8899,0.016990611
8900,0.001531931
8901,0.015300509
8902,0.007051205
8903,-0.017456904
8904,0.004455815
8905,-0.010299691
8906,0.01884889
8907,-0.008863963
8908,0.011777339
8909,-0.003212917
8910,0.022369087
8911,0.053340446
8912,0.009419953
8913,-0.00199471
8914,0.010271286
8915,0.021547718
8916,0.008985035
8917,0.011706468
8918,0.012748413
8919,-0.0242119
8920,0.010714246
8921,-0.019128164
8922,0.016333111
8923,-0.001086504
8924,-0.011141067
8925,-0.019406253
8926,-0.003274798
8927,0.024755739
8928,0.005473206
8929,0.00793671
8930,0.03243079
8931,-0.003337122
8932,0.008204066
8933,-0.028056288
8934,-0.005424052
8935,0.026713811
8936,0.007895986
8937,0.028635768
8938,-0.004456345
8939,0.018943205
8940,-0.006041054
8941,0.0304673
8942,0.044660937
8943,-0.027420316
8944,-0.026821272
8945,-0.010062842
8946,0.035734918
8947,0.019153941
8948,-0.02087098
8949,-0.020478211
8950,0.001857362
8951,-0.005956172
8952,-0.008054577
8953,-0.020764688
8954,0.037808429
8955,0.028435586
8956,0.006732538
8957,0.008326138
8958,-0.004120749
8959,0.029800722
8960,-0.024966558
8961,-0.005359885
8962,-0.000819524
8963,-0.033083063
8964,-0.003520363
8965,0.021852747
8966,-0.008687856
8967,-0.012012618
8968,-0.032731283
8969,0.010592601
8970,0.016542323
8971,0.006614438
8972,0.000730236
8973,-0.025523769
8974,0.000428355
8975,-0.013723299
8976,-0.005804657
8977,-0.006652676
8978,-0.024001615
8979,-0.040152736
8980,-0.008244742
8981,0.005327464
8982,-0.02026286
8983,-0.024468614
8984,-0.016540281
8985,-0.01610806
8986,-0.016428065
8987,0.026057212
8988,0.022229474
8989,-0.001753151
8990,0.005459384
8991,0.009635025
8992,0.015384831
8993,-0.003311246
8994,0.003639193
8995,0.062833115
8996,0.017489115
8997,-0.012735117
8998,-0.034662649
8999,-0.033672839
9000,-0.005553812
9001,0.010127157
9002,0.001931135
9003,0.038940646
9004,0.006412909
9005,0.010084583
9006,0.013711321
9007,0.003377876
9008,0.005258691
9009,0.035465188
9010,0.032349668
9011,-0.002913018
9012,0.005978901
9013,-0.010313393
9014,-0.013486271
9015,0.006557755
9016,0.013960708
9017,0.001247726
9018,-0.002625931
9019,-0.011341441
9020,-0.015838331
9021,-0.002081823
9022,-0.00556689
9023,-0.011153911
9024,-0.004027853
9025,-0.012184212
9026,0.017498532
9027,-0.007171749
9028,-0.011253601
9029,-0.004445452
9030,-0.006910841
9031,0.018451899
9032,-0.010206757
9033,-0.036122672
9034,-0.019021781
9035,0.008367755
9036,0.00842358
9037,-0.058214303
9038,0.036997832
9039,0.00935425
9040,-0.014162124
9041,-0.035101291
9042,0.000337053
9043,-0.00032086
9044,-0.006726186
9045,-0.013866499
9046,-0.027193736
9047,-0.005808435
9048,0.048263934
9049,0.037399735
9050,0.051956531
9051,0.003609294
9052,-0.012170158
9053,-0.008419816
9054,-0.000491175
9055,0.004795949
9056,-0.016117301
9057,-0.01085277
9058,-0.013448276
9059,0.033442575
9060,0.010025235
9061,-0.019268816
9062,-0.024221631
9063,-0.015629742
9064,0.018704375
9065,0.008041708
9066,-0.035302743
9067,0.018846957
9068,-0.025283299
9069,-0.019541195
9070,-0.035916328
9071,0.011115958
9072,-0.002033673
9073,0.008329296
9074,-0.018112935
9075,-0.016455323
9076,0.014593613
9077,0.024677452
9078,0.008296328
9079,0.052041933
9080,-0.002531946
9081,-0.008948776
9082,0.030027183
9083,0.002987972
9084,0.012089235
9085,0.022063589
9086,0.0003729
9087,-0.004973927
9088,-0.000607624
9089,0.032089084
9090,0.002173418
9091,-0.021046098
9092,-0.002980739
9093,0.002029921
9094,-0.000313817
9095,0.002646601
9096,0.006194145
9097,-0.008439244
9098,0.002923303
9099,-0.00107669
9100,0.024709431
9101,0.017233763
9102,-0.004363181
9103,0.015259733
9104,-0.007831082
9105,6.00E-05
9106,-0.012929126
9107,0.017455081
9108,-0.001479443
9109,-0.004603581
9110,-0.03592778
9111,0.009395711
9112,-0.018745651
9113,-0.011125532
9114,0.011538356
9115,-0.02472668
9116,-0.035496887
9117,0.022996824
9118,-0.009590082
9119,0.023897011
9120,-0.012876266
9121,-0.011606316
9122,0.001253085
9123,0.014733558
9124,-0.00852608
9125,-0.010964056
9126,0.01212655
9127,-0.019905919
9128,0.007902181
9129,0.013553442
9130,0.013555425
9131,0.014474777
9132,0.052318398
9133,-0.007272097
9134,0.008672085
9135,0.002110972
9136,0.041965306
9137,-0.008790868
9138,-0.034490265
9139,0.005215966
9140,0.007031641
9141,-0.001006574
9142,0.007245245
9143,-0.012772989
9144,-0.000629733
9145,-0.002037164
9146,-0.031670209
9147,-0.002828766
9148,0.006512877
9149,0.02551947
9150,0.047865603
9151,-4.16E-05
9152,-0.036616493
9153,-0.061377615
9154,-0.018867975
9155,-0.00068785
9156,-0.009254661
9157,0.003982513
9158,-0.002454403
9159,0.007165962
9160,-0.007830907
9161,0.01516439
9162,0.011093401
9163,0.000549901
9164,-0.019839043
9165,-0.010654843
9166,-0.001571389
9167,0.011412506
9168,0.000577432
9169,0.005230962
9170,0.003093121
9171,0.008674717
9172,0.011886421
9173,0.010467411
9174,0.000857628
9175,-0.00190409
9176,0.031299844
9177,0.015861746
9178,0.027493853
9179,0.015308859
9180,0.020437527
9181,-0.002737201
9182,-0.000816275
9183,0.001565305
9184,0.006295571
9185,-0.017768754
9186,-0.000362972
9187,-0.028761951
9188,-0.015842862
9189,0.002951714
9190,-0.005630185
9191,0.002174901
9192,-0.007177549
9193,0.047055647
9194,0.018602323
9195,-0.027963279
9196,-0.013552499
9197,-0.01169354
9198,0.026011717
9199,0.029711729
9200,0.027844099
9201,-0.004488667
9202,0.005358781
9203,0.016512681
9204,-0.00389305
9205,0.00317875
9206,0.015851313
9207,-0.01610091
9208,0.013963141
9209,-0.016341237
9210,-0.016431287
9211,0.011131887
9212,-0.00710548
9213,-0.042994913
9214,-0.001567409
9215,-0.017541131
9216,-0.028358111
9217,-0.015478955
9218,0.014303772
9219,0.014530449
9220,-0.014464797
9221,-0.043009158
9222,0.023052329
9223,0.019807659
9224,-0.024438091
9225,0.011040729
9226,0.030912589
9227,0.005796436
9228,-0.002681925
9229,-0.009228874
9230,0.023065276
9231,0.004719915
9232,-0.007284066
9233,-0.030585501
9234,-0.026924487
9235,-0.007012482
9236,-0.003064646
9237,0.007177076
9238,0.004116949
9239,0.022840172
9240,0.014098848
9241,-0.001432633
9242,0.024959685
9243,0.028156279
9244,0.010641227
9245,0.029874392
9246,0.005550338
9247,-0.008028681
9248,-0.010161567
9249,0.01553906
9250,-0.00763856
9251,0.054727662
9252,-0.010273367
9253,0.035886813
9254,-0.036431324
9255,-0.007428276
9256,-0.008758639
9257,-0.019148188
9258,0.05363616
9259,0.000448381
9260,0.030893944
9261,-0.017906126
9262,-0.017678196
9263,-0.018559771
9264,-0.021532461
9265,0.009467914
9266,-0.003470889
9267,-0.040581245
9268,-0.014197724
9269,0.034160513
9270,0.031610925
9271,-0.011118955
9272,-0.024528364
9273,0.032780483
9274,0.002754814
9275,-0.051244378
9276,-0.021512151
9277,0.008351889
9278,0.012386532
9279,0.004038014
9280,0.029556699
9281,-0.005936378
9282,0.00048145
9283,-0.003895082
9284,0.014525821
9285,-0.006910711
9286,-0.029036904
9287,-0.010471372
9288,0.007413054
9289,-0.007832985
9290,-0.004008783
9291,0.037698448
9292,-0.002995219
9293,-0.008172359
9294,-0.015010502
9295,0.01136205
9296,0.006131901
9297,0.008856253
9298,0.007033532
9299,0.015938573
9300,0.007170901
9301,0.025865866
9302,-0.003758722
9303,0.017649034
9304,-0.008069373
9305,-0.022070577
9306,0.005331558
9307,0.018096341
9308,0.022794466
9309,0.001840496
9310,0.008812682
9311,-0.007682951
9312,0.00780636
9313,0.004100274
9314,-0.031647913
9315,-0.0148016
9316,-0.028735263
9317,-0.008271046
9318,-0.017963054
9319,-0.003726793
9320,-0.007576398
9321,0.008061522
9322,0.002481278
9323,0.026047692
9324,-0.009842513
9325,0.004808229
9326,-0.00267439
9327,0.001928645
9328,-0.027701365
9329,0.072424367
9330,0.059977908
9331,0.013065442
9332,-0.007880287
9333,-0.03680151
9334,-0.008056948
9335,-0.008320413
9336,-0.003099749
9337,-0.01110767
9338,-0.007454073
9339,-0.045192052
9340,-0.008247851
9341,0.026634667
9342,0.004586925
9343,-0.006192347
9344,0.00034595
9345,0.028376769
9346,0.009777059
9347,0.015535392
9348,0.045701813
9349,-0.001408185
9350,0.003320639
9351,0.003233375
9352,-0.006345172
9353,0.00252051
9354,0.009397692
9355,-0.005856004
9356,-0.039797306
9357,-0.010492699
9358,-0.000592698
9359,0.025733067
9360,-0.003937726
9361,-0.020355746
9362,-0.037170473
9363,0.003844946
9364,-0.040946599
9365,0.049492229
9366,0.018576361
9367,0.023321122
9368,-0.0266314
9369,0.00198805
9370,-0.033560313
9371,-0.015830072
9372,0.0157375
9373,-0.001619935
9374,0.032285783
9375,-0.013806618
9376,0.009860721
9377,-0.001827244
9378,-0.009933885
9379,-0.023467736
9380,-0.065829374
9381,-0.02881274
9382,-0.00080773
9383,-0.010822357
9384,-0.009026488
9385,-0.001167988
9386,-0.0147162
9387,-0.015350579
9388,0.00331247
9389,-0.019760344
9390,0.02200116
9391,0.018919447
9392,0.029704615
9393,0.042093407
9394,0.018926671
9395,-0.003799514
9396,-0.005620676
9397,-0.013810755
9398,-0.01256297
9399,-0.019230016
9400,0.005295742
9401,-0.021347061
9402,-0.0155933
9403,-0.020410158
9404,-0.010376085
9405,-0.024358502
9406,-0.004517838
9407,0.016688865
9408,0.009402128
9409,0.049966652
9410,-0.023900179
9411,-0.016197504
9412,0.0036252
9413,0.00899527
9414,-0.000594783
9415,0.009760583
9416,0.01692952
9417,-0.005867954
9418,0.013722624
9419,0.030818913
9420,0.024697671
9421,0.00586671
9422,0.020490456
9423,0.02200654
9424,0.001475126
9425,-0.027173301
9426,-0.042269025
9427,-0.031498529
9428,0.023099065
9429,0.014179682
9430,-0.013764208
9431,0.01098654
9432,-0.001713814
9433,0.026733574
9434,-0.016290877
9435,-0.000274217
9436,0.021232296
9437,0.012633462
9438,0.005244747
9439,0.000148146
9440,-0.002671849
9441,0.008292184
9442,0.008631772
9443,0.065455899
9444,0.023463931
9445,0.025857991
9446,0.006382192
9447,-0.00167135
9448,-0.013739408
9449,-0.010500055
9450,-0.021677811
9451,0.001699817
9452,-0.010062222
9453,0.013677791
9454,-0.006821651
9455,-0.027907977
9456,-0.007337161
9457,-0.019885063
9458,0.002538769
9459,0.014084651
9460,0.013644628
9461,0.02006351
9462,0.003330171
9463,0.002357326
9464,0.008289206
9465,0.012026619
9466,0.001843401
9467,-0.014146645
9468,-0.028126013
9469,0.024246266
9470,-0.004421226
9471,-0.018105963
9472,-0.010344132
9473,0.001402466
9474,0.014883829
9475,-0.003465912
9476,0.011568979
9477,0.003781559
9478,-0.015932411
9479,0.000398181
9480,-0.015367187
9481,0.023403678
9482,-0.000576386
9483,0.009747976
9484,-0.006094665
9485,0.024933336
9486,0.017945681
9487,0.013038738
9488,0.004540873
9489,-0.018497566
9490,0.012257403
9491,-0.007218191
9492,-0.013104628
9493,0.008819062
9494,-0.000516879
9495,-0.017342284
9496,0.004294006
9497,0.021460976
9498,-0.004871415
9499,-0.016253144
9500,0.026855061
9501,0.005153893
9502,-0.020271128
9503,0.000921899
9504,-0.013077927
9505,0.010023475
9506,0.011519865
9507,0.003270855
9508,0.002013513
9509,0.012914894
9510,0.01450166
9511,-0.001744053
9512,0.034873065
9513,0.032755211
9514,-0.009905928
9515,-0.001251842
9516,-0.019762818
9517,-0.007857514
9518,0.008040167
9519,0.012638971
9520,0.009777702
9521,0.012345909
9522,-0.002813459
9523,-0.027771937
9524,0.006683724
9525,0.017986706
9526,0.012168769
9527,0.010999836
9528,-0.007508358
9529,-0.004898986
9530,-0.005832713
9531,-0.025772516
9532,0.026257116
9533,-0.002089276
9534,0.00299765
9535,0.005911051
9536,0.009027655
9537,-0.009294135
9538,0.000319884
9539,-0.027432024
9540,-0.007205364
9541,0.001435343
9542,0.003869092
9543,0.013365442
9544,0.038641237
9545,-0.009424633
9546,-0.00559225
9547,0.006775036
9548,0.002608707
9549,-0.006031058
9550,0.018269494
9551,0.01549565
9552,-0.001578737
9553,-0.014760451
9554,-0.029659841
9555,-0.007292447
9556,0.005645637
9557,0.009286397
9558,0.002256195
9559,-0.013633856
9560,-0.044088881
9561,0.001753213
9562,-0.007272355
9563,0.024561979
9564,0.044285018
9565,0.042350069
9566,-0.01391585
9567,-0.013281584
9568,-0.012123736
9569,0.001937154
9570,0.003388766
9571,0.024069119
9572,-0.002584684
9573,-0.029304666
9574,-0.012537846
9575,0.00934403
9576,0.032790899
9577,-0.011085492
9578,0.003920782
9579,0.003875806
9580,-0.002042646
9581,-0.006415525
9582,0.00301291
9583,-0.001964118
9584,-0.020040637
9585,-0.063130967
9586,0.01876498
9587,0.004372747
9588,-0.004604043
9589,0.009489798
9590,-0.012613645
9591,0.013758838
9592,-0.019797359
9593,0.012036592
9594,0.017419776
9595,-0.013465322
9596,0.017947886
9597,0.018024083
9598,-0.005482271
9599,0.002711762
9600,-0.018144906
9601,-0.014624543
9602,0.006444931
9603,0.001081655
9604,0.037975907
9605,0.017139224
9606,-0.021679053
9607,-0.000554725
9608,-0.030547462
9609,-0.031915478
9610,-0.00953154
9611,0.006734744
9612,-0.004455149
9613,0.007128333
9614,-0.000619621
9615,0.009541286
9616,-0.007639903
9617,-0.008385006
9618,-0.002689446
9619,0.009241221
9620,-0.007631462
9621,-0.006571013
9622,-0.001236061
9623,-0.010470522
9624,0.005624238
9625,-0.004573325
9626,0.005150845
9627,0.008316647
9628,0.030107077
9629,0.01251362
9630,-0.000246207
9631,-0.00183976
9632,-0.011403851
9633,-0.019278575
9634,0.014983604
9635,-0.024345977
9636,-0.026723754
9637,0.015226472
9638,-0.03308237
9639,-0.01234039
9640,0.006673996
9641,0.030970627
9642,0.024569619
9643,0.029026167
9644,-0.005764364
9645,-0.008098748
9646,0.032788023
9647,0.002746148
9648,0.016354505
9649,2.25E-05
9650,-0.025875812
9651,0.00893323
9652,-0.007247445
9653,0.044161644
9654,-0.026868561
9655,-0.026244104
9656,-0.026274506
9657,-0.027364679
9658,0.010161571
9659,-0.015362887
9660,-0.003174169
9661,0.008532381
9662,0.006268436
9663,-0.03169249
9664,-0.002752415
9665,-0.001260904
9666,0.006103601
9667,0.055795163
9668,0.021010442
9669,-0.009307325
9670,-0.012368142
9671,0.007767036
9672,-0.023190392
9673,-0.03047513
9674,0.000750005
9675,0.005506512
9676,-0.010950323
9677,0.004553873
9678,-0.02829439
9679,-0.018808821
9680,-0.039519928
9681,-0.039075781
9682,-0.013625953
9683,-0.013664478
9684,-0.00286087
9685,-0.00399006
9686,0.011414604
9687,0.008772791
9688,0.008786564
9689,0.027274042
9690,0.015875652
9691,0.000161557
9692,0.000456449
9693,0.038800083
9694,-0.000827028
9695,-0.019917803
9696,-0.045407403
9697,0.005153007
9698,0.025809631
9699,0.016669525
9700,0.004846174
9701,0.002542824
9702,0.012157793
9703,-0.024750017
9704,-0.019811736
9705,-0.009037356
9706,-0.018224953
9707,-0.007218249
9708,-0.019231811
9709,-0.005314168
9710,0.000153027
9711,0.004107538
9712,0.026931815
9713,0.002090424
9714,-0.019593142
9715,-0.021575216
9716,0.00664079
9717,0.00577465
9718,0.013745412
9719,0.031695291
9720,0.008810889
9721,0.033154733
9722,-0.011360044
9723,0.014335632
9724,-0.017802702
9725,0.001251801
9726,-0.003079039
9727,-0.010982119
9728,-0.016318331
9729,-0.003224937
9730,-0.000135006
9731,-0.001919176
9732,0.022167319
9733,-0.02170548
9734,0.004121523
9735,-0.000170731
9736,0.004328262
9737,0.02036868
9738,0.025629252
9739,0.004036753
9740,0.014573555
9741,-0.007149199
9742,-0.009948765
9743,0.010216911
9744,0.007424863
9745,0.034374651
9746,0.037667088
9747,0.005368189
9748,0.028743431
9749,-0.008257552
9750,-0.016050654
9751,-0.018324951
9752,0.00479337
9753,0.008063783
9754,0.001714367
9755,0.000304779
9756,0.004245105
9757,0.007504498
9758,0.005354415
9759,0.011528931
9760,-0.00897101
9761,0.011781028
9762,-0.002495348
9763,-0.008107353
9764,-0.019720901
9765,-0.001453553
9766,-0.010001028
9767,-0.022243559
9768,0.008590476
9769,-0.002714074
9770,-0.023139678
9771,-0.037493378
9772,-0.009974737
9773,0.02040465
9774,0.029856337
9775,-0.024003539
9776,-0.013761972
9777,0.004944991
9778,0.002407588
9779,-0.002157355
9780,0.01516193
9781,0.025265962
9782,-0.02019757
9783,0.002808228
9784,-0.006659769
9785,0.053561535
9786,-0.03560748
9787,0.013173136
9788,-0.046158563
9789,-0.008476638
9790,0.0265752
9791,-0.001518497
9792,-0.004246268
9793,0.007994542
9794,0.030635273
9795,0.016067866
9796,0.012234377
9797,-0.004462028
9798,0.010559636
9799,-0.014073473
9800,0.017232388
9801,-0.003180285
9802,0.011877926
9803,-0.002541843
9804,-0.001025547
9805,0.010348642
9806,0.013050703
9807,0.065567821
9808,0.005105586
9809,0.004343294
9810,-0.004630182
9811,0.027707437
9812,-0.008021149
9813,0.002065219
9814,0.001273333
9815,0.026101466
9816,0.005197884
9817,0.020182662
9818,-0.000119158
9819,-0.008013532
9820,-0.022535156
9821,-0.014009516
9822,0.001772798
9823,-0.000532533
9824,0.01149579
9825,-0.002500824
9826,-0.023934389
9827,-0.008037194
9828,-0.017604835
9829,-0.012930286
9830,-0.006155993
9831,-0.015442294
9832,-0.057762474
9833,-0.013845518
9834,0.010865258
9835,0.001867725
9836,9.44E-05
9837,-0.000457025
9838,-0.031027598
9839,-0.021388182
9840,-0.015722184
9841,0.015161389
9842,-0.000679203
9843,-0.003495585
9844,0.001201194
9845,0.039918978
9846,0.024255043
9847,-0.027048228
9848,-0.000810154
9849,-0.022174032
9850,0.005306199
9851,-0.007534978
9852,-0.018084597
9853,-0.042021543
9854,-0.029675113
9855,0.021477351
9856,-0.02078783
9857,0.001035275
9858,-0.01222903
9859,-0.008395065
9860,-0.025594316
9861,-0.026158076
9862,0.004269948
9863,0.016503725
9864,0.002078619
9865,-0.009908322
9866,-0.024351813
9867,0.000333627
9868,0.020595446
9869,-0.000849896
9870,0.008060842
9871,0.012613764
9872,0.02220745
9873,-0.009921745
9874,-0.011874975
9875,-0.027560854
9876,0.015811769
9877,0.032194123
9878,-0.012048708
9879,-0.000381908
9880,-0.021945728
9881,-0.004212313
9882,-0.002768035
9883,0.007189428
9884,0.005857024
9885,-0.003681444
9886,-0.002680035
9887,0.009689219
9888,-0.010211241
9889,-0.012094576
9890,-0.009550525
9891,-0.004800941
9892,-0.004912306
9893,0.014325134
9894,0.001766038
9895,-0.007332165
9896,0.016542695
9897,-0.020779157
9898,-0.021465169
9899,-0.01984538
9900,-0.007682454
9901,-0.015793717
9902,0.007993062
9903,-0.00929822
9904,-0.001862458
9905,0.008713335
9906,0.015106261
9907,-0.00296216
9908,0.017934743
9909,0.030667827
9910,-0.001167042
9911,0.005242379
9912,-0.013205969
9913,0.00883079
9914,0.02326759
9915,0.014635512
9916,-0.020541025
9917,-0.015075417
9918,-0.007474153
9919,0.002560816
9920,-0.008531737
9921,0.003742625
9922,0.005097045
9923,0.00026502
9924,-0.001994929
9925,0.00187537
9926,0.00352509
9927,0.038329709
9928,0.004991137
9929,0.017911667
9930,0.05134951
9931,0.022743275
9932,0.003674197
9933,-0.034362301
9934,-0.014462625
9935,0.013231135
9936,0.009611447
9937,-0.007419221
9938,-0.049384199
9939,-0.024468997
9940,-0.003924921
9941,-0.003595286
9942,0.013975354
9943,-0.000740719
9944,0.01724432
9945,-0.004635416
9946,-0.001200758
9947,-0.010053042
9948,-0.003513624
9949,0.053154618
9950,-0.04487757
9951,-0.042475805
9952,-0.007652272
9953,0.009379933
9954,-0.001177195
9955,0.020893553
9956,0.000284155
9957,0.004178528
9958,-0.017906444
9959,-0.004605062
9960,-0.020651633
9961,0.030775996
9962,-0.0046631
9963,-0.016875232
9964,0.02083334
9965,-0.00698365
9966,-0.000817076
9967,-0.003096301
9968,-0.026260946
9969,0.027194692
9970,0.018429657
9971,0.006953638
9972,-0.016728399
9973,-0.030294368
9974,0.013162396
9975,-0.011963501
9976,0.00705137
9977,0.014849686
9978,0.019790791
9979,0.00802132
9980,-0.006430946
9981,-0.031734541
9982,-0.000751474
9983,0.004927713
9984,0.01663108
9985,0.016295454
9986,-0.021713279
9987,0.023308676
9988,-0.021222414
9989,-0.001276616
9990,-0.002363197
9991,-0.012018475
9992,-0.001528422
9993,-0.010174179
9994,-0.034696504
9995,-0.015963247
9996,0.007882956
9997,-0.04964928
9998,-0.000226578
9999,0.024711166
10000,0.000320572
10001,-0.008093917
10002,-0.046227101
10003,0.012367164
10004,-0.004130666
10005,0.014307251
10006,-0.01224553
10007,-0.005987244
10008,-0.010475177
10009,-0.00521648
10010,0.010145137
10011,
10012,
10013,0.014125434
10014,0.011128916
10015,0.01081592
10016,0.003847784
10017,-0.008874446
10018,-0.020710973
10019,0.00901984
10020,0.040972672
10021,0.008719646
10022,0.014814351
10023,-0.035012033
10024,-0.015963752
10025,0.020929841
10026,0.032917183
10027,0.007590496
10028,-0.00199657
10029,-0.001084039
10030,0.008740607
10031,-0.026380241
10032,-0.018953601
10033,-0.010055456
10034,0.011571618
10035,0.041738041
10036,0.009228777
10037,-0.003317498
10038,-0.019933924
10039,0.023280257
10040,-0.010110462
10041,0.007363337
10042,0.027861312
10043,-0.004541284
10044,-0.013187824
10045,-0.017371796
10046,0.001241211
10047,-0.039948855
10048,-0.019227905
10049,0.063657448
10050,-0.004451729
10051,-0.055693779
10052,-0.011449877
10053,0.023597818
10054,0.026839264
10055,-0.002092829
10056,-0.009706751
10057,0.015939346
10058,0.012908868
10059,2.25E-05
10060,0.006334125
10061,-0.007033148
10062,-0.005186495
10063,-0.000760039
10064,-0.002876988
10065,0.013003691
10066,0.004381504
10067,0.023005931
10068,-0.016089926
10069,0.027863758
10070,-0.00915752
10071,-0.002843195
10072,0.009423464
10073,0.009125851
10074,-0.014342661
10075,0.008565971
10076,-0.018683922
10077,0.001746021
10078,-0.001473829
10079,-0.009536879
10080,-0.014639698
10081,0.002654023
10082,-0.012668473
10083,0.010791206
10084,-0.006833919
10085,0.012762441
10086,0.007807235
10087,0.017182034
10088,-0.010320248
10089,-0.022671534
10090,-0.036912117
10091,-0.018215738
10092,-0.030495699
10093,0.013979185
10094,-0.004312497
10095,-0.022763036
10096,-0.005245247
10097,-0.008241013
10098,-0.004909285
10099,0.005274865
10100,-0.006243664
10101,0.001173057
10102,-0.003503329
10103,0.006277479
10104,0.004192842
10105,-0.013238978
10106,-0.041625004
10107,-0.005263651
10108,0.012328324
10109,0.032544486
10110,0.070315719
10111,-0.00024753
10112,-0.026783472
10113,0.00516647
10114,-0.007552859
10115,-0.007324911
10116,0.01204311
10117,0.017784715
10118,0.004069236
10119,-0.015771532
10120,-0.024838869
10121,-0.01096883
10122,-0.014796875
10123,-0.020270921
10124,0.003049589
10125,-0.006460099
10126,-0.002256582
10127,-0.011984115
10128,0.029891962
10129,0.026040539
10130,0.035824675
10131,0.012954488
10132,-0.003466902
10133,-0.022073627
10134,-0.015529582
10135,-0.011097686
10136,-0.012774705
10137,0.014058465
10138,0.009809298
10139,-0.047516137
10140,-0.004264988
10141,0.015391422
10142,0.022907043
10143,0.039688032
10144,0.010172931
10145,-0.022716809
10146,-0.016441215
10147,-0.024448011
10148,-0.013818147
10149,0.004971152
10150,0.030671032
10151,0.021434488
10152,0.021245286
10153,-0.002219378
10154,-0.003832944
10155,0.004349126
10156,0.01835593
10157,-0.009438741
10158,0.001817502
10159,-0.015273491
10160,-0.009223609
10161,-0.028435862
10162,-0.031145494
10163,-0.011407788
10164,0.008215685
10165,0.020267133
10166,0.012023876
10167,-0.004772724
10168,0.000916029
10169,0.024088182
10170,0.009550252
10171,-0.000803512
10172,-0.009774863
10173,-0.012005737
10174,0.011505505
10175,0.068443552
10176,0.002988914
10177,-0.009772612
10178,-0.020415755
10179,-0.018011142
10180,-0.007167869
10181,-0.028954659
10182,-0.047337551
10183,-0.012702497
10184,-0.003398667
10185,-0.022872424
10186,-0.064873502
10187,0.009527659
10188,0.059846964
10189,0.000902643
10190,-0.032465328
10191,-0.021651199
10192,-0.00750096
10193,0.008043708
10194,0.041780483
10195,0.025502644
10196,-0.02930492
10197,-0.011787768
10198,-0.010266639
10199,0.013138157
10200,-0.017348628
10201,-0.023325073
10202,-0.002855522
10203,0.000523431
10204,-0.020723924
10205,-0.020908374
10206,-0.022155501
10207,-0.008386887
10208,-0.01021028
10209,0.00059241
10210,-0.001319438
10211,0.01052853
10212,-0.023683894
10213,0.056863539
10214,-0.007442108
10215,-0.008931156
10216,-0.003608462
10217,-0.030937225
10218,0.000863523
10219,0.003995273
10220,0.000996644
10221,-0.022832759
10222,0.008434004
10223,0.002791131
10224,-0.011510339
10225,0.001754
10226,-0.031705189
10227,-0.018674096
10228,-0.034564376
10229,0.0150874
10230,0.00202883
10231,-0.007615909
10232,-0.002463433
10233,0.014128915
10234,0.02109151
10235,0.009243379
10236,0.028979544
10237,-0.00232337
10238,0.011263349
10239,0.022003748
10240,0.014322773
10241,0.046412099
10242,-0.005058623
10243,-0.010752782
10244,-0.025289319
10245,-0.006757197
10246,-0.005290385
10247,0.009670972
10248,-0.023978682
10249,0.002865344
10250,-0.030400289
10251,-0.01509157
10252,-0.026383338
10253,-0.025988279
10254,-0.033037592
10255,0.016297905
10256,0.007990768
10257,-0.002076983
10258,-0.007305137
10259,-0.014473713
10260,0.008500587
10261,0.002428846
10262,0.024691304
10263,0.013777129
10264,0.017726693
10265,-0.010398386
10266,-0.014444255
10267,-0.004735527
10268,-0.010845377
10269,0.02908084
10270,0.016106628
10271,0.002574438
10272,0.006358584
10273,0.01364941
10274,0.000465588
10275,-0.030252209
10276,-0.010322094
10277,-0.012693734
10278,-0.023919543
10279,-0.017562099
10280,-0.005209611
10281,0.002362413
10282,0.009025898
10283,0.010971545
10284,-0.045749377
10285,-0.021833753
10286,0.015150606
10287,-0.043213066
10288,0.012196655
10289,-0.051467232
10290,0.003515172
10291,9.29E-05
10292,0.029558355
10293,-0.009486296
10294,-0.010276251
10295,-0.009715101
10296,0.025040759
10297,0.03379323
10298,0.005816904
10299,-0.007127549
10300,-0.00139243
10301,-0.033102166
10302,-0.024032475
10303,0.02543819
10304,0.009462637
10305,-0.020866929
10306,-0.004850851
10307,0.001818625
10308,0.010741773
10309,0.004779102
10310,0.002820717
10311,-0.003124459
10312,-0.017713474
10313,-0.005420317
10314,-0.00315852
10315,-0.022656491
10316,-0.01007167
10317,-0.036123317
10318,-0.026697719
10319,-0.012825399
10320,0.003686602
10321,0.014153175
10322,-0.019589262
10323,0.005886809
10324,-0.018292572
10325,-0.019091176
10326,0.008701509
10327,0.021806557
10328,0.003752676
10329,-0.012160568
10330,-0.009937179
10331,0.020803971
10332,0.00216091
10333,0.00506985
10334,-0.002115273
10335,-0.002297447
10336,-0.007955275
10337,-0.000791778
10338,0.017807702
10339,-0.008001506
10340,-0.016691996
10341,0.008430864
10342,-0.032780748
10343,-0.008942695
10344,-0.011184185
10345,-0.010541717
10346,0.012512528
10347,-0.01520415
10348,0.011066027
10349,0.033174545
10350,0.00140959
10351,0.00417373
10352,0.002800074
10353,0.016210871
10354,0.028111162
10355,-0.000226888
10356,-0.035204168
10357,0.01104992
10358,-0.001243342
10359,0.016922517
10360,-0.018371813
10361,-0.008734331
10362,0.033341009
10363,-0.014106202
10364,-0.027324578
10365,-0.020714356
10366,-0.014956165
10367,-0.01721493
10368,0.005231373
10369,0.014785043
10370,-0.014834006
10371,0.015447079
10372,-0.005846253
10373,-0.005645155
10374,-0.032854691
10375,0.010827103
10376,0.01113202
10377,0.000518055
10378,0.001468268
10379,-0.022891
10380,-0.028738435
10381,0.001981113
10382,0.001253493
10383,-0.006611059
10384,0.01354154
10385,-0.024112308
10386,0.009088777
10387,-0.021936435
10388,0.003874865
10389,-0.007750279
10390,-0.002459267
10391,0.021556066
10392,0.009177799
10393,-0.003761981
10394,-0.039308045
10395,-0.001894757
10396,0.003434457
10397,0.02110528
10398,0.033373598
10399,-0.011191741
10400,0.015162721
10401,0.02426886
10402,0.00747767
10403,-0.001656235
10404,-0.000839392
10405,0.036191076
10406,0.011164929
10407,0.003638147
10408,0.019356381
10409,-0.029292522
10410,-0.010826938
10411,0.021345314
10412,0.002312124
10413,-0.001164075
10414,-0.059422228
10415,0.049943462
10416,0.048655003
10417,0.012029748
10418,-0.005298277
10419,-0.01056572
10420,0.009340634
10421,-0.016652059
10422,-0.016083812
10423,-0.015939057
10424,-0.031985428
10425,0.026503645
10426,0.040573072
10427,-0.000449857
10428,-0.003584089
10429,0.020584935
10430,-0.025532413
10431,0.015246806
10432,0.015486124
10433,0.023686685
10434,-0.009650705
10435,-0.040523909
10436,-0.007506832
10437,-0.030994659
10438,-0.00018424
10439,-0.002262316
10440,-0.003092473
10441,0.00727515
10442,0.023520892
10443,-0.008427798
10444,-0.056882627
10445,-0.014361753
10446,-0.015699951
10447,-0.026271893
10448,0.023460671
10449,-0.027447296
10450,0.038920991
10451,0.007551604
10452,0.001719398
10453,0.021859715
10454,0.005543373
10455,0.024341539
10456,0.046882603
10457,-0.000282594
10458,-0.014709697
10459,-0.007689272
10460,-0.014952929
10461,0.031780418
10462,0.034704577
10463,-0.002724395
10464,-0.001502031
10465,-0.01235454
10466,-0.010273796
10467,-0.027879313
10468,-0.021691449
10469,0.004972203
10470,0.003706803
10471,0.035833016
10472,-0.005933922
10473,0.010219303
10474,-0.022307804
10475,0.020863539
10476,0.001241663
10477,-0.043048851
10478,-0.005131831
10479,0.003522086
10480,0.000780723
10481,0.004524774
10482,0.009126208
10483,0.031874642
10484,-0.010437187
10485,0.001537888
10486,0.013827219
10487,0.010507093
10488,0.027071729
10489,-0.025618676
10490,-0.040287923
10491,-0.016588192
10492,0.001259561
10493,-0.004208766
10494,0.018164888
10495,-0.02056087
10496,0.016169878
10497,0.026116528
10498,0.020531932
10499,-0.007031546
10500,-0.031573724
10501,-0.014826501
10502,0.032568071
10503,0.004856154
10504,0.010224088
10505,0.024756961
10506,0.023150017
10507,0.036245037
10508,-0.01254485
10509,0.000743148
10510,0.002695271
10511,-0.0082109
10512,0.031170558
10513,0.013186774
10514,0.006963504
10515,-0.053316999
10516,0.039321344
10517,0.020289211
10518,-0.01185834
10519,-0.022295617
10520,0.001452412
10521,-0.012253607
10522,0.00609532
10523,0.008824511
10524,-0.007957982
10525,-0.006397895
10526,0.010606307
10527,0.000760298
10528,-0.016073201
10529,-0.043485366
10530,-0.015686233
10531,-0.000816422
10532,-0.01284693
10533,0.025091991
10534,-0.010381077
10535,-0.000844233
10536,0.005219053
10537,0.006263662
10538,-0.028379446
10539,0.004840235
10540,-0.004920231
10541,-0.069555171
10542,-0.011519963
10543,0.004801037
10544,0.001335057
10545,-0.006011587
10546,0.016842062
10547,-0.000874172
10548,0.018654445
10549,-0.01414773
10550,0.012704398
10551,0.034655638
10552,0.025383778
10553,-0.035907
10554,-0.022483209
10555,0.011970792
10556,0.001567301
10557,-0.005043708
10558,-0.000638488
10559,0.006360474
10560,0.025375241
10561,0.006058713
10562,0.016809156
10563,-0.020779101
10564,0.00247194
10565,-0.003205149
10566,0.012856674
10567,0.003248574
10568,-0.0118302
10569,-0.008914778
10570,0.000633692
10571,0.013492145
10572,0.010592532
10573,-0.026600277
10574,-0.025241634
10575,0.000619638
10576,-0.001960327
10577,-0.009928933
10578,-0.014983458
10579,-0.026075449
10580,0.015321155
10581,-0.012799029
10582,0.015570155
10583,0.013803813
10584,-0.008089685
10585,-0.029229876
10586,-0.018257003
10587,0.002937098
10588,0.00564381
10589,0.023685152
10590,-0.019213594
10591,-0.005650118
10592,-0.015931496
10593,-0.005071363
10594,0.017972702
10595,-0.018327203
10596,0.009534712
10597,-0.049207807
10598,-0.021582179
10599,-0.003259693
10600,-0.008929337
10601,-0.002544335
10602,-0.005734919
10603,-0.017121438
10604,-0.005544796
10605,0.012648051
10606,-0.010709212
10607,-0.007488676
10608,-0.004355715
10609,0.016010618
10610,0.010918558
10611,-0.005964844
10612,-0.025340533
10613,0.018694503
10614,-0.012890234
10615,-0.013216181
10616,-0.004921135
10617,0.01885085
10618,-0.005986487
10619,3.60E-05
10620,0.011050062
10621,0.008159375
10622,0.015702577
10623,0.006988388
10624,-0.012558433
10625,0.038178951
10626,0.000651418
10627,0.020915126
10628,0.028869556
10629,-0.033463445
10630,-0.027975187
10631,7.48E-05
10632,-0.030321147
10633,0.014097844
10634,0.005460551
10635,0.017167093
10636,0.027614634
10637,0.014044269
10638,0.020670434
10639,0.004333412
10640,-0.016421599
10641,-0.007106688
10642,-0.027776612
10643,-0.008821655
10644,0.002762504
10645,-0.001761645
10646,0.002444427
10647,0.009592277
10648,0.012148844
10649,0.024612779
10650,-0.034134649
10651,-0.050969232
10652,0.011759676
10653,0.026125029
10654,-0.009652612
10655,-0.018393209
10656,-0.014906114
10657,-0.015718577
10658,0.008153825
10659,-0.019695794
10660,-0.011031443
10661,0.008070614
10662,-0.0016326
10663,0.013386289
10664,0.006647782
10665,-0.02229408
10666,-0.004852558
10667,-0.00408829
10668,0.00351969
10669,0.013579145
10670,-0.01248133
10671,-0.012757759
10672,-0.000336826
10673,0.008509857
10674,0.006731829
10675,0.032134827
10676,-0.011822797
10677,0.016898606
10678,0.00999359
10679,-0.016847923
10680,-0.015871691
10681,-0.001938924
10682,0.018355746
10683,0.000784965
10684,0.000689801
10685,0.018841965
10686,-0.045809623
10687,-0.010480242
10688,-0.000471032
10689,0.008392082
10690,-0.019836394
10691,-0.00074343
10692,-0.000284752
10693,0.019340772
10694,0.054372065
10695,-0.017953649
10696,-0.006074771
10697,-0.031398967
10698,0.02211803
10699,-0.005554041
10700,0.034186054
10701,0.003547495
10702,0.011584283
10703,0.00582665
10704,0.005865187
10705,-0.028477527
10706,-0.004849466
10707,-0.02873636
10708,-0.023939764
10709,-0.014211742
10710,-0.009476217
10711,-0.005921696
10712,-0.019057525
10713,0.017153777
10714,-0.02275935
10715,0.006190482
10716,0.014962149
10717,0.026449626
10718,-0.002132023
10719,-0.019240024
10720,-0.003424724
10721,-0.000511428
10722,0.00852291
10723,0.048326433
10724,0.015002341
10725,0.025257815
10726,0.02605398
10727,-0.017262395
10728,0.002155425
10729,-0.038354613
10730,-0.015281796
10731,0.007161365
10732,-0.009509293
10733,-0.013686827
10734,-0.01162252
10735,-0.004510786
10736,0.026464093
10737,-0.021919392
10738,-0.010575255
10739,0.001503291
10740,-0.046515334
10741,-0.018353062
10742,0.000917505
10743,-0.036060099
10744,0.01890786
10745,0.000324598
10746,-0.055217087
10747,-0.01327002
10748,-0.035349369
10749,-0.019809341
10750,-0.005173063
10751,-0.001871617
10752,0.016243281
10753,-0.002878649
10754,0.003834287
10755,-0.045486841
10756,-0.01300391
10757,-0.041641995
10758,0.010705646
10759,0.011741088
10760,0.024745891
10761,0.017695144
10762,-0.047498953
10763,0.014610183
10764,0.005360967
10765,-0.010144475
10766,-0.013006097
10767,-0.002937946
10768,-0.011031975
10769,-0.035041858
10770,0.017337117
10771,-0.008576646
10772,-0.019949187
10773,0.009592546
10774,0.002326777
10775,0.029956751
10776,0.003842164
10777,-0.017819827
10778,-0.024922715
10779,-0.022252167
10780,-0.012470284
10781,-0.01290438
10782,0.003968427
10783,0.039445922
10784,0.047554441
10785,-0.031706218
10786,0.000798524
10787,0.029095082
10788,0.014886508
10789,0.01375725
10790,-0.003243187
10791,-0.040079512
10792,-0.015023375
10793,-0.011697778
10794,-0.057131093
10795,0.036356959
10796,-0.011102339
10797,0.006977915
10798,-0.030699842
10799,0.000378985
10800,0.042230509
10801,-0.01955574
10802,-0.029347615
10803,-0.020917919
10804,-0.052488178
10805,-0.007158935
10806,0.009528783
10807,0.030109879
10808,0.020350855
10809,-0.025124965
10810,-0.015719851
10811,0.006601976
10812,0.004687007
10813,-0.015863849
10814,-0.045845073
10815,-0.022622226
10816,0.030895986
10817,-0.019184453
10818,-0.016774449
10819,-0.017405115
10820,-0.016957954
10821,-0.036755629
10822,0.012831546
10823,0.065786183
10824,0.019240044
10825,0.02307054
10826,0.03212228
10827,-0.005643404
10828,0.022298809
10829,-0.027451193
10830,-0.018346613
10831,-0.009740809
10832,-0.021748442
10833,-0.032772541
10834,-0.005532605
10835,0.027595015
10836,0.010919105
10837,-0.02230335
10838,0.021690704
10839,0.000713508
10840,0.000683584
10841,0.007043409
10842,-0.024384841
10843,-0.026662888
10844,-0.03239166
10845,-0.008696038
10846,-0.000816695
10847,0.004435185
10848,0.011850764
10849,0.031074392
10850,0.008796474
10851,0.025159564
10852,-0.020229973
10853,-0.008704711
10854,0.022648228
10855,-0.03457839
10856,-0.039767638
10857,-0.015029605
10858,0.01130252
10859,-0.004169059
10860,0.011061921
10861,-0.019441642
10862,-0.005026789
10863,-0.005708032
10864,-0.015695466
10865,0.012042774
10866,-0.007996951
10867,-0.0075556
10868,-0.00377259
10869,0.017283935
10870,0.012405965
10871,0.027678417
10872,0.003282291
10873,0.004038049
10874,-0.018444296
10875,-0.014022996
10876,0.001580023
10877,-0.006658948
10878,0.019750528
10879,0.011985871
10880,0.003952589
10881,-0.027976522
10882,0.0251013
10883,0.003909633
10884,0.001192265
10885,-0.016361624
10886,-0.015980404
10887,-0.004210879
10888,-0.006592054
10889,-0.010817563
10890,-0.038419548
10891,-0.003820878
10892,0.000683614
10893,-0.040102329
10894,-0.014827838
10895,-0.032701619
10896,0.004450189
10897,-0.00066486
10898,0.004240036
10899,0.013160009
10900,0.018749047
10901,-0.005147307
10902,-0.017274115
10903,-0.024684379
10904,0.008156542
10905,0.017299822
10906,-0.015069427
10907,-0.01669069
10908,-0.014496091
10909,-0.009005215
10910,-0.050433364
10911,-0.018582167
10912,0.009474776
10913,-0.005252765
10914,0.02076564
10915,-0.0101921
10916,-0.002221019
10917,-0.008103493
10918,0.017017405
10919,-0.015697747
10920,-0.016445447
10921,-0.008376557
10922,-0.018524984
10923,0.012457365
10924,0.01328446
10925,-0.022226442
10926,-0.035422225
10927,-0.004953405
10928,-0.005991415
10929,0.01849705
10930,0.033294544
10931,0.012373047
10932,0.010117999
10933,-0.023458695
10934,0.000583071
10935,-0.040626429
10936,-0.010027495
10937,-9.78E-05
10938,0.010693773
10939,-0.018361093
10940,-0.010254738
10941,0.003666892
10942,-0.004576836
10943,0.059122995
10944,0.031519283
10945,-0.024678716
10946,0.008250671
10947,0.00581336
10948,0.008325822
10949,0.005123226
10950,-0.003584528
10951,-0.025949042
10952,0.016696231
10953,-0.012757814
10954,-0.01074878
10955,0.000155457
10956,0.043728184
10957,0.029254774
10958,0.024149273
10959,0.016503716
10960,0.009852891
10961,0.002416914
10962,0.000602954
10963,-0.013158374
10964,-0.010857398
10965,0.001903456
10966,0.012353706
10967,0.006490728
10968,0.017440334
10969,-0.020335037
10970,-0.010542658
10971,0.012779881
10972,-0.032724109
10973,-0.003536665
10974,-0.003410789
10975,-0.025995623
10976,0.008220912
10977,0.010357865
10978,0.011297951
10979,0.007101804
10980,0.02525148
10981,0.028876858
10982,0.042645089
10983,0.043866958
10984,0.011584349
10985,0.010723668
10986,-0.03338369
10987,0.018753693
10988,0.003996102
10989,0.005297076
10990,-0.000689631
10991,-0.031164145
10992,-0.03319139
10993,0.000220129
10994,0.002382217
10995,0.003767314
10996,0.002786953
10997,0.009106842
10998,-0.042047143
10999,-0.001295556
11000,0.006673353
11001,-0.005905556
11002,0.000183942
11003,0.008871727
11004,0.013971502
11005,0.019589461
11006,-0.015722092
11007,0.042986486
11008,-0.019038182
11009,0.036603298
11010,0.002683727
11011,-0.01737475
11012,0.018442316
11013,0.014651517
11014,-0.001554045
11015,0.025931377
11016,0.055423889
11017,0.023454113
11018,-0.00647921
11019,0.000906476
11020,-0.013012628
11021,0.001742337
11022,0.001134803
11023,0.018360652
11024,-0.001616392
11025,-0.028716965
11026,-0.009610511
11027,-0.005720154
11028,-0.012657629
11029,0.007644785
11030,0.00972766
11031,-0.004334274
11032,0.002709741
11033,-0.042781718
11034,-0.021683846
11035,0.051110756
11036,0.035170738
11037,0.008659305
11038,0.004235071
11039,0.012710445
11040,-0.016289046
11041,-0.002433985
11042,0.032748561
11043,-0.005275247
11044,0.049433317
11045,-0.003010331
11046,-0.009090357
11047,0.014795479
11048,0.017496105
11049,0.002105888
11050,-0.00892962
11051,-0.001557421
11052,-0.031259362
11053,0.00053919
11054,-0.018185042
11055,-0.001902342
11056,0.017817013
11057,-0.006486563
11058,-0.007910245
11059,-0.020738563
11060,0.004922944
11061,-0.01410614
11062,-0.017371638
11063,-0.006982862
11064,-0.007512067
11065,0.013797908
11066,0.011678196
11067,-0.003729953
11068,0.004297781
11069,-0.011779328
11070,-0.037865445
11071,-0.008539118
11072,0.003172844
11073,-0.005859653
11074,-0.005661697
11075,0.005996681
11076,-0.050171159
11077,-0.014654668
11078,-0.026120896
11079,0.001036987
11080,0.001686531
11081,-0.001598191
11082,0.002049913
11083,-0.001152249
11084,0.02145269
11085,-0.048782606
11086,-0.013343915
11087,-0.051610675
11088,0.011361752
11089,-0.000795976
11090,0.028484857
11091,0.002891687
11092,-0.020841759
11093,-0.009475361
11094,0.019846622
11095,0.038028192
11096,0.004593513
11097,-0.00463983
11098,-0.034837272
11099,-0.013802815
11100,-0.007384135
11101,0.011301062
11102,-0.017441368
11103,-0.031260826
11104,-0.014901697
11105,-0.007761356
11106,-0.02484546
11107,-0.013747947
11108,-0.000511563
11109,0.00580943
11110,0.000785772
11111,-0.000925596
11112,0.012572889
11113,-0.013379055
11114,-0.019503366
11115,-0.009076974
11116,0.009903533
11117,-0.034868594
11118,-0.027047904
11119,0.004843967
11120,0.010114934
11121,0.002853873
11122,-0.017507337
11123,-0.033721324
11124,0.001506468
11125,-0.009886058
11126,0.000215802
11127,0.004337036
11128,0.016248655
11129,0.014362859
11130,-0.000824982
11131,0.011324235
11132,0.005324695
11133,0.002949853
11134,0.012871212
11135,-0.006599056
11136,0.027800407
11137,-0.010829772
11138,-0.009635235
11139,-0.026393218
11140,-0.016623592
11141,0.001329308
11142,-0.002487131
11143,0.007675186
11144,0.000556962
11145,-0.001355545
11146,0.001315178
11147,0.022015339
11148,-0.000986169
11149,0.00990364
11150,0.008324753
11151,0.030952156
11152,0.009865113
11153,-0.003051776
11154,0.000257654
11155,-0.000842422
11156,-0.010874067
11157,-0.040191639
11158,-0.033114526
11159,-0.033272576
11160,0.01873086
11161,-0.030736858
11162,-0.010756404
11163,0.053085253
11164,0.015925812
11165,0.015508586
11166,-0.002709822
11167,-0.004992145
11168,0.010700037
11169,-0.025331838
11170,-0.001265274
11171,0.033427868
11172,0.030471148
11173,0.014004702
11174,0.01432267
11175,0.003540558
11176,-0.008851987
11177,-0.004057462
11178,-0.050543938
11179,0.003115622
11180,-0.003798846
11181,0.019340118
11182,-0.003327048
11183,-0.00998009
11184,-0.013569875
11185,0.010546363
11186,-0.026865328
11187,0.006126908
11188,-0.005027567
11189,0.013028051
11190,0.009659034
11191,0.035877053
11192,-0.021217506
11193,-0.03667222
11194,-0.012076689
11195,0.035651207
11196,0.035839908
11197,-0.009217539
11198,-0.016725477
11199,-0.039605811
11200,-0.008460397
11201,-0.006448037
11202,-0.020763883
11203,0.000787012
11204,-0.018785695
11205,0.000396353
11206,-0.00568865
11207,0.001325974
11208,0.018183621
11209,0.031949449
11210,-0.009961325
11211,-0.04041655
11212,-0.009642169
11213,-0.011477162
11214,0.000260996
11215,2.80E-05
11216,-0.003737579
11217,-0.002265688
11218,-0.013376466
11219,0.025009668
11220,0.013555626
11221,-0.004565353
11222,-0.003013974
11223,0.001564675
11224,-0.007476634
11225,0.014267475
11226,0.038396142
11227,0.000720826
11228,-0.010090224
11229,0.008307086
11230,-0.031523392
11231,0.001930899
11232,-0.00897102
11233,-0.001374324
11234,-0.012557342
11235,-0.012501236
11236,0.005389661
11237,0.012427024
11238,-0.001737589
11239,0.018134916
11240,-0.01295726
11241,-0.009018031
11242,0.008623159
11243,-0.023298411
11244,-0.060001642
11245,0.026181716
11246,-0.006726179
11247,-0.00472137
11248,-0.022143032
11249,-0.007270957
11250,0.013700196
11251,0.023493344
11252,0.01325462
11253,-0.026833763
11254,-0.007671031
11255,0.00588833
11256,0.012281082
11257,-0.02373735
11258,0.008069141
11259,0.009005053
11260,-0.00938934
11261,0.013041923
11262,
11263,
11264,-0.007837121
11265,-0.009986198
11266,-0.017585844
11267,-0.034994148
11268,0.018310107
11269,-0.010541907
11270,-0.014854996
11271,0.061808307
11272,0.024255378
11273,-0.033533283
11274,0.034684043
11275,0.015412046
11276,0.004860399
11277,-0.008720728
11278,0.007952979
11279,-0.006862007
11280,-0.058528643
11281,-0.006795082
11282,0.00084936
11283,0.014850944
11284,0.011435063
11285,-0.023402341
11286,0.000253708
11287,-0.014526807
11288,0.061259348
11289,-0.020845108
11290,-0.001152985
11291,-0.008490751
11292,-0.009457852
11293,-0.020793781
11294,0.029026106
11295,0.0271316
11296,-0.017877331
11297,-0.002243771
11298,-0.011990665
11299,-0.006955995
11300,0.004646354
11301,-0.001340819
11302,-0.010448721
11303,0.002958095
11304,-0.017213609
11305,0.004700026
11306,-0.010747834
11307,-0.023962343
11308,-0.007016492
11309,-0.001531446
11310,-0.005151321
11311,0.012651232
11312,0.009906005
11313,0.046347752
11314,0.008362263
11315,0.004114387
11316,-0.002086298
11317,0.012017667
11318,0.007022089
11319,0.038749658
11320,0.028464971
11321,0.014408606
11322,-0.008014407
11323,-0.018521683
11324,-0.007038598
11325,-0.004177209
11326,-0.003722303
11327,0.020690063
11328,0.006959603
11329,6.00E-05
11330,-0.009581588
11331,-0.008875343
11332,-0.023996726
11333,-0.036929514
11334,0.002060172
11335,-0.004602952
11336,0.004613517
11337,0.016657405
11338,-0.0095018
11339,-0.013264347
11340,-0.002888088
11341,0.014637487
11342,0.031510659
11343,0.001075109
11344,0.009338956
11345,-0.029312028
11346,-0.007718713
11347,-0.011299225
11348,-0.032313798
11349,0.00254669
11350,0.021093747
11351,-0.015730577
11352,0.015859073
11353,0.023186235
11354,-0.008147532
11355,-0.014571508
11356,0.007370302
11357,0.020675022
11358,0.006499246
11359,-0.005904963
11360,-0.003643214
11361,-0.001343783
11362,-0.000109314
11363,0.007317768
11364,0.008674936
11365,0.059165251
11366,0.010576229
11367,0.017455097
11368,-0.004898238
11369,-0.000328712
11370,0.000408186
11371,-0.019768126
11372,-0.04049347
11373,-0.021885203
11374,0.006106584
11375,0.054191679
11376,0.003522972
11377,-0.014375384
11378,-0.003739567
11379,0.007006218
11380,0.013070367
11381,0.009757169
11382,-0.002679638
11383,-0.012638886
11384,-0.025711453
11385,-0.002693143
11386,-0.037987933
11387,-0.024750577
11388,-0.004224222
11389,0.016785573
11390,0.007330005
11391,0.013041292
11392,-0.011067431
11393,-0.02267768
11394,0.009148161
11395,0.006408136
11396,-0.003356745
11397,0.019209001
11398,-0.014496357
11399,-0.001582699
11400,0.020879857
11401,0.006188154
11402,-0.015640708
11403,-0.000367438
11404,0.008113153
11405,0.011845958
11406,0.006025659
11407,0.006785928
11408,-0.008797573
11409,0.024996582
11410,0.005080578
11411,0.013193121
11412,0.004069389
11413,-0.026442204
11414,-0.000357761
11415,0.012708299
11416,-0.028880034
11417,-0.010242436
11418,-0.021498354
11419,0.027724421
11420,0.028086603
11421,-0.001908912
11422,-0.021122413
11423,-0.006539963
11424,-0.03572765
11425,0.009187108
11426,0.033975847
11427,0.001486654
11428,-0.023549134
11429,-0.004542003
11430,-0.005424477
11431,-0.01319824
11432,0.00121446
11433,0.031292953
11434,-0.011046263
11435,0.029566027
11436,-0.014036032
11437,-0.017705439
11438,-0.010307152
11439,-0.001435042
11440,0.03807091
11441,0.01874773
11442,-0.010049782
11443,-0.00255576
11444,-0.025548268
11445,-0.027596621
11446,0.001671734
11447,0.023810107
11448,-0.016047234
11449,0.010408701
11450,0.004330344
11451,-0.017150685
11452,0.012387035
11453,-0.002425501
11454,-0.004387944
11455,-0.003410643
11456,0.010553274
11457,-0.013259412
11458,0.009269239
11459,-0.006809952
11460,-0.004434889
11461,0.029596159
11462,-0.006344284
11463,-0.005194923
11464,-0.005537895
11465,0.012141999
11466,0.007192573
11467,0.001686499
11468,0.024511749
11469,0.007619114
11470,0.000684555
11471,-0.008954384
11472,-0.015947528
11473,-0.027128963
11474,-0.012776608
11475,0.009450125
11476,-0.020070421
11477,-0.008411605
11478,-0.029510694
11479,0.012360029
11480,0.023937214
11481,0.012854879
11482,0.008533964
11483,-0.020698866
11484,0.02152996
11485,-0.00427632
11486,0.022258809
11487,-0.01943467
11488,0.01368667
11489,0.001836828
11490,0.022644684
11491,-0.010236748
11492,0.010768098
11493,-0.023024125
11494,-0.004085081
11495,0.012917815
11496,0.019985408
11497,0.040429842
11498,-0.007676586
11499,-0.014233792
11500,-0.02826274
11501,0.015985219
11502,0.011443282
11503,-0.006622403
11504,-0.012154799
11505,-0.049119104
11506,-0.009940199
11507,0.002874788
11508,0.015511924
11509,0.036665834
11510,0.002339567
11511,-0.00208327
11512,-0.028668143
11513,-0.014507985
11514,-0.020409634
11515,0.027790252
11516,0.022017162
11517,0.018195972
11518,-0.008108146
11519,-0.014606975
11520,0.000463364
11521,0.015558694
11522,0.008597886
11523,-0.022652481
11524,0.001288948
11525,-0.025812913
11526,-0.033530857
11527,0.003094482
11528,-0.004163636
11529,-0.0093667
11530,-0.004491164
11531,0.014902594
11532,0.001534249
11533,0.008532601
11534,-0.005343364
11535,0.011000107
11536,-0.008217601
11537,-0.012021608
11538,-0.029911231
11539,0.014743661
11540,-0.00400875
11541,0.00221947
11542,0.029860063
11543,0.018579667
11544,0.004372448
11545,-0.001452236
11546,0.00512277
11547,-0.034623455
11548,-0.036957107
11549,-0.027790576
11550,-0.049968295
11551,0.031773489
11552,0.003295698
11553,0.013834544
11554,0.017579133
11555,-0.010178603
11556,-0.019598752
11557,0.003097111
11558,-0.010239915
11559,-0.015310938
11560,-0.019058637
11561,-0.014131769
11562,-0.00660496
11563,0.046154268
11564,0.018311722
11565,0.012410861
11566,0.015023551
11567,0.012856481
11568,-0.007643559
11569,0.017579691
11570,0.058074761
11571,-0.018152079
11572,-0.023399074
11573,-0.017737951
11574,-0.027237764
11575,-0.017966323
11576,-0.032900341
11577,-0.004589552
11578,-0.025663277
11579,-0.029328449
11580,-0.0164294
11581,0.011270458
11582,-0.000248598
11583,0.003688808
11584,0.000850117
11585,-0.00441007
11586,0.005974652
11587,-0.043036435
11588,0.014646366
11589,0.00893583
11590,0.003507793
11591,0.005353128
11592,-0.015723614
11593,0.009512539
11594,0.028660601
11595,0.005505404
11596,-0.006395746
11597,-0.043698166
11598,-0.017158289
11599,0.030184338
11600,0.019716686
11601,0.008722816
11602,-0.002776314
11603,-0.007214134
11604,-0.028029868
11605,-0.011538129
11606,0.020227091
11607,0.032491662
11608,-0.002472818
11609,-0.011555714
11610,-0.007365446
11611,-0.008690765
11612,0.004008272
11613,-0.009819787
11614,-0.016805314
11615,0.058461931
11616,-0.020637969
11617,0.011250741
11618,0.003944861
11619,0.008605828
11620,-0.010489273
11621,0.014282963
11622,-0.003325157
11623,0.011263741
11624,0.010872955
11625,0.026349902
11626,0.006338073
11627,0.021262607
11628,0.016029844
11629,-0.00797636
11630,-0.005222398
11631,-0.00944921
11632,-0.041581996
11633,-0.010327482
11634,-0.04629891
11635,-0.014987476
11636,-0.018261701
11637,0.021039965
11638,0.042186514
11639,-0.002528912
11640,0.012757567
11641,0.000266965
11642,0.022910489
11643,-0.011876767
11644,-0.019565091
11645,0.008647344
11646,0.03704486
11647,0.00859268
11648,0.027460001
11649,0.004383836
11650,0.030497419
11651,0.003654887
11652,0.012573919
11653,0.012501357
11654,-0.013791953
11655,0.028613741
11656,0.020923149
11657,-0.0044297
11658,0.005754886
11659,0.0287221
11660,0.035868183
11661,0.032433845
11662,0.014496132
11663,-0.005510847
11664,-0.032445416
11665,0.010362003
11666,0.040883318
11667,0.018833235
11668,0.014525055
11669,2.80E-05
11670,0.009226064
11671,0.000674372
11672,-0.059120324
11673,-0.025028808
11674,-0.001560626
11675,-0.018902253
11676,0.022240616
11677,0.023330038
11678,-0.00303109
11679,0.000226454
11680,-0.000586003
11681,-0.027335269
11682,-0.002741687
11683,-0.004014886
11684,-0.012541579
11685,-0.00815121
11686,-0.032748505
11687,-0.015347199
11688,-0.019392872
11689,-0.0267705
11690,-0.013720085
11691,0.008901731
11692,-0.000782264
11693,0.00900872
11694,-0.014307142
11695,0.005799404
11696,0.009870637
11697,-0.028045425
11698,-0.023300173
11699,-0.00441179
11700,0.036139563
11701,0.011390803
11702,0.001589372
11703,0.018823439
11704,-0.028715173
11705,-0.019481378
11706,-0.006082851
11707,0.001798442
11708,-0.011138715
11709,-0.018048435
11710,-0.050982431
11711,-9.96E-05
11712,-0.01291057
11713,0.00013787
11714,0.025891474
11715,-0.013828744
11716,-0.007132487
11717,-0.000899938
11718,0.021697529
11719,0.010323584
11720,-0.010602588
11721,0.008273747
11722,0.05145238
11723,-0.00326003
11724,-0.034049649
11725,0.008341326
11726,-0.032714188
11727,0.013764504
11728,-0.020254582
11729,-0.006088468
11730,-0.025535962
11731,-0.020074271
11732,0.035268497
11733,0.017801737
11734,0.015315815
11735,0.00296231
11736,0.007088835
11737,0.013920329
11738,0.018150963
11739,-0.001280711
11740,-0.002989556
11741,-0.015709523
11742,-0.020589132
11743,-0.00946725
11744,-0.020900652
11745,-0.034079209
11746,0.010379271
11747,0.010490107
11748,0.007089272
11749,0.031408794
11750,0.00306012
11751,0.002112461
11752,-0.042811818
11753,-0.017835101
11754,0.000899885
11755,-0.001124156
11756,0.036585804
11757,0.004396001
11758,-0.033910017
11759,-0.006178799
11760,-0.041617271
11761,-0.006295494
11762,-0.016426146
11763,0.020701693
11764,0.030708978
11765,0.04456329
11766,-0.006950285
11767,-0.013540567
11768,0.017387237
11769,0.022711299
11770,-0.005063339
11771,0.014089208
11772,-0.01485234
11773,0.007827668
11774,-0.01237045
11775,0.019706888
11776,0.026332393
11777,0.009987054
11778,0.011687593
11779,-0.027917398
11780,0.007266168
11781,-0.014625498
11782,0.001804927
11783,0.00899339
11784,0.00200947
11785,-0.035317115
11786,0.014642604
11787,-0.003198061
11788,-0.006411307
11789,0.007588514
11790,0.001050632
11791,0.003072553
11792,0.007886702
11793,0.031302959
11794,-0.020637959
11795,-0.013194022
11796,-0.025986575
11797,-0.01379698
11798,0.039697062
11799,0.022776358
11800,-0.001536953
11801,-0.013472905
11802,0.005634551
11803,0.028050715
11804,-0.035413593
11805,0.001989856
11806,0.011337384
11807,0.005610719
11808,-0.002009581
11809,0.018249635
11810,0.000574193
11811,-0.011047232
11812,-0.017895358
11813,-0.025760701
11814,-0.013384839
11815,0.022815844
11816,0.013367321
11817,-0.016264457
11818,0.027897622
11819,-0.004658904
11820,0.004048702
11821,0.004997635
11822,0.004829402
11823,0.004496559
11824,0.027413443
11825,0.029939394
11826,0.012987635
11827,-0.031313084
11828,-0.034168955
11829,-0.013208933
11830,0.012524525
11831,0.013134705
11832,0.037850466
11833,0.001434558
11834,-0.057723258
11835,-0.034024056
11836,0.014050286
11837,0.006932605
11838,0.009289474
11839,0.008602902
11840,0.006078188
11841,-0.00130727
11842,-0.005751763
11843,0.002292478
11844,-0.014952263
11845,-0.004296453
11846,0.000855411
11847,0.026992016
11848,0.024706488
11849,0.016071456
11850,0.01425813
11851,-0.016833454
11852,-0.015102922
11853,-0.000227022
11854,-0.009921894
11855,-0.004588568
11856,0.003141363
11857,-0.017345393
11858,-0.01888415
11859,-0.004332792
11860,0.037061632
11861,0.005750245
11862,-0.026848355
11863,-0.013791537
11864,-0.006817034
11865,0.004180095
11866,0.016281862
11867,0.020900754
11868,0.043784291
11869,-0.031158527
11870,-0.001725626
11871,-0.014314488
11872,-0.000995021
11873,-0.011501317
11874,-0.062617384
11875,-0.026206186
11876,0.020577354
11877,-0.005811703
11878,-0.000371675
11879,0.014932653
11880,-0.009720805
11881,-0.017320603
11882,0.043186869
11883,0.006137843
11884,0.007574899
11885,0.000801386
11886,-0.008243347
11887,-0.016273573
11888,-0.020991836
11889,-0.002449177
11890,-0.003594552
11891,-0.01135076
11892,-0.001932784
11893,-0.001233429
11894,-0.008072752
11895,0.005648486
11896,-0.002347956
11897,-0.027414238
11898,-0.008160778
11899,0.007567556
11900,0.001060308
11901,-0.002316067
11902,0.013102472
11903,0.008571356
11904,0.017955396
11905,0.004065199
11906,-0.006592019
11907,0.024723615
11908,-0.005382526
11909,-0.03475612
11910,-0.020293498
11911,-0.025632745
11912,7.09E-05
11913,0.001573678
11914,-0.01043567
11915,-0.056682721
11916,0.02037248
11917,0.002287718
11918,-0.001663799
11919,-0.024157617
11920,0.004148839
11921,-0.017287765
11922,-0.002636621
11923,0.010406236
11924,-0.008913625
11925,-0.000327994
11926,-0.017515782
11927,-0.008557918
11928,-0.002412053
11929,-0.018733373
11930,0.000447863
11931,0.009057879
11932,0.004597003
11933,0.021668412
11934,0.002103148
11935,0.02928045
11936,0.014465741
11937,-0.017211474
11938,-0.007443788
11939,0.055634592
11940,-0.014450341
11941,-0.007687435
11942,0.002046449
11943,0.012989704
11944,-0.027353909
11945,-0.007449298
11946,-0.007297927
11947,-0.026640698
11948,0.002012502
11949,0.001833974
11950,-0.045663331
11951,0.023776209
11952,-0.001469218
11953,-0.012926901
11954,-0.011948233
11955,0.005295112
11956,0.007138547
11957,0.039229181
11958,0.015261902
11959,0.031293109
11960,-0.003576174
11961,-0.015100624
11962,0.008213241
11963,0.023719436
11964,-0.006104192
11965,-0.002266549
11966,-0.029206591
11967,-0.016557772
11968,-0.024301263
11969,0.031237263
11970,0.004310792
11971,0.020072578
11972,0.004733345
11973,0.0076856
11974,-0.028426107
11975,-0.006707662
11976,-0.003354428
11977,0.020884158
11978,0.034802269
11979,0.042645808
11980,0.048270624
11981,-0.012501501
11982,-0.041756336
11983,-0.017118249
11984,0.00819884
11985,-0.003355344
11986,-0.015972991
11987,-0.010194272
11988,0.019037366
11989,0.078309722
11990,-0.013398917
11991,-0.030682657
11992,0.021365555
11993,0.035680193
11994,-0.001883542
11995,-0.000384711
11996,-0.025474396
11997,-0.004903973
11998,-0.027303409
11999,-0.030200085
12000,-0.013029588
12001,0.026056664
12002,-0.017279733
12003,0.071924113
12004,-0.007882481
12005,0.01682183
12006,-0.005432194
12007,0.013355389
12008,0.016260711
12009,0.015967911
12010,0.013445638
12011,-0.001319141
12012,-0.007028655
12013,0.020537464
12014,0.000487146
12015,-0.008190067
12016,0.028010543
12017,0.010027774
12018,-0.002838584
12019,-0.00998876
12020,0.00132937
12021,0.003369278
12022,0.017860744
12023,0.007296004
12024,-0.012730951
12025,0.012856865
12026,0.026626663
12027,-0.015143667
12028,0.047540139
12029,0.007696058
12030,-0.032941539
12031,0.001749828
12032,0.005092345
12033,0.025983632
12034,-0.008161387
12035,-0.010651732
12036,-0.006572175
12037,-0.02505457
12038,0.031323262
12039,0.022519208
12040,0.013469406
12041,0.002226301
12042,-0.005648864
12043,-0.022948887
12044,-0.037913971
12045,-0.031347018
12046,0.011997479
12047,0.004733834
12048,-0.007657274
12049,-0.001176003
12050,-0.011419971
12051,-0.002332417
12052,-0.022450535
12053,-0.007042343
12054,0.024950901
12055,-0.01163962
12056,-0.001978436
12057,-0.00291395
12058,-0.012302552
12059,-0.006408831
12060,-0.007186482
12061,0.005435492
12062,0.006872031
12063,-0.013220531
12064,-0.028518884
12065,0.032671593
12066,-0.00368907
12067,0.005196786
12068,-0.000971252
12069,0.015881162
12070,-0.018708499
12071,0.006758509
12072,0.006749481
12073,0.023172449
12074,0.024154855
12075,-0.007108554
12076,0.00183947
12077,-0.047389731
12078,-0.023636164
12079,-0.01260258
12080,0.025797807
12081,-0.017259032
12082,0.020564524
12083,0.006784416
12084,-0.012894159
12085,0.01300386
12086,0.027824488
12087,-0.018465973
12088,0.004543426
12089,0.017782379
12090,0.022897521
12091,0.02270047
12092,0.005830782
12093,-0.025402823
12094,-0.017592907
12095,0.024198439
12096,0.021140136
12097,0.006863753
12098,-0.018236356
12099,-0.004368514
12100,-0.01390691
12101,-0.020477088
12102,-0.006332663
12103,-0.020863932
12104,0.016156921
12105,0.013817981
12106,-0.003204818
12107,0.016949428
12108,0.000223016
12109,-0.034843322
12110,0.003870009
12111,0.03926507
12112,0.021802548
12113,0.022986693
12114,0.026177369
12115,-0.018975522
12116,0.025856724
12117,0.012122787
12118,0.035755102
12119,0.00426329
12120,0.008513307
12121,-0.008170427
12122,0.010663209
12123,-0.013290915
12124,0.005981121
12125,0.008656705
12126,0.00433062
12127,0.000659422
12128,0.013108971
12129,0.002756862
12130,-0.005906823
12131,0.023140136
12132,0.019628789
12133,0.006639719
12134,-0.00374627
12135,0.005081954
12136,-0.019810837
12137,-0.002105905
12138,-0.038161218
12139,-0.028431015
12140,-0.014716425
12141,0.015739167
12142,0.008636842
12143,0.005339053
12144,-0.002167039
12145,0.005462585
12146,-0.004033667
12147,-0.018952338
12148,-0.016373631
12149,-0.004901948
12150,-0.002240215
12151,-0.015083711
12152,-0.001374016
12153,0.017068198
12154,-0.008434993
12155,0.00311386
12156,0.019371362
12157,0.006329847
12158,-0.000992798
12159,0.00187023
12160,0.053029928
12161,0.008634258
12162,-0.008422471
12163,-0.041575652
12164,0.004074796
12165,0.013039508
12166,0.006240185
12167,0.000688753
12168,-0.004812948
12169,-0.001543632
12170,0.028128216
12171,-0.018178197
12172,0.006630537
12173,0.025590848
12174,0.000247136
12175,-0.008082828
12176,0.010082019
12177,-0.00950495
12178,0.005725148
12179,0.002632495
12180,0.010774778
12181,0.006374995
12182,0.04863815
12183,0.044073109
12184,-0.016156526
12185,-0.002753035
12186,0.013145847
12187,0.031733926
12188,-0.005233319
12189,-0.023724152
12190,-0.023395931
12191,-0.039844427
12192,-0.004696037
12193,-0.021958593
12194,-0.029249923
12195,0.057091866
12196,0.017664723
12197,-0.024986962
12198,-0.007050559
12199,0.010487029
12200,-0.009171095
12201,0.022031754
12202,-0.011692996
12203,-0.000734524
12204,0.022002164
12205,-0.007040048
12206,0.020661365
12207,0.002455
12208,0.017841065
12209,0.031068616
12210,-0.012516918
12211,0.017731011
12212,-0.005750231
12213,0.002331668
12214,-0.003831475
12215,-0.02259339
12216,0.0041019
12217,0.008215422
12218,0.010847641
12219,0.045963585
12220,0.002590767
12221,-0.034104969
12222,-0.019579183
12223,-0.037929948
12224,0.029407134
12225,0.034737539
12226,-0.009009185
12227,0.025124228
12228,0.00477935
12229,-0.020463182
12230,-0.000563444
12231,0.008570967
12232,-0.011554903
12233,0.004081727
12234,0.018091632
12235,0.003055329
12236,-0.00397493
12237,-0.000797153
12238,-0.015482882
12239,-0.01543365
12240,-0.002666637
12241,0.007616168
12242,0.023193398
12243,0.018018786
12244,0.030617122
12245,0.010537399
12246,-0.032586586
12247,-0.013778496
12248,-0.000838185
12249,-0.01930788
12250,0.000482884
12251,0.007827296
12252,-0.006432767
12253,0.017298693
12254,0.022818768
12255,0.022394074
12256,-0.008449401
12257,0.01538464
12258,0.017951835
12259,0.000950803
12260,0.003787772
12261,0.011663785
12262,0.0342343
12263,0.005831029
12264,-0.010555571
12265,-0.015428293
12266,0.014655538
12267,0.012564528
12268,0.029605575
12269,-0.0007973
12270,-1.47E-05
12271,0.019050619
12272,-0.020180203
12273,-0.006521934
12274,0.011188875
12275,0.031266466
12276,0.016474565
12277,-0.002574597
12278,-0.007725341
12279,0.015929349
12280,0.018964073
12281,0.015528452
12282,-0.023163835
12283,-0.037970982
12284,-0.013415736
12285,0.004006405
12286,-0.018224757
12287,0.005574006
12288,-0.014660642
12289,-0.015535329
12290,0.008800197
12291,0.001435498
12292,0.009325935
12293,0.011868567
12294,0.027312482
12295,-0.016681101
12296,-0.01209804
12297,-0.005732719
12298,0.013134514
12299,-0.004541134
12300,0.027362952
12301,-0.00039896
12302,0.004108534
12303,-0.009153912
12304,-0.041125696
12305,-0.044241134
12306,-0.001364207
12307,0.00685373
12308,-0.035968956
12309,-0.011454195
12310,-0.008470245
12311,0.005365244
12312,0.046821062
12313,0.011203115
12314,-0.002249629
12315,-0.015274081
12316,0.004141228
12317,0.006144701
12318,0.02544577
12319,0.020472372
12320,0.020347901
12321,0.009339062
12322,-0.009382831
12323,0.000925663
12324,0.016742362
12325,-0.013131479
12326,0.004265866
12327,0.007610408
12328,0.019238262
12329,0.029475048
12330,0.002949775
12331,-0.020038396
12332,-0.010631398
12333,-0.001706151
12334,-0.008209037
12335,0.008475346
12336,0.027226817
12337,0.003967691
12338,0.020582872
12339,0.004714523
12340,-0.001979642
12341,-0.034341406
12342,-0.01170278
12343,0.004639735
12344,-0.007723793
12345,0.005442412
12346,0.019556245
12347,0.019189989
12348,-0.043967653
12349,-0.008802963
12350,-0.014490609
12351,-0.038379069
12352,-0.015527829
12353,-0.001846846
12354,-0.047682509
12355,-0.004967188
12356,0.010417893
12357,0.049825333
12358,0.017968938
12359,-0.010026098
12360,0.01206568
12361,0.013755592
12362,0.007872265
12363,0.026579883
12364,0.00042293
12365,0.000835152
12366,-0.003948841
12367,0.013450918
12368,-0.010658769
12369,-0.015170606
12370,0.019174015
12371,0.001959727
12372,0.00075265
12373,0.01367582
12374,-0.004538537
12375,0.015646154
12376,0.002066316
12377,-0.002451263
12378,-0.019412173
12379,0.021286516
12380,0.000453397
12381,0.037018262
12382,0.017458444
12383,0.027396796
12384,-0.012108471
12385,-0.005702424
12386,0.005957212
12387,0.011430398
12388,-0.006035296
12389,0.035103384
12390,-0.001132828
12391,-0.010860256
12392,0.00090497
12393,-0.012526529
12394,-0.005035958
12395,0.02491278
12396,0.013158137
12397,-0.008746369
12398,-0.026256517
12399,-0.020734984
12400,-0.020229718
12401,0.019443106
12402,0.007421339
12403,-0.006112557
12404,0.005023652
12405,-0.006426868
12406,0.001879875
12407,0.005071949
12408,0.011382508
12409,-0.013449954
12410,0.005465071
12411,-0.002634569
12412,0.056154434
12413,0.019347986
12414,0.016296782
12415,0.004025315
12416,0.007438416
12417,0.002692149
12418,-0.011003477
12419,0.001645167
12420,-0.003044734
12421,-0.004502099
12422,0.04005111
12423,-0.012038114
12424,0.021287423
12425,0.002203016
12426,0.012441542
12427,-0.021534944
12428,0.020708309
12429,0.004287195
12430,-0.000340993
12431,-0.004167497
12432,-0.028687596
12433,0.000649105
12434,0.015271856
12435,0.026464021
12436,-0.012384179
12437,-0.00904745
12438,0.017593704
12439,-0.002684774
12440,-0.024431266
12441,0.00697458
12442,0.012197837
12443,-0.000295031
12444,-0.009761842
12445,-0.004580396
12446,0.003132335
12447,0.005417049
12448,0.013649884
12449,-0.013877105
12450,-0.014028152
12451,-0.040378656
12452,-0.009723217
12453,0.00071375
12454,0.023787385
12455,-0.013156678
12456,-0.008698821
12457,0.000425986
12458,0.025384771
12459,0.011530988
12460,0.000488631
12461,0.041976154
12462,0.025299443
12463,-0.015433447
12464,-0.000991568
12465,0.014124841
12466,-0.006562398
12467,-0.02063038
12468,-0.023900544
12469,0.004972445
12470,-0.011672143
12471,-0.036334563
12472,0.028906923
12473,-0.009218778
12474,0.013115328
12475,-0.008053158
12476,0.014286323
12477,-0.012710229
12478,0.022639526
12479,-0.002567398
12480,0.019014573
12481,0.028538864
12482,-0.014142524
12483,-0.024707656
12484,-0.011614642
12485,-0.013970887
12486,0.016273564
12487,0.015846295
12488,0.002881793
12489,0.02805176
12490,-0.015902074
12491,-0.021599364
12492,-0.004391698
12493,-0.025683058
12494,-0.013870621
12495,0.01620719
12496,-0.010030522
12497,-0.015692711
12498,-0.037904166
12499,-0.006026679
12500,0.016680088
12501,0.022403633
12502,0.002957103
12503,-0.001845566
12504,-0.023367103
12505,-0.009090676
12506,0.001559768
12507,-0.005434963
12508,0.003894093
12509,-0.004934255
12510,-0.018710038
12511,-0.006927869
12512,0.001914638
12513,0.009577516
12514,
12515,
12516,0.00253966
12517,-0.02203251
12518,-0.009053988
12519,0.002945811
12520,0.000220084
12521,0.001926204
12522,0.030579554
12523,-0.022466797
12524,-0.028341584
12525,-0.035294369
12526,-0.00223841
12527,-0.027034763
12528,0.012351791
12529,-0.017823841
12530,0.001523292
12531,-0.004523168
12532,-0.012561186
12533,-0.009981804
12534,-0.00508709
12535,-0.012739224
12536,0.001938221
12537,0.002433934
12538,-0.012230045
12539,0.008416203
12540,-0.002261829
12541,0.000242408
12542,0.000687247
12543,-0.009055506
12544,-0.002003913
12545,-0.003910483
12546,-0.004595809
12547,-0.017243247
12548,0.003928661
12549,0.025894765
12550,-0.003764014
12551,0.048342582
12552,0.006290945
12553,-0.000216316
12554,-0.038916569
12555,-0.009092793
12556,0.011959597
12557,-0.016322795
12558,-0.022063006
12559,-9.05E-06
12560,0.013957452
12561,0.007606157
12562,-0.004301984
12563,-0.007394302
12564,-0.026093185
12565,-0.002087848
12566,0.016339557
12567,0.016771551
12568,0.002397038
12569,-0.001461899
12570,0.020066386
12571,0.01779877
12572,0.025433205
12573,0.038891423
12574,0.009922139
12575,0.023685087
12576,-0.013677042
12577,0.008061154
12578,-0.032913115
12579,-0.030954923
12580,-0.033195037
12581,0.030537644
12582,0.029155336
12583,0.017501732
12584,0.001112683
12585,-0.007246981
12586,0.030761719
12587,-0.014198706
12588,-0.014822926
12589,-0.009199637
12590,0.006227612
12591,-0.037182007
12592,-0.021816587
12593,0.007278375
12594,0.00287819
12595,0.020757774
12596,-0.002913716
12597,-0.019113768
12598,-0.052217849
12599,-0.028434515
12600,-0.014112073
12601,-0.008697505
12602,-0.005340414
12603,-0.009703817
12604,0.058364026
12605,-0.001936422
12606,-0.008801444
12607,0.012008204
12608,-0.026143078
12609,-0.013822718
12610,-0.029877601
12611,0.006813252
12612,0.013686986
12613,0.019629046
12614,-0.007352079
12615,-0.009408946
12616,-0.003154092
12617,-0.00187731
12618,-0.044798046
12619,-0.006793222
12620,-0.002766054
12621,0.008190263
12622,0.051995452
12623,0.024426313
12624,-0.009178286
12625,-0.004288521
12626,-0.017115232
12627,0.020998178
12628,0.03882169
12629,-0.005137533
12630,-0.018724415
12631,-0.009904089
12632,0.002530162
12633,0.027837126
12634,0.011150341
12635,-0.015559274
12636,-0.005945535
12637,-0.032838508
12638,0.035580147
12639,0.00312257
12640,0.028885581
12641,-0.02228575
12642,-0.007121948
12643,0.004954787
12644,-0.006718032
12645,0.007008889
12646,-0.028633595
12647,-0.024072444
12648,0.015586957
12649,0.003392263
12650,0.011441863
12651,0.026487855
12652,-0.015207647
12653,-0.011550633
12654,-0.03798097
12655,-0.000654205
12656,-0.025795126
12657,0.034859411
12658,-0.009792107
12659,-0.014532091
12660,-0.00465441
12661,-0.035868693
12662,-0.001160299
12663,0.012393666
12664,-7.69E-06
12665,-0.002308259
12666,-0.009158696
12667,0.010530537
12668,0.005402638
12669,-0.005374586
12670,-0.014640846
12671,-0.009241099
12672,-0.003091813
12673,0.010242464
12674,0.003756712
12675,-0.024951601
12676,0.011161162
12677,0.005303
12678,0.019517161
12679,0.016668104
12680,0.022446781
12681,-0.003846937
12682,-0.001461097
12683,-0.00655214
12684,-0.001694787
12685,0.038148455
12686,0.013950367
12687,-0.004915395
12688,0.010252464
12689,-0.010300104
12690,-0.021828629
12691,-0.028656445
12692,-0.0010267
12693,0.006359748
12694,0.019055102
12695,-0.016490394
12696,0.017435154
12697,0.017999001
12698,0.0069259
12699,0.002996277
12700,-0.03711015
12701,0.015828669
12702,-0.009463527
12703,0.007064911
12704,-0.020381283
12705,0.024371708
12706,-0.000920876
12707,0.006558136
12708,-0.0064493
12709,-0.00312856
12710,-0.031656891
12711,-0.007030885
12712,-0.011307149
12713,0.015167464
12714,0.018008592
12715,-0.007341633
12716,0.015458608
12717,-0.006217832
12718,-0.025711166
12719,-0.016008817
12720,0.022651566
12721,0.025692694
12722,0.002339685
12723,-0.00455591
12724,-0.011089319
12725,0.005762032
12726,0.010722044
12727,0.028008068
12728,-0.024785256
12729,0.008324888
12730,0.021692276
12731,0.032910444
12732,0.0366689
12733,0.010558045
12734,-0.002876698
12735,-7.08E-05
12736,-0.123355187
12737,-0.009240585
12738,-0.02521524
12739,0.001352152
12740,-0.030263716
12741,0.015230966
12742,-0.013056888
12743,-0.029763453
12744,-0.002123727
12745,0.027875025
12746,0.011910518
12747,0.009230313
12748,-0.010772517
12749,-0.00424198
12750,0.018493401
12751,-0.062467314
12752,0.027135603
12753,-0.034283105
12754,-0.02962986
12755,-0.004946753
12756,-0.036155172
12757,-0.021288648
12758,-0.012993627
12759,0.008106502
12760,-0.007133387
12761,0.027169995
12762,0.023562135
12763,-0.006604419
12764,0.003424211
12765,-0.015631106
12766,0.019411007
12767,0.029863564
12768,-0.002408536
12769,-0.024699237
12770,0.001506055
12771,-0.020292103
12772,-0.011954616
12773,0.021231154
12774,0.012226336
12775,0.013074823
12776,-0.028391486
12777,-0.01658215
12778,-0.016620634
12779,-0.015052274
12780,-0.004008323
12781,-0.031147689
12782,-0.022868885
12783,0.01099228
12784,0.002145546
12785,0.025534449
12786,-0.012483282
12787,-0.009658148
12788,0.021104526
12789,0.012647945
12790,0.02745581
12791,0.009171898
12792,0.022911258
12793,-0.003424839
12794,-0.023919964
12795,0.005312592
12796,-0.004015033
12797,0.000338795
12798,-0.064664476
12799,-0.019713452
12800,-0.003113668
12801,-0.021461047
12802,-0.011725711
12803,-0.031171387
12804,0.008301188
12805,0.014946993
12806,-0.021424999
12807,0.02430965
12808,0.009150264
12809,-0.006765118
12810,-0.003562181
12811,-0.028802106
12812,-0.001586455
12813,0.012479196
12814,0.008381419
12815,0.015574827
12816,-0.000457035
12817,-0.01005672
12818,0.001793261
12819,0.007120027
12820,0.014781122
12821,0.002541977
12822,-0.004155268
12823,0.015916232
12824,0.029706098
12825,-0.021230906
12826,-0.006144258
12827,-0.001593023
12828,0.009252775
12829,-0.014421713
12830,-0.000339071
12831,-0.010206502
12832,0.012530396
12833,-0.00788311
12834,-0.032879673
12835,-0.024657022
12836,-0.008140823
12837,-0.007170007
12838,-0.002570014
12839,-0.000519289
12840,0.019980162
12841,-0.021846391
12842,-0.011993354
12843,-0.010973877
12844,-0.005816754
12845,-0.030892963
12846,0.021103002
12847,-0.003272653
12848,0.007615643
12849,-0.002010404
12850,0.019726107
12851,-0.005346152
12852,0.011811822
12853,0.000198301
12854,-0.006520447
12855,0.002157746
12856,-0.009129864
12857,-0.027512679
12858,-0.077197723
12859,0.033183582
12860,0.022346085
12861,-0.003782349
12862,0.003492888
12863,-0.002372294
12864,-0.021565413
12865,-0.005049393
12866,0.000618605
12867,-0.016469164
12868,0.016065447
12869,-0.048192106
12870,-0.005355197
12871,0.018367374
12872,0.025835562
12873,-0.012533765
12874,0.016281756
12875,0.014920514
12876,0.007334286
12877,0.029800482
12878,0.032952134
12879,-0.01673601
12880,0.010179554
12881,-0.00671033
12882,-0.016876753
12883,-0.010752777
12884,0.010930685
12885,0.038454585
12886,0.024379659
12887,-0.013758766
12888,-0.028642511
12889,-0.013030113
12890,0.010243689
12891,-0.007936196
12892,0.029081257
12893,0.017190047
12894,-0.009467932
12895,0.02534565
12896,0.03228987
12897,-0.008507513
12898,-0.010315324
12899,0.007139968
12900,0.009525889
12901,0.000431613
12902,-0.008808007
12903,-0.041945342
12904,-0.016390014
12905,-0.012870633
12906,-0.003385049
12907,-0.031675152
12908,-0.031282242
12909,0.021909632
12910,0.005525786
12911,0.012183043
12912,0.016664285
12913,0.005092835
12914,-0.026291024
12915,0.020769848
12916,-0.018754326
12917,0.010488051
12918,-0.002288522
12919,-0.055175297
12920,0.040994965
12921,0.006942068
12922,-0.003935107
12923,0.009841359
12924,-0.01630242
12925,-0.014012217
12926,-0.014291023
12927,0.01710066
12928,0.002747343
12929,0.007055845
12930,-0.00119553
12931,0.015317755
12932,0.032557625
12933,0.01471085
12934,-0.012227478
12935,-0.028900264
12936,0.016134763
12937,0.004609267
12938,0.016326286
12939,0.032219958
12940,0.008923518
12941,0.011058008
12942,0.016651735
12943,0.000813918
12944,-0.00033621
12945,0.01747521
12946,0.01922594
12947,-0.023309113
12948,0.001240346
12949,0.000660014
12950,-0.007407129
12951,0.008466674
12952,-0.006776664
12953,-0.001678075
12954,-0.013699686
12955,-0.009859713
12956,-0.032420032
12957,-0.00522092
12958,0.008287179
12959,0.004170806
12960,-0.014809259
12961,-0.025807871
12962,-0.001322814
12963,-0.024028946
12964,-0.007022102
12965,-0.006848936
12966,0.009186576
12967,-0.014194009
12968,-0.005154704
12969,0.000763615
12970,0.02614144
12971,0.055348597
12972,-0.023253853
12973,-0.029394235
12974,-0.000378249
12975,-0.0012692
12976,0.007490512
12977,0.012171756
12978,0.01282419
12979,-0.018552518
12980,-0.029152721
12981,-0.029454112
12982,0.016063599
12983,0.01496561
12984,0.01625943
12985,0.023819771
12986,-0.025559729
12987,0.042219192
12988,-0.011399932
12989,0.011150553
12990,0.003977614
12991,0.008432266
12992,-0.015339294
12993,0.001678848
12994,-0.004778634
12995,-0.024152538
12996,-0.047703266
12997,-0.06682384
12998,-0.004411025
12999,-0.040203646
13000,-0.001004882
13001,-0.007137894
13002,-0.017588219
13003,-0.017721646
13004,-0.002904195
13005,-0.010347194
13006,0.011958787
13007,0.010009306
13008,0.011559376
13009,0.005717319
13010,0.029914582
13011,-0.036458932
13012,-0.019484727
13013,-0.00085734
13014,0.008731
13015,-0.014923685
13016,0.01145773
13017,0.007911655
13018,0.009109268
13019,0.048958484
13020,0.001450895
13021,-0.008696935
13022,0.013460715
13023,-0.006811128
13024,-0.004499488
13025,-0.025624942
13026,-0.00992308
13027,-0.003265252
13028,-0.001565566
13029,-0.02002609
13030,-0.005469845
13031,0.005635561
13032,-0.00467363
13033,-0.007590986
13034,0.012008538
13035,0.009014541
13036,-0.013976759
13037,0.000528179
13038,0.011122922
13039,0.009794668
13040,-0.057130165
13041,0.008219938
13042,0.043269195
13043,-0.033728179
13044,-0.014756615
13045,-0.007052119
13046,-0.028236387
13047,-0.038330555
13048,0.010259334
13049,0.002107877
13050,0.008265535
13051,-0.002014052
13052,-0.003079084
13053,-0.008336574
13054,-0.031152764
13055,0.005545082
13056,0.003620262
13057,0.010262849
13058,0.002123766
13059,-0.033287399
13060,0.00124036
13061,-0.003500304
13062,0.004068465
13063,0.005853418
13064,0.03458181
13065,0.052333865
13066,-0.013485653
13067,0.017573655
13068,0.004197776
13069,-0.007597873
13070,-0.007887146
13071,0.009585234
13072,-0.012532091
13073,-0.000268093
13074,0.022385849
13075,0.020437215
13076,0.007235925
13077,-0.026998103
13078,0.012615218
13079,0.034642987
13080,0.006848532
13081,-0.060660716
13082,0.012244509
13083,0.001674835
13084,0.006470247
13085,-0.015663017
13086,0.009620545
13087,-0.001258924
13088,0.008953436
13089,-8.30E-05
13090,0.069446728
13091,0.009606267
13092,-0.020252412
13093,-0.008181041
13094,0.020866346
13095,0.002735214
13096,-0.007042447
13097,-0.019166861
13098,0.009336823
13099,0.009041906
13100,0.016043562
13101,-0.025415977
13102,-0.011283121
13103,-0.026191538
13104,0.003204832
13105,0.021212453
13106,-0.015504918
13107,0.003288913
13108,0.008535885
13109,0.064900838
13110,0.01482362
13111,-0.003397222
13112,-0.003594632
13113,0.001350342
13114,0.007318889
13115,-0.000927002
13116,-0.056247536
13117,-0.006070523
13118,-0.036795024
13119,0.014542001
13120,0.007241315
13121,0.01446839
13122,0.016593361
13123,-0.000810058
13124,-0.040776361
13125,0.011279488
13126,0.0155502
13127,0.019843122
13128,0.00837106
13129,-0.006775229
13130,0.00022223
13131,-0.01319682
13132,0.017252693
13133,0.004658352
13134,-0.028521709
13135,-0.015652215
13136,0.003944814
13137,0.003011555
13138,0.003227627
13139,0.011527062
13140,0.00396
13141,-0.001549686
13142,0.010273505
13143,0.005579131
13144,-0.011495931
13145,0.003005063
13146,-0.003680488
13147,0.018945873
13148,0.014641724
13149,0.009219361
13150,0.005727831
13151,0.011755666
13152,0.014076632
13153,0.006421164
13154,0.000890133
13155,-0.018708983
13156,-0.003062456
13157,0.012184598
13158,0.004573831
13159,-0.000826769
13160,0.012904187
13161,-0.013346196
13162,-0.000956538
13163,0.009256035
13164,-0.013276315
13165,-0.004120835
13166,0.020011583
13167,0.032174867
13168,-0.013729531
13169,-0.004573684
13170,-0.019556692
13171,0.013029091
13172,-0.000753585
13173,0.000472953
13174,0.009563601
13175,-0.010860709
13176,0.02259987
13177,0.000447926
13178,0.014862947
13179,0.001842687
13180,-0.040825352
13181,0.01346375
13182,-0.00148536
13183,0.011039657
13184,-4.48E-06
13185,0.015112942
13186,-0.001493839
13187,-0.014113938
13188,-0.027319826
13189,-0.015204818
13190,-0.016738182
13191,-0.019858813
13192,-0.01156224
13193,0.006157774
13194,0.006848196
13195,0.036332853
13196,-0.016805772
13197,0.024361167
13198,0.021743553
13199,0.001718302
13200,0.00113039
13201,-0.001519995
13202,-0.021576967
13203,0.031173609
13204,0.035090383
13205,0.010533716
13206,0.000570106
13207,0.004157309
13208,-0.010162372
13209,-0.018349525
13210,0.005336526
13211,0.014553139
13212,-0.03575597
13213,0.002172918
13214,-0.012875772
13215,0.01939402
13216,0.000764424
13217,-0.019901417
13218,-0.009883171
13219,-0.009106635
13220,-0.001825778
13221,0.013248285
13222,0.011205891
13223,0.000426122
13224,-0.000604619
13225,0.004665379
13226,0.010288167
13227,0.001013957
13228,-0.009116212
13229,-0.030393707
13230,0.007576339
13231,0.005223735
13232,-0.034435056
13233,-0.045392465
13234,0.028325124
13235,0.024659604
13236,0.01991155
13237,0.001523893
13238,0.016441824
13239,0.015569549
13240,0.031485599
13241,0.023979316
13242,-0.006556337
13243,0.007174957
13244,0.01546824
13245,-0.015368265
13246,-0.007453201
13247,-0.010988158
13248,-0.016749414
13249,-0.012615527
13250,-0.003512854
13251,-0.00057125
13252,-0.000190438
13253,-0.003788216
13254,-0.002942062
13255,0.000534682
13256,-0.023563405
13257,-0.008345946
13258,-0.008873495
13259,-0.040743999
13260,-0.051850412
13261,-0.022067977
13262,-0.020394513
13263,0.030976309
13264,0.103287816
13265,-0.028403169
13266,0.032390237
13267,0.048679687
13268,0.018341271
13269,0.010415886
13270,-0.038471613
13271,-0.00332425
13272,-0.025108786
13273,0.014411515
13274,0.009625479
13275,-0.001071699
13276,-0.000108331
13277,-0.002756909
13278,-0.017523324
13279,0.018462734
13280,-0.011674898
13281,0.010501182
13282,-0.028214812
13283,-0.00281084
13284,-0.013920603
13285,-0.010392926
13286,0.018480053
13287,0.017565938
13288,0.031844106
13289,0.011558231
13290,-0.012556304
13291,-0.021650415
13292,-0.018891634
13293,0.018321851
13294,0.009501265
13295,-0.038550135
13296,0.004703237
13297,0.01420699
13298,-0.000766577
13299,-0.000724151
13300,0.005648308
13301,-0.018677386
13302,-0.040057965
13303,-0.004208454
13304,-0.017642654
13305,-0.035967886
13306,-0.028050516
13307,0.00795983
13308,0.003305709
13309,0.046421114
13310,-0.005789457
13311,0.023553396
13312,0.045482971
13313,-0.009391287
13314,-0.03884675
13315,0.000702882
13316,-0.005267494
13317,-0.008564309
13318,0.006745547
13319,-0.037973791
13320,-0.023826338
13321,-0.003674226
13322,0.03511266
13323,0.032948386
13324,0.004111629
13325,0.013193963
13326,-0.008438691
13327,0.00713505
13328,0.004070314
13329,0.030708367
13330,-0.029606467
13331,-0.018946888
13332,-0.006826655
13333,0.029593881
13334,0.025729874
13335,-0.00801356
13336,0.018278386
13337,0.004564407
13338,0.017306723
13339,0.038030703
13340,-0.006939024
13341,-0.026217358
13342,-0.028620103
13343,0.015155347
13344,0.058203623
13345,-0.014964208
13346,-0.015553325
13347,-0.053435817
13348,-0.009126759
13349,0.022001216
13350,0.009977978
13351,0.005134762
13352,0.000577862
13353,0.004680526
13354,0.000276202
13355,0.011696896
13356,0.017166067
13357,0.008689031
13358,-0.012735602
13359,-0.008751654
13360,0.013661484
13361,0.021670565
13362,0.029930921
13363,-0.003679906
13364,0.023267999
13365,0.005562901
13366,-0.002439264
13367,0.020207506
13368,0.022042276
13369,0.01276187
13370,0.017235499
13371,0.008599772
13372,-0.001843521
13373,-0.004649377
13374,-0.002175857
13375,-0.014658855
13376,-0.023436164
13377,0.026251558
13378,-0.019561566
13379,0.00441444
13380,0.005236024
13381,-0.007264805
13382,0.004337728
13383,0.003657282
13384,0.005286972
13385,-0.004046271
13386,0.015985996
13387,-0.015454075
13388,0.027059712
13389,0.075591788
13390,-0.016737608
13391,-0.042299602
13392,0.016513692
13393,0.007059063
13394,0.021434689
13395,0.011156954
13396,0.02046269
13397,0.011096304
13398,0.026157415
13399,0.003433177
13400,0.000566083
13401,-0.018725177
13402,0.0029471
13403,-0.010326795
13404,-0.004064356
13405,0.002146244
13406,-0.000447452
13407,0.00238165
13408,0.012691224
13409,0.01348047
13410,0.024579866
13411,0.021311676
13412,0.007981953
13413,0.028456984
13414,-0.016357215
13415,-0.027081355
13416,-0.019937206
13417,-0.017666137
13418,-0.004799597
13419,0.001188127
13420,0.05934776
13421,0.001989753
13422,-0.004642048
13423,0.016379787
13424,-0.013913834
13425,-0.026436955
13426,0.043234598
13427,0.031447817
13428,0.007810832
13429,0.029853901
13430,0.015918426
13431,-0.00875781
13432,-0.026319029
13433,-0.016610455
13434,0.011898301
13435,-0.001513297
13436,-0.066085048
13437,0.022520356
13438,0.002738647
13439,-0.004088341
13440,0.044342279
13441,-0.005955596
13442,-0.069875583
13443,0.020826047
13444,-0.021974957
13445,0.003638443
13446,-0.007916681
13447,0.005460076
13448,-0.030191757
13449,-0.004869217
13450,0.004577072
13451,-0.012166795
13452,0.00121722
13453,-0.020616127
13454,-0.025539348
13455,-0.005734291
13456,-0.008559834
13457,-0.007999366
13458,0.019230407
13459,0.006766134
13460,-0.006227936
13461,0.055851985
13462,-0.011482368
13463,0.019357065
13464,0.022628088
13465,0.008081184
13466,0.000934829
13467,-0.004562673
13468,0.012896701
13469,-0.008460867
13470,0.001426438
13471,-0.003453657
13472,0.01382866
13473,0.01815743
13474,-0.012701624
13475,0.006497327
13476,-0.020376921
13477,-0.016934376
13478,-0.00348419
13479,0.025960894
13480,-0.006343197
13481,0.018051513
13482,0.001195491
13483,-0.015471549
13484,0.021415854
13485,-0.00291042
13486,0.023236664
13487,-0.005024413
13488,-0.007645094
13489,-0.00696984
13490,-0.009032009
13491,-0.035895593
13492,-0.00394243
13493,-0.00356494
13494,0.0086557
13495,0.029590955
13496,0.031479392
13497,-0.011371144
13498,0.011772491
13499,0.000567516
13500,0.006049469
13501,-0.015995629
13502,-0.005103178
13503,-0.002719393
13504,0.031780384
13505,0.018307252
13506,0.03218694
13507,0.02092565
13508,-0.002344182
13509,-0.005575975
13510,-0.030597063
13511,-0.014114775
13512,0.00164612
13513,0.008691995
13514,0.028390018
13515,-0.008629538
13516,0.008233355
13517,0.00810736
13518,0.016875353
13519,0.008388186
13520,-0.007569747
13521,-0.031375423
13522,-0.019360619
13523,0.006952199
13524,0.015559826
13525,-0.036428176
13526,-0.019176546
13527,-0.013329964
13528,-0.00882876
13529,0.001129847
13530,-0.01407201
13531,-0.018524079
13532,0.000346636
13533,0.029939655
13534,0.023487357
13535,0.006161001
13536,-0.02762893
13537,-0.013785088
13538,-0.000885274
13539,0.015944624
13540,0.012339871
13541,0.006201966
13542,0.000567705
13543,-0.013450541
13544,-0.037736852
13545,0.01188629
13546,-0.006822584
13547,-0.001636707
13548,-0.023024369
13549,0.0071604
13550,0.007302543
13551,-0.00686032
13552,0.012883565
13553,0.029904567
13554,0.000783105
13555,-0.000388902
13556,0.013040353
13557,0.018580701
13558,-0.007851087
13559,-0.010365196
13560,0.006824951
13561,-0.003390792
13562,0.006617502
13563,0.008836241
13564,0.003848766
13565,-0.006666007
13566,-0.011071074
13567,-0.007329495
13568,0.002136935
13569,0.009638848
13570,0.011830817
13571,0.016622845
13572,0.006984422
13573,-0.040238388
13574,-0.014262984
13575,-0.006293304
13576,-0.00724589
13577,-0.027504202
13578,0.006963706
13579,0.031696562
13580,0.014267639
13581,0.006858288
13582,0.001831433
13583,-0.010873773
13584,-0.021108957
13585,-0.007161616
13586,-0.004471743
13587,-0.00540706
13588,-0.007997869
13589,-0.009478347
13590,-0.023522399
13591,-0.003543632
13592,-0.000838779
13593,-0.025339078
13594,0.030882457
13595,0.011747241
13596,0.047066793
13597,0.001772063
13598,0.003820257
13599,-0.013038699
13600,-0.010440632
13601,0.011368277
13602,0.035132553
13603,0.017537242
13604,-0.018555846
13605,-0.000533309
13606,-0.002356867
13607,-0.021170629
13608,-0.007658451
13609,0.004355539
13610,0.025324475
13611,-0.031017397
13612,-0.002796894
13613,0.006912848
13614,0.016353998
13615,0.007709305
13616,-0.003876381
13617,0.002477408
13618,0.009585226
13619,-0.036390312
13620,-0.021455763
13621,0.004085004
13622,0.015700322
13623,0.004063816
13624,0.029664585
13625,0.000779922
13626,-0.014963019
13627,-0.028612187
13628,0.000881669
13629,0.031106487
13630,-0.018397082
13631,-0.003881383
13632,-0.006371901
13633,-0.025232023
13634,-0.004482883
13635,-0.003495605
13636,-0.05583417
13637,-0.017657613
13638,-0.008699114
13639,-0.005258389
13640,0.030653456
13641,0.019809075
13642,0.011390127
13643,0.007685063
13644,-0.031259146
13645,-0.035548639
13646,0.001817097
13647,0.006020081
13648,0.005660959
13649,-0.00537135
13650,0.012607773
13651,-0.000807106
13652,-0.039230391
13653,-0.047519431
13654,-0.022350907
13655,-0.000225558
13656,0.022683376
13657,0.034313209
13658,-0.000370334
13659,0.009105991
13660,0.009679998
13661,0.008189817
13662,-0.001693566
13663,0.020060696
13664,-0.001462001
13665,-0.026599756
13666,-0.035826284
13667,-0.027716229
13668,0.015598512
13669,-0.004365067
13670,-0.01555789
13671,0.005438141
13672,0.007071564
13673,-0.008980584
13674,-0.041609101
13675,-0.003632886
13676,0.006153832
13677,0.015583481
13678,-0.010273114
13679,-0.018626658
13680,0.007470563
13681,-0.008478062
13682,-0.000464845
13683,-0.006635307
13684,-0.005477425
13685,-0.03011317
13686,0.007325272
13687,0.002707909
13688,0.012043376
13689,0.013300489
13690,0.016127292
13691,-0.031247264
13692,-0.020801963
13693,-0.053895473
13694,-0.00754888
13695,0.002339961
13696,-0.010658521
13697,-0.024303522
13698,0.000929981
13699,0.019126881
13700,-0.005106069
13701,0.004615369
13702,-0.016576767
13703,-0.00890077
13704,-0.036898479
13705,-0.007637862
13706,0.012020729
13707,8.95E-05
13708,0.020687368
13709,-0.002311686
13710,-0.03093514
13711,-0.005993366
13712,-0.007708421
13713,0.02787751
13714,-0.005507784
13715,0.002445111
13716,-0.00696671
13717,-0.01286177
13718,0.022981144
13719,-0.02060223
13720,0.028614108
13721,0.012042259
13722,0.012340361
13723,0.029081222
13724,0.008134664
13725,0.016757527
13726,0.003593341
13727,-0.014239745
13728,-0.015016843
13729,-0.009755677
13730,0.010379333
13731,0.018247675
13732,-0.010251966
13733,0.012087351
13734,0.006201967
13735,0.008816835
13736,0.019610897
13737,-0.010736215
13738,0.007570176
13739,-0.016896689
13740,0.010893791
13741,0.018874748
13742,0.030614074
13743,0.011400267
13744,-0.000948703
13745,-0.004976855
13746,-0.001924685
13747,0.02367387
13748,-6.80E-05
13749,0.028371677
13750,0.01379133
13751,-0.01844555
13752,0.00527109
13753,0.000537627
13754,0.017277073
13755,0.012562281
13756,-0.008080494
13757,-0.034518618
13758,-0.010711219
13759,0.007090221
13760,0.001337953
13761,0.008855311
13762,0.008201764
13763,0.018039184
13764,-0.001992333
13765,
13766,
13767,0.005775237
13768,0.005987606
13769,0.014793915
13770,0.00657806
13771,0.009048026
13772,-0.025029881
13773,-0.024537977
13774,-0.067164861
13775,0.00122524
13776,0.002010196
13777,-0.029950036
13778,-0.001122636
13779,-0.015571711
13780,0.014064263
13781,0.038458489
13782,0.019757453
13783,-0.008535681
13784,-0.013388176
13785,-0.000244174
13786,-0.009778862
13787,0.01891282
13788,-0.012511584
13789,-0.020174952
13790,-0.002196505
13791,0.004442094
13792,-0.003144084
13793,0.004670273
13794,0.045393035
13795,0.008227311
13796,0.030329509
13797,0.02318099
13798,-0.033390447
13799,0.001432369
13800,0.020195575
13801,0.023074871
13802,0.024614073
13803,0.006567511
13804,-0.001416257
13805,-0.004656265
13806,-0.007127619
13807,-0.006741822
13808,0.001605652
13809,-0.007427107
13810,-0.03948915
13811,-0.01362829
13812,0.036124095
13813,-0.012368151
13814,0.021799084
13815,-0.006019205
13816,0.010893953
13817,0.026750773
13818,-0.005027797
13819,-0.01257087
13820,0.002565059
13821,0.010429927
13822,-0.00352619
13823,-0.016148666
13824,0.015609046
13825,0.001076937
13826,0.020847304
13827,0.011767104
13828,0.005718514
13829,-0.019872451
13830,-0.008202525
13831,-0.01323743
13832,-0.008617495
13833,0.012470313
13834,0.014433414
13835,-0.03467961
13836,0.004074198
13837,-0.0535235
13838,0.01988383
13839,0.03478219
13840,0.008330205
13841,-0.019707777
13842,-0.000808314
13843,-0.002199878
13844,-0.011443717
13845,-0.013048564
13846,-0.004290876
13847,0.00549575
13848,0.027716201
13849,-0.014722205
13850,0.005915544
13851,0.002915591
13852,-0.043599654
13853,-0.032513801
13854,-0.021105602
13855,-0.001006972
13856,0.002035652
13857,0.049626894
13858,0.023475494
13859,-0.014999508
13860,0.051900152
13861,-0.032800842
13862,0.005045266
13863,-0.008500559
13864,-0.007474623
13865,-0.035485398
13866,-0.024229672
13867,-0.00139451
13868,0.003531456
13869,-0.008921901
13870,0.012163968
13871,-0.039201297
13872,0.000128533
13873,0.008207542
13874,-0.034202855
13875,0.000343243
13876,0.002195328
13877,0.029689047
13878,0.050314106
13879,-0.01494785
13880,0.006503355
13881,-0.002993205
13882,-0.000933966
13883,3.61E-05
13884,0.001194487
13885,0.024846623
13886,0.000173798
13887,-0.012682301
13888,-0.023082785
13889,-0.007488302
13890,-0.006737216
13891,-0.008037883
13892,0.006543395
13893,0.006139764
13894,-0.000207923
13895,-0.002479047
13896,-0.001751812
13897,0.002369488
13898,0.015326664
13899,-0.058842134
13900,0.002365937
13901,-0.002428393
13902,0.025077742
13903,0.009368542
13904,-0.007132554
13905,-0.027793963
13906,-0.006475017
13907,-0.013076571
13908,0.003413589
13909,0.004013115
13910,0.007815848
13911,0.001238319
13912,0.008676074
13913,0.021189108
13914,-0.00988949
13915,-0.003831182
13916,-0.003495777
13917,0.004613771
13918,0.022361819
13919,-0.001309759
13920,-0.00694131
13921,-0.018827131
13922,0.003259953
13923,-0.022639982
13924,-0.007414646
13925,-0.006840836
13926,0.007703165
13927,-0.00231613
13928,0.01286774
13929,-0.004249775
13930,0.007480477
13931,-0.008860092
13932,0.016279226
13933,0.013314771
13934,0.008125565
13935,-0.001510436
13936,-0.005399669
13937,0.002359676
13938,-0.012898363
13939,-0.017833577
13940,-0.003083484
13941,0.01484817
13942,0.028170098
13943,0.011600789
13944,0.005979832
13945,0.000251845
13946,-0.016604984
13947,0.028843975
13948,0.001647006
13949,-0.024922227
13950,-0.016842784
13951,-0.004482104
13952,0.009735852
13953,0.004503039
13954,0.012088895
13955,-0.004075532
13956,-0.011735018
13957,-0.048369493
13958,-0.028971937
13959,0.005229119
13960,0.006870765
13961,0.012320017
13962,-0.006042709
13963,-0.00330522
13964,-0.000713218
13965,-0.003316848
13966,0.002993574
13967,0.015199354
13968,-0.007773563
13969,-0.023722878
13970,-0.019241145
13971,0.000560356
13972,-0.003670317
13973,-0.019630365
13974,0.042985398
13975,0.006596276
13976,0.006825927
13977,0.030389642
13978,-0.007595109
13979,-0.012021633
13980,0.022089515
13981,0.004716772
13982,-0.023310849
13983,-0.049952514
13984,-0.015943395
13985,-0.010299389
13986,-0.031367943
13987,-0.013712836
13988,-0.000419544
13989,-0.003994707
13990,0.000941342
13991,-0.025201727
13992,-0.002476827
13993,-0.00984704
13994,0.001179786
13995,0.027903935
13996,0.015267295
13997,0.008605784
13998,0.004874929
13999,0.002375506
14000,-0.000405288
14001,0.004122363
14002,0.002100974
14003,-0.007478001
14004,-0.014493859
14005,-0.010385766
14006,-0.01348442
14007,-0.014220707
14008,-0.010614465
14009,-0.008477779
14010,0.040240321
14011,0.027417583
14012,0.022296013
14013,0.003539329
14014,0.009049076
14015,0.017478254
14016,-0.002818394
14017,0.028317224
14018,-0.0282558
14019,0.010983093
14020,0.018853605
14021,-0.008229276
14022,-0.0104693
14023,-0.032343283
14024,0.007551194
14025,-0.002061532
14026,0.053238217
14027,-0.00870306
14028,-0.016600566
14029,-0.027055636
14030,-0.005546448
14031,-0.005554839
14032,-0.022167969
14033,-0.013416567
14034,0.012802841
14035,0.005888554
14036,-0.010527517
14037,-0.011693035
14038,0.034643665
14039,0.010773033
14040,0.017397793
14041,0.007015726
14042,-0.00738439
14043,-0.001292451
14044,0.069062203
14045,0.001150815
14046,-0.01780197
14047,0.007743645
14048,-0.020357545
14049,0.000262332
14050,0.027169332
14051,0.000655194
14052,-0.002669542
14053,-0.001315522
14054,0.019705353
14055,-0.009266582
14056,0.009614706
14057,-0.005177029
14058,0.003169237
14059,-0.004113714
14060,-0.012499515
14061,-0.00161421
14062,-0.001039101
14063,-0.027577085
14064,-0.000237475
14065,-0.011355685
14066,0.000257267
14067,0.009301448
14068,0.029196145
14069,0.015575854
14070,0.000899382
14071,0.015287087
14072,0.025738366
14073,-0.020045033
14074,-0.018205605
14075,0.000864381
14076,0.011153284
14077,0.002901778
14078,-0.002266275
14079,0.016828757
14080,-0.013124606
14081,-0.012551455
14082,-0.005456882
14083,-0.0060869
14084,-0.010311996
14085,-0.005539342
14086,0.00548621
14087,0.006117071
14088,-0.008168243
14089,0.002325607
14090,0.009559089
14091,0.000718623
14092,0.02599467
14093,0.016353309
14094,0.001506358
14095,-0.02467726
14096,-0.011533783
14097,0.017507061
14098,0.002992149
14099,-0.014721454
14100,-0.014018536
14101,-0.012945018
14102,-0.015893025
14103,-0.034156479
14104,-0.042785034
14105,0.003942146
14106,0.023983533
14107,0.013025239
14108,0.020973781
14109,-0.006001255
14110,-0.001683961
14111,-0.016391022
14112,-0.008652836
14113,0.002002955
14114,0.000517415
14115,0.002147962
14116,0.034896698
14117,-0.018556526
14118,-0.005009558
14119,0.009542491
14120,-0.003175905
14121,0.008242262
14122,-0.006738112
14123,0.001349385
14124,0.00941351
14125,-0.001015227
14126,-0.004800868
14127,-0.021723548
14128,-0.002907368
14129,-0.012051762
14130,-0.008874204
14131,-0.010794112
14132,0.01195485
14133,-0.003941102
14134,0.016319215
14135,0.026625095
14136,0.014074471
14137,0.005542172
14138,-0.017472077
14139,-0.021150229
14140,0.018606178
14141,-0.000632434
14142,0.02481233
14143,-0.022257855
14144,0.003439612
14145,0.020412985
14146,0.014459986
14147,0.011481239
14148,-0.028654834
14149,0.01362733
14150,0.016499758
14151,-0.013018043
14152,-0.00420678
14153,0.009812952
14154,0.005979711
14155,0.002349949
14156,-0.018416118
14157,-0.028089561
14158,0.015780019
14159,-0.009435927
14160,-0.032040607
14161,-0.006960678
14162,-0.022558754
14163,-0.004023294
14164,-0.013395975
14165,-0.008200515
14166,-0.007746432
14167,-0.001139598
14168,0.008822006
14169,-0.027941974
14170,-0.003735878
14171,0.012950182
14172,-0.002556509
14173,-0.024346799
14174,-0.023423705
14175,0.007128812
14176,0.020942526
14177,-0.002927206
14178,-0.011031447
14179,-0.010423849
14180,-0.007673278
14181,-0.013697492
14182,-0.027867531
14183,-0.010837282
14184,-0.047645327
14185,-0.009656377
14186,-0.007367971
14187,0.006976632
14188,0.065009519
14189,0.013563817
14190,0.010684185
14191,-0.035777222
14192,-0.016511086
14193,-0.01535333
14194,-0.000377034
14195,-0.01086789
14196,0.030691082
14197,-0.033948459
14198,-0.027524279
14199,0.006885504
14200,-0.032124653
14201,-0.014227219
14202,-0.000917032
14203,0.0077531
14204,0.025041755
14205,-0.012480322
14206,-0.006676393
14207,-0.038815197
14208,0.000234031
14209,-0.001259203
14210,-0.013625695
14211,0.013744755
14212,0.000443906
14213,-2.43E-05
14214,-0.026124377
14215,-0.001980014
14216,0.018782796
14217,0.002937701
14218,0.02640271
14219,0.013759425
14220,-0.008294548
14221,-0.009699253
14222,-0.00842135
14223,-0.011538353
14224,0.037620701
14225,-0.007396639
14226,0.00876115
14227,0.025412306
14228,0.042514727
14229,0.001905611
14230,0.002440931
14231,-0.015385766
14232,-0.004501291
14233,0.009735486
14234,-0.001758057
14235,-0.006919115
14236,0.006410399
14237,-0.005143773
14238,-0.006194214
14239,0.027142128
14240,-0.010324409
14241,0.019498156
14242,-0.005048357
14243,0.007293172
14244,-0.00871867
14245,0.006892171
14246,0.008545091
14247,-0.005094885
14248,-0.029036038
14249,-0.017784145
14250,-0.000329975
14251,-0.011169926
14252,0.007482605
14253,0.051870719
14254,0.038005214
14255,-0.002600707
14256,-0.008091581
14257,-0.004977656
14258,-0.006591294
14259,-0.002067422
14260,-0.022636356
14261,-0.001549725
14262,-0.007780911
14263,-0.027970415
14264,0.000210147
14265,-0.007957759
14266,-0.019298796
14267,0.006157515
14268,-0.00945195
14269,0.011783773
14270,0.024738181
14271,-0.013444691
14272,-0.030645864
14273,0.012629818
14274,0.000769219
14275,0.02082815
14276,-0.038964346
14277,-0.014116413
14278,0.019836653
14279,-0.004711032
14280,-0.006741206
14281,-0.016781341
14282,0.019568158
14283,-0.016531702
14284,-0.017777245
14285,0.056389574
14286,0.012115659
14287,0.005873981
14288,0.039716635
14289,0.026717376
14290,-0.027939005
14291,-0.012379394
14292,-0.000867446
14293,0.010663383
14294,-0.010753252
14295,-0.078029193
14296,0.015721401
14297,-0.031430587
14298,-0.01004525
14299,-0.031712051
14300,-0.007262252
14301,0.001551752
14302,-0.022038667
14303,-0.026045738
14304,-0.006925564
14305,-0.018028835
14306,0.005168671
14307,2.48E-05
14308,0.003515807
14309,-0.009988087
14310,-0.006879938
14311,0.023259263
14312,-0.009417009
14313,0.028341152
14314,0.003936138
14315,-0.031622101
14316,-0.038409445
14317,0.0164154
14318,0.012893382
14319,0.002189096
14320,-0.002314564
14321,0.006231557
14322,-0.003141573
14323,0.01271867
14324,-0.00474952
14325,-0.049802847
14326,-0.023711253
14327,-0.009870557
14328,-0.002310043
14329,0.001972568
14330,7.56E-05
14331,0.037249245
14332,-0.004914873
14333,-0.00296801
14334,-0.014598134
14335,0.011480179
14336,-0.010950705
14337,-0.008068562
14338,0.032942407
14339,-0.008744409
14340,0.030297637
14341,0.034950983
14342,0.039121732
14343,-0.016353711
14344,-0.003753331
14345,-0.021493481
14346,0.014755079
14347,0.024562119
14348,0.013205591
14349,-0.021218274
14350,0.028715085
14351,0.024469528
14352,-0.014020025
14353,0.010925933
14354,0.018837415
14355,0.010031611
14356,0.008819738
14357,0.023235323
14358,-0.012447963
14359,-0.013254104
14360,9.48E-06
14361,0.008984919
14362,0.007033676
14363,-0.002458988
14364,-0.004398194
14365,-0.007826497
14366,-0.028197834
14367,-0.001727437
14368,0.009452212
14369,-0.003882632
14370,-0.009401653
14371,0.087387003
14372,-0.007399973
14373,-0.010324177
14374,-0.006694323
14375,-0.005557866
14376,0.00560501
14377,0.02156372
14378,-0.002412429
14379,0.020819768
14380,-0.011714955
14381,-0.00056293
14382,-0.003609751
14383,0.018308127
14384,-0.005688945
14385,-0.021981021
14386,-0.006233867
14387,-0.012324748
14388,0.012258342
14389,-0.017231915
14390,-0.002324603
14391,0.02505994
14392,0.047881946
14393,-0.012591093
14394,-0.018282741
14395,-0.031722773
14396,-0.023194103
14397,-0.019359643
14398,0.016584273
14399,0.02053429
14400,-0.003265852
14401,0.024804423
14402,0.01530237
14403,-0.030507334
14404,-0.025969578
14405,0.008606112
14406,-0.002936354
14407,0.014528383
14408,-0.009130281
14409,0.029425187
14410,-0.029073928
14411,-0.010019326
14412,-0.000112072
14413,0.021548435
14414,-0.006505277
14415,-0.015864551
14416,-0.017638318
14417,-0.005485471
14418,0.011502884
14419,0.004515013
14420,-0.01611452
14421,-0.007322825
14422,0.031261198
14423,0.00759222
14424,0.024541333
14425,-0.027029701
14426,-0.011633692
14427,-0.025450315
14428,0.00491301
14429,0.019373816
14430,-0.007558773
14431,-0.036688838
14432,-0.057101563
14433,0.002272516
14434,0.02121602
14435,0.011402457
14436,-0.012807697
14437,-0.007172419
14438,-0.020781234
14439,-0.019019065
14440,-0.00492202
14441,0.001918442
14442,0.020822147
14443,-0.001152852
14444,0.010801516
14445,-0.004401311
14446,0.004439323
14447,-0.047539871
14448,-0.003077124
14449,-0.001843662
14450,0.013979661
14451,0.014994136
14452,-0.011350544
14453,-0.004624392
14454,0.014198816
14455,-0.004306718
14456,0.00023478
14457,0.000958812
14458,0.007359966
14459,-0.012421483
14460,0.006002495
14461,0.00769571
14462,0.071585953
14463,-0.021664983
14464,-0.030350881
14465,-0.021301199
14466,-0.009457229
14467,-0.016058927
14468,-0.031211698
14469,-0.014964524
14470,-0.001702315
14471,0.020233864
14472,0.016886484
14473,-0.022641599
14474,0.021261383
14475,-0.002643316
14476,0.028497685
14477,0.052966375
14478,-0.018903689
14479,-0.011814716
14480,0.005599211
14481,-0.006916577
14482,0.014339924
14483,0.001057338
14484,-0.001688236
14485,-0.007276324
14486,0.019334104
14487,0.005233064
14488,0.008789084
14489,-0.020193057
14490,-0.003638054
14491,0.000301993
14492,0.008700469
14493,0.006371976
14494,0.004836804
14495,0.00238763
14496,0.023133466
14497,0.004795185
14498,-0.021055067
14499,-0.005832348
14500,-0.02138851
14501,-0.002760609
14502,-0.000573922
14503,-0.005421618
14504,0.018146193
14505,0.015814785
14506,-0.042156335
14507,-0.014232592
14508,-0.017026436
14509,-0.020411981
14510,-0.03680332
14511,0.023866011
14512,-0.01320422
14513,-0.01845965
14514,-0.005100224
14515,-0.004380876
14516,-0.006895231
14517,-0.019642495
14518,-0.007040859
14519,0.013386778
14520,0.012423873
14521,0.007856847
14522,0.002423284
14523,-0.005706991
14524,-0.017220547
14525,-0.024097336
14526,-0.007214623
14527,-0.012978679
14528,0.027401805
14529,-0.02492873
14530,-0.02360069
14531,-0.042337563
14532,3.71E-05
14533,-0.00567716
14534,0.012830458
14535,-0.021655688
14536,0.001609989
14537,-0.024367269
14538,0.011481784
14539,0.006018471
14540,-0.018278392
14541,0.022837641
14542,0.010099598
14543,-0.015161525
14544,-0.017467141
14545,-0.017958075
14546,-0.000349383
14547,0.027332835
14548,0.045109544
14549,-0.002668602
14550,-0.006742755
14551,0.001044097
14552,0.017338572
14553,0.014289517
14554,-0.02402202
14555,-0.005252144
14556,-0.013174768
14557,-0.006123381
14558,-0.009809647
14559,-0.007145979
14560,0.024726249
14561,0.009913215
14562,-0.007414732
14563,0.001333268
14564,-0.00431321
14565,-0.000749011
14566,-0.0032858
14567,-0.006627114
14568,-0.00435946
14569,0.013923631
14570,0.013575691
14571,0.005261148
14572,-0.040664688
14573,-0.006406438
14574,0.006662625
14575,0.018000616
14576,-0.024940696
14577,-0.023885675
14578,-0.014586112
14579,-0.009254255
14580,-0.016761422
14581,-0.007394304
14582,-0.003867661
14583,0.028876439
14584,0.032576583
14585,-0.015141934
14586,0.006799712
14587,-0.01060413
14588,-0.008185232
14589,-0.024101414
14590,-0.006362097
14591,-0.004106709
14592,0.015487292
14593,0.018268809
14594,0.001603563
14595,-0.014860107
14596,-0.019565031
14597,-0.014813602
14598,-0.028153995
14599,-0.007537495
14600,0.003693385
14601,0.020012012
14602,-0.005935716
14603,0.010052968
14604,-0.001599368
14605,-0.005002883
14606,0.005146335
14607,-0.021922778
14608,0.010032954
14609,0.005778573
14610,-0.010610772
14611,-0.009341292
14612,4.84E-05
14613,-0.008922908
14614,-0.002472633
14615,-0.005396925
14616,-0.00403722
14617,0.014351596
14618,-0.000330728
14619,0.050507631
14620,0.009217917
14621,-0.006970937
14622,-0.013536634
14623,-0.020672288
14624,0.015986806
14625,-0.006562218
14626,0.021715444
14627,0.028281393
14628,0.015955502
14629,-0.019127376
14630,-0.017197959
14631,0.011696889
14632,0.013838698
14633,0.032772344
14634,0.004080568
14635,-0.033197045
14636,-0.02593139
14637,-0.006202087
14638,0.033871081
14639,0.007218408
14640,0.006551376
14641,-0.005203866
14642,0.0194639
14643,-0.020723717
14644,-0.016919028
14645,0.015349013
14646,0.000300864
14647,0.013232527
14648,-0.022830751
14649,-0.040616196
14650,-0.015776316
14651,0.009818234
14652,-0.012108232
14653,-0.003739039
14654,0.027334942
14655,0.006458004
14656,0.007016494
14657,0.003801396
14658,-0.013941593
14659,0.011074139
14660,0.006179074
14661,0.038061339
14662,-0.006165028
14663,-0.012325843
14664,-0.029390547
14665,-0.018406875
14666,0.004191308
14667,0.030872835
14668,0.016447028
14669,-0.008321522
14670,-0.000898188
14671,0.009538143
14672,0.012362853
14673,0.015632488
14674,0.006919839
14675,-0.000152187
14676,0.009038774
14677,-0.006339602
14678,0.006392262
14679,-0.009222063
14680,-0.022039745
14681,0.002561187
14682,0.00807286
14683,0.068041816
14684,0.043652501
14685,-0.014336918
14686,0.000894967
14687,-0.009001396
14688,-0.016540764
14689,0.015620947
14690,-0.012386875
14691,-0.010636786
14692,-0.003513105
14693,-0.002578528
14694,-0.011330399
14695,-0.004564574
14696,0.019999105
14697,0.00299235
14698,-0.021456353
14699,-0.022905694
14700,-0.012871458
14701,-0.00168682
14702,-0.012368158
14703,0.001252678
14704,-0.006850292
14705,0.011493224
14706,0.00810067
14707,-0.011946963
14708,-0.001074386
14709,-0.001052357
14710,0.010614336
14711,-0.009834905
14712,0.00428037
14713,0.005785455
14714,0.001633545
14715,-0.025999812
14716,-0.03225762
14717,-0.008394048
14718,-0.015415133
14719,-0.001645559
14720,-0.006907528
14721,-0.015633218
14722,0.012619006
14723,0.007001811
14724,-0.002122644
14725,0.028984601
14726,-0.007615635
14727,-0.01558818
14728,0.005052587
14729,0.042321809
14730,-0.029532248
14731,0.003466751
14732,-0.002592233
14733,-0.005487319
14734,0.002247769
14735,0.033772964
14736,0.015973475
14737,-0.016246589
14738,-0.011077198
14739,-0.016359396
14740,-0.024279751
14741,0.009057198
14742,-0.016849872
14743,-0.004292894
14744,0.013095155
14745,0.002712627
14746,0.002891971
14747,0.020107025
14748,0.00064243
14749,0.020159563
14750,0.034389269
14751,0.005940284
14752,0.018350078
14753,0.036434703
14754,0.02223414
14755,-0.020883558
14756,0.000533012
14757,-0.000768658
14758,-0.01061752
14759,-0.011005196
14760,-0.006580355
14761,-0.002675688
14762,0.002149301
14763,-0.006474828
14764,-0.045390863
14765,0.012205681
14766,0.026510734
14767,0.01123297
14768,0.029306903
14769,0.016062848
14770,-0.006949005
14771,0.015985459
14772,0.008797264
14773,0.015336148
14774,0.006482788
14775,-0.010749538
14776,-0.025752453
14777,0.018902659
14778,-0.017964499
14779,-0.014194764
14780,0.015959712
14781,0.002844163
14782,-0.009801048
14783,0.049871475
14784,-0.020562043
14785,0.009864473
14786,0.050804812
14787,0.028876182
14788,0.002398326
14789,-0.012568639
14790,-0.014911818
14791,-0.013587723
14792,-0.009161415
14793,-0.012179352
14794,-0.001988076
14795,0.021859856
14796,0.009760814
14797,-0.001541382
14798,0.010620824
14799,-0.006204225
14800,0.023146641
14801,0.018206831
14802,-8.76E-05
14803,0.000632982
14804,0.017530093
14805,0.037577707
14806,-0.002000815
14807,-0.015830792
14808,0.002088701
14809,-0.020889279
14810,0.028969249
14811,-0.001736378
14812,0.014035525
14813,0.039374333
14814,0.008667057
14815,0.008139829
14816,-0.007026266
14817,-0.018891443
14818,0.009977066
14819,-0.005120443
14820,-0.003215963
14821,-0.003877041
14822,0.001187219
14823,0.006440095
14824,0.032852009
14825,-0.026865864
14826,0.017399345
14827,0.021619024
14828,0.020250378
14829,0.003254235
14830,-0.000704588
14831,0.01266538
14832,0.006602189
14833,-0.019507239
14834,-0.017856851
14835,-0.004959814
14836,-0.004390625
14837,-0.023946477
14838,-0.006694019
14839,-0.000296808
14840,0.02327892
14841,0.012512077
14842,0.003417351
14843,0.001046522
14844,-0.012265388
14845,0.000392705
14846,0.014876788
14847,0.01276367
14848,-0.011695678
14849,-0.01561686
14850,-0.004641243
14851,0.011498454
14852,-0.002148664
14853,0.028084418
14854,0.005611079
14855,0.024249349
14856,-0.01381913
14857,-0.002781603
14858,0.000452916
14859,-0.014092914
14860,0.027490238
14861,0.000681315
14862,0.015526938
14863,-0.005632968
14864,-0.009224858
14865,-0.000253251
14866,0.030984785
14867,-0.0132925
14868,-0.03523922
14869,-0.018148337
14870,-0.003343573
14871,-0.017261235
14872,-0.018855171
14873,0.026991664
14874,0.015159531
14875,-0.00166906
14876,-0.022207014
14877,-0.000831589
14878,0.012927082
14879,0.01379525
14880,-0.007043396
14881,0.003500598
14882,0.011158225
14883,0.00908111
14884,0.00426187
14885,-0.001908414
14886,0.024957813
14887,0.038885493
14888,0.004418306
14889,0.014196639
14890,-0.003621253
14891,0.028521765
14892,-0.003253936
14893,-0.01317364
14894,0.025694227
14895,0.00369628
14896,-0.019617574
14897,-0.021148585
14898,-0.012410587
14899,0.010583651
14900,0.029850153
14901,-0.01882801
14902,-0.013862386
14903,-0.039582938
14904,-0.009381209
14905,-0.012786597
14906,-0.005711065
14907,0.013489808
14908,-0.023049768
14909,-0.003658232
14910,0.026062418
14911,0.005144663
14912,0.012589294
14913,-0.012022329
14914,-0.006874128
14915,0.001265442
14916,-0.018049814
14917,-0.012055018
14918,-0.006554056
14919,0.003322491
14920,0.004831122
14921,0.014866472
14922,-0.019654457
14923,-0.006076332
14924,0.019912682
14925,0.018308334
14926,0.025953041
14927,-0.009652108
14928,0.004966439
14929,-0.007769787
14930,0.004737219
14931,0.034484014
14932,-0.010444436
14933,0.019144468
14934,0.002090181
14935,0.000169019
14936,-0.014559578
14937,0.012560503
14938,-0.013266404
14939,-0.010380222
14940,0.024965297
14941,-0.015792208
14942,-0.016925082
14943,-0.001697669
14944,0.003790109
14945,0.003197555
14946,-0.003333034
14947,-0.000745902
14948,-0.040393203
14949,-0.001364743
14950,0.007698869
14951,0.024070561
14952,0.002762835
14953,-0.011450182
14954,0.00574566
14955,0.007293129
14956,0.011713642
14957,-0.000579437
14958,-0.038302865
14959,-0.015954521
14960,-0.002207443
14961,-0.016679797
14962,-0.003605105
14963,0.001663668
14964,-0.014379933
14965,0.002647227
14966,-0.025713515
14967,-0.003695595
14968,0.004625116
14969,0.030976927
14970,0.030168241
14971,-0.042185586
14972,-0.02335397
14973,-0.030592786
14974,-0.001405481
14975,0.003095783
14976,0.00596936
14977,-0.030832717
14978,-0.014739576
14979,-0.010560539
14980,-0.027261509
14981,-0.008464711
14982,0.023178739
14983,-0.001777034
14984,-0.005425705
14985,0.009002573
14986,0.020149758
14987,0.014225712
14988,0.027112015
14989,-0.002589974
14990,-0.007508526
14991,-0.016329836
14992,0.002058898
14993,-0.009559266
14994,0.004153403
14995,-0.004362426
14996,-0.001558095
14997,0.021651754
14998,-0.013499174
14999,0.002448552
15000,-0.015088351
15001,-0.00880633
15002,-0.074300401
15003,-0.010356201
15004,0.049865142
15005,0.032048408
15006,-0.002524834
15007,-0.013598412
15008,0.000349983
15009,0.006710152
15010,0.0048132
15011,-0.007002223
15012,0.003520335
15013,0.018606614
15014,0.007808764
15015,0.01805901
15016,0.007640365
15017,
15018,
15019,-0.002598235
15020,0.011011925
15021,0.005655832
15022,0.020127218
15023,0.006963851
15024,-0.029272832
15025,-0.017671604
15026,0.016247937
15027,0.026504081
15028,0.021987153
15029,-0.024486562
15030,0.004807336
15031,0.000161789
15032,0.000343325
15033,0.045481961
15034,-0.001396722
15035,-0.001779557
15036,-0.003383513
15037,0.010772954
15038,0.00817575
15039,0.014841299
15040,-0.007804145
15041,0.001736794
15042,-0.014666934
15043,0.016176263
15044,-0.010259144
15045,0.010713758
15046,0.024816629
15047,0.043998607
15048,-0.009070797
15049,-0.004831452
15050,0.019579047
15051,0.008716416
15052,0.017390482
15053,-0.005269326
15054,-0.002124748
15055,0.00777344
15056,-0.006398016
15057,-0.017897714
15058,-0.030337384
15059,0.000317209
15060,0.016935438
15061,0.013615282
15062,0.015672052
15063,-0.00671495
15064,0.012710375
15065,0.001516901
15066,-0.009821229
15067,0.024935694
15068,0.008777903
15069,-0.011487139
15070,-0.021680752
15071,-0.013272449
15072,0.001631508
15073,0.003461389
15074,0.001430028
15075,0.018946007
15076,0.016983667
15077,0.005475503
15078,-0.012221736
15079,-0.021147029
15080,-0.029674003
15081,0.001007278
15082,0.016643558
15083,-0.014956497
15084,-0.006568836
15085,-0.017132621
15086,-0.06364771
15087,0.002874627
15088,0.016424526
15089,0.043694284
15090,-0.022236837
15091,-0.001745771
15092,0.005440366
15093,0.008351633
15094,-0.016097838
15095,0.02379103
15096,0.015275305
15097,0.008850921
15098,-0.000590667
15099,0.013540205
15100,-0.021924097
15101,0.000653431
15102,0.000681983
15103,-0.02373613
15104,0.011946916
15105,-0.0099971
15106,-0.016599994
15107,0.006740763
15108,-0.01275628
15109,0.024561478
15110,0.027173858
15111,0.004524188
15112,-0.015279521
15113,-0.008936089
15114,-0.007346128
15115,-0.002303431
15116,0.025147403
15117,0.007402711
15118,-0.011488173
15119,-0.011263425
15120,0.002928472
15121,-0.008039614
15122,-0.002704351
15123,-0.0081702
15124,-0.02262098
15125,-0.016212817
15126,0.005143596
15127,-0.002258822
15128,0.010286034
15129,-0.014494111
15130,0.005563684
15131,0.022237597
15132,0.032931928
15133,-0.000985218
15134,-0.002988366
15135,-0.007124579
15136,0.021650283
15137,0.006279306
15138,0.008712816
15139,0.022561166
15140,0.000278234
15141,0.010978905
15142,0.012131469
15143,-0.004234818
15144,-0.017974492
15145,-0.036685098
15146,-0.013623836
15147,-0.014160988
15148,0.000695372
15149,-0.007078208
15150,0.014974969
15151,-0.012559024
15152,0.001317542
15153,-0.00152116
15154,-0.025810231
15155,-0.016942766
15156,-0.008064386
15157,0.010364295
15158,0.00907704
15159,-0.026139021
15160,-0.007748236
15161,0.021469906
15162,-0.003970218
15163,-0.008961335
15164,-0.019200947
15165,-0.020372009
15166,-0.017701302
15167,0.009052193
15168,0.017303066
15169,0.004672067
15170,0.001925352
15171,-0.022280537
15172,-0.004192308
15173,0.048461862
15174,0.012147281
15175,0.009472738
15176,-0.017554786
15177,-0.009962197
15178,-0.032553852
15179,0.007258356
15180,0.029374203
15181,0.021314619
15182,0.011825775
15183,-0.005588283
15184,-0.007236812
15185,-0.029503921
15186,-0.009329142
15187,0.00862757
15188,-0.001943339
15189,-0.002819835
15190,0.019808633
15191,0.003015323
15192,0.005537775
15193,0.016237598
15194,0.006861122
15195,-0.005836549
15196,0.012795955
15197,-0.002618747
15198,-0.007673989
15199,-0.013653853
15200,-0.006037185
15201,-0.004839046
15202,-0.009402633
15203,0.008149018
15204,0.039321266
15205,-0.004699843
15206,-0.012583484
15207,-0.013672126
15208,0.004780085
15209,0.017088406
15210,0.009027892
15211,-0.0021138
15212,0.001261129
15213,0.011073879
15214,0.003490067
15215,0.01064293
15216,0.019128852
15217,0.003070108
15218,-0.00352262
15219,-0.011871236
15220,-0.025872715
15221,0.019951668
15222,-0.001155466
15223,-0.02184871
15224,-0.007822598
15225,-0.003790606
15226,-0.006378565
15227,0.015234073
15228,-0.004629886
15229,0.003709113
15230,-0.013922633
15231,-0.011403311
15232,-0.014840039
15233,-0.006028999
15234,-0.013817364
15235,0.012524339
15236,-0.01577555
15237,-0.035746243
15238,0.00082403
15239,0.020055059
15240,-0.014092537
15241,0.000548431
15242,-0.019075111
15243,0.016044531
15244,-0.020580128
15245,-0.005036186
15246,-0.016474912
15247,0.023491176
15248,0.03311142
15249,-0.011534496
15250,0.004298713
15251,0.007390765
15252,0.017154494
15253,-0.005905431
15254,0.003541547
15255,-0.001046088
15256,-0.023218676
15257,0.011970471
15258,0.014713665
15259,0.04948841
15260,-0.014075583
15261,-0.017098095
15262,-0.01394064
15263,0.014032152
15264,0.006220699
15265,0.030458342
15266,-0.011798557
15267,-0.005994888
15268,0.005609551
15269,-0.013748747
15270,0.009527531
15271,0.004964415
15272,0.0086766
15273,0.038312916
15274,0.009079861
15275,-0.007781968
15276,-0.011954208
15277,0.008810953
15278,0.007216378
15279,0.008781409
15280,-0.045430608
15281,0.001575463
15282,0.004196127
15283,0.001254736
15284,-0.001578146
15285,-0.002378585
15286,-0.005142499
15287,-0.013161493
15288,-0.003927351
15289,-0.034833182
15290,0.003803717
15291,0.010910183
15292,0.01521221
15293,0.014648166
15294,0.0053975
15295,-0.011678545
15296,-0.02112297
15297,-0.015837269
15298,-0.011983178
15299,0.004468257
15300,-0.014043329
15301,0.009323039
15302,-0.021216867
15303,-0.009169579
15304,0.001726885
15305,0.078259528
15306,0.003411926
15307,0.025599606
15308,0.040079467
15309,-0.005648804
15310,0.033702936
15311,0.00661896
15312,-0.004130249
15313,-0.004332584
15314,0.009616204
15315,-0.000442095
15316,0.001583613
15317,-0.000341627
15318,0.009566218
15319,0.014736591
15320,-0.015519794
15321,-0.037186284
15322,-0.01978375
15323,0.012683429
15324,-0.027813751
15325,-0.011048698
15326,-0.040636607
15327,-0.016409097
15328,0.035369594
15329,-0.025722798
15330,-0.031962939
15331,0.011165217
15332,0.004760507
15333,-0.015750203
15334,0.013603609
15335,0.003008301
15336,0.015621745
15337,-0.018217143
15338,-0.017863806
15339,-0.022440955
15340,-0.022978161
15341,-0.001332696
15342,0.041785568
15343,0.010308529
15344,0.006293762
15345,-0.006860163
15346,0.00807297
15347,0.01320867
15348,0.013180443
15349,0.007778046
15350,0.001763516
15351,0.024884423
15352,-0.02227783
15353,-0.002126925
15354,0.003142279
15355,-0.015046997
15356,0.003036647
15357,0.011444533
15358,-0.010791329
15359,-0.007764236
15360,-0.007774687
15361,-0.007161561
15362,0.022786599
15363,-0.009354499
15364,-0.008928676
15365,-0.041525718
15366,0.013328194
15367,0.032592151
15368,0.021230094
15369,-0.029575914
15370,-0.016620923
15371,6.34E-05
15372,0.005363156
15373,-0.010129229
15374,-0.016926022
15375,-0.027900413
15376,-0.003735273
15377,0.01182658
15378,0.01637095
15379,0.022343868
15380,0.002554397
15381,-0.005704459
15382,-0.008030214
15383,-0.005384075
15384,-0.00107079
15385,0.01192141
15386,0.038458876
15387,-0.045141924
15388,-0.004432752
15389,0.007512632
15390,0.000595306
15391,0.012371843
15392,0.020985804
15393,0.009289452
15394,0.018311417
15395,-0.003121027
15396,-0.012088679
15397,-0.027817946
15398,0.007798519
15399,0.030929638
15400,-0.002495224
15401,-0.008958692
15402,-0.001772379
15403,0.00535835
15404,0.006298862
15405,-0.014044081
15406,0.003829143
15407,0.046738926
15408,-0.022006873
15409,-0.014737111
15410,0.006742829
15411,0.012655694
15412,0.016203789
15413,0.002805042
15414,-0.013827029
15415,-0.008330512
15416,-0.042117238
15417,-0.007863277
15418,0.019316634
15419,0.003261236
15420,-0.01121109
15421,0.006458476
15422,0.001987489
15423,0.011803916
15424,-0.013281797
15425,-0.002440867
15426,0.014908368
15427,0.039836861
15428,-0.008925974
15429,0.004622349
15430,-0.010484049
15431,-0.039607778
15432,0.011201384
15433,0.017502273
15434,-0.011042617
15435,-0.017593881
15436,-0.003318646
15437,0.016286083
15438,0.005307629
15439,-0.022181921
15440,-0.023948966
15441,0.003850314
15442,0.003620093
15443,0.000442743
15444,-0.017034832
15445,0.001522029
15446,-0.001232655
15447,0.016332053
15448,-0.002043885
15449,-0.022983655
15450,0.007333515
15451,0.008089039
15452,-0.002087226
15453,0.062623791
15454,0.00906317
15455,0.016523594
15456,0.025290815
15457,0.029765911
15458,0.011678813
15459,-0.024367154
15460,-0.035411809
15461,0.012908079
15462,0.01246677
15463,0.113631628
15464,-0.013653424
15465,0.004218594
15466,0.008059122
15467,-0.002519629
15468,-0.005916559
15469,0.001886792
15470,-0.027369119
15471,-0.004158331
15472,0.008492468
15473,-0.004170165
15474,-0.000549706
15475,-0.026432779
15476,0.019966852
15477,-0.011739009
15478,0.009727935
15479,0.027601907
15480,-0.009423555
15481,0.004079253
15482,-0.002814529
15483,0.005461925
15484,-0.005270806
15485,-0.009952716
15486,-0.02150907
15487,-0.009554888
15488,0.001503291
15489,-0.002126594
15490,-0.014436609
15491,-0.023960482
15492,-0.01649959
15493,-0.023402905
15494,0.005057691
15495,0.006772816
15496,-0.003912915
15497,0.001118153
15498,-0.000542299
15499,-0.009579255
15500,-0.004787567
15501,0.00376726
15502,0.009307656
15503,0.012201781
15504,-0.010059334
15505,-0.022400942
15506,-0.00942369
15507,-0.017269515
15508,0.029304134
15509,0.023307281
15510,-0.033021908
15511,0.012597455
15512,0.005138201
15513,0.004281193
15514,-0.029541964
15515,-0.004186222
15516,-0.016207946
15517,-0.015354613
15518,0.001542439
15519,-0.007129341
15520,-0.007554312
15521,-0.032187067
15522,-0.033553958
15523,0.009819452
15524,0.005869557
15525,0.009096075
15526,0.011098016
15527,0.01567645
15528,0.020254608
15529,0.007170527
15530,-0.002921607
15531,0.011279711
15532,-0.007556458
15533,0.010054845
15534,0.017288752
15535,0.005142486
15536,-0.003713682
15537,-0.003599562
15538,-0.022274986
15539,-0.023951178
15540,-0.008684565
15541,-0.012035787
15542,0.000795331
15543,-0.023393447
15544,-0.010465597
15545,-0.010670556
15546,-0.006310858
15547,-0.018444542
15548,0.008639375
15549,-0.016701953
15550,0.010223483
15551,0.009594672
15552,-0.010784247
15553,0.003374845
15554,0.016810576
15555,-0.004087489
15556,-0.0370005
15557,-0.027234487
15558,-0.000611186
15559,0.020480711
15560,0.001299681
15561,0.001711082
15562,-0.008350218
15563,-0.016737057
15564,0.008556029
15565,0.010157484
15566,0.022353234
15567,-0.057103127
15568,-0.001645349
15569,-0.034730289
15570,-0.000589816
15571,0.004241616
15572,0.018284624
15573,0.02585391
15574,-0.013382373
15575,0.004193008
15576,0.008311027
15577,0.039041407
15578,0.031844147
15579,0.022033267
15580,0.004371716
15581,-0.002544154
15582,-0.017980555
15583,-0.025919953
15584,-0.01828034
15585,-0.01006954
15586,-0.019485861
15587,-0.010209808
15588,0.026505807
15589,0.004405545
15590,-0.001468638
15591,0.023224536
15592,0.000221004
15593,-0.019430511
15594,0.016213225
15595,0.006541783
15596,0.00200669
15597,0.012205317
15598,0.016007619
15599,0.008565083
15600,-0.014114055
15601,-0.00341479
15602,-0.007842442
15603,0.004340905
15604,-0.012630892
15605,-0.009266916
15606,-0.028818469
15607,0.006387319
15608,0.013742085
15609,0.020258004
15610,0.018266525
15611,-0.026801895
15612,-0.019777419
15613,-0.031039877
15614,0.01494632
15615,0.024485191
15616,0.014776065
15617,0.008666953
15618,0.01035751
15619,-0.00351807
15620,-0.0341895
15621,0.022622004
15622,-0.007816327
15623,-0.024445031
15624,-0.00453399
15625,-0.006710177
15626,-0.016152224
15627,-0.016386161
15628,-0.006124844
15629,0.005037667
15630,-0.039180368
15631,0.015221266
15632,0.021851666
15633,0.010087495
15634,0.038514167
15635,0.004571631
15636,0.006611524
15637,-0.000834287
15638,-0.000712826
15639,-0.008041098
15640,0.014040659
15641,0.005221276
15642,0.006283927
15643,0.007107032
15644,-0.004748886
15645,-0.002406403
15646,-0.026606068
15647,0.036785256
15648,0.008766645
15649,-0.037560225
15650,0.011145382
15651,0.016053941
15652,0.024184398
15653,0.013210727
15654,-0.010335304
15655,-0.019392414
15656,0.009193773
15657,0.028683364
15658,0.016758664
15659,0.009045191
15660,-0.001598144
15661,-0.036403116
15662,-0.004518496
15663,-0.013657364
15664,-0.026442263
15665,-0.004077376
15666,-0.030335875
15667,-0.023576977
15668,-0.020530224
15669,-0.000769573
15670,0.027518773
15671,-0.007273055
15672,-0.024232546
15673,5.70E-05
15674,-0.008488488
15675,0.003836431
15676,0.024189645
15677,-0.001795533
15678,-0.016351899
15679,-0.010603697
15680,0.009018617
15681,0.019891091
15682,-0.000245284
15683,0.033857323
15684,-0.011219108
15685,0.020430744
15686,0.018560007
15687,0.010682845
15688,0.001058905
15689,0.022676865
15690,8.12E-05
15691,-0.028645195
15692,-0.017258536
15693,0.00920925
15694,-0.004791083
15695,0.013335832
15696,0.024714943
15697,0.043145757
15698,-0.000512101
15699,0.040956553
15700,-0.008992932
15701,-0.003949865
15702,0.006475609
15703,-0.006887881
15704,0.009944274
15705,0.020186186
15706,-0.004903256
15707,0.005693566
15708,-0.017191529
15709,-0.021526817
15710,-0.025056653
15711,-0.033143889
15712,-0.016063264
15713,0.003203741
15714,-0.013414741
15715,0.016012412
15716,0.04735589
15717,-0.006237503
15718,0.0011078
15719,-0.010009263
15720,0.003973407
15721,0.001167656
15722,0.054014102
15723,-0.023952294
15724,0.002219752
15725,0.023722155
15726,0.034803521
15727,-0.04381346
15728,-0.004583292
15729,0.011041359
15730,-7.71E-05
15731,0.045760982
15732,0.020110179
15733,0.001687394
15734,-0.017550629
15735,-0.03392911
15736,-0.0279785
15737,-0.040562361
15738,-0.011740808
15739,0.00110357
15740,0.009252224
15741,-0.015167573
15742,0.029094949
15743,-0.003133796
15744,0.01458961
15745,-0.008059755
15746,-0.020835396
15747,-0.000552218
15748,0.001260444
15749,0.01769286
15750,-0.004665799
15751,-0.026559291
15752,-0.006050725
15753,0.015273631
15754,-0.027000478
15755,0.038012527
15756,0.039930332
15757,0.012226879
15758,-0.007269713
15759,-0.014140474
15760,-0.004523759
15761,0.000623803
15762,0.054752681
15763,0.009989212
15764,0.003297803
15765,-0.009075575
15766,0.007831371
15767,0.018444495
15768,-0.03446652
15769,-0.015483856
15770,0.021199698
15771,0.012369936
15772,0.031296603
15773,0.009900047
15774,0.002722237
15775,0.020859171
15776,0.000636561
15777,-0.010236761
15778,-0.012940063
15779,0.001221307
15780,-0.015988596
15781,-0.000649258
15782,0.003478748
15783,0.048679512
15784,0.00788187
15785,0.044241354
15786,0.019775676
15787,-0.006684727
15788,0.01285057
15789,0.008497324
15790,-0.002541428
15791,0.012057204
15792,-0.00269414
15793,-0.012050292
15794,0.006287787
15795,-0.00176309
15796,-0.008199643
15797,-0.015606564
15798,-0.011817207
15799,0.000222453
15800,0.020134443
15801,0.017529352
15802,0.030127157
15803,0.006389353
15804,-0.000987402
15805,0.002424455
15806,-0.017021626
15807,-0.000963139
15808,0.026935508
15809,0.02698867
15810,-0.013687407
15811,0.003132508
15812,-0.001313254
15813,-0.016249744
15814,-0.032331787
15815,0.001251751
15816,0.001412536
15817,-0.001264569
15818,0.000222658
15819,-0.005233808
15820,-0.014876423
15821,-0.017250987
15822,0.005255773
15823,-0.025705326
15824,-0.018464798
15825,0.022567239
15826,0.008710012
15827,-0.007572237
15828,0.003244761
15829,-0.003413586
15830,-0.020365674
15831,-0.035520039
15832,-0.001438296
15833,0.019132245
15834,-0.029929636
15835,-0.002040846
15836,0.033183038
15837,0.013783745
15838,0.004248271
15839,0.002041928
15840,-0.012497527
15841,0.009931376
15842,0.010605125
15843,-0.006385573
15844,-0.008782612
15845,-0.034261569
15846,-0.00811871
15847,-0.004618215
15848,0.019466825
15849,0.019767102
15850,0.028747676
15851,0.00133704
15852,0.007313803
15853,0.012504007
15854,-0.001277359
15855,-0.022891454
15856,-0.011033571
15857,-0.003364522
15858,-0.003930956
15859,-0.016237507
15860,-0.036825765
15861,0.004366995
15862,0.000685412
15863,0.0234074
15864,-0.034049444
15865,0.004905174
15866,-0.016591843
15867,-0.003645466
15868,-0.018583806
15869,-0.002930175
15870,0.001836175
15871,-0.041232709
15872,0.007328684
15873,-0.013710139
15874,-0.002593008
15875,0.011060147
15876,-0.012508123
15877,-0.00415907
15878,-0.030363627
15879,0.015521006
15880,-0.003277069
15881,-0.022267457
15882,0.012977272
15883,0.016162522
15884,0.000959221
15885,-0.00975182
15886,0.01614083
15887,0.006692839
15888,0.042986713
15889,0.013999054
15890,-0.015013251
15891,-0.010682325
15892,-0.008969951
15893,0.012489848
15894,0.003538935
15895,0.009871429
15896,0.004284156
15897,-0.016224194
15898,0.001387745
15899,-0.004830543
15900,0.007389372
15901,-0.019265054
15902,0.020757949
15903,-0.011753192
15904,-0.014987436
15905,0.025613992
15906,-0.024247153
15907,-0.011116565
15908,0.026815156
15909,-0.002820617
15910,0.016760048
15911,0.014006574
15912,0.00051762
15913,-0.002532661
15914,-0.012838548
15915,-0.016138103
15916,0.011842584
15917,0.006523505
15918,-0.03174141
15919,0.008591355
15920,-0.028157812
15921,0.030750277
15922,0.030158911
15923,-0.009511871
15924,-0.002169454
15925,0.001952989
15926,-0.018465819
15927,-0.029217534
15928,-0.013413558
15929,0.038848132
15930,0.030592855
15931,0.008587542
15932,0.001662266
15933,-0.020000942
15934,0.029928498
15935,-0.007327123
15936,-0.028355058
15937,-0.02900856
15938,-0.014032155
15939,-0.010838202
15940,0.000414316
15941,-3.91E-05
15942,-0.001133696
15943,0.017960653
15944,-0.000542615
15945,0.02060464
15946,0.009905051
15947,0.011949044
15948,-0.001766452
15949,0.019213531
15950,-0.005189801
15951,-0.009623471
15952,0.012617245
15953,0.026214711
15954,0.007076561
15955,-0.039217409
15956,-0.00068594
15957,0.015253069
15958,0.028075665
15959,0.026623512
15960,0.002067698
15961,0.023490921
15962,-0.022967834
15963,-0.0206527
15964,0.020227509
15965,0.02257772
15966,0.007147829
15967,0.00718394
15968,-0.004064971
15969,0.014743158
15970,-0.031603225
15971,-0.000485837
15972,-0.004207218
15973,0.016667457
15974,0.013649939
15975,-0.020275205
15976,0.003873121
15977,0.022741135
15978,0.026366789
15979,0.007980919
15980,0.029108441
15981,0.034527075
15982,0.006531007
15983,-0.009737609
15984,-0.019024504
15985,-0.0290835
15986,0.004484904
15987,0.000171757
15988,0.008308863
15989,-0.003762342
15990,-0.008478535
15991,-0.026748467
15992,0.022727545
15993,0.011842457
15994,-0.041339245
15995,-0.013917141
15996,-0.026459962
15997,0.026223278
15998,-0.014500691
15999,-0.000835486
16000,0.048837647
16001,-0.008532861
16002,-0.03602197
16003,0.031081788
16004,0.010316144
16005,0.016497068
16006,-0.000991143
16007,-0.001015911
16008,0.00970805
16009,-0.016182674
16010,-0.014376102
16011,-0.011713173
16012,0.035025511
16013,0.021250872
16014,0.007137389
16015,0.0241697
16016,0.011023088
16017,-0.00101534
16018,-0.015252878
16019,0.00872767
16020,0.021876959
16021,-0.000270716
16022,0.005339937
16023,-0.037207279
16024,-0.017235983
16025,0.001382988
16026,0.009093125
16027,-0.003933627
16028,0.003205665
16029,0.023622857
16030,-0.010420029
16031,0.020789249
16032,0.016789038
16033,-0.013625672
16034,-0.031544365
16035,0.008434749
16036,0.009107866
16037,-0.005959122
16038,-0.006278326
16039,-0.001722227
16040,0.002846912
16041,-0.005552774
16042,0.035120215
16043,0.024375185
16044,-0.001703166
16045,-0.020981306
16046,-0.001552728
16047,0.004101236
16048,0.005036997
16049,0.003823739
16050,-0.005666037
16051,-0.012445685
16052,0.00471987
16053,-0.017659791
16054,0.011421815
16055,-0.011439016
16056,0.009522439
16057,-0.003514652
16058,-0.019274322
16059,-0.004080269
16060,-0.0027058
16061,0.026228826
16062,0.016111491
16063,0.009912198
16064,-0.028815079
16065,0.035162188
16066,0.066706508
16067,-0.00764189
16068,-0.015258698
16069,-0.031760614
16070,0.010785121
16071,-0.000665294
16072,-0.008840784
16073,-0.032211311
16074,0.014741329
16075,0.002874747
16076,0.013250678
16077,0.002120632
16078,0.030200936
16079,-0.042838264
16080,-0.003622119
16081,-0.010099696
16082,-0.029281642
16083,-0.040609088
16084,-0.005623472
16085,4.97E-05
16086,0.026849253
16087,0.032272387
16088,-0.016738294
16089,-0.033642296
16090,0.010712697
16091,0.01180289
16092,0.009380079
16093,-0.001672864
16094,-0.008666847
16095,-0.007344425
16096,0.00991786
16097,0.013507321
16098,0.034444824
16099,-0.018601948
16100,0.025114419
16101,0.019240266
16102,-0.008144157
16103,-0.014501345
16104,0.01310829
16105,0.029934878
16106,-0.018146217
16107,-0.002167032
16108,-0.010992073
16109,0.063157193
16110,0.009604545
16111,0.031006433
16112,-0.007993408
16113,-0.006271956
16114,0.007143097
16115,0.020776296
16116,0.007190745
16117,0.005147104
16118,-0.031162888
16119,0.000955697
16120,0.005732513
16121,-0.013015747
16122,0.01110908
16123,0.004969163
16124,-0.032385267
16125,-0.024726862
16126,-0.006089844
16127,-0.013298317
16128,0.001200431
16129,0.007985517
16130,-0.000783517
16131,0.019090312
16132,0.014212001
16133,-0.03600755
16134,-0.013980869
16135,0.009061319
16136,0.007621506
16137,0.011529251
16138,-0.017442467
16139,0.01380899
16140,-0.005103659
16141,-0.005091548
16142,-0.00871856
16143,-0.002510456
16144,-0.002941336
16145,0.006204845
16146,0.001005634
16147,0.002382885
16148,-0.028493956
16149,0.009301348
16150,-0.007960681
16151,-0.005808012
16152,0.007717941
16153,-0.003978438
16154,0.01899937
16155,0.030141987
16156,0.012944934
16157,-0.001851134
16158,-0.010587319
16159,0.021079581
16160,-0.00113247
16161,0.019332293
16162,0.024653159
16163,0.015850915
16164,0.007548927
16165,0.023914173
16166,0.007300762
16167,0.00802089
16168,-0.008494012
16169,-0.032574099
16170,-0.062240161
16171,-0.018869694
16172,0.000115609
16173,0.031072259
16174,0.014838871
16175,0.039942354
16176,0.017680697
16177,-0.038442429
16178,-0.008941657
16179,0.039055131
16180,0.023294613
16181,-0.018868946
16182,-0.009414747
16183,0.028186331
16184,-0.015271529
16185,-0.002829402
16186,-0.025942015
16187,0.005386078
16188,0.026504517
16189,-0.000785293
16190,0.014697083
16191,0.028217796
16192,0.054781195
16193,0.003646221
16194,0.00064613
16195,0.024633417
16196,0.007067714
16197,0.045082182
16198,0.058425121
16199,0.02357824
16200,0.02381205
16201,-0.015658004
16202,-0.057038162
16203,0.017538933
16204,0.014973774
16205,0.014475075
16206,-0.014431883
16207,-0.003302803
16208,-0.003605567
16209,-0.029657066
16210,0.006145744
16211,0.002493144
16212,-0.0039295
16213,0.003461652
16214,0.014744529
16215,0.035067294
16216,0.005439572
16217,-0.034928087
16218,-0.002169614
16219,0.011137232
16220,-0.001532864
16221,-0.040159158
16222,-0.002188359
16223,0.006234565
16224,-0.030765118
16225,0.013216075
16226,-0.015299605
16227,-0.002505972
16228,-0.009628585
16229,0.012858201
16230,-0.001828103
16231,0.006221198
16232,0.021734973
16233,0.013250691
16234,-0.005867365
16235,0.019077411
16236,0.023250805
16237,0.023401422
16238,0.00353752
16239,-0.018297195
16240,0.013232357
16241,0.007144624
16242,-0.014291658
16243,-0.003421933
16244,-0.008309609
16245,-0.016755085
16246,-0.00565256
16247,0.022861218
16248,-0.00043017
16249,-0.001123573
16250,-0.026146231
16251,-0.011937678
16252,-0.003772393
16253,0.023735648
16254,0.008480908
16255,-0.005889873
16256,-0.007659133
16257,-0.01679611
16258,-0.017040284
16259,-0.035001546
16260,0.004953474
16261,-0.002341439
16262,-0.009160466
16263,0.008174142
16264,0.00929523
16265,-0.013141594
16266,-0.001640985
16267,0.002887542
16268,
16269,
16270,0.004689479
16271,0.000705305
16272,-0.001331349
16273,-0.003670519
16274,0.025591604
16275,0.024469946
16276,0.009333258
16277,-0.02487801
16278,-0.01259499
16279,0.009424089
16280,-0.013765501
16281,-0.015820468
16282,-0.00458943
16283,0.009335261
16284,0.001852028
16285,-0.022401903
16286,-0.003994275
16287,-0.001684396
16288,-0.004389173
16289,0.004324432
16290,-0.003310658
16291,-0.004005424
16292,-0.021711675
16293,0.002324563
16294,-0.001060864
16295,0.001678268
16296,0.004415099
16297,0.004669352
16298,0.00439523
16299,-0.000827137
16300,0.014878493
16301,0.002227947
16302,-0.000584435
16303,-0.004389645
16304,-0.003781752
16305,0.006760023
16306,0.003653383
16307,-0.014649665
16308,0.009177745
16309,-0.001001654
16310,-0.024561223
16311,-0.03513344
16312,-0.017569406
16313,0.010441964
16314,0.022515306
16315,-0.016518958
16316,-0.007775866
16317,-0.025124678
16318,-0.006117656
16319,0.065113045
16320,-0.019292891
16321,-0.009435885
16322,0.007875652
16323,0.047533147
16324,0.001680661
16325,-0.016899323
16326,-0.017121974
16327,0.015849058
16328,-0.006593135
16329,-0.011976988
16330,0.002481907
16331,0.003843677
16332,0.042285454
16333,-0.045494832
16334,-0.004395544
16335,0.019930504
16336,-0.006588375
16337,0.009214086
16338,-0.006849235
16339,2.20E-05
16340,-0.046945043
16341,0.000764953
16342,0.01086687
16343,-0.002520677
16344,-0.030598206
16345,-0.017096587
16346,-0.016329784
16347,-0.009993157
16348,0.013278821
16349,0.016035452
16350,0.013740052
16351,-0.023952443
16352,-0.002228399
16353,0.010274213
16354,-0.002422649
16355,-0.007736258
16356,0.016068906
16357,0.004259611
16358,0.018402116
16359,0.003976105
16360,-0.009771706
16361,0.008324355
16362,-0.004237412
16363,-0.000912383
16364,0.009196574
16365,0.012126453
16366,-0.011549055
16367,-0.021026677
16368,-0.003036332
16369,0.008964777
16370,-0.004520534
16371,-0.02149336
16372,0.003906897
16373,0.010969108
16374,-0.000959947
16375,-0.001434612
16376,0.017581047
16377,0.000797261
16378,-0.004387799
16379,-0.021601619
16380,0.008316014
16381,0.002958516
16382,-0.006851979
16383,-0.011250923
16384,-0.001970312
16385,-0.00871309
16386,0.026316475
16387,-0.006332395
16388,-0.019894706
16389,-0.013765322
16390,-0.000441597
16391,0.019510508
16392,0.011520861
16393,-0.01263795
16394,-0.018621655
16395,-0.029567244
16396,-0.003165612
16397,0.011743965
16398,0.001355166
16399,0.015603182
16400,0.014060011
16401,0.023182562
16402,-0.025569467
16403,-0.009837989
16404,-0.012797459
16405,0.003203891
16406,-0.005093674
16407,-0.008965139
16408,-0.003288152
16409,-0.008113182
16410,-0.003409422
16411,0.012755426
16412,-0.006902144
16413,-0.009484478
16414,-0.006418668
16415,-0.015981643
16416,-0.006825936
16417,-0.015967844
16418,-0.00814492
16419,0.039041124
16420,0.003189076
16421,0.009563385
16422,0.013588841
16423,-0.013315099
16424,0.004385807
16425,0.008072667
16426,0.007829309
16427,-0.000136856
16428,-0.03360172
16429,-0.053147282
16430,-0.007142212
16431,0.006478706
16432,0.01698444
16433,0.019178042
16434,0.004575706
16435,0.011355472
16436,-0.002415066
16437,0.005207556
16438,0.001496434
16439,-0.001936828
16440,-0.002881423
16441,-0.015681101
16442,-0.010846373
16443,-0.009927153
16444,0.018438576
16445,-0.004736946
16446,0.017660677
16447,-0.015856475
16448,-0.037116967
16449,0.012103098
16450,-0.000697646
16451,-0.010309468
16452,-0.040534925
16453,-0.042721517
16454,-0.019118868
16455,0.001078599
16456,0.044110395
16457,0.004357344
16458,-0.010415953
16459,-0.004108464
16460,0.000469519
16461,-0.007734282
16462,-0.017729621
16463,0.003811011
16464,0.011241493
16465,-0.00423661
16466,0.001045806
16467,0.00889902
16468,0.008299681
16469,-0.004063291
16470,-0.015167136
16471,-0.010450016
16472,0.021920258
16473,0.027171368
16474,-0.005647978
16475,0.004076761
16476,-0.003192615
16477,0.01738698
16478,0.031419501
16479,-0.003857895
16480,-0.003216351
16481,0.004660717
16482,0.018428346
16483,0.006774266
16484,-0.005703921
16485,-0.033961814
16486,0.010941267
16487,0.025118949
16488,0.013163705
16489,-0.017311895
16490,-0.016195212
16491,0.012478283
16492,0.018294653
16493,6.42E-05
16494,-0.013591427
16495,-0.028299687
16496,-0.00745629
16497,0.015060793
16498,0.037602194
16499,0.013616903
16500,-0.013568169
16501,-0.022576448
16502,-0.005482274
16503,0.009651927
16504,0.003521848
16505,-0.011066485
16506,-0.002536245
16507,0.011053449
16508,0.007209733
16509,0.005762332
16510,-0.006898392
16511,-0.007381978
16512,0.011891739
16513,0.004048123
16514,0.002534723
16515,-0.005273145
16516,0.007676254
16517,0.001148818
16518,-0.014818563
16519,-0.002793199
16520,-0.004126019
16521,-0.0046194
16522,-0.013150164
16523,0.008356275
16524,0.014081873
16525,0.016465761
16526,0.018788431
16527,0.00630416
16528,0.008545217
16529,0.033068951
16530,-0.017846078
16531,-0.002741475
16532,-0.014636969
16533,0.017001715
16534,0.009249316
16535,0.006382488
16536,0.04315659
16537,0.042328682
16538,-0.00394371
16539,0.001211381
16540,0.016330102
16541,0.012694047
16542,0.003297898
16543,0.000190083
16544,-0.018223649
16545,-0.023457779
16546,0.00819295
16547,0.00569174
16548,0.012249892
16549,-0.015286171
16550,-0.030515309
16551,0.003935276
16552,0.039940756
16553,0.019842066
16554,0.010162288
16555,0.011899007
16556,0.018007601
16557,0.005838642
16558,-0.003318331
16559,-0.002924006
16560,0.004427798
16561,-0.024764445
16562,-0.021824308
16563,-0.008574935
16564,-0.001082234
16565,-0.001984483
16566,0.012784142
16567,-0.028822938
16568,0.002283308
16569,-0.022657201
16570,0.023884585
16571,0.007831815
16572,-0.011101007
16573,0.013862759
16574,-0.009751143
16575,0.000738634
16576,0.028199971
16577,-0.009953092
16578,-0.000718107
16579,0.009432545
16580,0.017662799
16581,0.026204839
16582,-0.002712022
16583,0.012954844
16584,-0.001631735
16585,-0.003925924
16586,0.011843593
16587,0.016838761
16588,0.005090473
16589,-0.005934328
16590,0.016716722
16591,0.001910778
16592,0.03338239
16593,0.005027513
16594,-0.018406406
16595,0.0094792
16596,-0.011762696
16597,-0.014158939
16598,-0.009773592
16599,0.000827014
16600,-0.017947067
16601,-0.007407347
16602,-0.027944453
16603,-0.028312746
16604,0.002180994
16605,-0.009987026
16606,-0.024962245
16607,0.010569639
16608,0.006385008
16609,0.006854828
16610,0.000470083
16611,-0.023614256
16612,-0.001095827
16613,0.011916036
16614,-0.004848339
16615,0.008208908
16616,-0.012539383
16617,-0.020263188
16618,0.030229481
16619,0.02162089
16620,0.009934752
16621,-0.012329494
16622,0.011813094
16623,0.009783296
16624,0.006545643
16625,-0.007032944
16626,-0.014640987
16627,0.008815983
16628,0.000468028
16629,-0.015962973
16630,-0.053509302
16631,0.018479692
16632,0.00406054
16633,-0.012118644
16634,-0.0545054
16635,-0.00179578
16636,-0.05964189
16637,-0.025883546
16638,-0.021534959
16639,0.009925146
16640,0.014074643
16641,-0.004044412
16642,-0.025496377
16643,-0.018338442
16644,-0.001299956
16645,0.01049686
16646,-0.000694723
16647,0.0128248
16648,0.016636087
16649,0.027360646
16650,-0.035942435
16651,0.028182559
16652,0.023464439
16653,0.015468214
16654,-0.022184553
16655,-0.011480486
16656,0.011952617
16657,0.000508009
16658,-0.009702401
16659,0.012201068
16660,-0.012373636
16661,-0.018176029
16662,-0.019637164
16663,-0.007326403
16664,0.009481888
16665,0.009851161
16666,-0.022633661
16667,-0.008701704
16668,0.025964787
16669,0.01206254
16670,-0.001064043
16671,-0.025792792
16672,0.017090289
16673,0.022775147
16674,0.020734372
16675,-0.013353042
16676,-0.022675758
16677,0.009726573
16678,0.013885311
16679,0.010852713
16680,-0.008367307
16681,-0.01849566
16682,-0.007113322
16683,-0.002929758
16684,0.006333075
16685,-0.003106086
16686,0.016155614
16687,0.011106643
16688,0.01735197
16689,-0.013166284
16690,-0.023335924
16691,0.063915826
16692,-0.035274643
16693,-0.026776025
16694,0.006325273
16695,-0.018799048
16696,-0.042296335
16697,-0.017164312
16698,0.00760904
16699,0.007038471
16700,-0.003493112
16701,0.000290646
16702,0.00260119
16703,0.003547224
16704,0.026368489
16705,0.003231253
16706,0.02066212
16707,0.010540583
16708,0.012877771
16709,0.013043762
16710,0.009237262
16711,0.008095427
16712,0.000441747
16713,0.016693996
16714,0.008668056
16715,0.011944576
16716,0.001882841
16717,-0.015424539
16718,-0.007572917
16719,0.010995097
16720,-0.005316572
16721,-0.065941297
16722,-0.000469381
16723,0.006641276
16724,0.012602259
16725,-0.016807098
16726,-0.015102575
16727,-0.003145223
16728,0.02296767
16729,0.001829919
16730,0.029120248
16731,0.026025206
16732,0.003465857
16733,0.01786709
16734,-0.005735967
16735,0.001714316
16736,-0.025219193
16737,0.011271734
16738,-0.010520039
16739,-0.009070775
16740,0.00638196
16741,0.011089103
16742,-0.002551357
16743,-0.005900943
16744,0.009531316
16745,-0.012251913
16746,-0.017309375
16747,0.00646491
16748,0.03768269
16749,0.021915549
16750,0.003680539
16751,-0.009234781
16752,-0.020668477
16753,0.014360735
16754,0.013336658
16755,-0.009118141
16756,-0.020348934
16757,-0.011519772
16758,5.58E-05
16759,-0.007895446
16760,-0.001705276
16761,0.035388272
16762,-0.005767822
16763,0.03030069
16764,0.004627882
16765,-0.018408291
16766,-0.017178111
16767,-0.004774384
16768,0.020477027
16769,0.036480173
16770,0.004618922
16771,0.00944474
16772,0.000683952
16773,0.009335134
16774,-0.030829465
16775,-0.000534357
16776,-0.007079897
16777,0.003201398
16778,-0.002764732
16779,0.025121136
16780,0.01451785
16781,0.019767219
16782,0.017316507
16783,0.009395115
16784,0.02249977
16785,0.006319785
16786,0.022401439
16787,0.023100277
16788,0.009117431
16789,-0.023876388
16790,-0.035002276
16791,-0.019729724
16792,-0.012362802
16793,0.023525938
16794,0.0076293
16795,0.005310318
16796,-0.028399032
16797,-0.014626501
16798,0.000648744
16799,0.004236882
16800,-0.002223508
16801,0.007975284
16802,0.024097549
16803,-0.012947762
16804,0.000737059
16805,-0.014434256
16806,-0.004168369
16807,-0.003055815
16808,0.015230563
16809,0.010222007
16810,0.005345632
16811,-0.010300601
16812,-0.008354339
16813,0.02749685
16814,-0.008735823
16815,-0.021274539
16816,-0.008213351
16817,0.009397253
16818,-0.035952989
16819,-0.019854734
16820,0.013860763
16821,0.050598525
16822,0.010985546
16823,0.007051708
16824,0.011070195
16825,0.026874725
16826,-0.013338855
16827,0.005742327
16828,0.021060079
16829,-0.012119941
16830,0.008012995
16831,0.019401792
16832,0.069386616
16833,0.01921686
16834,0.014097178
16835,0.003212492
16836,0.002626372
16837,0.000677795
16838,0.003455623
16839,-0.00247982
16840,-0.016469186
16841,0.011790271
16842,-0.000542959
16843,-0.020739153
16844,-0.041296445
16845,0.008841269
16846,0.000517732
16847,0.011108381
16848,0.006827663
16849,0.009299797
16850,0.033392493
16851,-0.001512435
16852,-0.003408342
16853,0.00990644
16854,0.006092569
16855,0.00100581
16856,0.00274183
16857,-0.012305984
16858,0.019023241
16859,-0.004203395
16860,0.014155152
16861,-0.000455828
16862,0.004137892
16863,-0.013623886
16864,0.005947946
16865,0.003866379
16866,-0.017797645
16867,-0.015633667
16868,0.005858409
16869,-0.01529894
16870,-0.031101078
16871,0.000134711
16872,-0.004742417
16873,-0.020554651
16874,-0.00806324
16875,-0.021946685
16876,0.006904156
16877,-0.026590977
16878,-0.025490452
16879,-0.009089146
16880,0.00304173
16881,0.045679692
16882,0.014774312
16883,0.030460289
16884,0.017035123
16885,-0.016575173
16886,-0.03297025
16887,0.01756526
16888,0.012912272
16889,-0.005217605
16890,-0.039373897
16891,0.01372424
16892,0.021577444
16893,0.008311778
16894,-0.006259245
16895,-0.008538391
16896,0.000112176
16897,-0.012078099
16898,0.002672704
16899,-0.011474178
16900,-0.003519904
16901,-0.011935231
16902,-0.001106675
16903,-0.013749582
16904,-0.038458075
16905,-0.012595017
16906,-0.007557569
16907,-0.008069078
16908,-0.0003125
16909,0.004433232
16910,0.021422705
16911,-0.018084712
16912,-0.015976468
16913,0.000887738
16914,-0.009699492
16915,-0.005764222
16916,0.005029009
16917,-0.001426267
16918,0.024317877
16919,-0.01426813
16920,0.009486126
16921,-0.017137429
16922,0.003841953
16923,-0.007718743
16924,-0.014835062
16925,0.006698112
16926,0.04664433
16927,0.019619558
16928,0.003388129
16929,0.040155742
16930,0.030622533
16931,-0.002571138
16932,-0.048779368
16933,-0.007941975
16934,-0.017181408
16935,-0.016145978
16936,-0.006399456
16937,-0.009523022
16938,-0.002996395
16939,0.020276349
16940,0.00438332
16941,0.010187618
16942,-0.002027045
16943,-0.03841522
16944,-0.033982288
16945,-0.011717823
16946,-0.023955269
16947,-0.018918304
16948,0.007053872
16949,0.049316797
16950,0.017603297
16951,-0.011502267
16952,0.03430336
16953,0.001382904
16954,0.045890003
16955,0.001752707
16956,-0.01917932
16957,-0.009785687
16958,0.003008134
16959,0.00197582
16960,0.022228666
16961,0.012422414
16962,-0.003692896
16963,-0.004834902
16964,-0.024862479
16965,-0.003051942
16966,0.012637103
16967,0.017994396
16968,0.0010759
16969,-0.011817313
16970,-0.01873445
16971,-0.006212145
16972,0.003532758
16973,0.007112496
16974,-0.009874319
16975,0.023697877
16976,-0.009774524
16977,-0.000364569
16978,0.007409426
16979,-0.011094405
16980,-0.006370229
16981,0.012615167
16982,0.001453933
16983,0.002816361
16984,-0.010876105
16985,-0.015814606
16986,-0.000334961
16987,-0.039708175
16988,-0.016003828
16989,0.004105281
16990,0.015129451
16991,0.017838465
16992,-0.018976325
16993,-0.03737146
16994,-0.020936193
16995,-0.009570471
16996,0.009055287
16997,0.00793601
16998,0.005764829
16999,-0.023529788
17000,0.01019457
17001,0.001924681
17002,0.002083738
17003,-0.01702854
17004,0.013442744
17005,-0.002727874
17006,0.008314054
17007,0.031737909
17008,0.022757709
17009,0.022743098
17010,-0.070000783
17011,-0.023229241
17012,0.001315689
17013,-0.018243212
17014,-0.005931148
17015,-0.026639203
17016,0.000318904
17017,-0.010634301
17018,-0.000762893
17019,0.005221935
17020,-0.0026935
17021,0.007586631
17022,0.005098658
17023,-0.0074369
17024,-0.00939131
17025,0.013262464
17026,-0.018575817
17027,-0.015163985
17028,-0.034107413
17029,0.01601823
17030,-0.03186113
17031,-0.00680833
17032,0.045445483
17033,-0.007333268
17034,0.00965779
17035,0.012729111
17036,0.018563243
17037,-0.0334839
17038,-0.027963784
17039,-0.003611893
17040,0.003932198
17041,-0.013648236
17042,-0.008656351
17043,0.013181572
17044,0.002884599
17045,0.001789587
17046,0.000123725
17047,0.010489778
17048,-0.012990176
17049,-0.007960915
17050,0.005237023
17051,-0.000787925
17052,-0.01162551
17053,-0.022414824
17054,0.014391298
17055,-0.00693987
17056,0.013708996
17057,-0.007626516
17058,-0.014245359
17059,-0.011062672
17060,0.000938205
17061,-0.022146659
17062,-0.004338654
17063,-0.008046043
17064,-0.015270933
17065,-0.001707347
17066,-0.010606932
17067,-0.029592112
17068,0.006068351
17069,-0.016726622
17070,0.011941036
17071,0.014151353
17072,-0.002325629
17073,-0.015879229
17074,0.002111861
17075,-0.011764569
17076,-0.015725277
17077,0.009436158
17078,-0.008926895
17079,0.037643474
17080,-0.003276115
17081,-0.006867683
17082,-0.017123569
17083,0.025682135
17084,0.06474556
17085,-0.024030304
17086,-0.009571362
17087,0.010520355
17088,-0.013644904
17089,-0.005692204
17090,0.005830732
17091,-0.0038695
17092,-0.00690425
17093,0.003024426
17094,0.003140754
17095,-0.043938376
17096,-8.77E-05
17097,-0.030668465
17098,-0.00733369
17099,-0.042402424
17100,0.019585731
17101,-0.010888798
17102,-0.019458584
17103,-0.023107626
17104,-0.036542088
17105,0.036550466
17106,0.026099043
17107,0.008954993
17108,-0.012762848
17109,0.032186724
17110,0.061428677
17111,-0.034644201
17112,-0.000354991
17113,-0.005743169
17114,0.010954981
17115,0.018284481
17116,-0.005503714
17117,-0.004460533
17118,-0.014385742
17119,-0.019692224
17120,-0.008713967
17121,-0.005152183
17122,-0.005953589
17123,0.023421589
17124,-0.024617972
17125,0.009280025
17126,-0.005529325
17127,-0.002238159
17128,0.017496435
17129,-0.02497123
17130,-0.003202187
17131,-0.005801158
17132,0.000169886
17133,0.005468839
17134,0.008563102
17135,-0.002918713
17136,0.019996461
17137,-0.061996043
17138,-0.014351704
17139,-0.004657892
17140,0.019124696
17141,0.030070711
17142,0.027695566
17143,0.003429562
17144,-0.004606945
17145,-0.050966419
17146,-0.011925212
17147,2.12E-05
17148,0.007546602
17149,-0.029830575
17150,-0.020952312
17151,0.005025651
17152,0.001673305
17153,0.01207475
17154,0.006153571
17155,0.016580559
17156,0.004418915
17157,-0.039983232
17158,0.004720872
17159,-0.012169744
17160,0.01993365
17161,0.027353674
17162,-0.004884217
17163,-0.009179397
17164,-0.006784341
17165,0.015055596
17166,0.009842285
17167,-0.027296383
17168,-0.010989075
17169,0.002972309
17170,0.004630207
17171,-0.034653313
17172,-0.002986796
17173,0.007461183
17174,-0.010238355
17175,0.013060156
17176,0.018545905
17177,0.016028583
17178,-0.012716213
17179,-0.030363651
17180,-0.015344347
17181,0.019925242
17182,-0.00225507
17183,0.009319628
17184,0.039299421
17185,0.009137349
17186,0.075918347
17187,0.011777325
17188,-0.015085883
17189,-0.014760759
17190,-0.011373306
17191,-0.019192396
17192,0.011133775
17193,0.014859774
17194,0.006241683
17195,0.017545408
17196,-0.01561828
17197,0.000865783
17198,-0.002564735
17199,-0.014582909
17200,-0.01874334
17201,0.001349731
17202,-0.010077685
17203,-0.01987979
17204,0.011917388
17205,0.032826003
17206,-0.011227407
17207,0.001732848
17208,-0.019238396
17209,-0.045515373
17210,0.027856708
17211,-0.023884475
17212,0.001688077
17213,0.01601826
17214,-0.014672443
17215,-0.030762412
17216,0.009403818
17217,0.035155449
17218,0.023608547
17219,0.008171215
17220,-0.019145248
17221,-0.013828001
17222,0.033396117
17223,0.024775485
17224,-0.000412277
17225,-0.017118532
17226,0.011613668
17227,0.021698112
17228,-0.013351894
17229,-0.032511931
17230,-0.000691328
17231,-0.006302779
17232,0.010779894
17233,0.019413795
17234,0.040919695
17235,0.016009111
17236,0.000622162
17237,-0.018082378
17238,-0.013963982
17239,-0.011062843
17240,0.010678374
17241,0.040561788
17242,0.011741487
17243,-0.002914027
17244,0.001492311
17245,-0.01563826
17246,-0.024085226
17247,0.004445357
17248,-0.007865955
17249,-0.015684219
17250,-0.021899797
17251,-0.010932926
17252,0.024720313
17253,-0.021402607
17254,-0.028394982
17255,-0.007544588
17256,-0.015924128
17257,-0.007625152
17258,0.018786404
17259,-0.009241958
17260,-0.007011485
17261,0.074675798
17262,0.011660519
17263,-0.041739151
17264,-0.022863505
17265,-0.042276345
17266,0.022765955
17267,0.034376953
17268,-0.038162343
17269,-0.029557422
17270,0.018251831
17271,0.006749392
17272,-0.015056972
17273,-0.000322966
17274,-0.000614871
17275,0.015201913
17276,-0.015087258
17277,-0.007579503
17278,0.007847301
17279,0.018857196
17280,0.026111905
17281,0.00547435
17282,0.020828752
17283,0.002430447
17284,-0.009516551
17285,-0.006732631
17286,-0.020796329
17287,0.001171293
17288,0.004481256
17289,-0.005571678
17290,-0.015884763
17291,-0.012105723
17292,0.001003341
17293,0.006109785
17294,-0.020447731
17295,-0.000756285
17296,0.007702305
17297,-0.022531021
17298,-0.007117502
17299,-0.008839886
17300,-0.012567123
17301,-0.01143278
17302,-0.002122343
17303,0.014049846
17304,0.010945299
17305,-0.012764547
17306,-0.005722135
17307,-0.006628464
17308,0.001170289
17309,0.028156629
17310,-0.004584226
17311,-0.009885305
17312,-0.02137279
17313,0.032681372
17314,-0.00233536
17315,0.00566782
17316,0.013482355
17317,0.015132144
17318,0.024066148
17319,-0.012836778
17320,0.034250807
17321,-0.00653104
17322,-0.010533553
17323,-0.004047008
17324,0.028411306
17325,0.040970217
17326,-0.009000464
17327,-0.013669292
17328,-0.012099552
17329,-0.014043028
17330,-0.023816664
17331,-0.007179307
17332,-0.008790624
17333,-0.002379648
17334,-0.017478485
17335,-0.009000913
17336,0.015739186
17337,0.00113255
17338,-0.052120533
17339,0.000250582
17340,-0.000208458
17341,-0.012813427
17342,0.001538223
17343,0.006776243
17344,-0.003446924
17345,0.003091618
17346,-0.007102007
17347,0.014700437
17348,0.012970315
17349,0.000378277
17350,0.001360089
17351,0.013855008
17352,0.005731738
17353,-0.010721135
17354,-0.013162451
17355,-0.009805722
17356,-0.001730753
17357,0.058866177
17358,0.016526779
17359,0.007995915
17360,0.033144247
17361,0.025915043
17362,0.031426873
17363,0.034842975
17364,-0.000989769
17365,-0.010170413
17366,-0.012962868
17367,0.007231768
17368,0.043072198
17369,-0.00602608
17370,0.018064864
17371,0.026082104
17372,-0.026538519
17373,-0.042321235
17374,-0.00375782
17375,-0.033484727
17376,-0.016074482
17377,-0.012068916
17378,0.006234405
17379,-0.010282139
17380,-0.03404085
17381,0.005252093
17382,0.017285686
17383,-0.005196125
17384,-0.010344408
17385,0.008221452
17386,-0.00467853
17387,-0.003215797
17388,-0.001256015
17389,0.03164402
17390,0.006957414
17391,0.012769152
17392,0.006860199
17393,-0.011543124
17394,0.008277154
17395,0.012142188
17396,0.002005987
17397,0.000978663
17398,0.01878304
17399,0.003003816
17400,0.005387806
17401,-0.007981787
17402,0.00371893
17403,-0.007071014
17404,-0.010709107
17405,-0.027063817
17406,-0.00450197
17407,0.056498714
17408,-0.012855244
17409,-0.01965029
17410,0.022002378
17411,0.001877664
17412,0.018393606
17413,-0.013265999
17414,0.018443119
17415,-0.0093639
17416,-0.015765561
17417,0.015208554
17418,0.05366439
17419,0.033847187
17420,-0.010538476
17421,-0.006457202
17422,-0.010892928
17423,0.00225201
17424,0.041939672
17425,0.003223232
17426,0.014620417
17427,0.002237054
17428,-0.017432604
17429,-0.013337388
17430,0.003923536
17431,0.013673503
17432,-0.004696742
17433,-0.024556817
17434,-0.011421769
17435,-0.052810106
17436,-0.046726681
17437,-0.060510766
17438,-0.04218239
17439,0.005829814
17440,0.001381558
17441,-0.000616013
17442,-0.011234238
17443,0.00984101
17444,-0.014983295
17445,-0.006937511
17446,0.076869339
17447,0.025410777
17448,-0.023684528
17449,0.01036731
17450,-0.012230939
17451,0.015492802
17452,0.010287445
17453,-0.011612703
17454,0.019919895
17455,-0.008271118
17456,-0.020970916
17457,0.007334528
17458,0.007332792
17459,-0.003005196
17460,-0.023253052
17461,-0.022277541
17462,-0.058112092
17463,-0.011357686
17464,-0.011327854
17465,0.00791685
17466,0.020693623
17467,-0.026666008
17468,0.000211687
17469,0.019144494
17470,0.020885006
17471,0.036219127
17472,-0.046550259
17473,-0.000924789
17474,-0.023858707
17475,0.014019858
17476,0.027515039
17477,-0.029657643
17478,-0.022778304
17479,-0.008783714
17480,-0.006544363
17481,0.027135275
17482,-0.001387663
17483,0.001983727
17484,0.003280002
17485,-0.008959885
17486,-0.005267932
17487,0.000813131
17488,-0.016779166
17489,-0.00382158
17490,0.011002308
17491,0.018519936
17492,-0.036771867
17493,0.002897583
17494,0.003168401
17495,-0.009203601
17496,0.003843105
17497,0.012251428
17498,-0.005041002
17499,0.009152783
17500,0.011521604
17501,0.006254718
17502,0.001501989
17503,0.009642907
17504,0.009439647
17505,0.011007943
17506,-0.013693284
17507,-0.005858314
17508,0.007712453
17509,0.016629152
17510,-0.011108168
17511,0.005887361
17512,0.017235801
17513,-0.006154573
17514,-0.034813654
17515,-0.013090491
17516,-0.01022297
17517,-0.011008753
17518,0.015873134
17519,-0.019620253
17520,
17521,
17522,0.034452148
17523,-0.022421796
17524,-0.001577043
17525,0.00816977
17526,-0.01725588
17527,-0.01282681
17528,0.00215519
17529,0.023953648
17530,0.017056193
17531,0.057247914
17532,-0.029637387
17533,0.015878536
17534,0.007010486
17535,-0.013545712
17536,-0.027461309
17537,-0.008544973
17538,-0.009579753
17539,0.009201472
17540,-0.004338636
17541,0.007304193
17542,0.007909669
17543,-0.00379382
17544,-0.002825496
17545,-0.048762348
17546,0.01373098
17547,-0.013733793
17548,0.010655865
17549,0.00294884
17550,-0.01606906
17551,0.031170741
17552,0.034445934
17553,0.000725261
17554,-0.007286293
17555,-0.008021888
17556,0.040426303
17557,-0.009989083
17558,-0.034176961
17559,-0.008869072
17560,0.020431038
17561,0.015273535
17562,-0.008805869
17563,-0.009889038
17564,-0.022779666
17565,-0.015538838
17566,-0.001088956
17567,0.02574021
17568,0.007627721
17569,-0.011203256
17570,-0.013546303
17571,-0.034368929
17572,-0.007708168
17573,0.002844477
17574,0.007881379
17575,0.010536975
17576,-0.04177602
17577,-0.005816519
17578,0.010045442
17579,0.024352266
17580,-0.007100019
17581,-0.009517678
17582,-0.016888926
17583,-0.018158512
17584,0.024600854
17585,0.002812332
17586,-3.00E-05
17587,-0.015549952
17588,-0.004854849
17589,0.021779215
17590,0.038328592
17591,0.018728474
17592,0.001510638
17593,-0.001482599
17594,0.005181863
17595,0.030401275
17596,0.019752948
17597,-0.001876966
17598,-0.021652987
17599,-0.035264108
17600,0.007165596
17601,0.005697814
17602,-0.003037508
17603,-0.015939649
17604,-0.017812736
17605,0.010289444
17606,0.011139761
17607,0.017187729
17608,-0.009458495
17609,0.026219945
17610,0.003779609
17611,0.001738895
17612,-0.009760186
17613,0.036612052
17614,0.029158367
17615,0.03453901
17616,-0.029356075
17617,-0.023605652
17618,0.005772979
17619,-0.018346459
17620,-0.026790522
17621,0.012972707
17622,0.030056681
17623,-0.00143602
17624,-0.003328574
17625,-0.015302039
17626,0.027898349
17627,-0.018803829
17628,-0.012352555
17629,0.005087046
17630,-0.001849946
17631,-0.002402477
17632,0.01035664
17633,-0.014607029
17634,0.005587298
17635,0.003301518
17636,0.01114259
17637,-0.011343257
17638,-0.019948337
17639,-0.001286626
17640,0.01135829
17641,-0.008468128
17642,-0.003344529
17643,0.008422991
17644,0.002907988
17645,0.010509685
17646,0.008006471
17647,-0.01055057
17648,0.008413323
17649,-0.028519522
17650,0.020272275
17651,-0.004217507
17652,-0.002258922
17653,-0.007336894
17654,-0.013040108
17655,0.013271593
17656,0.026288804
17657,-0.008478852
17658,0.009035219
17659,-0.028068265
17660,0.002356572
17661,0.017925095
17662,0.023123546
17663,0.0024138
17664,0.016406536
17665,-0.011626077
17666,0.007028295
17667,-0.01191114
17668,0.004097299
17669,0.007309946
17670,0.030100219
17671,-0.019044036
17672,-0.026394855
17673,0.000797277
17674,0.004921665
17675,-0.008228387
17676,-0.013841179
17677,-0.012966348
17678,-0.01798439
17679,-0.020731853
17680,0.000561955
17681,0.011521994
17682,-0.002554331
17683,0.019647328
17684,-0.008162514
17685,0.001147645
17686,0.002680165
17687,0.010038822
17688,0.011206173
17689,0.068938076
17690,-0.001311108
17691,0.008370442
17692,0.000209086
17693,0.010250033
17694,0.035119064
17695,-0.003622661
17696,-0.021668145
17697,-0.003739061
17698,0.052633155
17699,-0.009652765
17700,-0.031532764
17701,-0.008394906
17702,-0.00584536
17703,-0.017455462
17704,0.005489877
17705,0.007030654
17706,0.028719947
17707,-0.00781835
17708,-0.033985153
17709,0.001627615
17710,0.027975097
17711,-0.006158989
17712,-0.013414989
17713,-0.011015566
17714,-0.004983587
17715,-0.047625665
17716,0.011194704
17717,-0.0017992
17718,-0.007291547
17719,-0.026047196
17720,0.033093058
17721,0.010353401
17722,-0.014216673
17723,-0.02108277
17724,2.69E-05
17725,-0.016692152
17726,0.012215997
17727,0.005356196
17728,0.008146399
17729,0.000790273
17730,-0.025939405
17731,-0.000631273
17732,-0.002002212
17733,-0.016666787
17734,-0.004592868
17735,-0.017670402
17736,0.009980517
17737,-0.004535914
17738,-0.034057368
17739,-0.043961614
17740,-0.004784278
17741,0.013645842
17742,-0.004581613
17743,0.011642004
17744,0.034789052
17745,0.006839574
17746,-0.00622686
17747,-0.019462785
17748,-0.007832036
17749,0.012092214
17750,-0.014776877
17751,-0.004306105
17752,0.013856769
17753,-0.020886246
17754,-0.006246728
17755,0.014749015
17756,0.002263928
17757,-0.00981383
17758,-0.005541239
17759,-0.028392851
17760,0.062059674
17761,0.009285352
17762,-0.025002487
17763,-0.021695588
17764,0.004427503
17765,0.018396379
17766,-0.000453046
17767,0.001079692
17768,0.009892114
17769,0.019506229
17770,-0.000498393
17771,-0.002143119
17772,-0.005203251
17773,0.027704205
17774,0.003978665
17775,-0.011999563
17776,-0.008900233
17777,0.005310839
17778,-0.015118302
17779,-0.005706951
17780,-0.016380101
17781,-0.059890263
17782,-0.000383175
17783,0.034943603
17784,-0.017985491
17785,0.005927286
17786,-0.012331298
17787,-0.00836926
17788,0.004988077
17789,0.027583392
17790,0.007607978
17791,-0.006615773
17792,0.001912714
17793,0.013637323
17794,0.003630485
17795,-0.01601723
17796,-0.013001675
17797,-0.015759567
17798,-0.015402568
17799,0.003598994
17800,0.010323508
17801,0.017482642
17802,0.023479698
17803,-0.015808573
17804,0.016434185
17805,-0.003790816
17806,-0.012715808
17807,-0.00055219
17808,0.014753636
17809,0.075633496
17810,-0.043087516
17811,-0.002375755
17812,0.013025067
17813,0.010210616
17814,-0.019449718
17815,-0.006595671
17816,-0.008724601
17817,-0.003848564
17818,0.020496128
17819,-0.003704213
17820,0.00130866
17821,-0.019288057
17822,-0.015787996
17823,0.026763931
17824,0.01458112
17825,-0.003341926
17826,-0.025306078
17827,-0.017113809
17828,0.01409951
17829,-0.015491833
17830,-0.005838671
17831,-0.005886399
17832,-0.024597907
17833,-0.008499539
17834,0.00549556
17835,-0.031187613
17836,-0.007931976
17837,-0.019099457
17838,-0.006687073
17839,0.004793269
17840,0.010161838
17841,-0.009610365
17842,-0.012523515
17843,0.00260886
17844,-0.009680709
17845,0.01504572
17846,0.013821375
17847,-0.001651119
17848,-0.017151767
17849,0.026037533
17850,0.008199763
17851,-0.01452886
17852,0.000238484
17853,-0.006992109
17854,-0.041353259
17855,0.023203528
17856,-3.86E-05
17857,0.01694815
17858,-0.009623423
17859,0.011998102
17860,-0.017397011
17861,-0.010003564
17862,0.03286146
17863,0.043709375
17864,-0.019112758
17865,-0.005321744
17866,0.012399494
17867,0.000888348
17868,0.015423859
17869,-0.017199496
17870,0.015265765
17871,0.03607377
17872,-0.015860569
17873,-0.016095515
17874,-0.011638548
17875,0.022326449
17876,0.011259453
17877,-0.011347518
17878,0.019196959
17879,-0.026991284
17880,0.006204031
17881,-0.052761935
17882,-0.011507658
17883,-0.012072335
17884,0.009683212
17885,-0.01206217
17886,-0.02783395
17887,-0.009694265
17888,-0.040878218
17889,-0.001303777
17890,0.00025972
17891,0.007830656
17892,0.039943445
17893,-0.00161109
17894,0.010938759
17895,0.004219812
17896,-0.019740893
17897,-0.007910243
17898,0.011265832
17899,-0.007566227
17900,0.023516499
17901,-0.007701765
17902,-0.01427596
17903,-0.028256919
17904,-0.005322576
17905,0.021376232
17906,-0.008452765
17907,-0.005617018
17908,0.044494465
17909,0.023020981
17910,-0.007707483
17911,-0.006415748
17912,-0.006779067
17913,0.002217579
17914,0.025355015
17915,-0.005033601
17916,0.022102302
17917,0.024950327
17918,-0.003019089
17919,-0.009425253
17920,-0.016475776
17921,-0.004902933
17922,-0.004563761
17923,0.012608442
17924,0.01718358
17925,0.019438259
17926,0.016263479
17927,0.007786486
17928,-0.011908074
17929,0.000161703
17930,0.019953985
17931,0.019963754
17932,-0.008164696
17933,-0.001179299
17934,0.004590049
17935,0.022383811
17936,-0.012879895
17937,-0.02436666
17938,0.008945698
17939,0.025981445
17940,0.032641623
17941,-0.006234044
17942,0.004735783
17943,0.000905288
17944,0.009719768
17945,0.018166199
17946,-0.013608176
17947,0.015702607
17948,-0.000887965
17949,-0.012067127
17950,-0.02198538
17951,-0.004550939
17952,0.000318297
17953,-0.010276763
17954,-0.018861406
17955,0.020665882
17956,0.014164895
17957,0.036730949
17958,-0.001739289
17959,0.001874477
17960,-0.003251289
17961,0.032529268
17962,0.004442124
17963,0.005254474
17964,-0.006442809
17965,0.056169055
17966,0.005085742
17967,0.02018638
17968,0.022723451
17969,-0.005274643
17970,0.01151365
17971,-0.007649281
17972,-0.023284605
17973,-0.001970361
17974,0.008750808
17975,-0.02115231
17976,-0.001233409
17977,-0.080105603
17978,0.019995317
17979,0.007008664
17980,0.014019566
17981,-0.017600611
17982,0.024668012
17983,0.004927446
17984,0.038327504
17985,0.018383512
17986,-0.012573372
17987,0.007367655
17988,0.002947381
17989,0.008072005
17990,0.012888141
17991,0.006297837
17992,0.005760537
17993,0.008790462
17994,-0.008738629
17995,0.007410933
17996,-0.009047361
17997,-0.00011396
17998,-0.002842633
17999,-0.011168377
18000,0.0220761
18001,0.026613425
18002,-0.011215248
18003,0.000556222
18004,-0.013021058
18005,0.000415042
18006,-0.002254969
18007,0.026493806
18008,0.009441544
18009,-0.017697323
18010,0.003220362
18011,-0.011790044
18012,0.023231255
18013,0.027311586
18014,-0.009995424
18015,-0.007579041
18016,-0.006231242
18017,-0.010157552
18018,-0.024435632
18019,-0.008603919
18020,-0.01630849
18021,-0.015303272
18022,-0.009677442
18023,0.0105358
18024,0.003923086
18025,0.00117131
18026,-0.006990679
18027,0.005925018
18028,0.010281996
18029,0.043223564
18030,-0.01588051
18031,-0.014821229
18032,-0.002531627
18033,-0.003306136
18034,-0.033102237
18035,0.002630803
18036,0.023844022
18037,0.021102419
18038,0.028237747
18039,0.009271353
18040,-0.022192262
18041,-0.032484438
18042,0.007661368
18043,-0.015786795
18044,-5.27E-05
18045,-0.013624376
18046,0.013289295
18047,-0.022572385
18048,0.010118037
18049,0.005019572
18050,0.031614311
18051,0.038653132
18052,0.029676031
18053,-0.035793565
18054,0.028130537
18055,0.007640283
18056,0.030843854
18057,-0.022375735
18058,-0.007710062
18059,0.005240744
18060,-0.001504375
18061,-0.013837871
18062,-0.000381608
18063,0.002925667
18064,-0.001949991
18065,0.010195021
18066,-0.017280685
18067,-0.014117832
18068,0.005112805
18069,0.025140919
18070,0.036891624
18071,-0.011140938
18072,0.000925947
18073,-0.017219659
18074,-0.019491691
18075,-0.016166102
18076,-0.007440332
18077,-0.019202856
18078,0.020614747
18079,-0.015903674
18080,-0.028229712
18081,-3.68E-05
18082,0.003345838
18083,-0.002458082
18084,-0.021888902
18085,-0.005461121
18086,0.006405812
18087,0.016287314
18088,-0.00049695
18089,0.00629518
18090,0.010366607
18091,0.018190987
18092,-0.018006574
18093,0.003033134
18094,0.016010826
18095,-0.001966791
18096,-0.000800755
18097,-0.020386718
18098,-0.030485297
18099,0.002267907
18100,-0.008290512
18101,-0.007746185
18102,0.004473269
18103,-0.015084386
18104,-0.001428591
18105,-0.012956165
18106,0.009740752
18107,-0.029292347
18108,-0.004670166
18109,-0.008739396
18110,0.001671094
18111,-0.013702854
18112,0.003081036
18113,0.05019765
18114,0.001668608
18115,-0.0166051
18116,0.001635046
18117,-0.002442433
18118,0.00401483
18119,0.003301835
18120,0.007150187
18121,-0.012409237
18122,-0.005760275
18123,0.013655768
18124,0.005518902
18125,-0.018449996
18126,0.008330406
18127,0.006338979
18128,0.032095782
18129,-0.034037489
18130,-0.017507013
18131,-0.022861792
18132,0.003123436
18133,0.014723667
18134,-0.002995039
18135,0.009333094
18136,-0.003184183
18137,0.020017145
18138,-0.039588746
18139,-0.000426235
18140,0.004173567
18141,-0.003498211
18142,0.019297712
18143,0.012707838
18144,0.019261641
18145,0.009643613
18146,-0.007280455
18147,0.010314144
18148,-0.016540507
18149,-0.012893649
18150,-0.021287732
18151,0.001842024
18152,0.015684662
18153,0.009706704
18154,-0.012168479
18155,0.018290598
18156,-0.001560548
18157,-0.012932257
18158,0.005247297
18159,-0.005382404
18160,-0.005116099
18161,0.015176204
18162,0.027730485
18163,0.017636284
18164,0.006635822
18165,0.015766373
18166,-0.004347919
18167,0.008292985
18168,-0.001990415
18169,0.004545743
18170,-0.054741398
18171,-0.023936918
18172,-0.020335251
18173,-0.003192632
18174,0.018914009
18175,0.020682713
18176,-0.004575061
18177,-0.009351865
18178,0.035643063
18179,0.000298351
18180,0.037791435
18181,0.017905798
18182,0.000283997
18183,0.007819682
18184,-0.000564441
18185,-0.00763059
18186,-0.00999974
18187,-0.009018756
18188,0.014908495
18189,0.026318867
18190,0.020010626
18191,0.016022824
18192,0.007781044
18193,0.000265834
18194,-0.031432096
18195,0.026148045
18196,0.004894025
18197,-0.014067037
18198,-0.020296279
18199,0.009867028
18200,0.006329454
18201,-0.011542613
18202,0.004401921
18203,-0.012456392
18204,0.009011472
18205,-0.01126232
18206,-0.005720002
18207,0.009340795
18208,0.034789141
18209,0.000523702
18210,-0.001506613
18211,-0.021326533
18212,-0.016203025
18213,-0.009462065
18214,-0.010048357
18215,-0.025771393
18216,-0.003595926
18217,0.002269886
18218,0.022060674
18219,0.003568907
18220,0.000560228
18221,-0.01226159
18222,-0.007502121
18223,0.011032816
18224,0.017022161
18225,-0.00810097
18226,-0.012835319
18227,-0.006077849
18228,0.006468011
18229,0.023804132
18230,-0.000936489
18231,0.018329738
18232,-0.001209001
18233,0.007443039
18234,-0.00424045
18235,0.003971781
18236,-0.012081814
18237,-0.036226295
18238,-0.00594143
18239,-0.01067675
18240,-0.008745924
18241,-0.01395599
18242,0.020004636
18243,0.019692985
18244,0.016214224
18245,0.008225868
18246,0.001844172
18247,0.019969685
18248,0.002111295
18249,-0.005540986
18250,0.007736003
18251,0.001784452
18252,-0.009989661
18253,0.080283538
18254,-0.029188378
18255,-0.008571643
18256,-0.008314943
18257,-0.015334602
18258,0.006921032
18259,-0.007238941
18260,0.017952187
18261,-0.0015156
18262,0.002399821
18263,0.004658961
18264,0.002701903
18265,-0.028784642
18266,-0.006241128
18267,0.004166376
18268,0.014279451
18269,-0.025728196
18270,-0.007470576
18271,0.013853215
18272,0.010921418
18273,-0.002871348
18274,-0.018758859
18275,0.009378109
18276,-0.001232723
18277,-0.003136969
18278,0.011841436
18279,0.006104
18280,0.015072614
18281,-0.032486577
18282,0.008561738
18283,-0.010987433
18284,-0.012580491
18285,0.020531023
18286,-0.026653102
18287,-0.023662562
18288,0.007777916
18289,0.020705111
18290,0.002695228
18291,-0.008903256
18292,-0.023744129
18293,-0.031349748
18294,-0.033230159
18295,0.004779145
18296,0.005630017
18297,-0.013527619
18298,-0.008642545
18299,-0.014089729
18300,-0.010987797
18301,-0.042732254
18302,-0.021089392
18303,0.028275818
18304,0.011843872
18305,-0.002825762
18306,0.008231936
18307,0.034444034
18308,0.004290807
18309,-0.031185068
18310,0.029172203
18311,-0.01089428
18312,0.000734532
18313,0.00390602
18314,0.031419307
18315,0.025932426
18316,-0.011570214
18317,-0.026414964
18318,-0.002236855
18319,-0.002641118
18320,-0.000521164
18321,0.001377504
18322,0.018168451
18323,-0.019155674
18324,-0.006847529
18325,-0.013459471
18326,-0.00520755
18327,-0.014130182
18328,0.001756818
18329,0.013936752
18330,0.002955715
18331,0.011371616
18332,-0.009972816
18333,-0.017743396
18334,0.024222918
18335,0.005333477
18336,-0.001347055
18337,-0.012821306
18338,0.003313038
18339,-0.007594105
18340,-0.002736253
18341,-0.001367683
18342,0.023479285
18343,0.02139133
18344,0.002148673
18345,-0.010387314
18346,-0.00379302
18347,0.013801333
18348,-0.021258444
18349,0.010808347
18350,-0.013043669
18351,0.003214964
18352,0.009433762
18353,-0.003912942
18354,-0.030206384
18355,0.037846342
18356,0.023060681
18357,0.00325197
18358,-0.010717599
18359,0.003604084
18360,0.031269602
18361,0.015154513
18362,0.04407854
18363,-0.004563021
18364,0.001295358
18365,-0.004465076
18366,-0.004280716
18367,0.029401068
18368,0.008327183
18369,-0.008118945
18370,0.001345634
18371,0.00550883
18372,-0.003760672
18373,-0.012388833
18374,-0.005989657
18375,-0.001885349
18376,0.020354213
18377,0.033479501
18378,-0.01887675
18379,-0.027033724
18380,-0.007731649
18381,-1.02E-05
18382,0.002860337
18383,-0.034303986
18384,-0.017111164
18385,0.013915184
18386,-0.030395295
18387,0.003364193
18388,-0.012891863
18389,0.037906304
18390,-0.009993271
18391,-0.016179685
18392,-0.011341224
18393,-0.017090665
18394,0.011323655
18395,0.007807426
18396,0.035519797
18397,0.005053663
18398,-0.010293662
18399,-0.041340347
18400,-0.035633925
18401,-0.007100071
18402,0.014461676
18403,0.002118075
18404,0.018375831
18405,0.014932277
18406,0.012653882
18407,-0.011729497
18408,-0.0281631
18409,0.012575314
18410,0.003043404
18411,0.016426498
18412,0.024263619
18413,0.015996482
18414,-0.002158283
18415,-0.045470845
18416,0.019695146
18417,0.031156672
18418,0.025933744
18419,0.000833634
18420,-0.003753528
18421,-0.01612618
18422,-0.027773306
18423,0.000803761
18424,0.018505787
18425,0.041067369
18426,-0.008879782
18427,-0.015354831
18428,0.03174179
18429,0.003707523
18430,0.013008288
18431,0.017118655
18432,-0.001168919
18433,0.008099164
18434,-0.010050149
18435,0.006234365
18436,-0.015603719
18437,-0.010047872
18438,-0.001388818
18439,0.000718625
18440,0.030680135
18441,0.030575158
18442,-0.007710516
18443,-0.025603374
18444,0.014071035
18445,0.021007223
18446,0.021945503
18447,-0.005442482
18448,-0.038189616
18449,-0.002688617
18450,0.004440938
18451,-0.010903328
18452,0.02494817
18453,-0.019411296
18454,-0.007689495
18455,-0.027150145
18456,-0.010446265
18457,0.011552731
18458,0.004633521
18459,0.000645803
18460,-0.013546783
18461,-0.025325844
18462,0.000307314
18463,0.045876898
18464,-0.022152362
18465,0.005610817
18466,-0.003096634
18467,-0.009029361
18468,0.011004086
18469,-0.008793867
18470,-0.030552108
18471,-0.001017618
18472,0.000303922
18473,0.000204605
18474,-0.02461537
18475,-0.019464698
18476,0.014322787
18477,0.005726435
18478,0.004268406
18479,-0.024381524
18480,-0.031469494
18481,-0.037197188
18482,-0.028981702
18483,0.023683704
18484,0.014634709
18485,0.048021186
18486,-0.055300709
18487,0.000803162
18488,-0.004601466
18489,-0.00050084
18490,-0.013808131
18491,0.004373918
18492,0.050820909
18493,0.009758385
18494,-0.003511657
18495,0.085663073
18496,-0.016838241
18497,-0.037523944
18498,-0.002947954
18499,-0.016507944
18500,-0.020102298
18501,0.037327196
18502,0.022082889
18503,0.007704125
18504,-0.003652959
18505,0.017243728
18506,-0.014200225
18507,0.024586089
18508,-0.003715905
18509,-0.013907265
18510,0.011261305
18511,0.016020734
18512,0.003661714
18513,0.013085024
18514,-0.031089464
18515,-0.013285226
18516,-0.024753757
18517,-0.030511547
18518,-0.008237015
18519,-0.008491227
18520,-0.01922763
18521,0.034792665
18522,0.042042211
18523,0.015927956
18524,-0.008841742
18525,-0.007126608
18526,-0.028295923
18527,-0.000327532
18528,0.008297167
18529,0.005768089
18530,-0.001893216
18531,-0.002883356
18532,0.011447551
18533,-0.000738724
18534,0.013247172
18535,-0.017155897
18536,0.004299817
18537,0.001321928
18538,0.024060693
18539,0.010529079
18540,0.005716833
18541,0.030269498
18542,0.031511284
18543,-0.008320778
18544,0.010029454
18545,-0.012051117
18546,-0.033275284
18547,0.012296305
18548,0.007437314
18549,0.016067712
18550,0.001868001
18551,-0.016944118
18552,-0.02299998
18553,-0.011057809
18554,-0.007185012
18555,-0.013168344
18556,-0.005536283
18557,0.022641363
18558,-0.004531778
18559,0.021769628
18560,-0.008791497
18561,0.019365398
18562,0.002223922
18563,-0.0070046
18564,0.023952749
18565,0.008656122
18566,0.016269987
18567,-0.003286683
18568,-0.011080647
18569,-0.023024332
18570,0.028007686
18571,0.018378181
18572,0.004760048
18573,-0.016323013
18574,0.002528201
18575,0.004157809
18576,0.019056888
18577,0.02495377
18578,0.011823304
18579,-0.016940184
18580,0.006689373
18581,0.015165769
18582,-0.008688679
18583,0.001080834
18584,0.018335555
18585,0.01043746
18586,0.003473027
18587,-0.031120699
18588,-0.017913811
18589,0.041029405
18590,0.009367068
18591,-0.014837585
18592,-0.012455784
18593,0.012969548
18594,0.017154554
18595,-0.016415436
18596,-0.009330646
18597,0.018850483
18598,-0.015868116
18599,0.007586196
18600,-0.015178156
18601,0.026973641
18602,-0.016927587
18603,0.021715514
18604,-0.002289792
18605,0.010801353
18606,0.005793054
18607,-0.001373431
18608,-0.019404715
18609,0.006125213
18610,0.009275856
18611,-1.19E-05
18612,-0.01175417
18613,-0.016812643
18614,0.043217301
18615,0.019314311
18616,-0.004473424
18617,-0.008604088
18618,-0.012074654
18619,-0.010700953
18620,0.011003429
18621,0.023468979
18622,0.025364125
18623,0.000713599
18624,-0.006414243
18625,-0.000118101
18626,-0.007489161
18627,-0.024812317
18628,0.010452089
18629,0.071602538
18630,-0.022585735
18631,-0.027445376
18632,-0.025901832
18633,-0.02365838
18634,-0.004397366
18635,0.006082823
18636,0.005466057
18637,0.008264503
18638,-0.010951051
18639,-0.004166973
18640,-0.03458824
18641,0.026760522
18642,0.032517068
18643,-0.000445215
18644,-0.011889999
18645,-0.022384418
18646,-0.015088845
18647,0.011118423
18648,0.025390172
18649,-0.002999767
18650,0.018468168
18651,0.024341645
18652,0.004450485
18653,0.003997654
18654,-0.008021194
18655,-0.019973941
18656,-0.00354695
18657,0.024993479
18658,-0.010420879
18659,0.007309506
18660,0.016126223
18661,0.004921977
18662,0.001233274
18663,0.060539871
18664,0.004911484
18665,0.044202212
18666,0.015033532
18667,0.012428004
18668,0.002713403
18669,0.013944098
18670,0.022043876
18671,-0.003400446
18672,-0.018206563
18673,-0.016549867
18674,0.007423933
18675,0.001078941
18676,-0.050444644
18677,-0.015657276
18678,0.003303061
18679,-0.017328158
18680,0.019669939
18681,-0.000936593
18682,-0.00393597
18683,0.015262325
18684,-0.021640157
18685,0.014365808
18686,0.009334654
18687,-0.008709411
18688,-0.0135012
18689,0.015507385
18690,0.035781451
18691,-0.0049779
18692,-0.002334479
18693,0.017592559
18694,0.001654305
18695,-0.000259446
18696,-0.008449917
18697,-0.006455734
18698,-0.024339266
18699,-0.007005727
18700,0.016665965
18701,-0.010065706
18702,-0.030221609
18703,-0.047687411
18704,0.014592958
18705,0.046519138
18706,-0.01129655
18707,-0.010772963
18708,-0.016299553
18709,-0.01249856
18710,-0.030225521
18711,0.012166947
18712,0.014629177
18713,-0.026191035
18714,-0.027075419
18715,0.007423737
18716,0.013202551
18717,-0.0007698
18718,-0.002999622
18719,0.01278924
18720,0.033750031
18721,0.014669515
18722,0.000152385
18723,-0.003912206
18724,-0.003909125
18725,-0.002950116
18726,0.015008011
18727,0.014091671
18728,-0.01914566
18729,0.027519507
18730,0.001235165
18731,0.023695003
18732,0.005090886
18733,-0.002187271
18734,-0.005717701
18735,0.001141471
18736,-0.004984796
18737,0.001285756
18738,-0.020677742
18739,-0.001292547
18740,0.035520766
18741,0.003082199
18742,-0.017456463
18743,0.006532358
18744,0.028063459
18745,-0.015902527
18746,-0.005317078
18747,-0.002441549
18748,-0.000265088
18749,-0.011828199
18750,-0.002819619
18751,-0.029399868
18752,-0.027253665
18753,3.19E-05
18754,0.020850716
18755,-0.005957885
18756,0.004011875
18757,-0.002698204
18758,0.001723192
18759,-0.021134702
18760,-0.003811804
18761,0.000388043
18762,-0.000151733
18763,-0.017084053
18764,-0.014937523
18765,0.012603462
18766,0.020971779
18767,0.021734659
18768,0.001924149
18769,0.005132754
18770,-0.005858019
18771,
18772,
18773,-0.00243581
18774,0.022058293
18775,0.002048675
18776,-0.020555565
18777,-0.011517173
18778,-0.002406987
18779,0.001554757
18780,0.010733295
18781,0.010698453
18782,0.015881643
18783,-0.007758175
18784,-0.014566621
18785,-0.034064956
18786,-0.001155715
18787,0.010829381
18788,0.020740565
18789,0.013171487
18790,-0.006379024
18791,0.01736022
18792,0.020126268
18793,-0.033246078
18794,-0.00558123
18795,0.012205569
18796,0.024466511
18797,0.016697677
18798,-0.003889209
18799,-0.034538411
18800,0.004857408
18801,0.007850798
18802,-0.003490758
18803,0.004352865
18804,0.015221869
18805,-0.024575917
18806,-0.030009624
18807,-0.000685231
18808,-0.021382587
18809,0.007590682
18810,-0.00342454
18811,-0.012274587
18812,0.002713326
18813,0.017276378
18814,0.000283599
18815,0.002040824
18816,-0.02585754
18817,-0.018425299
18818,0.001215758
18819,0.009848742
18820,-0.010807735
18821,-0.026152682
18822,0.008867504
18823,0.011602224
18824,-0.003725329
18825,0.014820861
18826,0.000455546
18827,-0.003360172
18828,-0.004672062
18829,0.007253838
18830,-0.03939293
18831,-0.014794018
18832,0.006591689
18833,0.005561866
18834,0.012954365
18835,-0.005441274
18836,-0.002118835
18837,-0.015682679
18838,0.026026562
18839,0.050325055
18840,-0.012202682
18841,-0.025172854
18842,0.016292805
18843,-0.019695923
18844,-0.00565862
18845,-0.018304171
18846,-0.017239658
18847,0.022714464
18848,0.011946734
18849,0.001064656
18850,0.021178029
18851,0.035700448
18852,-0.006440348
18853,-0.000454549
18854,-0.023743397
18855,-0.006560545
18856,0.003331016
18857,0.002971065
18858,0.010473046
18859,0.033345442
18860,0.008474302
18861,0.009717912
18862,-0.02088875
18863,0.002264253
18864,-0.006243319
18865,-0.020340858
18866,0.022669103
18867,0.023894468
18868,-0.010058243
18869,-0.014743276
18870,-0.003293886
18871,0.007077487
18872,-0.005674152
18873,0.006843551
18874,0.013566101
18875,0.006518023
18876,0.010414206
18877,0.003999559
18878,-0.005788793
18879,-0.018452981
18880,-0.048117641
18881,-0.014474619
18882,0.000389703
18883,0.010079185
18884,0.011810796
18885,0.001451814
18886,-0.009425402
18887,0.018316954
18888,-0.006623196
18889,-0.007330267
18890,-0.013211506
18891,0.015073636
18892,-0.027251337
18893,0.006200478
18894,0.01246745
18895,-0.045906663
18896,-0.036456201
18897,-0.033064239
18898,0.010132506
18899,-0.015312099
18900,-0.013885452
18901,0.025058815
18902,0.020220296
18903,0.002373017
18904,0.00667339
18905,0.016558647
18906,-0.018690059
18907,-0.000270904
18908,0.005954555
18909,0.005606639
18910,-0.016706048
18911,-0.024084978
18912,-0.006956531
18913,0.013941394
18914,0.025535969
18915,0.030795647
18916,-0.020859366
18917,-0.016096562
18918,0.008407036
18919,-0.016500561
18920,-0.004229331
18921,-0.008573489
18922,-0.029503614
18923,-0.001317008
18924,-0.005012576
18925,0.006102071
18926,-0.003265744
18927,0.001238391
18928,0.004827769
18929,0.0639375
18930,0.00720801
18931,-0.043726847
18932,-0.074211933
18933,0.016922427
18934,-0.005639579
18935,-0.015336238
18936,-0.020577127
18937,0.000238978
18938,0.009177999
18939,0.022974707
18940,0.004450759
18941,-0.01508679
18942,0.007814007
18943,-0.002832671
18944,0.000687399
18945,0.012842375
18946,0.022090033
18947,0.005298038
18948,0.011091074
18949,0.016239084
18950,-0.022315701
18951,0.013391859
18952,0.029370334
18953,-0.012241386
18954,0.013564715
18955,0.026670359
18956,0.001119469
18957,0.011783998
18958,-0.021020189
18959,0.00439505
18960,0.014535831
18961,0.020072753
18962,-0.009813754
18963,-0.059202228
18964,-0.007280499
18965,0.014564336
18966,0.006616778
18967,-0.00531086
18968,-0.031917419
18969,-0.001633973
18970,0.020902272
18971,0.02105261
18972,-0.007322513
18973,-0.01239254
18974,0.0073162
18975,0.003654717
18976,0.012069274
18977,0.014981806
18978,0.023183765
18979,0.001740412
18980,0.015191347
18981,0.033634219
18982,0.005330083
18983,-0.01345268
18984,-0.016490504
18985,-0.002419162
18986,-0.012275901
18987,-0.002177542
18988,0.006376349
18989,0.017098391
18990,0.022323631
18991,-0.004363324
18992,0.00154009
18993,0.006417774
18994,0.016539341
18995,0.01123444
18996,-0.021398624
18997,0.009922178
18998,-0.00913125
18999,-0.037491702
19000,-0.003448379
19001,0.00190628
19002,-0.009904712
19003,-0.024197249
19004,0.025391219
19005,-0.011425476
19006,-0.005875695
19007,-0.015798694
19008,0.00279117
19009,0.017603574
19010,0.015231467
19011,-0.005169443
19012,0.035423443
19013,-0.00535787
19014,-0.007895079
19015,-0.011789499
19016,0.000407323
19017,-0.013353774
19018,-0.013649562
19019,-0.003311873
19020,0.023419302
19021,0.004932945
19022,-0.002131473
19023,-0.006570719
19024,0.031053547
19025,-0.001621277
19026,-0.011688538
19027,-0.013768705
19028,0.003712497
19029,-0.029985195
19030,0.009823631
19031,0.036953676
19032,0.002304479
19033,-0.001813358
19034,-0.010966594
19035,0.029515732
19036,0.00462079
19037,0.043569598
19038,-0.007687164
19039,-0.038810864
19040,-0.031042123
19041,-0.019554323
19042,0.003998595
19043,0.007876876
19044,0.025463747
19045,0.017930988
19046,0.005268099
19047,-0.000773383
19048,-0.010847136
19049,-0.014748836
19050,0.008367037
19051,0.004087536
19052,-0.015066507
19053,-0.005482072
19054,0.002312058
19055,0.016687071
19056,-0.005818455
19057,-0.017541789
19058,-0.002613238
19059,-0.018538687
19060,0.003235624
19061,-0.01811629
19062,-0.021115279
19063,-0.005810027
19064,0.00160394
19065,-0.011516456
19066,-0.026542801
19067,0.020168364
19068,-0.006170231
19069,-0.013515648
19070,0.011392677
19071,0.009272936
19072,0.011087012
19073,0.000542723
19074,0.005129201
19075,-0.001918245
19076,0.005905692
19077,-0.019013921
19078,0.008933878
19079,0.018086355
19080,-0.006901202
19081,0.004966927
19082,0.029068884
19083,-0.013971726
19084,-0.026819173
19085,-0.01392344
19086,0.008848095
19087,-0.011578461
19088,-0.015406454
19089,0.007430153
19090,0.014939781
19091,-0.008587112
19092,-0.020920539
19093,0.025671689
19094,0.01509859
19095,-0.024852926
19096,-0.016934346
19097,0.000113335
19098,-0.028295636
19099,-0.009424252
19100,0.014753269
19101,-0.002417759
19102,-0.016618572
19103,-0.01472135
19104,-0.013361664
19105,0.00069889
19106,-0.000248828
19107,-0.031800874
19108,0.004074633
19109,0.001479259
19110,-0.018324543
19111,-0.022856195
19112,0.000387664
19113,0.001847682
19114,-0.003254545
19115,0.014456271
19116,0.007028457
19117,0.01817924
19118,-0.005098396
19119,-0.023419021
19120,0.003793465
19121,0.017985621
19122,0.004605998
19123,0.013651636
19124,0.02054048
19125,-0.001400962
19126,-0.0438971
19127,-0.003396963
19128,0.00803323
19129,0.035998832
19130,-0.004276967
19131,-0.008781012
19132,-0.020466106
19133,-0.006477837
19134,0.020198945
19135,0.017371792
19136,0.007683734
19137,-0.040329874
19138,-0.028566403
19139,0.01035337
19140,-0.015591673
19141,-0.031523142
19142,-0.015526006
19143,-0.019455547
19144,-0.006423686
19145,0.001807026
19146,0.007684044
19147,-0.003971969
19148,-0.031107128
19149,-0.017401937
19150,-0.005750009
19151,0.009089178
19152,0.01412913
19153,-0.005026586
19154,-0.026267836
19155,0.003195212
19156,-0.012312988
19157,-0.002748454
19158,0.002244331
19159,-0.000373857
19160,0.031673219
19161,0.009694808
19162,0.003860058
19163,-0.002494385
19164,0.005682285
19165,-0.003115193
19166,0.007128346
19167,0.004169795
19168,0.004193619
19169,0.014939961
19170,0.007464793
19171,-0.008262655
19172,-0.021009456
19173,0.004010734
19174,-0.021608921
19175,-0.012765762
19176,-0.001421729
19177,-0.00379142
19178,-0.007178227
19179,0.034141224
19180,-0.015658099
19181,-0.030416166
19182,-0.00701257
19183,0.014924504
19184,0.027835682
19185,0.000521223
19186,-0.002964335
19187,-0.010302681
19188,0.000200337
19189,-0.006022268
19190,-0.004035825
19191,0.0498036
19192,0.010630628
19193,-0.005498852
19194,-0.018233554
19195,-0.025623577
19196,0.01815363
19197,0.035107162
19198,-0.013922791
19199,-0.011307779
19200,0.007421912
19201,0.009222576
19202,0.002150843
19203,0.006821511
19204,-0.005239676
19205,0.021989999
19206,0.02895502
19207,0.022555305
19208,-0.00355151
19209,0.018526061
19210,0.043687116
19211,-0.018088192
19212,0.006888947
19213,0.004200802
19214,-0.007938778
19215,-0.017950187
19216,-0.019760331
19217,-0.009047449
19218,-0.016531141
19219,0.006624556
19220,0.035012342
19221,0.006646041
19222,-0.019531716
19223,-0.014255688
19224,0.019319987
19225,-0.018535972
19226,-0.00681306
19227,0.015722157
19228,0.014531283
19229,-0.048233937
19230,-0.011196881
19231,-0.033964891
19232,-0.000135638
19233,-0.002990592
19234,-0.012690948
19235,0.02872229
19236,0.05273325
19237,0.00351637
19238,-0.011897855
19239,-0.010900899
19240,0.018296728
19241,0.013896414
19242,-0.006447541
19243,-0.013962215
19244,-0.034206156
19245,-0.005816094
19246,-0.003338004
19247,-0.010243192
19248,-0.007324462
19249,0.012412096
19250,0.022560464
19251,0.004916754
19252,0.04041243
19253,-0.002275714
19254,0.008206565
19255,-0.016407907
19256,0.008407543
19257,-0.039905019
19258,-0.039506085
19259,-0.020212684
19260,-0.036925744
19261,-0.031736549
19262,-0.002521675
19263,0.016106801
19264,0.006217049
19265,-0.011875462
19266,0.004282245
19267,0.021688368
19268,0.01121072
19269,0.005132292
19270,-0.016249416
19271,-0.010172598
19272,-0.0043889
19273,0.009983441
19274,-0.007641394
19275,-0.032983128
19276,0.025982473
19277,0.01517297
19278,0.002079519
19279,-0.006012675
19280,0.001835427
19281,-0.002398309
19282,-0.00916381
19283,-0.00161961
19284,-0.016227994
19285,-0.017700505
19286,0.003519931
19287,-0.013438505
19288,-0.02023378
19289,0.000922586
19290,0.010050108
19291,0.004490695
19292,-0.014129356
19293,0.013618769
19294,0.023776721
19295,-0.004319816
19296,-0.001798156
19297,-0.000135493
19298,-0.01044672
19299,-0.003985264
19300,0.019422647
19301,-0.010355687
19302,-0.010802749
19303,-0.035348002
19304,-0.040788654
19305,0.00713877
19306,0.03397166
19307,0.009254516
19308,-0.014293109
19309,0.000307152
19310,0.027210582
19311,-0.004953963
19312,0.026264297
19313,-0.004262692
19314,-0.015827075
19315,-0.003598693
19316,0.003412995
19317,-0.000667449
19318,-0.034190752
19319,-0.004668229
19320,0.003907711
19321,0.003777721
19322,0.006469551
19323,-0.017286723
19324,-0.005639777
19325,-0.006256565
19326,0.02943971
19327,0.021141196
19328,0.015642876
19329,-0.012753948
19330,-0.029310329
19331,-0.00676938
19332,0.012509254
19333,-0.012163887
19334,0.004921369
19335,0.03694354
19336,0.008100478
19337,0.003792821
19338,-0.010922827
19339,-0.006792028
19340,0.024570884
19341,0.009770283
19342,0.013626257
19343,-0.003962345
19344,0.009644906
19345,0.013882218
19346,0.034065999
19347,-0.017876878
19348,-0.017242219
19349,0.009681779
19350,0.012306005
19351,0.002483241
19352,-0.003870712
19353,0.0240189
19354,-0.007021649
19355,-0.008912172
19356,0.014078094
19357,-0.010119375
19358,-0.01992612
19359,-0.002123891
19360,-0.013711961
19361,-0.015253006
19362,-0.004218582
19363,-0.00353141
19364,0.003552782
19365,-0.015924411
19366,0.006523376
19367,0.002986464
19368,0.008098959
19369,0.005013716
19370,0.006431193
19371,-0.007291773
19372,0.007459372
19373,0.023772733
19374,0.044231884
19375,-0.000667625
19376,0.009985683
19377,0.008136146
19378,-0.00230845
19379,0.002784903
19380,-0.002003607
19381,-0.02472222
19382,0.019716209
19383,0.005733044
19384,-0.000498879
19385,-0.021547791
19386,0.009722559
19387,0.038792565
19388,0.016500002
19389,-5.19E-05
19390,0.00643434
19391,0.000457665
19392,0.03862033
19393,0.022761807
19394,-0.030584075
19395,-0.045437224
19396,0.008645885
19397,0.040851571
19398,0.005237262
19399,0.00833183
19400,0.00764801
19401,0.02176881
19402,0.000629702
19403,0.013956696
19404,0.000855358
19405,0.00494959
19406,0.013737491
19407,0.009683867
19408,0.002168871
19409,0.012661153
19410,-0.043511163
19411,-0.01205377
19412,-0.009526887
19413,-0.007409529
19414,-0.019546747
19415,-0.044018343
19416,0.011424704
19417,-0.008792363
19418,-0.002301751
19419,-0.002781893
19420,-0.006209327
19421,-0.010394904
19422,0.016582936
19423,0.013068761
19424,-0.023785729
19425,-0.003256345
19426,-0.016862411
19427,0.002989061
19428,-0.010701854
19429,-0.016024794
19430,0.010976852
19431,0.028975874
19432,0.02152494
19433,-0.000133856
19434,0.017910648
19435,0.004972611
19436,0.022518385
19437,0.000281402
19438,-0.015713889
19439,0.016121875
19440,-0.010408924
19441,-0.001667734
19442,-0.043150641
19443,-0.009887702
19444,0.012842534
19445,0.019596342
19446,0.036620222
19447,-0.014382222
19448,-0.045958769
19449,0.039787028
19450,-0.026441602
19451,-0.010571741
19452,-0.008646277
19453,0.024431363
19454,0.023152158
19455,0.001034953
19456,-0.005308303
19457,-0.018077187
19458,0.002168571
19459,-0.0168733
19460,-0.00813041
19461,-0.009455869
19462,-0.018242154
19463,0.005767657
19464,-0.018191697
19465,-0.00865634
19466,0.006230067
19467,0.012991288
19468,-0.000777579
19469,0.015015069
19470,-0.000318401
19471,-0.006437289
19472,0.021345042
19473,-0.007388967
19474,0.01702245
19475,-0.020060934
19476,0.009568062
19477,0.01433485
19478,-0.004197577
19479,0.002148569
19480,0.036907632
19481,0.002314541
19482,-0.010710075
19483,-0.004346085
19484,-0.002796202
19485,-0.023665631
19486,0.014985313
19487,0.012328574
19488,0.007869804
19489,0.010691575
19490,0.03084415
19491,0.005318465
19492,-0.058738034
19493,0.003896928
19494,0.000506415
19495,-0.003757695
19496,-0.02073882
19497,-0.01374484
19498,-0.00572827
19499,0.006114155
19500,-0.019782301
19501,0.002399792
19502,0.003576979
19503,0.031033929
19504,-0.0080265
19505,-0.017154802
19506,-3.85E-05
19507,-0.002710455
19508,0.008047738
19509,0.026969923
19510,-0.035416331
19511,-0.02982481
19512,-0.022870218
19513,-0.003504206
19514,0.004672983
19515,-0.035596158
19516,0.005087192
19517,-0.00318027
19518,0.003146064
19519,-0.038212094
19520,0.014731034
19521,0.001367278
19522,-0.017568521
19523,0.012789562
19524,0.009330737
19525,-0.007203485
19526,-0.008757319
19527,0.001579875
19528,-0.004096463
19529,-0.00673231
19530,-0.009154318
19531,0.003987479
19532,-0.011054273
19533,-0.017474877
19534,0.00126919
19535,0.026231769
19536,-0.016724978
19537,-0.008665584
19538,0.008909645
19539,0.019558584
19540,-0.003237939
19541,-0.001306333
19542,0.002081871
19543,-0.003040478
19544,-0.031957749
19545,-0.022255205
19546,-0.027267389
19547,-0.020197658
19548,-0.014494603
19549,0.008092945
19550,0.025283029
19551,-0.016229903
19552,0.006244307
19553,-0.007511612
19554,-0.020762874
19555,0.003473547
19556,0.014545774
19557,-0.037428383
19558,0.00690717
19559,-0.014176102
19560,-0.029983543
19561,-0.020596189
19562,-0.016487783
19563,-0.01872267
19564,0.016015427
19565,0.018835574
19566,0.009545057
19567,0.001813525
19568,-0.00152982
19569,0.027236311
19570,0.007657353
19571,-0.004928672
19572,0.003929833
19573,0.022295199
19574,-0.006180874
19575,-0.003562897
19576,0.021132503
19577,-0.001188726
19578,-0.047701634
19579,0.007401092
19580,0.007977156
19581,-0.007518956
19582,-0.010411751
19583,0.025856325
19584,0.007136137
19585,0.018511541
19586,0.025000414
19587,0.010130356
19588,0.000191542
19589,0.036007628
19590,0.00136021
19591,-0.022609999
19592,-0.008923647
19593,0.016696943
19594,0.018702481
19595,0.005204195
19596,0.007714028
19597,-0.016910054
19598,-0.013460834
19599,0.056706049
19600,0.025052277
19601,0.074870758
19602,0.02973217
19603,-0.006876454
19604,0.01452981
19605,-0.033049699
19606,0.009434061
19607,0.020330938
19608,0.021918882
19609,0.00712992
19610,0.047089893
19611,-0.011893201
19612,0.053455625
19613,0.038097702
19614,-0.014185566
19615,-0.034644596
19616,-0.005574701
19617,0.007905856
19618,-0.002669717
19619,-0.032550804
19620,-0.014347617
19621,0.020685498
19622,0.010581492
19623,-0.027831277
19624,0.006770962
19625,-0.015132175
19626,-0.032916453
19627,0.008418175
19628,-0.000635072
19629,0.024339711
19630,0.016036635
19631,-0.006016443
19632,0.002599273
19633,0.028480027
19634,-0.009020275
19635,0.007153682
19636,0.023477001
19637,0.008075453
19638,0.002379131
19639,-0.006315615
19640,-0.014246119
19641,-0.014076257
19642,0.028737646
19643,-0.003148282
19644,-0.000414111
19645,-0.010586984
19646,0.023094565
19647,0.034906544
19648,0.011578672
19649,-0.015098453
19650,-0.037960924
19651,0.002096377
19652,-0.000677133
19653,0.024026176
19654,0.011696422
19655,0.002377932
19656,0.00272073
19657,0.003651871
19658,0.021830374
19659,0.005807527
19660,-0.007043538
19661,-0.049413618
19662,0.002280231
19663,-0.001804001
19664,0.00499803
19665,-0.024392143
19666,-0.007040113
19667,-0.003764856
19668,-0.008021479
19669,-0.00543286
19670,-0.022004541
19671,-0.024923716
19672,-0.026319485
19673,-0.00383875
19674,-0.032030553
19675,-0.000209401
19676,0.050666522
19677,-0.020960443
19678,-0.00774216
19679,-0.011686057
19680,0.020531861
19681,0.002382038
19682,0.039443571
19683,0.002348439
19684,0.012204835
19685,-0.01380088
19686,-0.000887818
19687,-0.003660166
19688,-0.040632732
19689,0.000705495
19690,0.018770028
19691,0.007296137
19692,0.007712708
19693,0.005284281
19694,0.0080519
19695,-0.006619871
19696,0.033736072
19697,-0.017331203
19698,-0.013399179
19699,-0.003241438
19700,0.009375833
19701,0.007546001
19702,-0.002187064
19703,-0.001759083
19704,0.010037045
19705,0.006397346
19706,-0.029592713
19707,-0.021049537
19708,-0.017237565
19709,-0.006547532
19710,0.009871528
19711,-0.002404316
19712,0.007642505
19713,0.001861557
19714,-0.041731145
19715,-0.015949829
19716,-0.007180995
19717,-0.008595237
19718,-0.002132953
19719,-0.00107716
19720,-0.036913246
19721,0.000332137
19722,0.026952099
19723,-0.008360956
19724,0.013799856
19725,-0.001964089
19726,-0.022331884
19727,-0.032817695
19728,-0.011057324
19729,-0.018001284
19730,0.001317633
19731,0.014520085
19732,-0.012202747
19733,-0.000642559
19734,-0.004254114
19735,-0.01341879
19736,-0.008227194
19737,0.024778424
19738,-0.008727721
19739,-0.003345694
19740,0.026151074
19741,-0.014603758
19742,0.006536557
19743,-0.004780187
19744,-0.014508491
19745,-0.004380714
19746,0.009086472
19747,0.022054046
19748,-0.008499579
19749,0.009398772
19750,0.016685015
19751,-0.00671265
19752,-0.030526552
19753,0.009007009
19754,-0.016558433
19755,0.010532485
19756,0.031536099
19757,-0.002296251
19758,-0.017471321
19759,0.025755521
19760,0.010751866
19761,-0.015681336
19762,-0.005005643
19763,0.004245965
19764,0.015163842
19765,-0.022088211
19766,-0.020375101
19767,-0.003231253
19768,0.008165698
19769,-0.026242785
19770,-0.013810286
19771,0.010151599
19772,-0.008624478
19773,-0.007386042
19774,-0.01501333
19775,0.010839287
19776,-0.006409757
19777,-0.004837077
19778,-0.026076438
19779,-0.001870703
19780,0.002219668
19781,0.002564045
19782,0.002542549
19783,0.007627563
19784,0.017819189
19785,0.000466304
19786,-0.004999811
19787,-0.010695868
19788,-0.02387087
19789,0.009236405
19790,-0.002553098
19791,0.019826949
19792,0.029688301
19793,0.031253837
19794,0.00444713
19795,-0.01001721
19796,-0.002822023
19797,0.003795971
19798,-0.020204773
19799,0.016116951
19800,0.013079916
19801,-0.00422416
19802,-0.018207183
19803,-0.023739288
19804,-0.014351664
19805,0.004222824
19806,0.008891528
19807,0.004824451
19808,0.001624415
19809,-0.008126256
19810,0.004148235
19811,0.010064964
19812,-0.001976653
19813,-0.01110722
19814,0.012167441
19815,-0.003044755
19816,-0.007366457
19817,-0.008348825
19818,0.033454049
19819,0.000847044
19820,-0.027105007
19821,0.008817308
19822,0.017275548
19823,0.00284205
19824,0.044235304
19825,0.004006147
19826,0.026749875
19827,-0.009763007
19828,0.015179783
19829,0.02169829
19830,0.012516545
19831,0.004504093
19832,-0.001577236
19833,-0.017593602
19834,0.017081333
19835,-0.017649479
19836,0.005779779
19837,-0.010758437
19838,-0.016153658
19839,-0.01044086
19840,-0.005149732
19841,0.002695668
19842,0.006493965
19843,-0.001236229
19844,0.028224383
19845,0.0001797
19846,0.012427752
19847,-0.003055035
19848,0.013418925
19849,0.030781522
19850,0.027378662
19851,-0.015069882
19852,0.002099931
19853,0.025378983
19854,-0.009898499
19855,-0.004428781
19856,0.001809734
19857,0.005599592
19858,0.013885349
19859,-0.011659124
19860,0.020267481
19861,-0.025030972
19862,0.020923959
19863,-0.00263395
19864,0.017805643
19865,0.014082552
19866,-8.63E-05
19867,-0.017804492
19868,-0.003097012
19869,-0.005103032
19870,-0.030898372
19871,-0.016453722
19872,-0.032982919
19873,-0.007518983
19874,0.009338048
19875,0.003205269
19876,0.042346235
19877,0.007252018
19878,-0.027850902
19879,-0.009483634
19880,-0.003308902
19881,-0.004937898
19882,0.014967979
19883,0.002268439
19884,-0.00751814
19885,-0.021280307
19886,-0.009599175
19887,0.024729269
19888,-0.010579207
19889,-0.001754183
19890,0.027816778
19891,-0.010788599
19892,-0.020527173
19893,0.02685467
19894,-0.018126076
19895,-0.024253516
19896,-0.003883547
19897,0.010628327
19898,0.027301921
19899,0.008165275
19900,-0.020858161
19901,-0.012780887
19902,-0.018932251
19903,0.035753347
19904,0.015086071
19905,-0.00405548
19906,0.021498222
19907,0.022418231
19908,0.008061847
19909,-0.033326056
19910,-0.001570913
19911,0.006620901
19912,-0.01002049
19913,-0.006894647
19914,-0.031076664
19915,0.012942257
19916,0.012035489
19917,-0.005418002
19918,-0.047354545
19919,-0.022683907
19920,0.031466607
19921,-0.006010645
19922,0.002351069
19923,-0.000640972
19924,0.021991627
19925,-0.021803021
19926,0.016716624
19927,-0.009166885
19928,-0.038659401
19929,0.010226199
19930,0.025031833
19931,-0.036479063
19932,-0.015921511
19933,0.019469697
19934,0.010635395
19935,-0.012910788
19936,-0.026769349
19937,-8.77E-05
19938,0.003502985
19939,-0.042302117
19940,-0.014515203
19941,-0.007796612
19942,0.017095916
19943,0.026985377
19944,-0.004215963
19945,-0.015302556
19946,0.019030599
19947,0.010127252
19948,-0.035536237
19949,0.033057477
19950,-0.007851457
19951,0.025588857
19952,0.008855405
19953,0.00676257
19954,-0.020086212
19955,0.003051048
19956,-0.006877786
19957,0.03669297
19958,0.00507243
19959,0.01275407
19960,0.014503651
19961,0.013547079
19962,0.016237559
19963,0.02679207
19964,-0.046538658
19965,-0.021162311
19966,0.000156053
19967,-0.018674085
19968,-0.020895584
19969,-0.004512454
19970,-0.014906248
19971,0.008144798
19972,-0.007194771
19973,-0.005461856
19974,0.001063656
19975,-0.012712764
19976,0.001947237
19977,-0.012519088
19978,-0.003885335
19979,0.000615018
19980,-0.011561448
19981,-4.00E-05
19982,-0.021117631
19983,-0.004224776
19984,-0.009306349
19985,0.009173691
19986,-0.021085562
19987,-0.025927361
19988,0.015441634
19989,0.000524402
19990,-0.025731463
19991,-0.020875243
19992,-0.022353379
19993,0.01924256
19994,0.003322546
19995,0.005056409
19996,-0.078843996
19997,-0.016401961
19998,-0.022376586
19999,-0.007024654
20000,-0.022416685
20001,0.003499969
20002,0.012558117
20003,0.018781198
20004,-0.006389978
20005,0.01345351
20006,0.02059914
20007,0.017145233
20008,-0.005403025
20009,-0.043809984
20010,0.003598633
20011,-0.022754913
20012,0.007464506
20013,-0.000919004
20014,-0.003540708
20015,-0.00670391
20016,-0.011275133
20017,-0.004307271
20018,0.002355473
20019,0.043155242
20020,-0.007961786
20021,-0.013887598
20022,0.004372691
20023,
20024,
20025,0.000147621
20026,0.020359758
20027,-0.002445251
20028,3.04E-05
20029,0.007699537
20030,0.025924906
20031,0.001133112
20032,-0.005140639
20033,-0.008632668
20034,-0.039697669
20035,0.021544052
20036,0.000132328
20037,0.005732011
20038,-0.005095975
20039,0.02041015
20040,0.006571324
20041,0.028563781
20042,-0.009387024
20043,0.027884489
20044,-0.048648171
20045,0.005044577
20046,-0.002138799
20047,-0.014049186
20048,-0.008149635
20049,0.002609422
20050,0.002949718
20051,0.008543811
20052,0.003395414
20053,0.008439676
20054,0.018126065
20055,0.011082535
20056,-0.008761767
20057,-0.005481179
20058,0.003112742
20059,0.004285534
20060,-0.008681754
20061,0.016567739
20062,-0.003010301
20063,0.037656385
20064,-0.020022465
20065,-0.014562446
20066,-0.003426925
20067,0.015597394
20068,0.017970989
20069,0.008965977
20070,0.024852116
20071,0.034815926
20072,0.040967476
20073,0.007900874
20074,-0.004791038
20075,-0.007949166
20076,0.026663605
20077,-0.051357832
20078,0.009715617
20079,0.029124495
20080,-0.023938116
20081,0.004797375
20082,0.025564553
20083,0.014143755
20084,0.005594242
20085,0.028465431
20086,-0.005648037
20087,0.00870356
20088,-0.001921052
20089,0.002261528
20090,-0.050665986
20091,-0.005203955
20092,0.017228974
20093,0.022688573
20094,-0.005799813
20095,-0.01799061
20096,0.019504603
20097,0.012299704
20098,-0.031051597
20099,-0.010148644
20100,-0.006745425
20101,-0.003952647
20102,-0.003979172
20103,0.047706656
20104,0.008667059
20105,-0.004472217
20106,-0.038262475
20107,-0.024867546
20108,0.024237875
20109,0.040352944
20110,0.001475265
20111,0.026632948
20112,0.020003475
20113,-0.012945876
20114,-0.028898116
20115,-0.003930782
20116,0.036042348
20117,-0.032951694
20118,-0.004978831
20119,0.015330574
20120,-0.001320636
20121,-0.008880885
20122,-0.011941683
20123,-0.003229595
20124,-0.004297209
20125,0.007226934
20126,0.035756182
20127,-0.029915767
20128,-0.010013514
20129,0.012787636
20130,-0.009808844
20131,0.0288876
20132,0.003904442
20133,0.012722324
20134,0.013032446
20135,-0.016184295
20136,-0.012809603
20137,-0.011503938
20138,0.007802976
20139,-0.009861655
20140,-0.00844119
20141,0.027207755
20142,0.00059603
20143,0.00903235
20144,-0.008391711
20145,0.007542615
20146,0.025612971
20147,0.008165183
20148,-0.005661565
20149,0.001330057
20150,-0.029419007
20151,0.001373922
20152,-0.021549387
20153,-0.013043181
20154,0.013898694
20155,0.017217105
20156,-0.000573382
20157,0.026062371
20158,0.039594397
20159,0.007005533
20160,0.012006921
20161,0.015344202
20162,0.010832424
20163,0.002624143
20164,0.022568056
20165,-0.004821987
20166,-0.037305668
20167,-0.000861768
20168,-0.018085305
20169,-0.001196775
20170,0.010261306
20171,-0.006879632
20172,0.00087459
20173,-0.006891794
20174,-0.050407875
20175,-0.003245964
20176,0.007268712
20177,-0.001958462
20178,0.033500742
20179,-0.010605264
20180,-0.054312579
20181,-0.01041831
20182,0.025306422
20183,0.015696041
20184,0.001737584
20185,-0.01539714
20186,0.040292364
20187,0.020073026
20188,0.015376545
20189,0.001621709
20190,-0.003100292
20191,-0.015199693
20192,0.032253079
20193,-0.012646034
20194,-0.003711283
20195,0.013904793
20196,0.002119703
20197,-0.009599619
20198,-0.025695968
20199,0.017153371
20200,-0.008254469
20201,0.023242978
20202,-0.001293236
20203,-0.003358832
20204,0.006434001
20205,-0.004064864
20206,-0.014316219
20207,-0.000115269
20208,-0.031629257
20209,0.014507953
20210,0.017955072
20211,0.004282126
20212,-0.006558709
20213,0.012810618
20214,-0.025342098
20215,0.024106879
20216,0.022326559
20217,0.017449712
20218,-0.001163427
20219,-0.013415153
20220,-0.011013274
20221,-0.022151114
20222,0.022160517
20223,0.00491367
20224,0.017989265
20225,0.017083704
20226,-0.007271071
20227,0.002090207
20228,-0.000354063
20229,-0.030181155
20230,0.025683692
20231,0.007425463
20232,-0.014816611
20233,0.010310064
20234,-0.010419004
20235,-0.020923395
20236,0.009355177
20237,0.010515777
20238,-0.008458567
20239,-0.01020576
20240,-0.02741041
20241,-0.00219208
20242,0.025556695
20243,0.018518377
20244,0.032468639
20245,0.062226027
20246,-0.021768881
20247,0.004645017
20248,-0.006075453
20249,-0.01028313
20250,-0.007124401
20251,0.039486911
20252,-0.013995844
20253,-0.023183769
20254,0.036630247
20255,-0.001064618
20256,-0.012383312
20257,0.008621393
20258,0.005869649
20259,0.013703843
20260,-0.004082951
20261,0.001293911
20262,-0.006239322
20263,-0.017785314
20264,0.003903479
20265,-0.012941167
20266,-0.016829109
20267,-0.022599749
20268,0.001678445
20269,-0.019844929
20270,-0.019134145
20271,-0.025671504
20272,0.001700282
20273,0.006153721
20274,-0.010690979
20275,-0.00620565
20276,0.00422397
20277,0.0201788
20278,-0.010696067
20279,-0.005106233
20280,0.020879855
20281,0.013909157
20282,-0.005193617
20283,-0.02401834
20284,-0.014483006
20285,-0.019132113
20286,0.009969182
20287,-0.006833124
20288,0.023244139
20289,0.007452649
20290,0.033280969
20291,-0.023207663
20292,-0.011200815
20293,-0.025585806
20294,0.014815824
20295,0.015935574
20296,0.016123671
20297,-0.019670585
20298,-0.009936592
20299,-0.010442541
20300,0.015211076
20301,-0.002197986
20302,0.006404962
20303,-0.031082205
20304,0.002003585
20305,-0.012703296
20306,0.039942291
20307,0.035094414
20308,0.008872493
20309,-0.022631237
20310,-0.011108978
20311,0.009483012
20312,-0.00846028
20313,-0.006920335
20314,0.003088426
20315,0.003156946
20316,-0.032778464
20317,-0.03245537
20318,0.021504825
20319,0.011356968
20320,0.017776005
20321,0.019246673
20322,-0.044491589
20323,0.008634855
20324,0.011586337
20325,-0.014413247
20326,0.008255067
20327,0.010791537
20328,0.026641365
20329,-0.002242615
20330,-0.045421913
20331,-0.002806436
20332,-0.003223368
20333,0.00335562
20334,-0.013525155
20335,0.012919459
20336,-0.008471192
20337,-0.000663942
20338,-0.009164689
20339,0.006470284
20340,0.008289305
20341,0.020728439
20342,0.004693863
20343,-0.014156232
20344,-0.016492944
20345,-0.029607669
20346,-0.01820487
20347,-0.04433785
20348,0.001042785
20349,0.010431541
20350,0.013147715
20351,-0.00793756
20352,-0.017612696
20353,-0.015151098
20354,0.003398969
20355,0.037320644
20356,-0.010666336
20357,-0.008527389
20358,-0.023987383
20359,-0.010182526
20360,0.016860867
20361,0.00045825
20362,-0.014820765
20363,0.017493803
20364,0.003785516
20365,0.004479597
20366,0.020552507
20367,0.009574474
20368,0.001924824
20369,0.007612805
20370,0.016786555
20371,-0.020239251
20372,0.002705374
20373,0.003046993
20374,0.002497953
20375,-0.007812419
20376,0.042776223
20377,0.000523114
20378,0.004986145
20379,0.031790696
20380,-0.005843567
20381,-0.005383847
20382,-0.006047619
20383,0.008249367
20384,0.022364853
20385,-0.012197743
20386,-0.02333004
20387,-0.004453479
20388,-0.005751058
20389,0.001323424
20390,-0.005798345
20391,0.000916584
20392,0.015938643
20393,0.065166645
20394,0.014618084
20395,0.015534818
20396,0.027923129
20397,0.005878329
20398,0.002580392
20399,-0.005847266
20400,-0.002456128
20401,0.003898348
20402,-0.01634277
20403,-0.002478634
20404,-0.019646341
20405,-0.022897592
20406,-0.022116061
20407,-0.019477407
20408,-0.019096984
20409,-0.007223877
20410,0.019681953
20411,-0.013107618
20412,0.022973614
20413,-0.000982
20414,7.42E-05
20415,-0.002358923
20416,0.01945773
20417,0.020480143
20418,-0.030733824
20419,-0.000465276
20420,-0.032480888
20421,0.015190422
20422,-0.002476916
20423,0.026011808
20424,0.02987591
20425,-0.024227444
20426,-0.002083683
20427,0.004904014
20428,0.017280625
20429,0.002125743
20430,-0.033402976
20431,0.001388282
20432,0.026296671
20433,0.013445891
20434,-0.017738562
20435,0.006341936
20436,-0.017301021
20437,0.005703226
20438,0.035932738
20439,0.027650842
20440,-0.031026956
20441,-0.02211098
20442,0.011895698
20443,-0.009757794
20444,0.000416271
20445,-0.021459734
20446,0.021348884
20447,0.001523773
20448,0.017881203
20449,0.005467806
20450,0.002980559
20451,-0.006263993
20452,-0.013893503
20453,-0.033920504
20454,0.00700152
20455,-0.000706985
20456,0.010199239
20457,0.002624237
20458,0.004528095
20459,0.002562638
20460,-0.004820825
20461,0.004143926
20462,-0.013346244
20463,-0.016154451
20464,0.024165966
20465,-0.00416248
20466,-0.020150945
20467,-0.044457003
20468,-0.016964978
20469,-0.034196269
20470,-0.007565556
20471,-0.002288949
20472,0.004691117
20473,0.010488287
20474,-0.020732885
20475,-0.009256678
20476,-0.01300381
20477,0.001172568
20478,-0.013461706
20479,-0.015950007
20480,-0.000571808
20481,-0.0044445
20482,0.017880034
20483,-0.006097326
20484,-0.016660569
20485,-0.021778522
20486,-0.016363038
20487,0.009086419
20488,0.008798864
20489,0.002588989
20490,-0.011831943
20491,-0.003786006
20492,0.0060626
20493,0.008014394
20494,0.008584889
20495,-0.014955576
20496,0.002119968
20497,-0.033188518
20498,0.009241672
20499,0.030308973
20500,0.003910492
20501,-0.036791954
20502,-0.008705406
20503,-0.003161444
20504,-0.006223068
20505,0.004795101
20506,0.035215121
20507,0.039885387
20508,-0.007046283
20509,-0.021939632
20510,-0.02487828
20511,0.003493035
20512,0.01917465
20513,0.00336166
20514,-0.002956738
20515,-0.029127646
20516,-0.00179196
20517,-0.013294748
20518,0.003185695
20519,0.022272266
20520,0.00822472
20521,0.004432662
20522,0.013590064
20523,-0.008239323
20524,-0.016841806
20525,0.018132869
20526,0.006411633
20527,-0.018420583
20528,-0.013802942
20529,0.00164979
20530,0.028184682
20531,0.005486776
20532,-0.003214267
20533,-0.039626494
20534,0.01254194
20535,0.024011532
20536,-0.021139465
20537,-0.032387134
20538,-0.010014224
20539,0.015721343
20540,0.011795301
20541,-0.018532254
20542,-0.002434888
20543,0.012245705
20544,0.003731422
20545,0.036300097
20546,-0.082032956
20547,0.001795652
20548,0.025746331
20549,0.001654311
20550,-0.00941779
20551,-0.014374435
20552,-0.005345263
20553,0.01899603
20554,0.012097054
20555,-0.017929792
20556,-0.017872892
20557,0.010371904
20558,-0.00236459
20559,0.002923712
20560,-0.015742553
20561,-0.004611346
20562,0.022036953
20563,-0.040876217
20564,-0.028100062
20565,0.010382362
20566,0.039092112
20567,-0.062141933
20568,-0.030485474
20569,0.027438687
20570,0.002902492
20571,0.029159416
20572,0.020771846
20573,0.018342726
20574,-0.002818154
20575,-0.001832052
20576,0.008172553
20577,-0.018092355
20578,-0.007519638
20579,-0.005930852
20580,-0.009750286
20581,0.01257895
20582,0.01860337
20583,0.041951861
20584,-0.017946513
20585,-0.006298097
20586,-0.015867282
20587,-0.010736244
20588,0.014925159
20589,-0.000902466
20590,0.022279087
20591,0.011537078
20592,-0.035937935
20593,-0.022027235
20594,-0.001794921
20595,0.000718009
20596,0.00240849
20597,0.008501169
20598,-0.004969044
20599,-0.0092841
20600,0.000661964
20601,0.026721075
20602,-0.009948398
20603,-0.009737433
20604,-0.01672112
20605,-0.002961266
20606,0.029851289
20607,-0.001664873
20608,-0.01806961
20609,-0.007025085
20610,-0.007411129
20611,0.012375647
20612,0.009784609
20613,0.008049387
20614,-0.007661706
20615,0.028255222
20616,0.007581649
20617,-0.003907418
20618,0.054980393
20619,0.022693535
20620,0.015313345
20621,0.020192888
20622,0.007786045
20623,-0.018732827
20624,-0.037268739
20625,-0.030867036
20626,-0.014462554
20627,-0.020207206
20628,0.005231782
20629,-0.01326928
20630,-0.011623126
20631,-0.037400771
20632,0.003816971
20633,-0.011944019
20634,0.030771276
20635,0.019642236
20636,0.014260148
20637,0.013578886
20638,0.004166298
20639,0.008330633
20640,-0.021706905
20641,0.00014427
20642,0.015035993
20643,0.033632591
20644,-0.009562872
20645,-0.003034516
20646,-0.034057148
20647,0.039084844
20648,0.011557932
20649,0.027100811
20650,0.028534474
20651,-0.004422084
20652,-0.010181719
20653,0.012588969
20654,0.053766653
20655,0.008815525
20656,0.019058956
20657,-0.053171407
20658,0.01137326
20659,0.014309385
20660,-0.009279827
20661,0.005785713
20662,0.043505825
20663,-0.008800605
20664,-0.023881217
20665,0.003690497
20666,-0.008775635
20667,0.010276243
20668,-0.003073539
20669,0.017959841
20670,-0.001075258
20671,-0.013999268
20672,-0.049355298
20673,0.0031931
20674,-0.001149512
20675,0.004367447
20676,-0.00734482
20677,0.000124932
20678,0.012191646
20679,0.061326876
20680,-0.006835928
20681,-0.007664983
20682,0.01469557
20683,0.025820984
20684,-0.0473588
20685,-0.007047428
20686,0.008415665
20687,0.024023058
20688,-0.001151763
20689,0.012121786
20690,-0.024359751
20691,0.005193768
20692,-0.024094952
20693,0.034516752
20694,-0.005333855
20695,-0.023922244
20696,0.006716215
20697,-0.000357545
20698,0.019650772
20699,9.66E-05
20700,-0.016560946
20701,0.027461288
20702,-0.02967971
20703,0.017653765
20704,0.002392537
20705,-0.001289219
20706,-0.013140666
20707,0.016513776
20708,0.012376652
20709,-0.002912742
20710,-0.00193821
20711,0.00446207
20712,-0.015023586
20713,0.001496056
20714,-0.009087498
20715,0.005560645
20716,0.0048388
20717,0.018906899
20718,0.010742527
20719,-0.00996911
20720,0.005832094
20721,-0.009107476
20722,0.010951847
20723,-0.000166518
20724,0.019504655
20725,-0.009518457
20726,0.006610685
20727,0.032046463
20728,0.033779498
20729,-0.070299871
20730,-0.021741608
20731,-0.01202512
20732,0.006381255
20733,-0.033717174
20734,0.014888139
20735,-0.007082048
20736,-0.019242072
20737,-0.021536622
20738,0.014134293
20739,-0.008539427
20740,-0.005711376
20741,0.023977082
20742,-0.032176435
20743,-0.011378005
20744,0.018778078
20745,-0.003071777
20746,-0.019110179
20747,-0.000865443
20748,-0.006676419
20749,0.00229213
20750,0.019123705
20751,0.023843773
20752,-0.013234977
20753,0.014560144
20754,-0.006233788
20755,-0.005004098
20756,0.000709144
20757,0.03726906
20758,0.015143883
20759,-0.006340496
20760,0.001387851
20761,0.037451193
20762,0.009497676
20763,-0.008771139
20764,0.019179393
20765,0.008698175
20766,0.037081547
20767,-0.013190845
20768,-0.008878807
20769,-0.017358804
20770,0.017328
20771,-0.005714387
20772,0.037316632
20773,-0.019531891
20774,0.043555807
20775,0.001027933
20776,-0.022381037
20777,0.001729124
20778,0.000468033
20779,0.043602258
20780,-0.001553538
20781,-0.009835434
20782,-0.019367736
20783,-0.002393188
20784,-0.011003574
20785,0.007862658
20786,-0.019825503
20787,-0.016475493
20788,0.031505283
20789,0.037326071
20790,0.024107786
20791,0.034650374
20792,-0.021148503
20793,-0.009444642
20794,0.032140233
20795,0.055585999
20796,0.023661789
20797,-0.009926692
20798,-0.012731003
20799,-0.000430094
20800,0.017135581
20801,-0.00943677
20802,-0.002114812
20803,0.008512632
20804,0.021415155
20805,0.004108146
20806,0.023320559
20807,0.0190119
20808,-0.014575383
20809,-0.002775198
20810,-0.018441573
20811,0.004635448
20812,0.000681182
20813,0.049966753
20814,-0.000150715
20815,0.006553802
20816,0.029573927
20817,0.006079142
20818,-0.01154518
20819,-0.000135302
20820,0.005539532
20821,-0.008203601
20822,0.005804896
20823,-0.011247643
20824,-0.002097536
20825,0.030372156
20826,0.011690461
20827,-0.004308551
20828,0.00793652
20829,-0.01409384
20830,-0.006322977
20831,0.015997797
20832,0.002382081
20833,0.012850701
20834,0.020101337
20835,0.015590442
20836,0.016853198
20837,-0.024263918
20838,0.000897998
20839,0.029493321
20840,-0.064698257
20841,-0.024909984
20842,0.003398253
20843,0.003536005
20844,0.014915255
20845,0.007841418
20846,0.006541375
20847,0.01630774
20848,0.005965787
20849,-0.007631053
20850,0.006019928
20851,-0.000467341
20852,0.007397618
20853,-0.002837254
20854,-0.025012601
20855,0.005260672
20856,0.022435034
20857,0.004598972
20858,-0.00311943
20859,0.023796588
20860,0.013293895
20861,0.001090346
20862,0.020717138
20863,0.001398976
20864,0.005097881
20865,0.007075477
20866,0.00742733
20867,0.000493444
20868,0.011244613
20869,0.000637347
20870,-0.011673054
20871,-0.033623829
20872,0.001034709
20873,0.011133284
20874,-0.005914784
20875,0.000513697
20876,-0.024641542
20877,0.03619479
20878,-0.002421166
20879,-0.004682153
20880,0.029240524
20881,-0.011077062
20882,-0.02068674
20883,-0.002357801
20884,0.024119997
20885,0.006595253
20886,0.003060009
20887,0.002342671
20888,-0.004990005
20889,-0.026851838
20890,-0.008307835
20891,-0.026379185
20892,0.001129263
20893,0.009640422
20894,-0.003126442
20895,-0.01237059
20896,0.005401354
20897,0.016421773
20898,-0.001717334
20899,-0.016140461
20900,-0.0329119
20901,-0.023935486
20902,0.026072118
20903,0.001405646
20904,-0.039906599
20905,-0.000276124
20906,-0.011385804
20907,-0.027867232
20908,-0.006666645
20909,0.030087827
20910,0.009452306
20911,0.011533627
20912,0.016246567
20913,0.02439215
20914,-0.004484166
20915,-0.013947846
20916,0.000490771
20917,0.006909488
20918,0.004637429
20919,0.035692994
20920,-0.004349083
20921,0.005877283
20922,-0.029220441
20923,0.02302918
20924,-6.12E-05
20925,-0.000697671
20926,-0.012760087
20927,-0.004808596
20928,-0.008381978
20929,-0.021258473
20930,-0.010402341
20931,-0.013838124
20932,0.004870799
20933,0.001125234
20934,-0.008894711
20935,-0.020850113
20936,-0.012756846
20937,-0.008846452
20938,-0.000275258
20939,-0.006260805
20940,0.010246464
20941,-0.011556888
20942,0.016014241
20943,0.018676434
20944,0.018338637
20945,0.002963752
20946,-0.013948641
20947,-0.007298972
20948,-0.005886526
20949,-0.008907282
20950,0.001022786
20951,-0.013055174
20952,0.005231927
20953,-0.00219089
20954,0.009363568
20955,-0.027980223
20956,0.016873896
20957,-0.007469101
20958,-0.007337205
20959,0.01014956
20960,-0.003681006
20961,0.003352772
20962,0.016363442
20963,-0.036314767
20964,0.00915774
20965,0.018215334
20966,0.008999114
20967,0.007653499
20968,-0.006086563
20969,-0.01248006
20970,-0.002890239
20971,0.011671226
20972,-0.047420058
20973,-0.004411455
20974,-0.009522815
20975,0.035867006
20976,-0.001883319
20977,-0.0044197
20978,0.007813504
20979,-0.022840414
20980,-0.029389799
20981,0.00671472
20982,0.019588791
20983,0.0016693
20984,-0.001864386
20985,0.022358716
20986,0.005628857
20987,0.009821048
20988,-0.017799916
20989,-0.032713875
20990,-0.035395574
20991,-0.019852208
20992,-0.007801295
20993,-0.023393365
20994,-0.007969491
20995,0.00689398
20996,0.007357854
20997,-0.021905335
20998,-0.016128918
20999,-0.043653201
21000,0.00898512
21001,-0.004632913
21002,0.034441832
21003,-0.006984049
21004,-0.012929407
21005,0.000821306
21006,-0.015216531
21007,-0.029396672
21008,-0.018075427
21009,0.001805107
21010,0.017971318
21011,0.006057069
21012,0.028530415
21013,0.014274025
21014,0.009166619
21015,-0.031289682
21016,0.005423668
21017,-0.005240299
21018,-0.001275365
21019,-0.008448233
21020,0.011297491
21021,0.003842306
21022,-0.015412956
21023,-0.005439106
21024,0.01466669
21025,0.002818349
21026,-0.009847515
21027,-0.000531059
21028,0.047015287
21029,-0.004347248
21030,0.007701122
21031,0.012798142
21032,0.010531591
21033,0.007171057
21034,0.003252266
21035,0.009539533
21036,-0.010101799
21037,-0.021253755
21038,0.081607707
21039,0.0190446
21040,-0.003048868
21041,0.002001148
21042,-0.005233862
21043,0.027514365
21044,0.017718567
21045,0.004488552
21046,5.58E-05
21047,0.005008099
21048,-0.021308552
21049,-0.008440119
21050,0.007555413
21051,0.054648191
21052,0.01175978
21053,-0.011738453
21054,-0.016374152
21055,0.00077385
21056,0.007757177
21057,0.001644681
21058,0.000439742
21059,-0.013567122
21060,0.012983531
21061,0.010167771
21062,-0.045913558
21063,0.002685343
21064,-0.002795891
21065,-0.032781206
21066,-0.005738865
21067,-0.00397035
21068,-0.00320174
21069,-0.002232899
21070,-0.005666853
21071,-0.002066841
21072,-0.01300974
21073,-0.002696205
21074,-0.001986037
21075,-0.011327012
21076,0.005707356
21077,0.018731382
21078,-0.014581055
21079,-0.015754379
21080,0.00317585
21081,-0.01128535
21082,-0.017167507
21083,-0.01441333
21084,0.001451665
21085,0.009760481
21086,0.032979317
21087,0.007284376
21088,0.011337297
21089,0.019387968
21090,0.005601331
21091,0.020600712
21092,-0.033468593
21093,-0.009533942
21094,0.001777574
21095,-0.026575781
21096,0.010027475
21097,-0.005775424
21098,-0.007873514
21099,-0.00542835
21100,-0.009241631
21101,-0.014686223
21102,0.014721912
21103,0.027691862
21104,0.007886418
21105,0.000126935
21106,-0.000609354
21107,-0.018154662
21108,-0.002948717
21109,0.014903043
21110,0.027339607
21111,-0.009576227
21112,0.008160081
21113,0.040581282
21114,-0.012907543
21115,-0.031410784
21116,-0.027771831
21117,0.010841941
21118,0.004079
21119,-0.015588937
21120,-0.013613569
21121,0.000829675
21122,0.00430852
21123,0.01187573
21124,0.011380784
21125,0.022961641
21126,-0.00463607
21127,0.005010899
21128,0.013213212
21129,0.004490149
21130,-0.012906567
21131,0.009094488
21132,0.004073357
21133,-0.006568502
21134,-0.000950347
21135,-0.002454977
21136,0.006918487
21137,0.014181401
21138,-0.002788157
21139,0.004453583
21140,0.004687861
21141,0.018891931
21142,0.004112459
21143,0.017583037
21144,0.010759974
21145,-0.014618373
21146,0.007951405
21147,0.030520866
21148,-0.019773111
21149,0.004369896
21150,0.000864144
21151,-0.001430547
21152,-0.021198293
21153,-0.016743192
21154,-0.007213877
21155,-0.025399026
21156,0.055568933
21157,0.015149978
21158,-0.001341311
21159,-0.01006114
21160,-0.017980807
21161,-0.01605596
21162,0.026423737
21163,0.020318704
21164,0.027143126
21165,0.004163118
21166,-0.016566506
21167,-0.016032321
21168,-0.012861872
21169,-0.002440328
21170,0.010655226
21171,0.021030612
21172,0.008249968
21173,0.006111667
21174,-0.018118054
21175,0.005690214
21176,0.029418331
21177,-0.018068582
21178,0.013028272
21179,0.005692885
21180,-0.002381741
21181,-0.00364043
21182,0.00047693
21183,-0.006270482
21184,0.001822512
21185,-0.003197718
21186,-0.006409366
21187,0.001133798
21188,0.012707656
21189,-0.013191538
21190,-0.023224723
21191,0.011348755
21192,-0.013960428
21193,-0.007508391
21194,-0.015887816
21195,-0.040270153
21196,-0.016283983
21197,-0.014333363
21198,0.00414146
21199,0.026277531
21200,0.017100558
21201,-0.01559557
21202,-0.007406197
21203,0.005834159
21204,-0.007474041
21205,-0.007120205
21206,0.005928032
21207,0.013398009
21208,-0.019828817
21209,0.042621039
21210,0.009099213
21211,0.008422899
21212,-0.011635336
21213,-0.010670483
21214,-0.00759341
21215,-0.004774244
21216,-0.001141023
21217,8.91E-05
21218,0.000236997
21219,0.018790852
21220,0.013079804
21221,0.025033824
21222,-0.002331587
21223,0.007381199
21224,0.017219419
21225,-0.008368728
21226,-0.01564048
21227,-0.005061253
21228,-0.007271143
21229,-0.007623373
21230,-0.006049481
21231,-0.0118867
21232,-0.012098844
21233,-0.006073199
21234,-0.012649681
21235,0.000179867
21236,0.012913835
21237,-0.004806526
21238,-0.010497177
21239,-0.006662882
21240,0.001627334
21241,0.003150024
21242,-0.009289905
21243,-0.0072555
21244,0.01002206
21245,0.006529905
21246,-0.00617952
21247,0.005689949
21248,0.018399693
21249,0.025448084
21250,-0.024300942
21251,-0.008524381
21252,-0.005871682
21253,0.020510346
21254,0.017734114
21255,-0.006461365
21256,-0.014708131
21257,-0.011394463
21258,0.001810082
21259,-0.006856588
21260,0.004016988
21261,-0.003075495
21262,-0.019161157
21263,-0.019963291
21264,0.033379726
21265,0.026029509
21266,-0.009231569
21267,0.004781002
21268,-0.002995997
21269,-0.011244521
21270,-0.013554581
21271,-0.005488621
21272,0.013182743
21273,0.004201991
21274,
21275,
21276,0.011818097
21277,0.002342042
21278,-0.007798219
21279,-0.014288193
21280,-0.018363738
21281,0.006044574
21282,-0.004947078
21283,-0.012026357
21284,-0.002244084
21285,0.017588062
21286,-0.017026484
21287,0.009882654
21288,0.009146976
21289,0.023815379
21290,0.017286137
21291,0.004576315
21292,-0.010169744
21293,0.003557153
21294,-0.002359472
21295,0.013326144
21296,-0.03436967
21297,-0.012398356
21298,0.013985735
21299,0.001224239
21300,0.00501582
21301,-0.010278787
21302,-0.003625725
21303,0.012548025
21304,0.007703207
21305,0.019158011
21306,-0.006594876
21307,-0.0028544
21308,-0.01228518
21309,-0.001216349
21310,0.029957565
21311,0.016130406
21312,-0.019695871
21313,0.006320749
21314,-0.009017828
21315,0.031876355
21316,-0.017850365
21317,-0.006208719
21318,0.012953638
21319,0.029990204
21320,0.00997276
21321,-0.004590183
21322,0.019077344
21323,-0.040180046
21324,0.004270397
21325,0.001581373
21326,-0.018103607
21327,-0.007475577
21328,0.00084449
21329,0.023945173
21330,0.007949855
21331,-0.022164742
21332,0.001156597
21333,0.026604876
21334,0.018448832
21335,0.01833063
21336,-0.009513022
21337,0.00305528
21338,-0.008257337
21339,-0.030696465
21340,-0.013034032
21341,0.015264406
21342,0.023880966
21343,-0.00187304
21344,0.003558732
21345,-0.005599726
21346,-0.025694732
21347,-0.036925562
21348,-3.96E-05
21349,-0.017824596
21350,0.014210097
21351,0.014769703
21352,-0.014550445
21353,-0.016076632
21354,0.033298057
21355,0.009390748
21356,0.020121668
21357,0.009400841
21358,-0.007711039
21359,-0.010634349
21360,-0.018228102
21361,0.004287393
21362,0.023111599
21363,0.015744979
21364,-0.014678204
21365,-0.003734475
21366,0.006223746
21367,0.021567199
21368,-0.000850232
21369,-0.004069388
21370,0.021038877
21371,0.000981433
21372,-0.001441531
21373,-0.015107658
21374,-0.011128921
21375,2.75E-05
21376,0.007760218
21377,-0.011129107
21378,0.002731445
21379,-0.02570766
21380,0.001343259
21381,0.004019305
21382,-0.001614544
21383,0.023552103
21384,-0.006103553
21385,0.00511704
21386,-0.010049483
21387,-0.001558239
21388,0.014712019
21389,-0.011745477
21390,-0.009475633
21391,0.005152772
21392,-0.000335895
21393,0.00551161
21394,-0.036272742
21395,-0.00765537
21396,0.000456808
21397,-0.000462253
21398,-0.002714362
21399,-0.034731925
21400,-0.02054031
21401,0.003894936
21402,0.002463933
21403,0.010575503
21404,-0.03794124
21405,-0.024024164
21406,0.006003369
21407,0.009163279
21408,0.001513279
21409,-0.029268907
21410,-0.00553538
21411,-0.02100168
21412,-0.005399883
21413,-0.003140297
21414,0.027304411
21415,0.001523857
21416,-0.004069657
21417,-0.002112948
21418,-0.000598626
21419,-0.001795245
21420,-0.022554219
21421,0.010062899
21422,0.024885504
21423,0.015706588
21424,0.01371913
21425,0.016734308
21426,-0.004787847
21427,0.049889997
21428,0.018257113
21429,-0.005742607
21430,-0.018593967
21431,-0.015331526
21432,-0.005897232
21433,-0.029131526
21434,0.021620596
21435,0.017214624
21436,0.01197849
21437,0.003417799
21438,0.010644115
21439,0.019207189
21440,0.001589821
21441,0.003568947
21442,0.011929887
21443,0.058707677
21444,0.035127141
21445,-0.016207933
21446,0.000638021
21447,-0.014135185
21448,-0.00469237
21449,-0.014502921
21450,-0.002154906
21451,0.018788513
21452,-0.042409725
21453,0.000903017
21454,0.004671576
21455,0.025920931
21456,-0.005778341
21457,-0.002055626
21458,0.019324057
21459,-0.012477992
21460,0.011353068
21461,0.024974212
21462,-0.026166402
21463,0.006035684
21464,0.017217694
21465,0.004606145
21466,0.009839968
21467,-0.035875309
21468,-0.024592305
21469,0.004228836
21470,0.021022892
21471,0.036827322
21472,-0.005836702
21473,0.019557402
21474,-0.000444277
21475,0.009280934
21476,-0.002049529
21477,-0.008815031
21478,8.72E-05
21479,-0.024018046
21480,-0.018848721
21481,-0.002075207
21482,-0.003309051
21483,-0.003034981
21484,0.023786616
21485,0.004259151
21486,-0.012366016
21487,-0.008969674
21488,-0.00150755
21489,-0.00199718
21490,-0.015841281
21491,0.037720963
21492,-0.011508441
21493,-0.039971091
21494,-0.005084998
21495,0.000403884
21496,-0.020646155
21497,-0.015457131
21498,0.001853866
21499,0.027872588
21500,-0.029578164
21501,0.003985621
21502,0.016553342
21503,-0.01265078
21504,-0.00441174
21505,-0.004802095
21506,-0.012948602
21507,-0.035461765
21508,0.022513565
21509,-0.0160073
21510,-0.009726021
21511,0.005604429
21512,0.032744747
21513,0.00672908
21514,-0.009747908
21515,-0.008801946
21516,0.013320259
21517,-0.011879333
21518,-0.01394822
21519,0.010670335
21520,0.018263938
21521,0.001021445
21522,0.015721146
21523,-0.002256902
21524,-0.007945103
21525,0.000982726
21526,-0.00268606
21527,-0.015672004
21528,-0.006602833
21529,0.013439067
21530,-0.031791426
21531,-0.005576785
21532,0.042169359
21533,0.018571524
21534,-0.008667406
21535,-0.004641749
21536,0.009355622
21537,-0.000586315
21538,0.004660326
21539,0.003607744
21540,-0.017659204
21541,-0.03141031
21542,0.003475813
21543,0.005431916
21544,-0.002306905
21545,-0.012996045
21546,-0.013043523
21547,-0.008917525
21548,-0.008585871
21549,-0.021976912
21550,0.039018977
21551,0.005863599
21552,-0.008547063
21553,0.012686954
21554,0.000283043
21555,0.007118502
21556,-0.014744881
21557,0.003388237
21558,0.005462631
21559,-0.01266048
21560,-0.010682939
21561,-0.009020239
21562,-0.030350907
21563,-0.003399865
21564,0.010230463
21565,0.026246008
21566,-0.005495649
21567,-0.011761065
21568,-0.027205106
21569,0.00165462
21570,-0.017535103
21571,0.014571617
21572,0.013680909
21573,0.014711905
21574,0.006699243
21575,-0.002372839
21576,0.005794772
21577,0.006251238
21578,-0.01513065
21579,-0.024182469
21580,0.011490257
21581,-0.005205323
21582,0.015754532
21583,-0.005438311
21584,-0.023870224
21585,-0.015295452
21586,-0.01865091
21587,-0.007401218
21588,-0.016519055
21589,0.007498887
21590,0.029750846
21591,0.014580146
21592,-0.01402142
21593,-0.001258354
21594,0.006983293
21595,0.063059591
21596,0.003694346
21597,0.014649595
21598,0.036603808
21599,0.006014334
21600,-0.002602839
21601,0.00687344
21602,0.004404821
21603,-0.002965373
21604,-0.015157292
21605,0.029506188
21606,0.002281506
21607,0.003133767
21608,0.002823408
21609,0.011743803
21610,0.009551792
21611,0.000600053
21612,0.000208665
21613,0.004172765
21614,-0.002755293
21615,-0.017518792
21616,-0.004002564
21617,-0.009750484
21618,0.00166244
21619,0.000162467
21620,0.004614282
21621,-0.007857403
21622,0.003157263
21623,-0.003435025
21624,-0.024994247
21625,-0.008351015
21626,-0.00516085
21627,0.03511443
21628,0.004916952
21629,0.012636059
21630,-0.018434433
21631,0.036214989
21632,0.001256092
21633,0.006090135
21634,-0.001968649
21635,0.020792628
21636,0.004144302
21637,-0.011458658
21638,-0.020475684
21639,0.003310916
21640,-0.011946816
21641,0.013377901
21642,0.026776431
21643,0.013788715
21644,0.027117219
21645,0.012803445
21646,0.020790691
21647,-0.008840597
21648,-0.008199166
21649,-0.004094081
21650,0.007771714
21651,0.001476536
21652,0.002214012
21653,0.016303208
21654,0.014266878
21655,0.010769091
21656,-0.026847161
21657,-0.003120058
21658,0.007974755
21659,-0.010664264
21660,-0.002784181
21661,0.003765866
21662,0.014189141
21663,-0.001185947
21664,-0.004872355
21665,-0.001006459
21666,-0.003342193
21667,-0.024598032
21668,0.002323331
21669,0.019826319
21670,-0.028713049
21671,-0.021429669
21672,0.021611886
21673,0.005397452
21674,0.029528324
21675,-0.007765301
21676,-0.012541494
21677,-0.003570746
21678,0.003359485
21679,0.016832614
21680,0.045128841
21681,0.014342437
21682,0.007521869
21683,0.017122811
21684,0.013949816
21685,0.009900286
21686,0.003479167
21687,0.003607562
21688,-0.005750732
21689,0.027525397
21690,0.05929542
21691,-0.038894959
21692,-0.018043445
21693,0.006437413
21694,-0.003922813
21695,-0.000246474
21696,-0.030324098
21697,0.016941069
21698,-0.002566197
21699,-0.02198259
21700,-0.009394892
21701,0.024610914
21702,0.034192868
21703,-0.004053552
21704,0.001385654
21705,-0.013196034
21706,-0.019128652
21707,0.001633491
21708,0.005856552
21709,-0.004094084
21710,0.000869986
21711,0.005774854
21712,-0.020145686
21713,0.013078367
21714,0.02242271
21715,0.022762379
21716,0.017579645
21717,-0.048551634
21718,-0.00906719
21719,0.008352702
21720,-0.015164066
21721,0.013732268
21722,0.02399301
21723,0.022013782
21724,0.016384717
21725,-0.002955702
21726,-0.006575667
21727,-0.056945622
21728,0.010992346
21729,-0.011382183
21730,-0.011617807
21731,-0.001480464
21732,0.009552859
21733,0.009662577
21734,0.012168654
21735,-0.009820676
21736,-0.005392918
21737,-0.015923025
21738,0.007560069
21739,-0.012645694
21740,0.024419107
21741,0.016752506
21742,0.003397337
21743,-0.030485915
21744,-0.019069575
21745,0.041279905
21746,0.025433807
21747,-0.038920317
21748,-0.015624595
21749,-0.012888784
21750,-0.005721371
21751,-0.04228108
21752,0.007443182
21753,0.002532074
21754,0.000746378
21755,0.005312927
21756,0.002301613
21757,0.012819653
21758,0.010515243
21759,0.045020208
21760,0.007325267
21761,0.020705799
21762,-0.007678365
21763,-0.051504441
21764,0.008818764
21765,0.047162548
21766,0.010640595
21767,-0.008512662
21768,-0.020927081
21769,-0.031531777
21770,-0.006961797
21771,-0.002034164
21772,-0.005281247
21773,-0.009212282
21774,-0.041268095
21775,0.01155973
21776,0.026716266
21777,0.011308352
21778,-0.020419542
21779,0.039961178
21780,-0.02732845
21781,-0.001832068
21782,-0.014412015
21783,0.003598819
21784,0.011498062
21785,0.020249968
21786,0.00015018
21787,-0.015249309
21788,-0.005195213
21789,0.007580076
21790,0.009003299
21791,0.002319112
21792,-0.00386071
21793,0.009142412
21794,0.010618796
21795,0.009564945
21796,0.002642161
21797,-0.019358514
21798,-0.019272653
21799,0.035208233
21800,0.043074243
21801,-0.018350219
21802,0.009563039
21803,-0.024708163
21804,0.020341629
21805,-0.004383066
21806,0.00406195
21807,0.022298818
21808,-0.00538497
21809,-0.003772469
21810,-0.014577795
21811,0.007190523
21812,-0.002594042
21813,-0.023361741
21814,0.008026793
21815,0.022399984
21816,-0.003438345
21817,0.001883252
21818,0.046808392
21819,-0.005873983
21820,-0.013073359
21821,-0.029405855
21822,0.023510953
21823,0.047528174
21824,-0.008148004
21825,-0.027437482
21826,0.001960283
21827,0.007483696
21828,-0.000357564
21829,-0.001553743
21830,0.022842374
21831,0.008020318
21832,-0.025530379
21833,0.010365201
21834,0.003014516
21835,0.005122237
21836,-0.001573357
21837,-0.007056715
21838,-0.02185348
21839,-0.020638458
21840,-0.005024258
21841,0.01316747
21842,-0.018426415
21843,-0.007290965
21844,-0.012656864
21845,-0.014226444
21846,-0.036304701
21847,-0.004353652
21848,-0.013090922
21849,-0.015181422
21850,0.011331825
21851,0.007787028
21852,-0.012344183
21853,-0.021776943
21854,0.007194944
21855,0.030957485
21856,-0.007454352
21857,-0.014841349
21858,-0.00188055
21859,-0.057428349
21860,0.021276074
21861,0.020047482
21862,-0.007558122
21863,-0.024422558
21864,0.004994772
21865,0.021082802
21866,0.026708379
21867,-0.032830734
21868,0.006221052
21869,-0.020702742
21870,0.000456992
21871,0.044942144
21872,0.013797709
21873,8.17E-05
21874,-0.008367006
21875,-0.031268865
21876,-0.020938516
21877,0.006781211
21878,-0.007947947
21879,0.001627258
21880,-0.021923477
21881,-0.005973923
21882,0.002809615
21883,-0.003203092
21884,0.003327971
21885,0.016437897
21886,-0.000420734
21887,-0.007525917
21888,0.001355872
21889,-0.002320742
21890,-0.006993399
21891,0.00041559
21892,0.000845587
21893,0.01394051
21894,0.019931283
21895,0.015496565
21896,-0.016594294
21897,0.004791297
21898,0.011694456
21899,0.000572207
21900,-0.06632974
21901,-0.023226999
21902,0.011140116
21903,0.041450147
21904,-0.008203054
21905,-0.009171426
21906,-0.012041345
21907,-0.026375167
21908,-0.015139794
21909,0.030029042
21910,0.013991555
21911,-0.034822769
21912,-0.004507221
21913,-0.023344979
21914,-0.003229385
21915,-0.021158846
21916,-0.003052788
21917,-0.016085362
21918,0.002354898
21919,0.019091558
21920,0.014960847
21921,0.015169255
21922,0.005317228
21923,-0.000226614
21924,0.007335504
21925,-0.00941156
21926,0.002268083
21927,-0.012774797
21928,0.005818028
21929,-0.00242614
21930,0.021960381
21931,0.000931469
21932,0.011541984
21933,-0.00736841
21934,0.007195038
21935,0.025799341
21936,-0.011624279
21937,0.015670229
21938,-0.000436284
21939,0.000717774
21940,-0.000842515
21941,-0.003842948
21942,0.003096651
21943,-0.015237018
21944,0.001712698
21945,0.024349838
21946,0.009444249
21947,0.03360077
21948,-0.003630727
21949,-0.050075136
21950,-0.020592552
21951,-0.021693025
21952,-0.035778832
21953,-0.009110379
21954,0.025459623
21955,-0.020676676
21956,-0.015227454
21957,-0.008150832
21958,-0.00278854
21959,-0.026311932
21960,-0.02018629
21961,-0.010036694
21962,0.013842919
21963,0.009748103
21964,0.004422011
21965,-0.02318408
21966,1.82E-05
21967,-0.000159528
21968,0.021095529
21969,0.013141955
21970,0.026028411
21971,0.011709695
21972,-0.012695274
21973,-0.006503784
21974,0.016681155
21975,0.038332824
21976,-0.004592819
21977,-0.007407843
21978,-0.005686578
21979,0.002375627
21980,0.002741954
21981,-0.012859122
21982,0.007833366
21983,-0.007788121
21984,-0.006915648
21985,0.019618569
21986,0.012779235
21987,0.01155953
21988,-0.001558975
21989,-0.049651455
21990,-0.012303033
21991,0.013872937
21992,0.012608782
21993,0.001620189
21994,0.013998086
21995,-0.006728246
21996,-0.025405601
21997,0.010325833
21998,-0.02528182
21999,0.016998202
22000,-0.003734247
22001,0.020586153
22002,-0.031987291
22003,-0.004414219
22004,-0.002348283
22005,-0.015536028
22006,0.003597447
22007,-0.026219035
22008,0.000374988
22009,0.011230907
22010,-0.001660081
22011,0.005505829
22012,0.016323881
22013,0.029274631
22014,-0.0058595
22015,-0.0438786
22016,0.006136132
22017,0.000238303
22018,0.028006125
22019,0.004956852
22020,0.000999136
22021,0.030556384
22022,-0.003077839
22023,-0.013118434
22024,0.013861442
22025,0.017027089
22026,-0.005751423
22027,0.008560729
22028,0.009028042
22029,0.011339035
22030,-0.019305868
22031,-0.020073967
22032,0.01009241
22033,0.004811732
22034,-0.016996196
22035,-0.010571609
22036,0.006707636
22037,0.016914571
22038,0.008485086
22039,0.002807206
22040,-0.026545918
22041,0.016317958
22042,0.010762475
22043,0.00757757
22044,0.003061877
22045,0.007535161
22046,-0.00317105
22047,0.002573091
22048,-0.016156942
22049,-0.012414637
22050,0.006023847
22051,0.051467799
22052,0.005604745
22053,-0.000229348
22054,0.011232702
22055,0.005213922
22056,0.037212219
22057,-0.017870078
22058,0.021654734
22059,0.002782144
22060,-0.011949096
22061,0.000410821
22062,0.018433521
22063,0.007084149
22064,0.00081196
22065,-0.004992469
22066,0.023211464
22067,-0.010444084
22068,-0.019232698
22069,0.002715008
22070,-0.008013653
22071,-0.00373995
22072,-0.023790753
22073,-0.009129982
22074,0.011815919
22075,-0.013845984
22076,0.011386616
22077,-0.016840683
22078,0.00062733
22079,0.002002737
22080,0.009460083
22081,-0.004750777
22082,-0.007725291
22083,0.020902468
22084,-0.008984938
22085,-0.018179957
22086,-0.012906178
22087,-0.008771993
22088,-0.024524862
22089,0.013793239
22090,0.004214911
22091,0.005135842
22092,-0.005424445
22093,-0.004987974
22094,0.012095059
22095,0.014839063
22096,0.007152255
22097,-0.006710527
22098,0.00590809
22099,0.012431575
22100,0.0194891
22101,0.013433213
22102,-0.030256514
22103,0.014801552
22104,-0.001318045
22105,-0.019800421
22106,-0.003278898
22107,-0.011075165
22108,-0.019080503
22109,0.005172115
22110,0.019242434
22111,0.001671916
22112,-0.033630844
22113,0.025895707
22114,-0.032905009
22115,-0.011634902
22116,-0.005829456
22117,0.023323929
22118,-0.017315034
22119,-0.006859809
22120,0.001660271
22121,0.016477611
22122,-0.002549083
22123,-0.001968848
22124,0.015358935
22125,0.005362873
22126,0.017210666
22127,0.031522945
22128,0.003685779
22129,0.024133572
22130,0.018976148
22131,0.014940046
22132,-0.025308678
22133,-0.051087406
22134,-0.0072456
22135,-0.008813513
22136,-0.014662994
22137,0.011482886
22138,0.016422423
22139,-0.018684398
22140,0.001772559
22141,0.004436835
22142,-0.019043198
22143,0.02090266
22144,-0.006021785
22145,0.004111606
22146,-0.008359509
22147,0.004680017
22148,-0.003683144
22149,0.00272304
22150,0.002197006
22151,-0.020901913
22152,-0.006870113
22153,-0.004863963
22154,-0.009097233
22155,-0.016316682
22156,0.029870119
22157,-0.002178348
22158,-0.004202439
22159,-0.001618895
22160,0.022224315
22161,0.001802027
22162,0.000599388
22163,-0.017694017
22164,-0.014901563
22165,-0.008626842
22166,0.001628609
22167,-0.027589627
22168,-0.006472229
22169,0.018714922
22170,-0.024138261
22171,-0.017178211
22172,0.008528306
22173,0.009998756
22174,0.001346727
22175,0.005820322
22176,0.006601098
22177,0.029861873
22178,0.100734666
22179,-0.019073151
22180,-0.029026819
22181,-0.004790915
22182,0.014390457
22183,-0.016636653
22184,0.012610286
22185,0.01736261
22186,-0.004280847
22187,0.010948805
22188,-0.006533609
22189,0.018629001
22190,-0.011250951
22191,0.00263356
22192,-0.006768716
22193,0.016802
22194,-0.005605275
22195,0.00222627
22196,0.018248819
22197,0.015720392
22198,-0.015936567
22199,0.021433713
22200,-0.020040834
22201,-0.001136456
22202,-0.004888675
22203,-0.009159531
22204,-0.004702523
22205,0.005884348
22206,-0.012112558
22207,-0.01345504
22208,-0.007543279
22209,-0.006465487
22210,0.030507922
22211,-0.000692408
22212,-0.062934406
22213,0.015702941
22214,-0.0015072
22215,-0.021739762
22216,-0.027445899
22217,-0.040221669
22218,0.005224672
22219,0.017514443
22220,-0.000666692
22221,-0.009776789
22222,-0.001103833
22223,-0.00625196
22224,-0.00441491
22225,0.00715249
22226,0.000306229
22227,0.000390758
22228,-0.022497093
22229,-0.010733292
22230,-0.023327816
22231,-0.008186592
22232,0.003092216
22233,-0.009763406
22234,-0.016223762
22235,-0.002500342
22236,0.015967069
22237,0.010367485
22238,0.015687492
22239,0.004676656
22240,-0.020607775
22241,0.030814404
22242,0.019180989
22243,0.032291312
22244,-0.02403591
22245,-0.010965548
22246,0.037567794
22247,0.012398878
22248,0.011819862
22249,0.02321554
22250,-0.033902753
22251,-0.012985148
22252,0.007293135
22253,0.012596622
22254,0.016013524
22255,-0.003624613
22256,0.010241137
22257,0.000201185
22258,-0.001353798
22259,-0.009636554
22260,-0.004679693
22261,-0.01333118
22262,-0.007148212
22263,-0.002754189
22264,0.028853461
22265,-0.000725015
22266,-0.018877383
22267,-0.071842499
22268,0.007566428
22269,0.03954345
22270,-0.015896296
22271,-0.020059731
22272,-0.00920755
22273,-0.031925149
22274,-0.006271038
22275,-0.001183403
22276,0.030044256
22277,0.006868364
22278,-0.013337789
22279,0.000302062
22280,-0.001928577
22281,-0.001251037
22282,-0.005691905
22283,0.008305087
22284,0.018208399
22285,-0.035848565
22286,0.003905622
22287,0.025097035
22288,-0.061052881
22289,-0.008603314
22290,0.019323971
22291,0.000225874
22292,-0.009243737
22293,-0.008402979
22294,-0.006825747
22295,0.00034977
22296,-0.006612961
22297,0.02466381
22298,-0.022459788
22299,-0.00550409
22300,0.018840665
22301,0.016378159
22302,-0.011051304
22303,0.011221582
22304,0.013141577
22305,-0.005694297
22306,-0.006504032
22307,-0.003746191
22308,0.036306702
22309,-0.006795366
22310,0.002690051
22311,0.020054536
22312,-0.006194474
22313,0.032180052
22314,-0.034300055
22315,-0.006426018
22316,0.0165627
22317,0.008426411
22318,-0.01606361
22319,-0.000356653
22320,0.009356344
22321,-0.000191323
22322,-0.015550925
22323,0.016997498
22324,0.021040298
22325,0.001815859
22326,-0.009582546
22327,0.001494177
22328,0.001823912
22329,-0.020022504
22330,0.001922787
22331,0.023216663
22332,0.013156122
22333,0.011153441
22334,0.003766334
22335,0.004471037
22336,0.017329331
22337,0.005597226
22338,0.024735417
22339,0.00507004
22340,0.009985841
22341,-0.010750094
22342,-0.012892005
22343,-0.011317625
22344,-0.007001307
22345,-0.024910402
22346,-0.004844167
22347,-0.002340585
22348,-0.008237775
22349,-0.028941492
22350,-0.001319326
22351,-0.01111916
22352,-0.009940734
22353,0.006914898
22354,0.001932315
22355,-0.021216424
22356,-0.040885504
22357,0.017656587
22358,0.012215588
22359,-0.020748936
22360,-0.052315317
22361,-0.011909734
22362,-0.014327197
22363,-0.019059855
22364,0.001233136
22365,-0.009107943
22366,-0.014069525
22367,0.022681342
22368,0.006167078
22369,-0.008427177
22370,-0.015561916
22371,-0.007944051
22372,0.00325016
22373,0.017415896
22374,0.019264072
22375,-0.000948344
22376,-0.001328739
22377,-0.06773445
22378,-0.003942583
22379,0.009411443
22380,0.024773603
22381,0.016972702
22382,-0.024889106
22383,-0.039745137
22384,-0.008957813
22385,-0.00904476
22386,-0.005840151
22387,-0.017337171
22388,0.015975781
22389,0.031586293
22390,0.019821374
22391,-0.024212342
22392,-0.005844766
22393,-0.016080083
22394,0.003077484
22395,-0.003278745
22396,-0.027875923
22397,-0.001767601
22398,-0.00353544
22399,-0.009023327
22400,0.025826724
22401,-0.010932005
22402,0.006396377
22403,0.021718448
22404,0.025717551
22405,-0.009496763
22406,0.010968923
22407,-0.002905917
22408,-0.065219365
22409,-0.011580371
22410,0.006174109
22411,-0.005943409
22412,0.001077108
22413,0.017773308
22414,-0.007224106
22415,-0.027928835
22416,0.034424648
22417,-0.004560966
22418,0.019697241
22419,0.013250366
22420,-0.018458687
22421,0.003318787
22422,0.008585308
22423,0.008255727
22424,-0.008222013
22425,0.012749607
22426,-0.012049055
22427,0.001947043
22428,0.008119353
22429,0.005781187
22430,-0.01409124
22431,0.00742564
22432,-0.000749022
22433,-0.012904966
22434,-0.010356333
22435,0.003746516
22436,0.006950765
22437,0.011998659
22438,-0.003991919
22439,0.025360851
22440,0.002213646
22441,0.020300297
22442,0.007125855
22443,-0.005612154
22444,-0.020401653
22445,-0.006177096
22446,0.039183114
22447,-0.008114041
22448,-0.002649374
22449,0.04345312
22450,-0.011715339
22451,-0.014611783
22452,-0.007595707
22453,0.012973689
22454,0.041287199
22455,-0.008026013
22456,-0.036869939
22457,-0.007047223
22458,0.013176483
22459,-0.004174864
22460,-0.004312966
22461,0.014268053
22462,-0.007649791
22463,-0.015768886
22464,-0.015966544
22465,-0.020527756
22466,-0.008255204
22467,0.003109219
22468,-0.013156103
22469,0.000916707
22470,-0.017174633
22471,-0.017050982
22472,0.016391767
22473,-0.029734088
22474,-0.002220197
22475,-0.003330555
22476,-0.026816785
22477,-0.01687165
22478,0.001741091
22479,-0.011906742
22480,0.006646001
22481,0.010137135
22482,0.019505315
22483,0.003050646
22484,-0.01227771
22485,0.020159278
22486,0.006943638
22487,-0.027036726
22488,-0.007631988
22489,0.014527143
22490,-0.00478424
22491,0.010194101
22492,-0.007654286
22493,-0.012267916
22494,0.006142805
22495,-0.009301272
22496,-0.034665339
22497,-0.007147389
22498,0.007314759
22499,0.027497869
22500,-0.005923602
22501,-0.001512894
22502,-0.02389452
22503,-0.00973265
22504,-0.012001662
22505,-0.006317052
22506,0.00784397
22507,0.004297256
22508,-0.001253718
22509,0.006529978
22510,-0.001686364
22511,-0.021412434
22512,-0.004719311
22513,-0.010489885
22514,0.017295782
22515,-0.01001712
22516,0.00575102
22517,0.010795412
22518,-0.009659632
22519,0.007569465
22520,0.022457711
22521,0.013353272
22522,-0.017841389
22523,0.001283114
22524,0.003379565
22525,-0.008109411
22526,
22527,
22528,-0.004457553
22529,0.010357111
22530,0.002947833
22531,0.002763074
22532,0.015078845
22533,0.011653426
22534,-0.009448018
22535,0.000176445
22536,-0.0089419
22537,-0.016918303
22538,-0.023627859
22539,0.012476754
22540,-0.008472286
22541,-0.011168209
22542,-0.007730754
22543,0.013163727
22544,-0.002376083
22545,0.004146576
22546,0.018230027
22547,-0.000562495
22548,0.015801726
22549,-0.002725194
22550,0.000441287
22551,-0.003399757
22552,-0.01989066
22553,0.019473167
22554,-0.019741273
22555,0.006266487
22556,0.010522284
22557,0.002691708
22558,-0.022345807
22559,-0.01448907
22560,-0.015065435
22561,-0.000925535
22562,0.001774604
22563,-0.002876154
22564,-0.035362497
22565,0.01951476
22566,-0.000798968
22567,-0.008759444
22568,0.017247476
22569,0.00285015
22570,-0.018599398
22571,-0.000471196
22572,0.010927108
22573,0.006504646
22574,-0.007661806
22575,-0.028048627
22576,0.032633495
22577,0.015232124
22578,-0.022317678
22579,-0.010755394
22580,0.005227117
22581,-0.004158719
22582,0.038661312
22583,-0.003719241
22584,-0.012479408
22585,-0.009910286
22586,0.00922555
22587,0.019463025
22588,-0.008125734
22589,-0.016907493
22590,-0.009693598
22591,0.003628425
22592,-0.003276456
22593,-0.003895752
22594,-0.022542002
22595,-0.007584082
22596,0.007506006
22597,-0.016613001
22598,0.000621006
22599,-0.010886536
22600,0.011736018
22601,0.015831055
22602,0.004140997
22603,0.004818726
22604,-0.010675661
22605,0.001779182
22606,0.005828844
22607,0.02004033
22608,0.033082064
22609,-0.000797647
22610,-0.003578024
22611,-0.019436192
22612,-0.000733303
22613,-0.020438088
22614,0.011130518
22615,0.018519245
22616,-0.024922248
22617,-0.026625704
22618,-0.009132413
22619,0.015719501
22620,0.005458668
22621,0.004547363
22622,-0.003028048
22623,-0.00315458
22624,-0.00011586
22625,0.004426429
22626,0.00585627
22627,-0.017971836
22628,0.01604923
22629,0.014132384
22630,0.009635567
22631,0.028584318
22632,-0.004293721
22633,-0.011867942
22634,-0.035934787
22635,-0.018976511
22636,-0.006920856
22637,-0.008880501
22638,0.011199223
22639,-0.003272444
22640,-0.040259622
22641,-0.015330225
22642,0.022018626
22643,0.00950689
22644,0.003111066
22645,-0.013895145
22646,0.00468801
22647,0.003314673
22648,0.003758425
22649,-0.004639857
22650,-0.005742734
22651,-0.007009213
22652,-0.018150467
22653,-0.012718003
22654,0.005519176
22655,-0.011552971
22656,-0.000415971
22657,0.018391281
22658,0.021570014
22659,-0.008130873
22660,0.025164105
22661,-0.002663556
22662,-0.017334228
22663,-0.028820075
22664,0.013594587
22665,0.000543663
22666,-0.005386969
22667,-0.002838333
22668,0.003295832
22669,0.005581591
22670,-0.012461869
22671,-0.000889027
22672,0.01099734
22673,-0.007142123
22674,-0.016941627
22675,-0.004209258
22676,0.014754671
22677,-0.002830416
22678,0.000602234
22679,0.003775377
22680,0.017284658
22681,0.000414863
22682,-0.009090248
22683,-0.020344866
22684,-0.00286926
22685,0.017801773
22686,0.008320191
22687,0.009041265
22688,-0.005788143
22689,1.51E-05
22690,0.010833176
22691,-0.017623954
22692,-0.014032957
22693,0.020380829
22694,0.010306334
22695,-0.00042458
22696,0.012492346
22697,-0.000556946
22698,0.021068309
22699,-0.031351838
22700,-0.016241416
22701,-0.014066056
22702,0.011356557
22703,-0.021920573
22704,-0.009895687
22705,-0.017961763
22706,-0.004948567
22707,0.023616442
22708,0.006295715
22709,0.00825773
22710,-0.001572696
22711,0.012801721
22712,0.017540313
22713,-0.008360356
22714,0.016140813
22715,0.005713204
22716,0.005722563
22717,-0.016698351
22718,0.007081178
22719,0.01237364
22720,-0.010097046
22721,-0.00614392
22722,0.012206995
22723,0.052139189
22724,-0.015268109
22725,0.003326516
22726,-0.011598383
22727,0.006565085
22728,0.001331119
22729,0.006989187
22730,-0.018605739
22731,-0.020675367
22732,0.010409068
22733,-0.007522354
22734,-0.029281404
22735,0.001920212
22736,0.013199636
22737,-0.017370785
22738,0.00139852
22739,-0.007113501
22740,0.02330059
22741,0.004696654
22742,-0.01418423
22743,-0.03111033
22744,0.033552691
22745,0.017921872
22746,0.001837171
22747,-0.012953437
22748,0.006082137
22749,0.001723836
22750,0.007299525
22751,-0.009091469
22752,0.019417504
22753,-0.002479338
22754,-0.005154231
22755,-0.017897781
22756,-0.016512856
22757,-0.004980726
22758,0.008629926
22759,-0.016309474
22760,-0.01588992
22761,0.002185181
22762,0.042222835
22763,0.000707367
22764,-0.012251726
22765,-0.003096125
22766,-0.011544907
22767,0.054626003
22768,0.007598386
22769,-0.00282107
22770,0.010174972
22771,0.000753335
22772,-0.004102355
22773,-0.005853218
22774,0.030395696
22775,-0.017768038
22776,-0.022072567
22777,0.005930548
22778,0.010785989
22779,0.031049613
22780,0.02242858
22781,0.013442455
22782,0.001849536
22783,0.032559916
22784,-0.016116627
22785,0.001377366
22786,0.011629968
22787,0.01009558
22788,0.015899174
22789,0.026571266
22790,0.021485476
22791,0.002024548
22792,-0.025615273
22793,-0.011669017
22794,0.001352104
22795,0.004527201
22796,0.002983226
22797,-0.009804153
22798,0.012724715
22799,0.002383871
22800,-0.003375865
22801,-0.031270947
22802,-0.01064265
22803,0.000131268
22804,-0.058680281
22805,-0.025264192
22806,0.022985293
22807,-0.030990828
22808,0.005120959
22809,-0.015484598
22810,0.029724943
22811,0.008123152
22812,0.002585036
22813,-0.002520251
22814,0.001034942
22815,0.01684984
22816,0.018145684
22817,-0.024468919
22818,-0.000500862
22819,-0.001602701
22820,0.001964232
22821,-0.003700273
22822,-0.001179526
22823,0.01425949
22824,-0.016660485
22825,0.004569347
22826,0.005652607
22827,0.022492891
22828,-0.003165805
22829,-0.052036405
22830,-0.003477334
22831,-0.022381362
22832,-0.002549152
22833,0.004712518
22834,-0.040933691
22835,-0.012237546
22836,0.034503762
22837,0.022863636
22838,0.015038878
22839,0.012049534
22840,-0.022205316
22841,-0.008214637
22842,0.004196704
22843,0.001125706
22844,0.001103174
22845,0.017581655
22846,0.042122383
22847,0.000558686
22848,-0.004716414
22849,-0.020439493
22850,-0.026386485
22851,-0.011906916
22852,-0.030535419
22853,-0.020383589
22854,-0.040444862
22855,-0.002377813
22856,0.00575247
22857,0.00723301
22858,-0.019871483
22859,-0.021266915
22860,-0.011069813
22861,0.00170094
22862,0.000730023
22863,-0.01180883
22864,0.001533165
22865,-0.009750105
22866,0.002928066
22867,0.002502081
22868,0.017856438
22869,-0.007739138
22870,-0.004396535
22871,-0.01110424
22872,-0.011384097
22873,0.011925591
22874,-0.009702775
22875,0.014769349
22876,0.019119434
22877,0.04111205
22878,0.003546742
22879,-0.007497432
22880,-0.000366481
22881,-0.0036454
22882,-0.037697621
22883,-0.0116751
22884,-0.001783666
22885,-0.007290105
22886,0.002834597
22887,0.014019675
22888,0.02059116
22889,-0.019390425
22890,-0.017470345
22891,-0.022334348
22892,0.020276666
22893,0.021325156
22894,0.018332981
22895,2.05E-06
22896,0.019141255
22897,-0.016242962
22898,0.018422095
22899,-0.00901316
22900,0.00454781
22901,0.00461181
22902,0.007578481
22903,-0.000359506
22904,-0.004196694
22905,-0.0042185
22906,0.000259997
22907,-0.002512838
22908,-0.020636838
22909,-0.010354838
22910,-0.00035646
22911,0.006254477
22912,0.017686116
22913,0.008525095
22914,-0.008153825
22915,-0.004395655
22916,-0.002253924
22917,-0.015905218
22918,-0.003711176
22919,-0.010918322
22920,0.00188668
22921,0.024990579
22922,-0.024979487
22923,-0.021036955
22924,0.000662382
22925,0.004926924
22926,0.006740722
22927,0.055075016
22928,0.005137261
22929,0.011825219
22930,0.023209989
22931,0.004894409
22932,-0.021154616
22933,-0.00285264
22934,-0.006547397
22935,-0.014079712
22936,-0.01016606
22937,0.002740143
22938,-0.00258847
22939,-0.008004907
22940,-0.002377559
22941,0.037647028
22942,-0.020510865
22943,0.003763804
22944,-0.010072443
22945,-0.011148716
22946,-0.001633047
22947,-0.024747634
22948,-0.012911817
22949,-0.005981846
22950,0.004807977
22951,0.003872782
22952,0.015801784
22953,-0.016323835
22954,3.61E-05
22955,0.01666983
22956,0.022884192
22957,0.02302012
22958,0.008102153
22959,-0.009266135
22960,-0.001451745
22961,-0.00771427
22962,-0.002989271
22963,0.014719813
22964,-0.008173172
22965,-0.011065332
22966,0.000564462
22967,-0.005656098
22968,0.014097313
22969,0.028012479
22970,0.027303098
22971,0.026593508
22972,0.017472519
22973,0.010422606
22974,-0.001593644
22975,-0.067069195
22976,0.025754757
22977,-0.004088497
22978,-0.014751734
22979,-0.003114327
22980,0.031270795
22981,-0.003983842
22982,0.000163972
22983,0.001792278
22984,0.011110009
22985,0.012898893
22986,-0.023979677
22987,-0.055456132
22988,0.031384502
22989,-0.006273141
22990,0.009349343
22991,0.000749316
22992,-0.035925601
22993,-0.00664259
22994,-0.028906621
22995,0.010651072
22996,0.016681328
22997,0.003963897
22998,-0.023608528
22999,0.02799885
23000,-0.017358901
23001,-0.021007245
23002,0.03051625
23003,0.014223824
23004,-0.001440169
23005,0.0025137
23006,0.011284801
23007,-0.00221719
23008,-0.018117903
23009,-0.00577528
23010,0.008236913
23011,-0.025606196
23012,0.006052459
23013,0.002451783
23014,0.027103597
23015,0.024103839
23016,0.031218393
23017,-0.006536293
23018,0.011282257
23019,-0.003116261
23020,-0.022755766
23021,0.000749666
23022,-0.007003566
23023,0.011974196
23024,-0.006311838
23025,-0.007332864
23026,0.010118968
23027,-0.011600651
23028,0.005495032
23029,0.032527938
23030,-0.000302719
23031,-0.029724753
23032,0.004465025
23033,0.019697122
23034,-0.035308946
23035,0.004470472
23036,0.000792174
23037,0.02053936
23038,-0.007572542
23039,-0.015731722
23040,-0.029728655
23041,-0.033635959
23042,-0.00409741
23043,-0.013605863
23044,-0.013566906
23045,0.010019471
23046,-0.016079079
23047,0.000453326
23048,0.004523298
23049,-0.02723401
23050,0.00095188
23051,-0.000774172
23052,0.00624342
23053,0.01953721
23054,0.018809421
23055,0.004633521
23056,-0.007747449
23057,-0.033452719
23058,0.010507549
23059,0.007903336
23060,0.011872983
23061,0.0118717
23062,0.042144369
23063,0.004827133
23064,-0.004289193
23065,-0.003062447
23066,0.03202524
23067,0.012444843
23068,0.017383071
23069,0.01728645
23070,-0.000718615
23071,-0.004262482
23072,-0.01466646
23073,0.000566366
23074,0.000689962
23075,-0.032393709
23076,0.005813897
23077,-0.051402051
23078,-0.002886274
23079,0.007292002
23080,0.000446738
23081,-0.009784876
23082,-0.007268943
23083,0.022953738
23084,0.003584101
23085,-0.009615996
23086,-0.028409347
23087,-0.0086355
23088,0.005414151
23089,0.032538809
23090,0.004225829
23091,0.00971566
23092,0.012335778
23093,0.001940807
23094,-0.014075852
23095,-0.016133608
23096,0.035011075
23097,0.016030522
23098,-0.020583019
23099,0.016345756
23100,0.027315767
23101,0.005168834
23102,-0.02407524
23103,-0.008823127
23104,0.005086291
23105,-0.027041065
23106,-0.014270733
23107,-0.046124589
23108,-0.015167239
23109,-0.005516236
23110,0.00449226
23111,-0.003728476
23112,0.006580999
23113,0.018239086
23114,0.004784649
23115,0.012559629
23116,-0.012574189
23117,0.003969594
23118,-0.02595276
23119,-0.019460231
23120,0.011585363
23121,-0.004781769
23122,0.012863608
23123,0.005139953
23124,0.006129346
23125,0.030610273
23126,-0.040366627
23127,0.011551308
23128,-0.019983735
23129,-0.004724802
23130,-0.069385923
23131,-0.002475148
23132,0.004939732
23133,0.012679941
23134,0.015076444
23135,-0.008430468
23136,-0.02083008
23137,-0.000411056
23138,0.004990742
23139,-0.015406272
23140,-0.005293779
23141,0.010116974
23142,0.044229575
23143,0.005085948
23144,0.010022439
23145,0.000352275
23146,0.027712882
23147,-0.010393754
23148,-0.009819245
23149,0.003296411
23150,0.028686702
23151,-0.030354075
23152,-0.015928771
23153,-0.016545709
23154,0.010752484
23155,0.019747252
23156,0.014392558
23157,-0.020135682
23158,-0.013392081
23159,-0.000318829
23160,0.002032107
23161,-0.000837942
23162,-0.011977004
23163,0.005104969
23164,0.002482799
23165,-0.004499751
23166,-0.011365358
23167,-0.003186982
23168,0.00371875
23169,0.001713543
23170,-0.007165254
23171,0.004908513
23172,0.003604875
23173,-0.00356372
23174,-0.00427495
23175,-0.009615878
23176,0.016495174
23177,0.019234017
23178,0.001316153
23179,-0.002687877
23180,-0.01099976
23181,-0.021087347
23182,0.003726236
23183,-0.002264413
23184,-0.008018135
23185,0.008158749
23186,-0.007561129
23187,0.002420528
23188,0.011553539
23189,0.019519757
23190,-0.004490365
23191,-0.014443223
23192,-0.009315836
23193,0.015331316
23194,-0.035463817
23195,-0.002015741
23196,0.003159345
23197,0.005537241
23198,-0.031837773
23199,0.025261847
23200,-0.003579098
23201,-0.018683294
23202,-0.015398462
23203,0.02305405
23204,-0.002856768
23205,0.010121042
23206,-0.007822238
23207,-0.017205367
23208,-0.009978449
23209,-0.049472556
23210,-0.017995246
23211,-0.001385026
23212,-0.022493064
23213,-0.007664332
23214,-0.009497568
23215,-0.013705708
23216,-0.000848063
23217,0.009910795
23218,-0.018475125
23219,0.029777184
23220,-0.012153414
23221,-0.022840969
23222,-0.013675831
23223,0.004808421
23224,0.022451175
23225,0.010359785
23226,-0.007401712
23227,-0.022581657
23228,0.004241863
23229,0.004954317
23230,0.000163661
23231,-0.008879307
23232,-0.006163858
23233,-0.031656969
23234,-0.011001305
23235,-0.008915889
23236,-0.002310827
23237,-0.005869653
23238,-0.012410563
23239,-0.003985848
23240,-0.001692699
23241,-0.00653627
23242,0.006106899
23243,0.003210526
23244,-0.008046268
23245,-0.0141795
23246,-0.003616716
23247,0.026945405
23248,0.01413907
23249,0.015512083
23250,-0.012654344
23251,-0.011904925
23252,-0.002756098
23253,0.011889995
23254,-0.013620775
23255,-0.00934725
23256,0.006409043
23257,0.022305593
23258,-0.001108011
23259,-0.000666905
23260,0.020826926
23261,0.008818172
23262,-0.000651878
23263,-0.025238238
23264,-0.004171022
23265,0.040714595
23266,-0.001369193
23267,-0.029325079
23268,-0.016312951
23269,-0.011935674
23270,-0.014189922
23271,-0.011316541
23272,0.02135578
23273,0.019625966
23274,-0.014175357
23275,0.019932764
23276,0.008709776
23277,-0.024161311
23278,-0.027835399
23279,0.030452708
23280,-0.00610143
23281,0.005356025
23282,-0.014751791
23283,-0.006377036
23284,-0.026610807
23285,-0.018102467
23286,0.011296066
23287,0.029074671
23288,-0.005419941
23289,-0.002347322
23290,0.036394726
23291,-0.008105392
23292,0.000829027
23293,0.00776027
23294,-0.00953781
23295,0.003909977
23296,-0.016075689
23297,0.002573394
23298,-0.014047564
23299,-0.025437459
23300,0.019273594
23301,0.016207483
23302,-0.02143063
23303,-0.000185222
23304,0.019052923
23305,0.023816971
23306,-0.010040559
23307,-0.006719759
23308,-0.004167632
23309,0.005493671
23310,0.011246569
23311,0.008291006
23312,0.028295608
23313,0.000615249
23314,-0.009634051
23315,-0.009977509
23316,-0.011831426
23317,0.010708935
23318,0.028808959
23319,-0.003235379
23320,-0.009897253
23321,0.030133104
23322,-0.020746591
23323,-0.016085006
23324,-0.012845674
23325,0.019384209
23326,-0.00116137
23327,-0.007981444
23328,0.010713059
23329,0.018052194
23330,0.017899092
23331,-0.024289867
23332,-0.005897608
23333,-0.006904005
23334,-0.011691023
23335,-0.024004627
23336,-0.01305776
23337,0.02035372
23338,0.01948229
23339,-0.019121123
23340,-0.028812448
23341,0.01446557
23342,0.00839396
23343,-0.013163956
23344,0.01689823
23345,0.015253201
23346,-0.002396378
23347,-0.004160755
23348,-0.008107453
23349,2.48E-05
23350,-0.032304708
23351,0.003775209
23352,-0.020886211
23353,-0.000150142
23354,-0.022179218
23355,-0.024058996
23356,0.005707229
23357,0.019641075
23358,-0.001750766
23359,0.00066777
23360,-0.006045239
23361,-0.007130196
23362,-0.00442312
23363,-0.002021105
23364,0.043699715
23365,-0.009080836
23366,0.00818178
23367,0.004369845
23368,-0.036680907
23369,-0.017280784
23370,0.013686962
23371,0.00889111
23372,0.004216792
23373,0.004456217
23374,0.004849427
23375,0.005903457
23376,-0.033157412
23377,-0.029122626
23378,-0.004399021
23379,-0.004210417
23380,-0.007901723
23381,0.006783633
23382,0.006639922
23383,-0.008249909
23384,0.000992281
23385,0.017173069
23386,-0.005602218
23387,-0.003475975
23388,0.015928423
23389,-0.012799635
23390,-0.010185794
23391,-0.007293559
23392,-0.041120421
23393,-0.005820627
23394,0.01924425
23395,-0.027505217
23396,-0.014256764
23397,0.012190567
23398,-0.014528356
23399,0.004114592
23400,0.006590414
23401,0.021207893
23402,0.006656277
23403,-0.008067418
23404,-0.010244146
23405,0.003671202
23406,0.009640654
23407,-0.003785352
23408,-0.006252408
23409,-0.005352571
23410,-0.010454518
23411,0.032933414
23412,-0.010620077
23413,-0.035034779
23414,-0.021659538
23415,0.031559329
23416,-0.043857288
23417,-0.019482868
23418,0.004196395
23419,-0.00241117
23420,-0.014214783
23421,0.003280949
23422,-0.002680286
23423,0.005689292
23424,0.012903143
23425,0.00243548
23426,-0.021934755
23427,-0.001545164
23428,0.025451848
23429,0.024192464
23430,-0.00849142
23431,-0.005618541
23432,0.025147501
23433,0.021633698
23434,-0.026632454
23435,0.005436404
23436,0.010170743
23437,-0.014497853
23438,-0.020614948
23439,0.01568155
23440,-0.001925693
23441,0.022016022
23442,-0.00092185
23443,-0.074074395
23444,-0.001946044
23445,0.002649917
23446,0.05531444
23447,-0.000199926
23448,-0.009003247
23449,-0.013658244
23450,-0.010114704
23451,-0.011115847
23452,0.012397968
23453,0.003755468
23454,-0.011162326
23455,0.008774671
23456,-0.002230251
23457,0.001932353
23458,0.020621579
23459,0.007913682
23460,0.011252359
23461,-0.004834821
23462,0.01635075
23463,0.036673084
23464,-0.004672022
23465,-0.0036237
23466,-0.0297097
23467,0.013899021
23468,0.011512253
23469,-0.001754178
23470,-0.021091854
23471,-0.011868099
23472,0.018247645
23473,0.023447396
23474,-0.00473868
23475,-0.010518727
23476,-0.011262091
23477,0.006769252
23478,0.052914493
23479,0.019526742
23480,-0.015405484
23481,-0.010217479
23482,-0.000743256
23483,-0.00941241
23484,-0.020301582
23485,-0.007772126
23486,-0.006193585
23487,-0.005786934
23488,-0.00226329
23489,-0.001604954
23490,0.005774254
23491,-0.043303061
23492,-0.005926345
23493,0.005670166
23494,-0.007660749
23495,-0.039316472
23496,-0.002145706
23497,-0.016311862
23498,-0.001411025
23499,0.034456849
23500,0.009088027
23501,-0.02057608
23502,-0.011075301
23503,-0.014786458
23504,0.000915455
23505,-0.016063673
23506,-0.005475191
23507,0.003444258
23508,0.038260341
23509,-0.006639168
23510,0.032672711
23511,0.004504982
23512,-0.014081548
23513,-0.00913771
23514,-0.015408799
23515,0.012775267
23516,-0.006433272
23517,-0.005036157
23518,-0.022253826
23519,0.018299254
23520,0.015736077
23521,-0.001926512
23522,-0.010418445
23523,-0.000743847
23524,0.02245789
23525,-0.010349943
23526,-0.014860573
23527,0.001101842
23528,0.010864956
23529,-0.002842677
23530,-0.034355476
23531,0.000833707
23532,0.002556818
23533,0.00949541
23534,0.012444421
23535,-0.011528978
23536,0.01444949
23537,0.000503696
23538,0.000846485
23539,0.003411414
23540,-0.005550955
23541,0.004718752
23542,-0.018263837
23543,0.0161258
23544,0.006305219
23545,0.005499287
23546,-0.018023692
23547,0.013071515
23548,0.006507487
23549,0.007587946
23550,-0.006675378
23551,-0.008294323
23552,0.000761994
23553,0.006027313
23554,-0.0036762
23555,-0.010250292
23556,0.010652335
23557,0.01428391
23558,0.008989502
23559,0.007973148
23560,-0.007829689
23561,0.009765415
23562,0.006876188
23563,-0.026927214
23564,0.014583202
23565,0.015967112
23566,-0.001697487
23567,0.007670331
23568,-0.002893283
23569,-0.009455967
23570,-0.006113058
23571,0.003813272
23572,0.01940711
23573,-0.012875466
23574,-0.010640714
23575,0.011987553
23576,-0.007955135
23577,0.008437996
23578,0.005813665
23579,0.002970659
23580,-0.017861355
23581,-0.010560894
23582,-0.026412385
23583,-0.004815019
23584,-0.004100897
23585,0.025172655
23586,0.014209113
23587,0.016049311
23588,0.001130455
23589,-0.003649073
23590,-0.018525334
23591,0.052746806
23592,0.005703464
23593,-0.030279867
23594,-0.006015617
23595,0.010795943
23596,-0.036422938
23597,0.015049214
23598,0.018782234
23599,0.029167905
23600,-0.006279903
23601,-0.002080376
23602,-0.007748842
23603,-0.005758081
23604,-0.001502611
23605,0.00076184
23606,0.006830767
23607,0.029339658
23608,0.002641923
23609,0.009734103
23610,-0.004765708
23611,-0.014184352
23612,-0.016253656
23613,-0.008901644
23614,-0.020147009
23615,-0.008838359
23616,0.002823572
23617,-0.028613204
23618,0.007989543
23619,0.008158009
23620,-0.026555311
23621,-0.011173679
23622,-0.039209019
23623,-0.014074024
23624,-0.010199928
23625,0.001374231
23626,-0.021183638
23627,-0.012446032
23628,0.010787974
23629,-0.017673742
23630,-0.013441849
23631,0.003927512
23632,0.002109698
23633,-0.001432508
23634,-0.027011802
23635,-0.022556897
23636,0.023840796
23637,0.014741172
23638,-0.018025
23639,-0.004400524
23640,0.01529407
23641,-0.000543657
23642,0.0144864
23643,0.009677527
23644,-0.009501484
23645,-0.030381223
23646,0.003043618
23647,0.041609537
23648,0.029482972
23649,-0.004660899
23650,0.00824397
23651,-0.000649767
23652,0.019928232
23653,0.026672594
23654,-0.010857377
23655,0.009861825
23656,-0.014163448
23657,0.007881523
23658,0.000291932
23659,-0.014555663
23660,0.0053242
23661,0.00981941
23662,-0.022651033
23663,-0.004431006
23664,0.029097082
23665,0.002162565
23666,-0.002264874
23667,0.035482671
23668,0.013570296
23669,-0.021732358
23670,-0.017398594
23671,0.016697347
23672,-0.006864575
23673,0.004521273
23674,0.012553231
23675,0.007064336
23676,-0.024548205
23677,-0.004225688
23678,-0.006703428
23679,-0.00493703
23680,0.014572832
23681,0.0168931
23682,0.003402774
23683,-0.008241697
23684,0.003280173
23685,0.019479929
23686,-0.013617545
23687,-0.001398921
23688,0.000312525
23689,-0.042614326
23690,0.01657762
23691,0.014074067
23692,0.03894088
23693,-0.025798438
23694,-0.014081844
23695,0.010120471
23696,0.016251728
23697,0.007628201
23698,0.007199495
23699,-0.010556712
23700,-0.012652063
23701,0.004330027
23702,-0.000293564
23703,-0.003005924
23704,0.021108959
23705,-0.000162014
23706,-0.003501383
23707,0.007975829
23708,0.011626191
23709,-0.011221822
23710,-0.000171327
23711,-0.000548673
23712,0.019208342
23713,0.023919228
23714,-0.010216508
23715,0.000457495
23716,-0.005645718
23717,0.01381361
23718,-0.002710999
23719,0.006796854
23720,-0.002353157
23721,-0.008462813
23722,0.004608971
23723,0.004741576
23724,-0.003607345
23725,0.005607128
23726,0.00156157
23727,0.003895042
23728,0.019816367
23729,-0.005031657
23730,-0.009944689
23731,0.004822622
23732,-0.016918432
23733,-0.013299119
23734,0.012791028
23735,-0.00893405
23736,0.016227791
23737,0.008546167
23738,0.00244914
23739,-0.003951165
23740,-0.018105291
23741,0.002873311
23742,-0.069004826
23743,0.010983733
23744,-0.004439316
23745,0.011309972
23746,0.038681306
23747,0.024730165
23748,-0.007013399
23749,0.003753743
23750,-0.017821221
23751,-0.006491135
23752,-0.019140318
23753,-0.032823138
23754,-0.00469173
23755,0.004982191
23756,0.008876545
23757,-0.000114392
23758,-0.013841435
23759,-0.028606864
23760,-0.021343626
23761,0.007168469
23762,0.020959193
23763,-0.020436997
23764,-0.000135382
23765,0.013926126
23766,0.003343105
23767,0.004897911
23768,0.003561373
23769,-0.009595265
23770,-0.006200595
23771,0.024601759
23772,0.01288856
23773,-0.000119326
23774,-0.005662568
23775,-0.013634288
23776,-0.010488536
23777,
23778,
23779,-0.004809
23780,0.013969973
23781,-0.034336794
23782,0.00519485
23783,0.022502681
23784,0.009804575
23785,-0.007942161
23786,-0.011248469
23787,0.003114894
23788,0.001506526
23789,0.02906928
23790,0.021346835
23791,-0.033878323
23792,-0.008846696
23793,-0.028318042
23794,0.003351694
23795,-0.015275949
23796,-0.000540312
23797,0.012690869
23798,-0.011290925
23799,-0.014079217
23800,0.015175645
23801,-0.004823514
23802,0.006238793
23803,-0.019636145
23804,-0.009393821
23805,-0.008259044
23806,0.008676202
23807,0.01744296
23808,-0.032146268
23809,-0.003089695
23810,-0.004040377
23811,0.02641874
23812,0.010831266
23813,0.006494083
23814,-0.015344521
23815,-0.02479263
23816,0.004956632
23817,0.000913857
23818,0.020625999
23819,0.015682969
23820,-0.01005411
23821,-0.018175842
23822,-0.004837168
23823,0.027798561
23824,-0.016134141
23825,0.006769475
23826,-0.000484302
23827,0.009649295
23828,-0.011638454
23829,-0.004486832
23830,-0.012816479
23831,0.001414443
23832,-0.009944113
23833,0.013194533
23834,0.005653432
23835,-0.032233831
23836,-0.002922238
23837,0.032475855
23838,0.000843341
23839,-0.010840083
23840,0.035013158
23841,0.008102942
23842,-0.007150879
23843,-0.012206002
23844,-0.003498858
23845,0.035757225
23846,-0.003078761
23847,-0.031199293
23848,-0.004473297
23849,-0.025374547
23850,-0.002966756
23851,-0.016272375
23852,-0.006005328
23853,-0.025505286
23854,0.023293236
23855,0.009871478
23856,-0.012418326
23857,0.002092707
23858,0.004400081
23859,0.002864615
23860,-0.00090684
23861,0.015671294
23862,0.014370172
23863,0.003844302
23864,0.003885557
23865,0.005488572
23866,0.040797058
23867,0.048860021
23868,-0.010112185
23869,0.007122757
23870,0.011388741
23871,0.003024661
23872,0.036805108
23873,0.014261148
23874,0.017864157
23875,0.001075853
23876,-0.016234174
23877,-0.011400705
23878,-0.008287571
23879,0.020085383
23880,-0.033984683
23881,0.002824747
23882,0.019841291
23883,-0.009533997
23884,-0.018307254
23885,-0.014586533
23886,0.015673632
23887,0.003893642
23888,-0.000404202
23889,-0.000827285
23890,0.011399599
23891,-0.026720256
23892,-0.012194387
23893,0.027886307
23894,0.001859175
23895,-0.019368235
23896,-0.013688236
23897,0.014407299
23898,0.009819863
23899,0.00292166
23900,-0.019203395
23901,-0.016513871
23902,0.006067157
23903,-0.024658373
23904,0.005080791
23905,0.004536732
23906,-0.013799336
23907,-0.01258466
23908,0.013277221
23909,0.025044229
23910,-0.037863292
23911,-0.005653882
23912,0.016620157
23913,0.006380395
23914,-0.006939359
23915,0.001090236
23916,0.018058576
23917,0.002888026
23918,0.014100788
23919,0.001714995
23920,-0.004723707
23921,0.009476331
23922,0.007353414
23923,0.012470088
23924,-0.007130934
23925,-0.013560951
23926,-0.005840083
23927,-0.016844092
23928,-0.028503506
23929,-0.006441179
23930,0.00398196
23931,0.003035689
23932,0.008527289
23933,-0.018018559
23934,-0.024245745
23935,-0.01675199
23936,-0.001031443
23937,0.006699741
23938,0.024391143
23939,0.016119886
23940,-0.027926642
23941,-0.001746583
23942,-0.009386373
23943,-0.000128004
23944,-0.002959677
23945,-0.007199398
23946,0.003649089
23947,-0.004912549
23948,-0.01196125
23949,0.00072638
23950,-0.007663012
23951,-0.02398653
23952,0.00719304
23953,-0.032706823
23954,0.013420694
23955,0.012980442
23956,-0.021175133
23957,0.015496037
23958,0.008406309
23959,0.058857944
23960,0.006604833
23961,0.005509891
23962,-0.01337739
23963,-0.011561343
23964,0.023886884
23965,0.008954945
23966,0.021964125
23967,-0.002055414
23968,0.006914958
23969,0.04696136
23970,0.005840624
23971,0.008559206
23972,-0.005030422
23973,-0.002612775
23974,0.004417793
23975,-0.027785044
23976,-0.006418668
23977,-0.00217908
23978,0.00383668
23979,-0.003786893
23980,0.004241765
23981,-0.00582085
23982,-0.002622263
23983,-0.000392655
23984,0.001594364
23985,-0.016926778
23986,-0.010408071
23987,-0.006885949
23988,0.014580393
23989,-0.009233491
23990,-0.011848761
23991,0.00462785
23992,-0.010660769
23993,-0.004531798
23994,-0.000200622
23995,0.006762517
23996,-0.0033622
23997,0.011658353
23998,-0.011119804
23999,-0.032279346
24000,0.022868758
24001,-0.008343556
24002,0.023979098
24003,0.004350644
24004,-0.014378043
24005,-0.013849707
24006,-0.010212239
24007,-0.017476073
24008,0.014375508
24009,-0.018114787
24010,0.014456619
24011,-0.001105689
24012,3.58E-05
24013,0.001483349
24014,0.00154464
24015,-0.012494068
24016,-0.004828243
24017,0.012201386
24018,0.014434648
24019,0.00356375
24020,-0.048769545
24021,-0.013778251
24022,0.025565993
24023,0.014195048
24024,0.009670111
24025,-0.000407401
24026,-9.38E-05
24027,0.002008126
24028,0.001734372
24029,-0.005192277
24030,0.013436149
24031,0.013448205
24032,-0.007903981
24033,-0.041385349
24034,0.02168905
24035,0.036361914
24036,0.024815427
24037,0.000168532
24038,0.007564108
24039,-0.005589902
24040,-0.008152581
24041,-0.007995391
24042,-0.014480731
24043,0.014504792
24044,0.019382173
24045,-0.011508781
24046,-0.012774454
24047,-0.000908941
24048,-0.003731507
24049,0.008036758
24050,-0.002323658
24051,0.00059018
24052,-0.005006414
24053,-0.013447675
24054,0.002246218
24055,0.045660973
24056,0.001997361
24057,0.00677396
24058,0.005804524
24059,0.00207422
24060,-0.025339896
24061,0.006577065
24062,0.007553085
24063,0.010546474
24064,0.022106415
24065,-0.043846168
24066,0.006445715
24067,0.025437858
24068,-0.016120538
24069,0.000551093
24070,0.024888933
24071,0.022962241
24072,-0.008737352
24073,0.005695418
24074,0.00774784
24075,-0.011211819
24076,-0.011347231
24077,-0.002037731
24078,0.017052924
24079,0.013187967
24080,-0.012095011
24081,0.032960162
24082,-0.007040909
24083,0.007941923
24084,-0.013000562
24085,-0.003373404
24086,-0.01202905
24087,-0.009946391
24088,0.00196948
24089,-0.000239616
24090,0.006431046
24091,-0.011581008
24092,-0.014697778
24093,0.009679681
24094,0.006705525
24095,-0.000407433
24096,0.014427567
24097,-0.025719583
24098,0.016553517
24099,0.014951798
24100,0.004784669
24101,0.000303368
24102,0.01991652
24103,-0.000474539
24104,-0.001036868
24105,-0.006071793
24106,-0.014323208
24107,0.004834495
24108,-0.021266209
24109,-0.012184383
24110,-0.020752501
24111,-0.012285154
24112,0.022067945
24113,-0.004647498
24114,0.011350391
24115,-0.017358823
24116,0.015988937
24117,0.020349877
24118,0.024598056
24119,-0.029761778
24120,0.01281204
24121,0.003853041
24122,-0.015738495
24123,-0.027675748
24124,0.018568495
24125,0.012980429
24126,0.004337681
24127,0.013968966
24128,-0.04452683
24129,-0.011792438
24130,0.002907802
24131,0.019941263
24132,-0.01300783
24133,-0.010075798
24134,-0.004876923
24135,-0.006496616
24136,0.02562994
24137,0.005990876
24138,-0.001622489
24139,-0.024370449
24140,0.013340618
24141,0.039489415
24142,0.015226834
24143,-0.009564381
24144,0.009847143
24145,0.010494151
24146,0.001699741
24147,0.011436769
24148,0.008177842
24149,-0.007392596
24150,-0.007646075
24151,0.018035907
24152,0.015080925
24153,0.005862847
24154,-0.027831201
24155,0.01461812
24156,-0.005136176
24157,-0.01815463
24158,-0.010963793
24159,-0.028733719
24160,-0.004673627
24161,0.010395033
24162,0.008932466
24163,0.024602432
24164,0.011837754
24165,0.012906524
24166,0.010179549
24167,-0.006086043
24168,0.006549796
24169,-0.006736236
24170,-0.000744839
24171,-0.041841056
24172,0.015140248
24173,0.009288082
24174,-0.00460402
24175,-0.015947737
24176,0.015032638
24177,-0.005893801
24178,-0.003179719
24179,0.001856077
24180,0.005781699
24181,-0.014106273
24182,-0.028647486
24183,-0.001802221
24184,-0.000205052
24185,-0.005370575
24186,0.003642203
24187,0.009020835
24188,0.006754529
24189,-0.020457176
24190,0.018120788
24191,-0.000411774
24192,-0.01915946
24193,-0.020856427
24194,0.005594641
24195,0.004328127
24196,-0.00120037
24197,0.000587486
24198,-0.025819542
24199,0.0158007
24200,0.002162171
24201,0.011941072
24202,-0.015853764
24203,-0.020073127
24204,0.005756747
24205,0.001202122
24206,-0.013521454
24207,-0.015089831
24208,-0.018064423
24209,-0.00129051
24210,0.030706767
24211,-0.002028609
24212,0.016401477
24213,0.013621895
24214,-0.009778877
24215,0.016798824
24216,-0.022257729
24217,-0.017825114
24218,-0.006868573
24219,0.003318866
24220,-0.006858204
24221,-0.003104075
24222,0.007640017
24223,-0.00180678
24224,0.023214826
24225,-0.003862445
24226,0.012063902
24227,-0.005046658
24228,-0.014259525
24229,-0.009320777
24230,0.01374654
24231,0.006422483
24232,-0.013291065
24233,-0.009650128
24234,-0.012857257
24235,0.017980108
24236,0.009826723
24237,-0.00185838
24238,-0.020212213
24239,-0.013833688
24240,-0.00819659
24241,0.015848601
24242,0.026394742
24243,-0.007914996
24244,0.004436935
24245,-0.012024966
24246,-0.007230699
24247,0.000852672
24248,-0.014032098
24249,-0.009953763
24250,-0.002729575
24251,0.007385499
24252,0.023713559
24253,0.000356279
24254,-0.02709756
24255,0.000928112
24256,0.003637744
24257,-0.012966651
24258,-0.02532443
24259,-0.011400148
24260,-0.013462798
24261,-0.001572189
24262,0.002651279
24263,0.007843444
24264,0.007111265
24265,0.009687551
24266,0.008847404
24267,-0.035225913
24268,0.01749628
24269,0.000857487
24270,0.005224116
24271,-0.009419696
24272,0.005959796
24273,0.005186015
24274,0.014542632
24275,0.022616683
24276,-0.032183792
24277,-0.028646728
24278,-0.00089657
24279,0.009496749
24280,0.002693573
24281,-0.009505889
24282,0.023069018
24283,0.001417134
24284,-0.009196754
24285,-0.013422603
24286,0.013332953
24287,0.026124092
24288,-0.069862649
24289,-0.013941378
24290,-0.037168376
24291,0.001726263
24292,-0.000597192
24293,-0.01352104
24294,-0.017751908
24295,-0.002424634
24296,0.012550882
24297,-0.005838637
24298,0.006144943
24299,-0.001122169
24300,0.00282634
24301,0.024288623
24302,0.00603853
24303,-0.039168388
24304,0.000884061
24305,-0.014175678
24306,0.02594305
24307,0.019727873
24308,0.018047888
24309,-0.005789939
24310,0.018917656
24311,-0.002904593
24312,0.005159169
24313,-0.004684886
24314,-0.009603895
24315,-0.010245081
24316,-0.00286138
24317,-0.016340891
24318,-0.003724028
24319,0.000269305
24320,0.023442345
24321,0.017201968
24322,0.006222882
24323,0.002817354
24324,0.008667585
24325,-0.019936197
24326,-0.027240122
24327,-0.008004988
24328,-0.000411402
24329,0.030255094
24330,-0.006147531
24331,-0.025905764
24332,0.001264602
24333,0.025544036
24334,-0.005150069
24335,-0.00541219
24336,0.007374758
24337,-0.013261563
24338,-0.054587405
24339,-0.003951768
24340,-0.011623734
24341,-0.021560956
24342,0.005098386
24343,0.005045448
24344,-0.010555515
24345,-0.00725262
24346,0.015764536
24347,0.004138292
24348,0.005137995
24349,-0.002625322
24350,-0.02298229
24351,-0.011875637
24352,-0.013037725
24353,-0.015469611
24354,0.011881455
24355,-0.005745322
24356,-0.019384079
24357,-0.011405837
24358,-0.0125894
24359,0.031948071
24360,-0.00225993
24361,0.009016772
24362,0.019053767
24363,-0.012183079
24364,-0.014071858
24365,0.011406387
24366,-0.006414177
24367,0.011380632
24368,-0.038325395
24369,-0.019795235
24370,0.008788311
24371,0.00352488
24372,-0.0066452
24373,0.004377363
24374,0.062402833
24375,-0.004103198
24376,0.018399047
24377,0.007365774
24378,-0.000198996
24379,-0.010255133
24380,0.011692172
24381,-0.019645045
24382,-0.019403458
24383,-0.01707563
24384,0.006160343
24385,0.012244465
24386,-0.020739762
24387,-0.004705085
24388,0.008864772
24389,-0.01751814
24390,-0.013644615
24391,0.009382168
24392,-0.001753334
24393,0.009908543
24394,-0.008115454
24395,0.009479154
24396,-0.015608246
24397,-0.005920066
24398,0.012317917
24399,-0.025844973
24400,0.019440698
24401,-0.012060538
24402,-0.002429831
24403,0.002657967
24404,-0.02588577
24405,-0.021355659
24406,0.019098682
24407,0.032145415
24408,-0.055349354
24409,0.002351613
24410,0.02041766
24411,-0.003076652
24412,-0.007866869
24413,0.005682216
24414,0.020019103
24415,-0.013570693
24416,-0.011880734
24417,0.002593963
24418,-0.00090465
24419,0.022496942
24420,-0.000690265
24421,0.001859526
24422,0.030249408
24423,-0.001549576
24424,0.017572187
24425,-0.000668213
24426,-0.004974246
24427,-0.003191653
24428,-0.039868392
24429,-0.007854616
24430,-0.004231835
24431,0.001285487
24432,0.004850917
24433,0.029961251
24434,0.007346284
24435,-0.003465322
24436,-0.02235215
24437,-0.020527847
24438,0.003094012
24439,0.010883222
24440,-0.004370377
24441,0.018153805
24442,-0.019898508
24443,-0.007277099
24444,0.007935139
24445,-0.02274113
24446,0.002882036
24447,0.011073649
24448,-0.026603008
24449,0.006772688
24450,0.019076675
24451,-0.005178601
24452,-0.003153741
24453,-0.008130918
24454,0.004084095
24455,-0.026759399
24456,-0.001549994
24457,-0.015302901
24458,0.029072899
24459,0.014376347
24460,0.010725069
24461,-0.015192079
24462,-0.006395406
24463,-0.00217903
24464,-0.004013794
24465,-0.012507144
24466,0.000838322
24467,0.023748167
24468,-0.003972494
24469,-0.022929171
24470,0.023803633
24471,0.00509904
24472,-0.007402734
24473,-0.002520897
24474,-0.001270687
24475,-0.00508902
24476,0.000517925
24477,-0.005919561
24478,-0.015834117
24479,-0.038188569
24480,-0.011211637
24481,0.029745633
24482,0.01549561
24483,0.006338893
24484,-0.024297887
24485,0.030705608
24486,-0.004624762
24487,-0.025585266
24488,-0.003932333
24489,-0.000310501
24490,-0.017844697
24491,-0.006940114
24492,-0.019324014
24493,0.003013783
24494,0.008127954
24495,0.012652487
24496,0.030025246
24497,0.010271372
24498,-0.014440965
24499,0.002043529
24500,0.018520173
24501,0.016976394
24502,-0.002109037
24503,-0.00233307
24504,0.007911806
24505,0.002196571
24506,-0.010545476
24507,-0.018020922
24508,-0.003438804
24509,0.013463406
24510,0.018019376
24511,0.062742047
24512,-0.008269981
24513,-0.007264485
24514,0.00236501
24515,0.039611571
24516,0.00277016
24517,0.015045999
24518,-0.003361205
24519,-0.011518553
24520,-0.000486761
24521,0.007939967
24522,0.003917489
24523,-0.014505724
24524,0.007608483
24525,0.028435118
24526,0.004177264
24527,-0.011081398
24528,-0.005019343
24529,-0.00246729
24530,-0.006803303
24531,-0.003000558
24532,0.016399555
24533,0.014114194
24534,-0.011569786
24535,-0.039548952
24536,-0.009169536
24537,0.004601917
24538,0.015750207
24539,-0.013693535
24540,0.014430594
24541,0.004384951
24542,-0.004514635
24543,-0.006695671
24544,-0.029296713
24545,-0.012114274
24546,-0.00455722
24547,-0.008190575
24548,-0.003839782
24549,0.007596556
24550,-0.000927397
24551,0.013285205
24552,-0.006142187
24553,0.019888461
24554,-0.016260996
24555,-0.007326484
24556,-0.006121866
24557,-0.004700938
24558,-0.001161185
24559,0.006134202
24560,-0.050678678
24561,-0.002382646
24562,-0.003946958
24563,0.016899049
24564,0.027305244
24565,-0.019611269
24566,-0.00546789
24567,-0.004770125
24568,-0.008874388
24569,0.009050517
24570,0.018093215
24571,-0.006362045
24572,-0.009792076
24573,0.025107061
24574,-0.015336587
24575,-0.004486972
24576,0.008323605
24577,0.013017955
24578,0.005355195
24579,-0.031684168
24580,-0.005447397
24581,-0.008960897
24582,-0.00616197
24583,-0.036052175
24584,-0.021585252
24585,-0.033769734
24586,0.014711021
24587,0.001572914
24588,0.005255903
24589,0.021843281
24590,0.010932649
24591,-0.007889383
24592,0.00562947
24593,0.014202668
24594,0.027963074
24595,-0.011310688
24596,-0.005807113
24597,0.010007631
24598,-0.013920467
24599,0.011276663
24600,-0.036633316
24601,0.013308025
24602,0.00673392
24603,0.004077549
24604,0.01305655
24605,-0.004852201
24606,-0.035236642
24607,-0.005997872
24608,-0.010080948
24609,0.011865482
24610,-0.036093146
24611,-0.001776035
24612,0.011706232
24613,0.014760219
24614,0.027155539
24615,-0.024410356
24616,0.000930891
24617,-0.046235856
24618,-0.026674552
24619,0.02100284
24620,-0.001452229
24621,0.03186895
24622,0.011543887
24623,-0.009536875
24624,-0.017896749
24625,-0.012461435
24626,0.017034801
24627,-0.00421173
24628,-0.020666085
24629,-0.016381579
24630,0.013109823
24631,0.015477525
24632,0.00832544
24633,-0.023668708
24634,-0.000147753
24635,0.031714793
24636,0.002163639
24637,-0.009637788
24638,-0.024409415
24639,-0.012317862
24640,0.025390705
24641,0.006974207
24642,-0.006569343
24643,-0.007218995
24644,0.001794455
24645,0.014205432
24646,0.023790805
24647,-0.019234177
24648,0.015980667
24649,0.011523467
24650,-0.027590564
24651,0.012703897
24652,0.004267702
24653,-0.004690506
24654,0.009516953
24655,0.027979128
24656,0.014225372
24657,0.000658903
24658,0.008663488
24659,-0.011906657
24660,-0.023072381
24661,-0.006171298
24662,-0.016242497
24663,-0.005005969
24664,0.004102673
24665,-0.006031943
24666,0.014327063
24667,0.00999206
24668,0.006582132
24669,0.014983612
24670,-0.007694129
24671,0.014538957
24672,0.024577081
24673,0.027246157
24674,0.009089273
24675,0.005113958
24676,-0.005194257
24677,-0.009089122
24678,-0.003846346
24679,0.02277921
24680,0.001790887
24681,0.000298511
24682,0.022791075
24683,-0.029499443
24684,-0.002630478
24685,0.013637035
24686,0.002395655
24687,0.000596431
24688,0.000962981
24689,-0.012402778
24690,-0.004832207
24691,0.035892796
24692,-0.000228538
24693,-0.002771694
24694,0.008665625
24695,0.015269821
24696,0.014446199
24697,-0.017915815
24698,0.007886546
24699,0.010228221
24700,0.026276978
24701,-0.008351973
24702,0.004947004
24703,-0.006126454
24704,-0.011361963
24705,0.031439245
24706,0.026728017
24707,0.004174469
24708,-0.005494548
24709,0.009050987
24710,0.020008838
24711,-0.036687169
24712,-0.029684152
24713,0.020818006
24714,0.015024356
24715,-0.010076969
24716,-0.015446961
24717,-0.001868989
24718,0.001791907
24719,-0.003616791
24720,0.005670304
24721,0.019996341
24722,0.000923167
24723,-0.006447095
24724,0.010852839
24725,0.023516163
24726,0.028178882
24727,0.007521216
24728,-0.00164689
24729,-0.017348405
24730,0.015462527
24731,0.010578921
24732,0.020359566
24733,-0.008124497
24734,-0.013403527
24735,-0.000149515
24736,0.023087472
24737,0.021362549
24738,-0.008128155
24739,-0.002210858
24740,-0.013828547
24741,-0.004809734
24742,0.009978388
24743,-0.009737305
24744,-0.047751989
24745,0.01564897
24746,0.001794541
24747,0.002170975
24748,0.01407594
24749,0.008869832
24750,-0.012814662
24751,0.003782874
24752,0.00056229
24753,3.89E-05
24754,0.000104923
24755,0.007120822
24756,0.011797534
24757,0.002414177
24758,0.003011935
24759,0.009425403
24760,-0.0008636
24761,-0.039038394
24762,0.007471244
24763,0.001635542
24764,0.024455002
24765,-0.022966813
24766,-0.018006163
24767,-0.006851074
24768,-0.030340578
24769,0.018957369
24770,0.024888951
24771,0.007505318
24772,-0.024895931
24773,-0.010504445
24774,0.018455805
24775,-0.007317411
24776,0.005787108
24777,0.008386153
24778,-0.009111791
24779,-0.022688521
24780,0.009336116
24781,-0.020693665
24782,0.019458894
24783,0.004160933
24784,-0.010131504
24785,-0.007454555
24786,0.025558284
24787,-0.002533028
24788,0.00173448
24789,0.022824677
24790,0.009620022
24791,-0.013359459
24792,-0.003323897
24793,0.041069221
24794,0.00170127
24795,0.015434851
24796,-0.007256231
24797,0.006927137
24798,-0.010290712
24799,-0.001631778
24800,0.017662849
24801,0.00861565
24802,0.000830411
24803,-0.012901546
24804,0.007321367
24805,0.049163546
24806,0.019028597
24807,0.000286164
24808,0.014471
24809,-0.001387197
24810,-0.032570072
24811,-0.001533913
24812,0.014903494
24813,-0.01787773
24814,0.005339513
24815,-0.003678812
24816,0.010556098
24817,0.031674832
24818,-0.02444768
24819,0.003368963
24820,0.013744606
24821,0.014651503
24822,-0.010592133
24823,-0.045620974
24824,0.021286868
24825,0.003085251
24826,0.006221091
24827,0.034772929
24828,-0.034081504
24829,-0.010467909
24830,0.018543139
24831,-0.022783021
24832,-0.015226008
24833,-0.005794601
24834,-0.02240728
24835,-0.021102393
24836,0.034245756
24837,0.016457358
24838,-0.008348553
24839,-0.008251544
24840,-0.005672299
24841,-0.020015292
24842,-0.01342622
24843,-0.016586486
24844,-0.002360404
24845,-0.007347045
24846,-0.057682939
24847,-0.006997791
24848,-0.003169984
24849,-0.013492749
24850,0.006873209
24851,0.014843747
24852,-0.012900393
24853,0.017057739
24854,0.0052519
24855,-0.016063163
24856,-0.003702249
24857,0.003203717
24858,-0.00238802
24859,0.000414905
24860,-0.00150932
24861,0.014604691
24862,-0.002595746
24863,0.008740847
24864,0.034048241
24865,0.023613699
24866,-0.015174051
24867,0.015888711
24868,-0.003186634
24869,0.00967562
24870,0.022319464
24871,0.018822679
24872,-0.008147269
24873,-0.014486544
24874,0.011223369
24875,0.007417768
24876,-0.016916959
24877,0.012768263
24878,0.040246096
24879,0.006084279
24880,0.000712282
24881,-0.004270759
24882,-0.077156693
24883,0.004798751
24884,0.016384395
24885,-0.00694849
24886,0.019709324
24887,0.014585869
24888,-0.023939142
24889,0.000800397
24890,0.000181908
24891,-0.007509364
24892,0.026925355
24893,0.001350142
24894,0.040698834
24895,0.023551734
24896,-0.001418677
24897,-0.004870581
24898,-0.009372026
24899,-0.017649123
24900,0.022920649
24901,0.00761941
24902,-0.001274448
24903,0.004520662
24904,0.008031297
24905,0.009585748
24906,-0.031080006
24907,0.033015985
24908,-0.000420793
24909,4.25E-05
24910,0.007174151
24911,-0.02381245
24912,-0.031016963
24913,0.011421468
24914,0.0054694
24915,0.021890219
24916,0.016012538
24917,-0.036883712
24918,0.034780201
24919,-0.006226599
24920,0.005831147
24921,0.003412717
24922,-0.060223136
24923,-0.028169867
24924,-0.020471454
24925,0.002625184
24926,0.013955384
24927,-0.038105685
24928,0.0444488
24929,0.012244325
24930,-0.014873605
24931,0.005370491
24932,0.011624459
24933,0.012005372
24934,0.001696581
24935,0.004642184
24936,0.003905481
24937,-0.014283817
24938,0.019722806
24939,-0.012849685
24940,-0.006337634
24941,1.16E-05
24942,0.004895099
24943,-0.005372735
24944,0.002585899
24945,0.002447888
24946,-0.001628169
24947,0.013441609
24948,0.001111191
24949,-0.006300734
24950,-0.016246131
24951,0.035021376
24952,0.00059102
24953,0.024427909
24954,-0.003370269
24955,0.01049282
24956,-0.017058406
24957,-0.03548627
24958,-0.017516907
24959,0.001735615
24960,0.024788788
24961,0.000280997
24962,-0.034363724
24963,-0.005680822
24964,0.005133233
24965,0.004879655
24966,0.013081549
24967,0.067523785
24968,0.014914949
24969,-0.028463114
24970,-0.003614631
24971,0.06328316
24972,-0.037898298
24973,-0.008762205
24974,0.004411226
24975,-0.005573324
24976,-0.00741123
24977,0.021088032
24978,-0.020306583
24979,0.011592079
24980,0.000105562
24981,-0.020084146
24982,0.003792153
24983,-0.007718026
24984,0.000482189
24985,-0.000175559
24986,-0.001047165
24987,-0.009938773
24988,0.048214976
24989,-0.00975147
24990,-0.014054672
24991,-0.015577039
24992,0.003889393
24993,0.0097229
24994,0.003335131
24995,-0.009240299
24996,-0.007570729
24997,-0.025851471
24998,-0.046038486
24999,-0.001076538
25000,-0.010271527
25001,0.01205466
25002,0.007060915
25003,-0.011550565
25004,-0.017953923
25005,-0.008357597
25006,0.02910082
25007,-0.00580728
25008,-0.007761205
25009,-0.021282641
25010,-0.007521379
25011,0.009146005
25012,0.005453208
25013,0.022121727
25014,-0.00569348
25015,0.032052305
25016,-0.011950706
25017,-0.00500478
25018,-0.003181632
25019,-0.002242069
25020,-0.010149009
25021,-0.013361165
25022,0.021867482
25023,-0.008880311
25024,-0.014481291
25025,0.014970876
25026,0.005574806
25027,0.003797618
25028,0.022551702
25029,
25030,
25031,-0.002274489
25032,0.001673091
25033,0.016191691
25034,0.003571234
25035,-0.002238212
25036,-0.0125879
25037,-0.019199224
25038,-0.017982421
25039,0.010404397
25040,0.008589986
25041,0.01393887
25042,0.009420996
25043,0.005690004
25044,8.92E-05
25045,-0.019413747
25046,0.009395297
25047,-0.020685039
25048,-0.039928682
25049,0.014409471
25050,-0.030411163
25051,0.02820434
25052,-0.003912529
25053,-0.008044358
25054,-0.009048108
25055,-0.00307335
25056,0.012934699
25057,0.004707351
25058,-0.0046727
25059,-0.013927571
25060,-0.010966017
25061,-0.019303989
25062,0.008845685
25063,-0.005058665
25064,-0.007265702
25065,-0.015982589
25066,-0.021615939
25067,0.005335522
25068,0.016482541
25069,0.013436357
25070,-0.009289382
25071,-0.015231883
25072,-0.004173934
25073,0.007839752
25074,-0.006092605
25075,-0.017623536
25076,0.01488842
25077,-0.055707078
25078,-0.016429087
25079,-0.009597335
25080,0.052850001
25081,-0.033700537
25082,-0.001961078
25083,-0.000698303
25084,0.022639325
25085,0.004141103
25086,-0.007962772
25087,0.010722145
25088,0.005398095
25089,0.017274434
25090,0.027951865
25091,0.006079954
25092,0.006677958
25093,0.028789742
25094,0.023034427
25095,-0.013509001
25096,0.007085698
25097,0.017909106
25098,-0.009199816
25099,-0.002721669
25100,-0.02390587
25101,0.009264478
25102,-0.005827472
25103,-0.017679986
25104,-0.006297421
25105,0.009586214
25106,-0.050527781
25107,-0.004416957
25108,0.04545217
25109,-0.004152167
25110,-0.015710957
25111,0.007685362
25112,0.006420154
25113,-0.017797764
25114,0.004663332
25115,0.017303847
25116,0.002688476
25117,-0.03378778
25118,0.034024451
25119,-0.014547854
25120,-0.009924873
25121,0.00552664
25122,0.002883839
25123,-0.040747412
25124,-0.00495521
25125,-0.001158493
25126,0.005052736
25127,-0.000487331
25128,-0.011118007
25129,5.97E-05
25130,0.022505693
25131,0.002447448
25132,-0.033002626
25133,0.024567001
25134,0.00616021
25135,0.006756546
25136,-0.000791911
25137,0.001526531
25138,-0.004312555
25139,0.021591503
25140,-0.025846781
25141,0.000402187
25142,-0.001048916
25143,-0.010034753
25144,-0.012653938
25145,-0.031498514
25146,-0.025222091
25147,-0.001602234
25148,0.017244596
25149,-0.023302618
25150,0.02363182
25151,-0.013841678
25152,0.011576124
25153,-0.007661466
25154,-0.022824166
25155,0.017416773
25156,-0.006093631
25157,-0.018409215
25158,-0.018275645
25159,-0.004086963
25160,0.002036568
25161,0.001129128
25162,0.011033149
25163,-0.005446896
25164,-0.003539089
25165,-0.005805328
25166,-0.01867347
25167,-0.001853255
25168,-0.006321088
25169,0.014944172
25170,-0.001112508
25171,-0.004855883
25172,-0.014847661
25173,0.013083478
25174,0.021114135
25175,0.006224525
25176,-0.010662062
25177,-0.007855668
25178,0.025359068
25179,-0.016993031
25180,0.002446241
25181,0.006808192
25182,-0.003076203
25183,0.012010713
25184,0.006206837
25185,-0.010415393
25186,0.001145934
25187,0.000425265
25188,0.020477587
25189,0.01183139
25190,-0.001230589
25191,-0.020106778
25192,-0.003473103
25193,0.00744774
25194,-0.005582352
25195,0.013883408
25196,-0.001326154
25197,0.012221321
25198,-0.004429814
25199,0.0252437
25200,0.002868576
25201,-0.001518626
25202,0.010864493
25203,-0.050664272
25204,0.03310512
25205,-0.000254476
25206,-0.018100128
25207,-0.01485008
25208,0.005412011
25209,-0.006456195
25210,-0.005246979
25211,0.011580178
25212,-0.008671623
25213,-0.029614918
25214,-0.014644869
25215,0.021470688
25216,0.026433954
25217,-0.009545024
25218,-0.019790631
25219,-0.009755484
25220,0.004100621
25221,0.00532196
25222,-0.017837549
25223,-0.006020057
25224,0.015333672
25225,-0.002760246
25226,-0.023187866
25227,-0.013912516
25228,-0.008411942
25229,-0.011535615
25230,0.005739529
25231,0.011792107
25232,-0.037009954
25233,-0.01558966
25234,0.031064849
25235,0.022184627
25236,0.015083497
25237,-0.010883851
25238,-0.002454748
25239,0.004187027
25240,0.018451594
25241,0.00636061
25242,-0.025013797
25243,0.001788895
25244,0.012468982
25245,0.010468285
25246,0.043860536
25247,-0.001612668
25248,-0.018732255
25249,0.0032344
25250,0.013011516
25251,-0.030015053
25252,-0.01380678
25253,0.020914195
25254,-0.013614074
25255,0.005272029
25256,0.014811377
25257,0.020844886
25258,0.007830845
25259,-0.013197825
25260,-0.011954192
25261,0.009915739
25262,-0.006304031
25263,-0.008630286
25264,0.022004275
25265,-0.004543162
25266,0.02898803
25267,0.00179454
25268,-0.017753426
25269,0.030284958
25270,0.008107602
25271,-0.042259105
25272,-0.029523468
25273,-0.000214271
25274,0.006535618
25275,0.01963854
25276,-0.006474829
25277,0.000527418
25278,-0.028875396
25279,0.011650036
25280,0.028049843
25281,0.022678774
25282,0.004093667
25283,0.007893696
25284,0.003337106
25285,-0.003498961
25286,0.008011242
25287,0.00969955
25288,0.006097867
25289,-0.001800682
25290,0.002457591
25291,-0.007580901
25292,0.012099675
25293,-0.021917513
25294,0.007197554
25295,0.017663224
25296,0.026272047
25297,-0.005472897
25298,-0.007131797
25299,-0.006699562
25300,-0.013818492
25301,0.000161441
25302,0.007104025
25303,0.010967213
25304,-0.011397479
25305,-0.016850159
25306,7.81E-05
25307,-0.010094048
25308,0.017175501
25309,-0.011789851
25310,-0.024693616
25311,0.000824774
25312,0.008116227
25313,0.017317157
25314,-0.004813544
25315,-0.012845866
25316,0.01435886
25317,0.046689238
25318,-0.015679596
25319,-0.003053818
25320,0.004077169
25321,-0.006050472
25322,-0.017898491
25323,-0.00934172
25324,-0.011023675
25325,0.009978539
25326,0.010570004
25327,-0.045101263
25328,0.003613601
25329,0.0199851
25330,0.003910413
25331,-0.019204892
25332,-0.017748272
25333,-0.028387127
25334,0.026928714
25335,-0.022306079
25336,-0.007926364
25337,0.002343971
25338,0.012884841
25339,0.024999091
25340,-0.007550758
25341,-0.00372669
25342,-0.004734834
25343,0.016803507
25344,0.029457351
25345,0.006570799
25346,0.032665066
25347,0.001383359
25348,-0.005131251
25349,0.005254202
25350,0.018323673
25351,0.004505438
25352,-0.015002859
25353,-0.002245506
25354,0.026679482
25355,0.002910785
25356,0.007581081
25357,0.001776258
25358,0.005823776
25359,-0.015755268
25360,-0.000464179
25361,-0.004233726
25362,0.017052276
25363,0.007703057
25364,0.01217428
25365,0.009582702
25366,0.016973371
25367,-0.004478202
25368,0.018907817
25369,-0.000709917
25370,-0.000611874
25371,0.007657966
25372,0.030107263
25373,0.009507264
25374,0.006048179
25375,0.004727356
25376,0.009905475
25377,0.012891808
25378,0.016955987
25379,-0.006576969
25380,0.006925124
25381,0.008669781
25382,0.024153747
25383,-0.009191514
25384,-0.01379307
25385,0.015269243
25386,-0.015019924
25387,-0.002729004
25388,0.00387444
25389,-0.005411659
25390,0.003825775
25391,0.015716793
25392,-0.004544419
25393,0.011409626
25394,0.033559147
25395,-0.0030485
25396,0.01269294
25397,0.002038355
25398,-0.003679799
25399,0.015908316
25400,-0.005854122
25401,-0.029458439
25402,0.007202231
25403,0.020704102
25404,0.049206365
25405,-0.009770151
25406,-0.024841556
25407,-0.010150102
25408,0.002095736
25409,-0.006694607
25410,0.00074605
25411,-0.018289372
25412,0.007935371
25413,0.003416355
25414,0.021139277
25415,0.008808437
25416,-0.015538575
25417,0.001716897
25418,-0.031430431
25419,-0.026468512
25420,-0.007393911
25421,-0.002881953
25422,-0.015315572
25423,-0.002811245
25424,0.024169099
25425,0.00121958
25426,-0.007237159
25427,-0.001750579
25428,-0.007821295
25429,0.028880667
25430,0.021440024
25431,0.011860426
25432,0.03918932
25433,0.014659644
25434,0.035416055
25435,-0.033741966
25436,-0.014421345
25437,-0.021150755
25438,-0.002634743
25439,0.000797303
25440,-0.023846611
25441,-0.003780883
25442,0.015127112
25443,-0.008150976
25444,0.001980638
25445,-0.004241029
25446,0.007369463
25447,0.006189089
25448,0.002296942
25449,-0.056958083
25450,0.000858157
25451,0.03155965
25452,0.000900936
25453,-0.012335716
25454,0.016309572
25455,-0.000799471
25456,0.001039766
25457,-0.035891999
25458,0.002079068
25459,0.008854969
25460,-0.010583536
25461,0.001219356
25462,-0.011759349
25463,-0.040583611
25464,0.034700692
25465,0.014447589
25466,-0.008841154
25467,0.001641899
25468,0.007034327
25469,-0.001955754
25470,0.007727126
25471,-0.017066987
25472,0.044624723
25473,-0.003043639
25474,0.013423051
25475,0.011530374
25476,0.010879249
25477,0.001090344
25478,-0.029148566
25479,0.002152143
25480,0.006268696
25481,-0.010701895
25482,0.010486777
25483,0.004294761
25484,-0.009622821
25485,-0.004495421
25486,0.012992251
25487,0.039991725
25488,-0.014263718
25489,-0.013005611
25490,-0.002391025
25491,0.021068968
25492,0.003930182
25493,0.002268883
25494,0.011789713
25495,-0.012844746
25496,0.004371302
25497,0.010621202
25498,0.008319382
25499,-0.005006289
25500,-0.017297195
25501,-0.008623306
25502,0.040513106
25503,0.01311768
25504,-0.035560217
25505,-0.013748921
25506,0.006283623
25507,-0.012104653
25508,0.041667011
25509,0.000634536
25510,-0.008587997
25511,-0.00138053
25512,0.000423446
25513,-0.016719354
25514,0.015664345
25515,0.002144532
25516,0.011265527
25517,-0.00200075
25518,0.002595828
25519,-0.013814945
25520,0.012180865
25521,-0.000831919
25522,0.014090509
25523,0.005189352
25524,0.001577113
25525,0.010802686
25526,0.006595403
25527,0.019259814
25528,-0.002776145
25529,-0.006364198
25530,0.010898166
25531,-0.018736774
25532,-0.024186768
25533,-0.003539337
25534,-0.002960486
25535,-0.022749305
25536,0.013216843
25537,-0.005355304
25538,0.013091895
25539,0.011911768
25540,0.001997618
25541,0.017087234
25542,0.024787311
25543,0.028766772
25544,-0.021493291
25545,-0.02514578
25546,-0.002796128
25547,-0.002591648
25548,0.004684441
25549,-0.009390441
25550,-0.002249429
25551,0.010163421
25552,0.011588607
25553,0.00421024
25554,0.002033828
25555,0.009968802
25556,-0.008733694
25557,0.011063878
25558,0.005202116
25559,0.013162169
25560,0.029176459
25561,-0.025225047
25562,-0.012270323
25563,0.004788193
25564,0.033342518
25565,0.016672632
25566,-0.001809233
25567,-0.01369692
25568,0.016874319
25569,-0.012745148
25570,0.012601036
25571,0.001136348
25572,-0.006835361
25573,0.021178983
25574,-0.019403361
25575,-0.013736258
25576,0.02104599
25577,0.008156344
25578,-0.023796134
25579,-0.00211645
25580,-0.014299778
25581,0.006003151
25582,0.001967271
25583,-0.001635329
25584,0.00330387
25585,-0.013380395
25586,-0.010775198
25587,0.020246891
25588,0.015014782
25589,-0.016990816
25590,0.015659191
25591,-0.005527124
25592,-0.008032043
25593,0.002100785
25594,0.021785304
25595,0.036700871
25596,-0.001721216
25597,-0.006563705
25598,0.025935788
25599,-0.033530891
25600,-0.014161985
25601,0.005177797
25602,-0.016780058
25603,0.034089856
25604,0.001755128
25605,-0.007245196
25606,0.004629522
25607,0.001427358
25608,-0.010986784
25609,0.007019282
25610,0.001713678
25611,0.002542857
25612,-0.000658183
25613,-0.010289347
25614,0.00991196
25615,0.00538639
25616,0.004492522
25617,0.015511237
25618,0.018223787
25619,-0.016583605
25620,0.013019026
25621,0.007243482
25622,-0.016317695
25623,-0.010386639
25624,0.031975351
25625,0.015655493
25626,-0.039498016
25627,-0.011156929
25628,-0.009940403
25629,0.006914531
25630,-0.004973901
25631,-0.013429952
25632,-0.01656092
25633,0.008581476
25634,-0.020147545
25635,0.006581797
25636,0.024574729
25637,0.001642378
25638,0.037507165
25639,0.008678481
25640,-0.003107813
25641,0.010137104
25642,-0.004601612
25643,0.01745596
25644,-0.012164961
25645,-0.000717196
25646,0.081106141
25647,-0.009075278
25648,-0.036003806
25649,0.062455568
25650,-0.006225895
25651,-0.010381685
25652,-0.005188398
25653,-0.004994523
25654,0.003630452
25655,0.002780807
25656,-0.007552874
25657,-0.002154273
25658,-0.008313951
25659,0.018828252
25660,0.015611025
25661,0.004883508
25662,-0.015435642
25663,0.002814325
25664,0.002483789
25665,-0.012498183
25666,-0.007137655
25667,0.027773105
25668,0.024131032
25669,0.012938694
25670,0.014623645
25671,-0.003666377
25672,0.003970312
25673,-0.025039632
25674,-0.029285125
25675,0.000682141
25676,-0.003355008
25677,-0.023180155
25678,0.001880068
25679,-0.001140926
25680,0.012623303
25681,-0.002607307
25682,0.009060945
25683,0.014638911
25684,-0.000618173
25685,0.037296455
25686,-0.008014451
25687,-0.000521852
25688,-0.007354274
25689,0.005569795
25690,0.013718194
25691,0.04473003
25692,0.01277891
25693,-0.007825013
25694,-0.016804734
25695,0.002460938
25696,-0.007046126
25697,0.01647318
25698,-0.007017048
25699,-0.008842718
25700,0.015989145
25701,0.01260009
25702,-0.01361936
25703,-0.014974611
25704,-0.013477451
25705,-0.028411342
25706,0.016174659
25707,0.003806323
25708,0.01206133
25709,-0.00309872
25710,-0.003832791
25711,0.012457107
25712,0.011003775
25713,-0.001809528
25714,-0.010078639
25715,-0.008611216
25716,-0.0290778
25717,0.031862743
25718,-0.018439235
25719,0.025064424
25720,0.017862646
25721,-0.013840486
25722,0.019437153
25723,0.010078182
25724,0.000483219
25725,-0.028483167
25726,0.00050111
25727,0.005249001
25728,0.007063366
25729,0.011618007
25730,0.012287006
25731,-0.001895562
25732,-0.010721795
25733,-0.00511805
25734,-0.005337142
25735,0.008138433
25736,-0.000981749
25737,0.0072736
25738,-0.011544882
25739,-0.002988385
25740,-0.00923265
25741,-0.008092395
25742,-0.007862757
25743,-0.001810606
25744,-0.022877123
25745,-0.00987236
25746,-0.015484421
25747,-0.003079826
25748,0.020936491
25749,-0.00935146
25750,-0.007771701
25751,0.012186462
25752,-0.033003397
25753,0.034846921
25754,0.008520121
25755,0.011176363
25756,-0.002648789
25757,-0.006836129
25758,-0.023853684
25759,-0.002784161
25760,0.004126688
25761,-0.006655809
25762,0.028966192
25763,0.038911521
25764,-0.01144929
25765,0.027373606
25766,-0.007765799
25767,-0.013668284
25768,0.012602895
25769,0.01442503
25770,-0.008421795
25771,-0.045036305
25772,0.004283488
25773,0.001655767
25774,-0.001625836
25775,0.015603482
25776,-0.006556664
25777,-0.017459696
25778,0.007258967
25779,-0.004963537
25780,0.002139244
25781,-0.008594745
25782,0.002188499
25783,0.021769932
25784,-0.007190227
25785,-0.003805762
25786,0.013383419
25787,0.019582208
25788,0.02109975
25789,-0.012924627
25790,-0.014814194
25791,0.029132985
25792,0.005590955
25793,-0.004143931
25794,0.000891646
25795,0.012727959
25796,0.030071272
25797,0.003474834
25798,-0.011771571
25799,-0.016283257
25800,-0.007830948
25801,-0.024866255
25802,-0.012740117
25803,0.005698117
25804,-0.003889657
25805,0.018720973
25806,-0.002709037
25807,-0.005219274
25808,-0.014145078
25809,0.010804195
25810,0.00739064
25811,0.003975844
25812,-0.003364769
25813,0.00487472
25814,-0.002989587
25815,-0.014007931
25816,-0.004345523
25817,0.007288353
25818,-0.012832693
25819,-0.001381846
25820,0.013032055
25821,-0.003921056
25822,-0.00746321
25823,-0.008679792
25824,-0.001305419
25825,-0.011349427
25826,0.004838754
25827,-0.005897988
25828,-0.011979919
25829,0.008281182
25830,0.012374879
25831,0.017485125
25832,-0.009563233
25833,0.006469034
25834,0.016585825
25835,0.020053107
25836,0.014007904
25837,0.01906042
25838,-0.007887797
25839,-0.013325428
25840,0.001179562
25841,-0.051173858
25842,0.000858734
25843,0.030810056
25844,0.058511451
25845,-0.011313559
25846,0.004613889
25847,-0.015194049
25848,-0.020679871
25849,-0.00666936
25850,-0.006276795
25851,-0.006487323
25852,0.027392389
25853,-0.006913357
25854,0.014508748
25855,-0.024157969
25856,0.00509736
25857,-0.015059735
25858,0.011218387
25859,0.009577607
25860,-0.015174583
25861,-0.010526554
25862,0.000442093
25863,0.012176815
25864,-0.003448786
25865,0.005400789
25866,0.004647463
25867,-0.006971148
25868,0.004885647
25869,-0.002553951
25870,-0.010194833
25871,0.007517519
25872,0.015182023
25873,0.008868841
25874,0.01866818
25875,-0.007471604
25876,0.000188965
25877,0.009127049
25878,0.003264652
25879,-0.003288472
25880,0.00692376
25881,-0.003492927
25882,-0.027250152
25883,0.016096933
25884,-0.025941979
25885,-0.0190318
25886,0.052866381
25887,-0.007344516
25888,0.013232925
25889,-0.028135084
25890,-0.043015622
25891,-0.036697686
25892,0.009572144
25893,0.001874501
25894,0.002292368
25895,-0.017065853
25896,0.004570713
25897,0.006018075
25898,-0.010201882
25899,-0.007638612
25900,-0.015544147
25901,-0.000513115
25902,0.008003867
25903,-0.004811843
25904,0.003288197
25905,0.021710908
25906,-0.01397396
25907,0.002468036
25908,0.011808421
25909,-0.00048077
25910,-0.016593849
25911,0.000180756
25912,-0.010857889
25913,0.001206697
25914,-0.012023459
25915,0.004957803
25916,0.012139311
25917,0.01003604
25918,-0.001124928
25919,0.035842881
25920,0.00044477
25921,-0.031659149
25922,0.018977687
25923,0.008486772
25924,0.022758381
25925,-0.009304778
25926,0.000774764
25927,-0.015492926
25928,0.0048084
25929,-0.004861307
25930,-0.031909443
25931,0.040325373
25932,-0.019395107
25933,0.017979434
25934,0.007380684
25935,0.024900813
25936,-0.007585306
25937,0.0029522
25938,-0.006847518
25939,-0.003766458
25940,0.014267923
25941,-0.017402375
25942,-0.006737325
25943,0.007134442
25944,-0.007054566
25945,0.004138852
25946,0.006251149
25947,-0.003495757
25948,-0.003989264
25949,-0.030364828
25950,-0.003696045
25951,-0.009352051
25952,0.002993013
25953,-0.012705388
25954,0.026948415
25955,0.0099824
25956,0.008294669
25957,-0.030075099
25958,0.012510998
25959,-0.005796734
25960,0.020818181
25961,-0.019266417
25962,-0.005219751
25963,0.006228482
25964,0.030218847
25965,-0.02622021
25966,0.020554762
25967,0.016916426
25968,-0.004829082
25969,0.001187103
25970,-0.035469942
25971,0.041750334
25972,-0.016353192
25973,-0.036305923
25974,-0.001114874
25975,0.000336103
25976,0.0213206
25977,-0.002022097
25978,-0.004999044
25979,0.004908528
25980,-0.009054693
25981,0.011045627
25982,-0.00035218
25983,0.007708793
25984,-0.00237562
25985,0.004992324
25986,-0.004891433
25987,-0.023184812
25988,-0.011281585
25989,0.000449861
25990,0.007081628
25991,-0.034004781
25992,-0.00646485
25993,-0.00032538
25994,0.025105953
25995,-0.005965138
25996,-0.029968964
25997,0.032902326
25998,-0.007832242
25999,0.001382285
26000,0.003722491
26001,-0.000460864
26002,0.024438394
26003,-0.030184319
26004,0.005119921
26005,-0.000405478
26006,-0.011311332
26007,-0.017044177
26008,-0.015567592
26009,0.022992089
26010,-0.001351073
26011,0.001574576
26012,-0.009860612
26013,0.013327597
26014,-0.003113006
26015,0.008611569
26016,0.017952861
26017,0.009512144
26018,0.013168742
26019,-0.003835436
26020,-0.006823018
26021,-0.028966729
26022,0.033768207
26023,0.021701764
26024,-0.018832892
26025,0.006057682
26026,0.018258939
26027,0.001977386
26028,-0.011244941
26029,0.015034889
26030,0.002887494
26031,-0.029257221
26032,0.008953487
26033,0.010796805
26034,-0.006474218
26035,-0.009438989
26036,0.009336798
26037,-0.028228819
26038,-0.000689892
26039,-0.007228286
26040,0.003266983
26041,-0.021304496
26042,-0.026509166
26043,-0.023844618
26044,-0.018579118
26045,0.010104509
26046,0.020191442
26047,0.010328313
26048,0.004377545
26049,-0.000237162
26050,0.003688973
26051,0.007523978
26052,-0.004969242
26053,-0.03453885
26054,-0.017603129
26055,0.018593503
26056,0.012067805
26057,0.004939836
26058,-0.026772963
26059,0.019593827
26060,0.019081544
26061,0.002121039
26062,-0.014158588
26063,-0.004833917
26064,-0.011137461
26065,0.013946696
26066,0.032177165
26067,-0.038771734
26068,-0.004714914
26069,-0.000463866
26070,0.001133539
26071,0.001353319
26072,0.020136785
26073,-0.004405709
26074,0.011375281
26075,-0.02518942
26076,0.007173364
26077,0.031614576
26078,0.009768226
26079,0.00950083
26080,-0.00155165
26081,-0.004243917
26082,0.003669349
26083,-0.0026334
26084,0.007047559
26085,-0.007212526
26086,0.017563468
26087,-0.00964473
26088,-0.004672009
26089,-0.022545902
26090,0.002688844
26091,0.011948828
26092,-0.004407319
26093,0.002569915
26094,-0.02182027
26095,0.017052883
26096,0.004317529
26097,0.000559482
26098,-0.01120113
26099,0.002294721
26100,-0.012192742
26101,-0.034970149
26102,0.007168532
26103,-0.005971952
26104,0.020479506
26105,0.018487839
26106,0.004643534
26107,0.021599034
26108,-0.014065727
26109,0.006898503
26110,-0.000199088
26111,0.002002796
26112,0.001669103
26113,0.019816246
26114,-0.005711608
26115,-0.020341529
26116,-0.024504015
26117,-0.015979353
26118,-0.020032171
26119,-0.027774237
26120,0.017542673
26121,0.043039907
26122,0.026800053
26123,-0.05651613
26124,0.000333325
26125,0.001983528
26126,-0.010594895
26127,-0.001645793
26128,-0.016654681
26129,-0.000634113
26130,0.020502772
26131,0.001850414
26132,-0.01174569
26133,-0.001170768
26134,-0.012318353
26135,-0.002692105
26136,0.037673794
26137,-0.021249916
26138,-0.012890928
26139,-0.013223303
26140,-0.029570891
26141,0.000490015
26142,-0.009096637
26143,0.018397203
26144,0.00179362
26145,-0.006181241
26146,0.028348887
26147,0.007145227
26148,-0.03450403
26149,-0.003553176
26150,-0.000385208
26151,-0.026784388
26152,0.013849174
26153,-0.016991384
26154,0.001551301
26155,0.015292081
26156,0.013205118
26157,0.028825944
26158,-0.008125969
26159,0.010782219
26160,-0.005846341
26161,0.027616339
26162,0.009846509
26163,0.00911672
26164,0.001321857
26165,0.006671484
26166,-0.008872502
26167,-0.031980082
26168,0.008715807
26169,0.000859191
26170,-0.000217495
26171,-0.002640484
26172,-0.01657935
26173,-0.022440605
26174,-0.007075215
26175,-0.011143555
26176,0.009590218
26177,-0.007516686
26178,0.011511029
26179,0.019367335
26180,0.006044582
26181,-0.025038
26182,-0.010135058
26183,-0.000521693
26184,0.00620523
26185,-0.01252113
26186,-0.068120778
26187,-0.000627434
26188,-0.019150244
26189,-0.01076262
26190,0.017804828
26191,0.009698707
26192,-0.008795078
26193,-0.036060233
26194,-0.010387974
26195,-0.005301855
26196,0.005845123
26197,-0.02483354
26198,0.023496442
26199,-0.004639801
26200,0.009486898
26201,-0.003341707
26202,0.00299735
26203,0.031268012
26204,-0.003269003
26205,-0.01724254
26206,-0.007672774
26207,-0.009441878
26208,-0.003060565
26209,-0.021661313
26210,0.005830393
26211,-0.006499142
26212,-0.003265993
26213,0.00608845
26214,0.035983976
26215,-0.003541969
26216,-0.01530402
26217,0.006585968
26218,0.029497569
26219,0.012338233
26220,-0.02589854
26221,-0.02224548
26222,0.00213212
26223,0.006733498
26224,0.018558776
26225,0.006411502
26226,-0.013284838
26227,0.005177056
26228,0.00255368
26229,-0.002501338
26230,0.01898819
26231,-0.000264304
26232,0.011989398
26233,0.001684539
26234,0.005243616
26235,0.0070048
26236,-0.030077564
26237,0.006364719
26238,-0.026749041
26239,0.003149783
26240,0.026601462
26241,-0.025616961
26242,-0.02505606
26243,0.022619817
26244,0.023315998
26245,-0.000893659
26246,-0.012812627
26247,-0.026702382
26248,0.010208758
26249,0.012073797
26250,0.033647183
26251,-0.006598224
26252,-0.014618262
26253,-0.01760049
26254,-2.86E-05
26255,0.000783406
26256,-0.005083745
26257,0.009802832
26258,-0.000445694
26259,0.01510945
26260,0.000671154
26261,-0.000196791
26262,0.015623645
26263,0.015718028
26264,-4.26E-05
26265,0.016542202
26266,-0.006317849
26267,-0.017659292
26268,0.003298603
26269,0.00733101
26270,-0.0109592
26271,0.000429172
26272,0.041138384
26273,0.011691105
26274,0.008246073
26275,0.001432257
26276,0.002216324
26277,0.000861879
26278,-0.005153179
26279,9.11E-06
26280,
26281,
26282,0.020857057
26283,0.022322884
26284,0.014147827
26285,0.022733077
26286,0.017699651
26287,0.007403944
26288,-0.015774935
26289,-0.010375152
26290,-0.005310311
26291,-0.010470915
26292,-0.012975652
26293,-0.022263326
26294,0.008017157
26295,0.007331999
26296,-0.000229169
26297,0.039002936
26298,-0.000320246
26299,-0.040338047
26300,-0.013501497
26301,0.028804142
26302,0.009832403
26303,0.015917905
26304,-0.010996099
26305,-0.020878801
26306,-0.037232835
26307,0.016446544
26308,-0.022830471
26309,-0.009697057
26310,0.027831184
26311,0.009493798
26312,-0.024710605
26313,0.020378973
26314,0.009546249
26315,-0.037158307
26316,-0.047730833
26317,0.034187756
26318,-0.023873791
26319,-0.019234041
26320,-0.002377348
26321,-0.004002833
26322,-0.004318131
26323,0.015420366
26324,-0.00325764
26325,0.053172175
26326,0.010671599
26327,0.006501081
26328,0.005139994
26329,0.007035555
26330,-0.001803135
26331,0.002235958
26332,-0.001569298
26333,0.019766876
26334,-0.00766874
26335,-0.027017169
26336,0.011252276
26337,0.000706986
26338,0.019449795
26339,-0.03496433
26340,-0.001909202
26341,0.01665299
26342,0.008374429
26343,-0.000787998
26344,-0.007678189
26345,-0.014375364
26346,0.020272264
26347,0.010526985
26348,0.001855064
26349,-0.003553003
26350,-0.024329588
26351,0.021318169
26352,-0.004052283
26353,-0.015136695
26354,0.000190732
26355,0.007751255
26356,0.003365704
26357,0.026022466
26358,0.012513645
26359,0.005883798
26360,0.014859643
26361,-0.012474581
26362,0.004284909
26363,0.052310571
26364,-0.025540054
26365,0.008474031
26366,-0.010660099
26367,0.001051061
26368,0.000202999
26369,-0.000596305
26370,-0.005197649
26371,0.001808307
26372,0.025581544
26373,-0.014994796
26374,-0.000626107
26375,0.005705943
26376,0.019466847
26377,-0.000329369
26378,0.012667864
26379,0.026482051
26380,0.006592659
26381,-0.010122593
26382,-0.012574634
26383,0.002689441
26384,0.006836741
26385,-0.001200183
26386,0.007035262
26387,0.012485636
26388,-0.006612145
26389,-0.002462653
26390,-0.022924071
26391,-0.0136447
26392,-0.013889865
26393,0.002336827
26394,-0.007565344
26395,-0.029316669
26396,-0.021475257
26397,0.019063896
26398,-0.020690624
26399,0.00242593
26400,0.012920141
26401,-0.010226924
26402,-0.002213529
26403,0.012910189
26404,-0.00273055
26405,0.012358978
26406,0.007201596
26407,-0.003150625
26408,-0.009907085
26409,0.002983201
26410,-0.006308673
26411,0.00610224
26412,0.006020405
26413,-0.01315183
26414,-0.000504497
26415,-0.00700252
26416,-0.007411645
26417,0.00344447
26418,0.012910137
26419,0.014228077
26420,0.005621247
26421,0.014556776
26422,0.007793371
26423,-0.011218949
26424,-0.005829357
26425,0.012161314
26426,-0.010097154
26427,0.008470558
26428,-0.00318423
26429,-0.025449127
26430,-0.010440897
26431,0.005468359
26432,0.009756055
26433,-0.006069172
26434,-0.004200852
26435,0.010838268
26436,0.006225707
26437,0.010797526
26438,0.000767359
26439,-0.024511188
26440,-0.000925923
26441,0.019830275
26442,0.010216261
26443,0.008413174
26444,-0.006086726
26445,-0.025955793
26446,0.011492281
26447,0.003794241
26448,-0.017010426
26449,0.004240222
26450,0.00013267
26451,-0.018599002
26452,-0.006883812
26453,0.016456936
26454,0.00662714
26455,0.007250603
26456,-0.047419176
26457,-0.007137961
26458,-0.020069843
26459,-0.020810492
26460,0.007876676
26461,0.006070997
26462,-0.050727885
26463,-0.011875366
26464,0.018982591
26465,-0.026147187
26466,-0.017095258
26467,0.012975375
26468,-0.013617412
26469,0.008334562
26470,-0.010078701
26471,0.009578801
26472,0.001514087
26473,-0.020032063
26474,-0.002579566
26475,0.021453144
26476,0.00106227
26477,-0.00969892
26478,-0.010299918
26479,-0.010995205
26480,0.003435223
26481,-0.0223825
26482,-0.071003228
26483,0.023646832
26484,0.014789519
26485,0.012082738
26486,-0.010323832
26487,-0.014247851
26488,0.0091639
26489,-0.002589139
26490,-0.01612808
26491,-0.045487989
26492,-0.000758803
26493,0.024163561
26494,0.020179315
26495,0.019727901
26496,0.012713613
26497,-0.029837502
26498,0.022604888
26499,-0.002330275
26500,-0.015728308
26501,-0.021301731
26502,-0.005743748
26503,0.002831076
26504,0.038141582
26505,-0.002417274
26506,0.013040786
26507,0.000619161
26508,-0.00448251
26509,-0.003898737
26510,-0.004792207
26511,0.013776532
26512,0.024793308
26513,-0.006443659
26514,-0.029229127
26515,-0.01165052
26516,0.001387184
26517,0.035833042
26518,0.006873115
26519,-0.001383128
26520,0.010752706
26521,0.011676517
26522,-0.010853915
26523,0.01982291
26524,-0.006733756
26525,-0.020681292
26526,0.006061421
26527,0.00880295
26528,0.006094486
26529,0.005426573
26530,0.01420192
26531,0.070170373
26532,-0.013395282
26533,-0.002382624
26534,0.013588411
26535,0.009625491
26536,-0.034072336
26537,-0.026838653
26538,-0.016434846
26539,0.013180524
26540,-0.023023268
26541,-0.00455077
26542,-0.005914758
26543,-0.007626647
26544,-0.009492402
26545,-0.00109966
26546,-0.015952921
26547,0.01834492
26548,-0.009955683
26549,-0.021783862
26550,0.004703073
26551,-0.003374144
26552,-0.002468911
26553,0.013732401
26554,-0.000425156
26555,0.01138681
26556,-0.017127655
26557,0.008739511
26558,0.00408306
26559,-0.017090127
26560,-0.012558978
26561,-0.030749425
26562,-0.006345492
26563,-0.004055028
26564,0.010650609
26565,-0.021382285
26566,0.006543923
26567,0.015027056
26568,-0.012477431
26569,-0.013779014
26570,0.010696639
26571,-0.023263428
26572,-0.002835347
26573,0.011226079
26574,-0.011408113
26575,-0.031602047
26576,-0.009818327
26577,-0.012905648
26578,0.015781431
26579,0.01181811
26580,0.002443944
26581,0.009177852
26582,-0.003246797
26583,-0.009348019
26584,0.004189823
26585,0.008242774
26586,0.016678292
26587,-0.020103561
26588,-0.007716928
26589,-0.000679767
26590,-0.012288113
26591,0.018776849
26592,0.008171667
26593,0.004882925
26594,0.01497886
26595,0.032419968
26596,0.005940987
26597,0.002327963
26598,0.002709502
26599,-0.017423006
26600,-0.011571953
26601,0.002725217
26602,-0.013721979
26603,-0.020755393
26604,-0.016978383
26605,-0.008229835
26606,-0.004779203
26607,0.028355407
26608,-0.015471037
26609,0.00454166
26610,0.002987582
26611,0.00713475
26612,-0.000739962
26613,0.003221229
26614,0.020718182
26615,0.000129088
26616,-0.014171246
26617,-0.017821688
26618,0.000879664
26619,-0.00241073
26620,0.000867269
26621,-0.004269785
26622,0.015290009
26623,-0.005572605
26624,0.006892439
26625,0.002540597
26626,-0.018845845
26627,0.00144486
26628,0.007706098
26629,-0.024561465
26630,-0.011365394
26631,0.008651552
26632,0.008122
26633,-0.001712232
26634,-0.023929909
26635,-0.01314627
26636,-0.009702974
26637,0.025822347
26638,-0.005603277
26639,-0.012146804
26640,0.054472756
26641,-0.011534953
26642,-0.029174296
26643,0.003197909
26644,-0.006641677
26645,0.014305341
26646,0.015143082
26647,-0.000605459
26648,0.002660397
26649,0.011773664
26650,-0.002649033
26651,-0.031646926
26652,0.052529287
26653,0.007963111
26654,-0.014256971
26655,0.013813935
26656,-0.015888728
26657,0.035829294
26658,0.00641829
26659,0.009990707
26660,-0.005642515
26661,0.020764137
26662,0.02931927
26663,0.002453143
26664,-0.006363242
26665,-0.001748686
26666,-0.01079613
26667,0.008890721
26668,-0.001255535
26669,0.004839469
26670,-0.000415448
26671,-0.017318884
26672,-0.015542272
26673,-0.001082598
26674,0.027393622
26675,-0.014883528
26676,-0.028451283
26677,-0.006557188
26678,-0.005456273
26679,0.006006646
26680,0.018257603
26681,-0.00918922
26682,0.003202257
26683,0.005404758
26684,-0.021572746
26685,0.013568986
26686,-0.012411552
26687,-0.023551412
26688,-0.028938621
26689,0.008988078
26690,-0.012848918
26691,0.002149119
26692,-0.013703742
26693,0.003869321
26694,0.004513051
26695,0.012097958
26696,0.00209529
26697,0.001864308
26698,-0.007518461
26699,-0.007907284
26700,-0.000530078
26701,0.0097991
26702,-0.00041931
26703,0.02202888
26704,-0.001864671
26705,-0.028159348
26706,-0.008575422
26707,-0.018782362
26708,0.014806748
26709,0.006878739
26710,0.023237528
26711,-0.006659389
26712,0.00047573
26713,-0.001911725
26714,-0.008729823
26715,0.002852289
26716,0.041663744
26717,0.000692403
26718,-0.017487766
26719,-0.005649068
26720,0.014994049
26721,0.009162945
26722,-0.003604502
26723,-0.013909828
26724,0.003388516
26725,-0.018211477
26726,0.002946796
26727,0.035524052
26728,0.001639232
26729,-0.034897119
26730,-0.027930178
26731,-0.018256472
26732,0.006588733
26733,-0.008823724
26734,0.00901956
26735,0.000321922
26736,-0.005636268
26737,0.003562091
26738,0.002515389
26739,0.004129956
26740,0.030813931
26741,0.005560658
26742,-0.007635057
26743,-0.037935279
26744,0.038525611
26745,0.0074443
26746,0.001679337
26747,-0.066597946
26748,-0.009275788
26749,0.009914438
26750,-0.000631277
26751,0.00592532
26752,0.016509095
26753,0.006324355
26754,0.012455908
26755,0.003002341
26756,0.05011658
26757,0.009650612
26758,-0.007120165
26759,0.005399458
26760,-0.003710443
26761,-0.000276334
26762,0.010602765
26763,-0.009007544
26764,0.015986662
26765,0.001575626
26766,0.013029353
26767,1.93E-05
26768,-0.004681147
26769,-0.000878389
26770,0.01897572
26771,0.007701616
26772,-0.016348368
26773,0.005322253
26774,-0.008669166
26775,0.012438236
26776,-0.016698897
26777,0.025688272
26778,0.019715805
26779,0.015302412
26780,0.003257636
26781,-0.012534142
26782,0.025692405
26783,-0.009406287
26784,-0.017503334
26785,-0.012603492
26786,0.01489912
26787,0.007056029
26788,0.032915354
26789,0.011666973
26790,0.012643151
26791,-0.023414463
26792,0.006653911
26793,0.004368127
26794,-0.010234754
26795,0.05550177
26796,-0.00234511
26797,0.009467466
26798,0.015005258
26799,-0.006101636
26800,-0.003611858
26801,0.018166447
26802,-0.002507261
26803,0.011895611
26804,0.002122946
26805,-0.003052054
26806,0.00785657
26807,0.026524557
26808,-0.041479681
26809,-0.003960002
26810,-0.009856504
26811,-0.00216435
26812,-0.002596057
26813,-0.005551666
26814,0.018445287
26815,0.004608842
26816,-0.000406077
26817,0.004353159
26818,-0.001472694
26819,0.001763976
26820,0.02719597
26821,0.020214787
26822,-0.022046292
26823,0.005658394
26824,0.00360155
26825,-0.00953625
26826,0.006374232
26827,-0.00347748
26828,0.001321697
26829,-0.006651646
26830,-0.0063711
26831,-0.013519573
26832,-0.015090421
26833,-0.008216545
26834,0.01707406
26835,-0.017069608
26836,0.022066746
26837,-0.014749061
26838,0.009054989
26839,0.004788842
26840,-0.024008812
26841,-0.01150804
26842,0.003292234
26843,0.012649821
26844,0.010900919
26845,-0.017898768
26846,0.006169104
26847,-0.003838948
26848,0.003139722
26849,-0.001310922
26850,-0.027112952
26851,-0.016904693
26852,0.004175308
26853,0.011417046
26854,-0.002321146
26855,-0.010900804
26856,-0.003807453
26857,-0.014495706
26858,0.000707697
26859,0.009078245
26860,0.001555716
26861,-0.012042351
26862,-0.050979082
26863,0.001214785
26864,0.034276586
26865,-0.028102765
26866,-0.008669545
26867,0.018369559
26868,0.019837972
26869,-0.032390896
26870,0.003400907
26871,0.0224106
26872,-0.010460375
26873,-0.030856896
26874,0.014859048
26875,0.005960372
26876,0.026332341
26877,0.029762106
26878,0.008850824
26879,0.008405016
26880,0.01739639
26881,-0.017825028
26882,0.000711028
26883,0.013079607
26884,0.00787006
26885,-0.02298752
26886,0.005649446
26887,0.019142846
26888,-0.027106561
26889,8.27E-06
26890,0.016364554
26891,-0.025365215
26892,-0.011196945
26893,0.016117521
26894,0.002792864
26895,0.006111052
26896,0.013944984
26897,-0.018516988
26898,-0.016530465
26899,0.003860943
26900,0.005834853
26901,0.021894183
26902,-0.00437392
26903,-0.030015336
26904,0.046392534
26905,0.008845055
26906,0.002376386
26907,-0.014639285
26908,0.031464331
26909,-0.014675268
26910,-0.003024924
26911,0.012469082
26912,0.00974973
26913,0.000457691
26914,0.017779304
26915,0.00011608
26916,0.012778389
26917,0.008150308
26918,-0.036316328
26919,0.042978484
26920,-0.004491752
26921,-0.02248353
26922,0.009908224
26923,-0.016030371
26924,-0.024097137
26925,-0.035879236
26926,0.012545621
26927,0.015735272
26928,0.022891162
26929,0.0001544
26930,0.000990068
26931,-0.009005366
26932,-0.01228624
26933,0.016597319
26934,0.006199723
26935,0.00407588
26936,-0.055618741
26937,0.024513265
26938,-0.013936811
26939,-0.014009159
26940,-0.006433069
26941,0.01131512
26942,-0.0031457
26943,-0.012053606
26944,-0.025660397
26945,0.020421941
26946,0.039594434
26947,-0.002893589
26948,0.019839495
26949,-0.006599658
26950,-0.001287186
26951,0.025338734
26952,0.001156275
26953,-0.026937738
26954,-0.010838008
26955,0.029557377
26956,0.001099332
26957,0.011955499
26958,-0.016946813
26959,0.009183532
26960,0.003346308
26961,0.033968937
26962,-0.001984284
26963,-0.009501719
26964,-0.008122256
26965,-0.005102298
26966,-0.026279531
26967,-0.001015687
26968,-0.035164855
26969,-0.011265106
26970,0.033382535
26971,-0.000697868
26972,-0.021397606
26973,0.002330518
26974,0.00160049
26975,0.005623913
26976,0.011194575
26977,-0.001773471
26978,-0.019602332
26979,-0.011815921
26980,0.01337645
26981,-0.009467512
26982,-0.002550415
26983,0.008838152
26984,0.033556063
26985,-0.000913755
26986,-0.022453878
26987,-0.023801861
26988,0.027810274
26989,-0.003424703
26990,-0.007205874
26991,0.040763736
26992,0.005833543
26993,-0.010010981
26994,-0.003760115
26995,0.029255407
26996,0.005031325
26997,-0.033564866
26998,-0.007351465
26999,-0.016849404
27000,-0.012457807
27001,-0.000409316
27002,0.0083445
27003,-0.008330395
27004,0.004120722
27005,-0.000720499
27006,-0.006491983
27007,-0.006807031
27008,0.005290108
27009,-0.003393436
27010,0.000497939
27011,-0.01515239
27012,-0.000624269
27013,0.029447712
27014,0.014836873
27015,0.008874043
27016,-0.003039599
27017,0.003206821
27018,0.02747025
27019,-0.046655815
27020,-0.006587479
27021,-0.007222987
27022,0.02832433
27023,0.019955322
27024,0.007990476
27025,-0.036223743
27026,-0.064383194
27027,0.024100795
27028,-0.022615314
27029,-0.005237984
27030,0.01311944
27031,0.006530048
27032,0.005653667
27033,-0.011250052
27034,-0.018860977
27035,-0.006902255
27036,-0.019228213
27037,0.001688366
27038,0.012007347
27039,0.002823575
27040,-0.00229092
27041,0.020228349
27042,0.016436381
27043,0.005954269
27044,-2.86E-05
27045,0.009254859
27046,0.025362197
27047,-0.027906766
27048,0.000296095
27049,0.008413276
27050,-0.0179363
27051,0.00790538
27052,0.007439788
27053,0.015255722
27054,0.010910699
27055,-0.030074568
27056,-0.001510625
27057,0.000448472
27058,0.00014544
27059,-0.010665357
27060,-0.014797677
27061,0.001258403
27062,-0.007661731
27063,0.023509165
27064,0.001771176
27065,0.003444585
27066,-0.013783272
27067,-0.030544039
27068,0.004912023
27069,-0.009272774
27070,-0.020433692
27071,2.61E-05
27072,-0.000319908
27073,0.013387842
27074,0.023159651
27075,0.01262459
27076,-0.001907946
27077,0.002353866
27078,-0.014616783
27079,8.31E-05
27080,-0.01909747
27081,-0.008661392
27082,0.002758966
27083,-0.006365813
27084,-0.011854593
27085,0.016117338
27086,0.004382178
27087,-0.005285741
27088,0.027088553
27089,-0.00602838
27090,-0.017876115
27091,0.006936966
27092,-1.06E-05
27093,0.001702345
27094,0.004441003
27095,-0.052153278
27096,0.006100048
27097,0.010172035
27098,0.012280457
27099,0.010913417
27100,-0.025762485
27101,0.005615908
27102,0.004679064
27103,-0.004623035
27104,-0.01671244
27105,0.013834408
27106,-0.015943751
27107,-0.010196802
27108,-0.018070735
27109,-0.002289475
27110,0.053313404
27111,-0.001402343
27112,0.002924383
27113,0.001023813
27114,-0.007311583
27115,-0.00306693
27116,-0.026282433
27117,0.005748217
27118,0.010054078
27119,0.01048631
27120,-0.013724169
27121,-0.017529244
27122,-0.029848527
27123,-0.018586366
27124,-0.027334414
27125,0.000707777
27126,-0.003123175
27127,-0.036958579
27128,-0.00560256
27129,0.001620375
27130,-0.006758762
27131,0.02642807
27132,-0.006776806
27133,-0.009857533
27134,0.025359262
27135,-0.01549689
27136,0.007455471
27137,0.010783697
27138,0.025710877
27139,0.009494908
27140,0.000780255
27141,0.00562129
27142,-0.044891294
27143,0.020313803
27144,-0.004211637
27145,0.005740237
27146,0.001268997
27147,-0.014986715
27148,-0.017956313
27149,-0.020418106
27150,0.000296059
27151,0.010982266
27152,0.00184096
27153,0.002779678
27154,-0.007290883
27155,0.006351964
27156,0.004706643
27157,0.009651407
27158,0.003949258
27159,0.007756239
27160,0.031882852
27161,-0.037062928
27162,-0.003785461
27163,-0.013315084
27164,0.002555474
27165,-0.019228945
27166,-0.011564162
27167,0.030973079
27168,-0.007075124
27169,0.004322927
27170,-0.00486744
27171,-0.00566724
27172,-0.048645932
27173,-0.001044034
27174,0.032364748
27175,-0.008020611
27176,0.005452586
27177,-0.015060992
27178,-0.011811405
27179,-0.02988291
27180,-0.008836207
27181,0.008448382
27182,0.017741067
27183,-0.030591102
27184,0.003218492
27185,0.034660436
27186,-0.009875701
27187,-0.01224607
27188,0.009539938
27189,-0.012315317
27190,-0.012372881
27191,0.00648511
27192,-0.018579047
27193,0.00027018
27194,0.013455827
27195,0.037242137
27196,-0.00905467
27197,-0.009708193
27198,0.01125084
27199,-0.005700981
27200,-0.016125051
27201,0.01494096
27202,0.012181981
27203,-0.013925894
27204,-0.003487913
27205,0.013978249
27206,0.011603104
27207,-0.012326461
27208,-0.0134467
27209,-0.015950259
27210,0.024645442
27211,-0.009800215
27212,-0.018559517
27213,-0.007450345
27214,0.011265122
27215,0.017714957
27216,0.001050509
27217,0.000896159
27218,-0.008931157
27219,-0.002368235
27220,-0.033393566
27221,0.022390451
27222,0.014695961
27223,0.001858972
27224,-0.000400833
27225,0.005322262
27226,0.016528923
27227,0.012400162
27228,-0.009855716
27229,-0.008735013
27230,0.010138147
27231,-0.006230121
27232,-0.016327325
27233,-0.002155917
27234,0.029326558
27235,0.002457161
27236,-0.005599073
27237,0.011654194
27238,0.000310909
27239,0.010159409
27240,-0.01899296
27241,0.006443946
27242,-0.002362017
27243,-0.005519693
27244,-0.01681884
27245,0.005239501
27246,-0.006530765
27247,0.00048349
27248,0.001551007
27249,0.008616501
27250,-0.006898205
27251,-0.004160815
27252,0.009349013
27253,-0.00629109
27254,0.005253921
27255,0.008374319
27256,0.033025965
27257,0.025466816
27258,0.011135169
27259,0.01100107
27260,0.004901521
27261,-0.002021833
27262,-0.023101032
27263,0.00351772
27264,0.016261242
27265,0.016458623
27266,0.002930242
27267,-0.004069165
27268,0.00781377
27269,0.013917542
27270,0.020961449
27271,0.024252022
27272,0.003245557
27273,-0.002169027
27274,-0.011632887
27275,0.012630567
27276,-0.00882493
27277,0.002788016
27278,0.008176824
27279,0.003097222
27280,0.000593929
27281,-0.008350348
27282,0.002239081
27283,0.007455638
27284,-0.001411808
27285,-0.017763712
27286,-0.032674786
27287,0.006886271
27288,0.011913437
27289,-0.031827204
27290,0.010211102
27291,-0.00068981
27292,0.007739464
27293,-0.015501404
27294,-0.017500546
27295,-0.012682862
27296,0.024314974
27297,0.029796289
27298,-0.002575397
27299,-0.01733857
27300,0.000924756
27301,0.004239201
27302,-0.007792093
27303,-0.016204929
27304,-0.003101533
27305,-0.014738846
27306,-0.004145555
27307,0.019667601
27308,-0.010464427
27309,-0.002413695
27310,0.011504693
27311,0.008805837
27312,0.000225829
27313,-0.007428728
27314,-0.039110433
27315,0.00575438
27316,0.000963922
27317,-0.008290824
27318,-0.010665858
27319,0.010555609
27320,-0.003502676
27321,-0.002164074
27322,0.043309737
27323,0.00395508
27324,-0.022199212
27325,-0.016528668
27326,0.00700891
27327,0.009132728
27328,-0.001102719
27329,-0.026167816
27330,-0.022863353
27331,0.010448331
27332,-0.001740487
27333,0.015856208
27334,0.006030078
27335,-0.002891548
27336,0.004597137
27337,-0.001942073
27338,0.004528806
27339,-0.006323308
27340,0.008925372
27341,-0.013709508
27342,0.014971247
27343,-0.020992011
27344,0.005756188
27345,0.024509551
27346,0.009832329
27347,-0.009862732
27348,0.003332581
27349,0.018192954
27350,0.006996562
27351,-0.0316891
27352,-0.016954591
27353,-0.016159106
27354,-0.011478747
27355,0.001741296
27356,0.003406597
27357,0.005390373
27358,0.007562646
27359,-0.001035587
27360,0.017637299
27361,0.010023572
27362,0.015244626
27363,-0.022152197
27364,0.010191981
27365,0.009576308
27366,0.003872423
27367,-0.017694356
27368,-0.030003944
27369,0.001336197
27370,0.026298538
27371,0.018007739
27372,-0.019663585
27373,-0.010622094
27374,-0.002826284
27375,0.015784513
27376,0.000377643
27377,0.021658979
27378,-0.005329902
27379,-0.014181814
27380,0.003923494
27381,0.018984549
27382,0.000167597
27383,0.020800188
27384,0.013577397
27385,-0.003115574
27386,-0.010302713
27387,0.016459091
27388,0.010510484
27389,-0.022546006
27390,-0.01541044
27391,-0.014594976
27392,0.012621731
27393,-0.033239376
27394,-0.01434584
27395,0.007171959
27396,-0.004019997
27397,0.016757956
27398,-0.020352332
27399,0.019655222
27400,-0.00637372
27401,-0.002339528
27402,-0.011849816
27403,-0.02661242
27404,-0.019181907
27405,-0.006312889
27406,-0.000369011
27407,-0.002663869
27408,0.011285276
27409,0.003259282
27410,-0.003215276
27411,0.025027812
27412,0.000776621
27413,-0.000895573
27414,-0.001188667
27415,-0.004638091
27416,0.011799964
27417,0.028061436
27418,-0.01329385
27419,0.008693423
27420,-0.028142927
27421,-0.011030886
27422,0.024014492
27423,0.021628745
27424,0.007675886
27425,0.016515533
27426,-0.007509321
27427,0.009104073
27428,-6.24E-05
27429,-0.009766285
27430,-0.013621989
27431,-0.006923518
27432,0.008632611
27433,0.009503737
27434,-0.02744405
27435,0.03346983
27436,0.026549347
27437,-0.023437984
27438,-0.016671289
27439,0.001426646
27440,-0.022042725
27441,0.002907133
27442,0.018288573
27443,0.007925805
27444,-0.01782617
27445,-0.009774283
27446,-0.013814725
27447,0.004778957
27448,-0.002991358
27449,-0.009130633
27450,-0.007892
27451,0.00909938
27452,-0.017897256
27453,0.001473337
27454,-0.006843647
27455,0.015578342
27456,-0.000727439
27457,0.000922842
27458,0.001136599
27459,0.010275228
27460,-0.014122768
27461,-0.011402997
27462,0.004178971
27463,0.033503227
27464,0.035734233
27465,-0.000346177
27466,-0.007744072
27467,0.037629738
27468,0.006236454
27469,-0.006601157
27470,-0.003681241
27471,-0.015299398
27472,0.012205666
27473,0.026714751
27474,-0.027280422
27475,-0.021800447
27476,0.007662281
27477,0.013105406
27478,-0.034224831
27479,-0.00478921
27480,-0.012261441
27481,-0.026811071
27482,0.005272675
27483,0.004640092
27484,0.007865919
27485,0.021323521
27486,-0.007286774
27487,0.011593671
27488,0.007829362
27489,0.003810316
27490,0.010059899
27491,-0.013430629
27492,0.005186087
27493,-0.008760975
27494,-0.009647809
27495,0.000476388
27496,-0.004650109
27497,0.016104175
27498,0.014056371
27499,0.012173444
27500,-0.018976146
27501,-0.008254665
27502,0.0056001
27503,-0.002519476
27504,0.016849352
27505,-0.026679059
27506,-0.018462252
27507,-0.008684582
27508,-0.008550646
27509,-0.004402122
27510,0.009102575
27511,-0.002220182
27512,0.028481003
27513,0.032269228
27514,-0.041137211
27515,-0.021881001
27516,-0.019032909
27517,0.004361941
27518,0.029647375
27519,2.44E-05
27520,-0.02454968
27521,0.005314988
27522,0.008203294
27523,-0.009845687
27524,-0.005653781
27525,0.012012791
27526,0.015736289
27527,0.009581224
27528,0.002023604
27529,-0.001084591
27530,0.044733863
27531,0.009271408
27532,
27533,
27534,-0.003892502
27535,0.02144574
27536,0.028290544
27537,-0.021036832
27538,-0.009677996
27539,-0.012425511
27540,-0.00106041
27541,0.001850592
27542,-0.020310255
27543,-0.002163712
27544,-0.003838246
27545,0.006999344
27546,-0.004149515
27547,-0.011882517
27548,-0.010861848
27549,0.003705482
27550,-0.021127263
27551,0.009827841
27552,-0.010981095
27553,-0.003227843
27554,0.024133349
27555,0.017916473
27556,-0.023165584
27557,-0.029628806
27558,0.006043492
27559,0.002562626
27560,-0.011233808
27561,0.001935827
27562,0.007416534
27563,0.02024783
27564,-0.008079014
27565,-0.049928915
27566,-0.001289806
27567,0.037817836
27568,0.001785758
27569,-0.009403749
27570,0.001215568
27571,-0.00738859
27572,0.002998789
27573,0.01027895
27574,-0.016272416
27575,-0.005352519
27576,0.027763445
27577,0.025508067
27578,0.002597671
27579,-0.011279931
27580,0.00433017
27581,-0.03351004
27582,-0.00590612
27583,0.031671178
27584,0.00429932
27585,-0.000442212
27586,0.00865284
27587,-0.022827661
27588,-0.021843709
27589,-0.021066627
27590,0.023913836
27591,0.008222545
27592,-0.023051381
27593,0.003669745
27594,0.012364335
27595,-0.023138782
27596,-0.003809208
27597,0.020262279
27598,-0.015933331
27599,-0.01199992
27600,-0.013327775
27601,-0.003705364
27602,0.009801215
27603,0.000497681
27604,0.004202736
27605,0.001410147
27606,-0.01172034
27607,-0.009356683
27608,0.033587281
27609,-2.75E-05
27610,0.003386092
27611,0.003366597
27612,-0.008047035
27613,0.016679632
27614,0.001159451
27615,-0.031764615
27616,-0.016959095
27617,-0.000689818
27618,0.012228614
27619,-0.02869441
27620,-0.008487017
27621,0.043026749
27622,0.006368134
27623,-0.000266702
27624,0.001741159
27625,0.02065569
27626,-0.006210622
27627,0.013444649
27628,0.047814343
27629,-0.009158039
27630,0.002716283
27631,0.006473011
27632,0.008229397
27633,0.012028737
27634,0.006530155
27635,-0.00054054
27636,0.009955985
27637,-0.015772855
27638,-0.055161942
27639,0.016360627
27640,0.009920818
27641,0.022876693
27642,0.04128553
27643,0.060730424
27644,0.020130306
27645,-0.015754702
27646,-0.013165059
27647,-0.001690521
27648,0.0157055
27649,0.012318954
27650,0.002100928
27651,0.003279048
27652,-0.012587319
27653,0.009128135
27654,-0.026755609
27655,-0.006047922
27656,-0.015800018
27657,-0.010257253
27658,0.002024301
27659,-0.006267609
27660,-0.029698484
27661,-0.019308697
27662,0.025354052
27663,-0.005608005
27664,-0.006121914
27665,-0.002353142
27666,-0.021435162
27667,0.008295222
27668,0.03058162
27669,0.014572952
27670,-0.010233101
27671,0.015877018
27672,0.044810846
27673,-0.000955165
27674,-0.002360319
27675,-0.001449728
27676,-0.048298717
27677,0.027747393
27678,-0.016218565
27679,-0.022940636
27680,-0.010043176
27681,-0.014306911
27682,-0.004387184
27683,0.021839479
27684,0.017113701
27685,-0.00818326
27686,0.016670831
27687,-0.005901602
27688,-0.028581945
27689,-0.012304123
27690,-0.017239735
27691,0.008363888
27692,0.030552855
27693,-0.019445779
27694,0.016978839
27695,0.001703791
27696,0.024517074
27697,-0.017233528
27698,-0.035189815
27699,0.005519938
27700,0.013498971
27701,0.017651539
27702,-0.016377367
27703,0.036096055
27704,0.003522873
27705,-0.004542108
27706,-0.002948662
27707,0.028514704
27708,0.020052949
27709,0.01683417
27710,-0.014432804
27711,0.003399061
27712,0.004487145
27713,-0.001122703
27714,-0.000935988
27715,0.002240349
27716,-0.013049091
27717,0.016839035
27718,-0.003249455
27719,0.009915313
27720,-0.000925728
27721,0.007204076
27722,0.004423195
27723,-0.006317273
27724,0.03588723
27725,0.017860534
27726,0.067867093
27727,0.012556422
27728,-0.021255191
27729,-0.031742938
27730,-0.008210747
27731,-0.000347235
27732,0.011888806
27733,0.004065717
27734,-0.012554672
27735,0.001539549
27736,-0.015902616
27737,-0.016175693
27738,0.010370662
27739,-0.00063293
27740,0.011010451
27741,0.038552944
27742,0.009605263
27743,0.00107255
27744,0.014502916
27745,-0.013543304
27746,0.016642803
27747,0.001541045
27748,-0.001205125
27749,-0.014303192
27750,-0.011480934
27751,-0.011895936
27752,0.014124068
27753,0.046551351
27754,-0.008611723
27755,0.016907925
27756,0.023594987
27757,0.014399884
27758,0.030826468
27759,0.001045097
27760,-0.017044464
27761,0.027294854
27762,0.019544506
27763,0.006567848
27764,-2.66E-05
27765,0.003003557
27766,0.001315917
27767,0.002759426
27768,-0.012754257
27769,0.017607844
27770,0.037798945
27771,-0.01921729
27772,-0.0013986
27773,-0.016617522
27774,-0.002012721
27775,0.007053915
27776,0.023770066
27777,0.004782931
27778,-0.001466993
27779,-0.014029363
27780,0.014666298
27781,0.004831182
27782,0.002923476
27783,0.00482396
27784,0.010930944
27785,0.013257487
27786,0.013620568
27787,0.018191155
27788,-0.019168124
27789,-0.031100232
27790,-0.002076893
27791,-0.017776202
27792,-0.013252955
27793,0.000105919
27794,0.012751259
27795,0.001151418
27796,-0.005672225
27797,-0.011336589
27798,0.002165044
27799,0.024770392
27800,0.02546565
27801,0.000681105
27802,0.009254972
27803,0.036094625
27804,-0.008333124
27805,0.001956726
27806,0.018182309
27807,0.023600955
27808,-0.022434726
27809,-0.001197479
27810,0.04053035
27811,-0.004773763
27812,-0.016557943
27813,0.000453498
27814,-0.001282171
27815,0.023068186
27816,-0.013333557
27817,0.00283819
27818,0.031569231
27819,0.033688866
27820,0.010866658
27821,0.002963169
27822,-0.015306051
27823,0.013853505
27824,0.009602094
27825,-0.00223695
27826,-0.027054446
27827,0.007939968
27828,0.00359669
27829,0.002160956
27830,-0.011684686
27831,0.012655888
27832,-0.017257342
27833,-0.000963563
27834,-0.046368074
27835,0.004961839
27836,0.004489921
27837,-0.005692145
27838,0.018841788
27839,-0.004556286
27840,-0.001925636
27841,-0.023955591
27842,-0.008197576
27843,-0.004796161
27844,0.036847182
27845,0.011911009
27846,0.017069628
27847,0.015753845
27848,-0.011685049
27849,-0.019164227
27850,-0.003154642
27851,0.018566227
27852,-0.024003642
27853,0.002689108
27854,0.004201061
27855,-0.008695087
27856,-0.04098196
27857,0.004269117
27858,0.016461642
27859,-0.004427439
27860,0.008694757
27861,0.002678836
27862,-0.019332774
27863,0.003258255
27864,-0.011399432
27865,-0.036399774
27866,-0.023665203
27867,-0.004344206
27868,0.003214201
27869,-0.010096876
27870,0.002278807
27871,-0.002250802
27872,-0.013351075
27873,-0.012172826
27874,0.007717179
27875,0.007402285
27876,-0.01399825
27877,0.01065748
27878,-0.011563219
27879,-0.008069645
27880,0.023779213
27881,0.030763345
27882,-0.01120289
27883,-0.004103156
27884,0.001566238
27885,0.019540289
27886,-0.017481955
27887,0.003619373
27888,-0.025306422
27889,-9.18E-05
27890,-0.002830321
27891,0.02385065
27892,-0.009054104
27893,-0.001941224
27894,0.017413272
27895,0.040591132
27896,0.008474516
27897,0.014769964
27898,-0.022046143
27899,-0.01501128
27900,0.008922925
27901,-0.024819102
27902,-0.012590412
27903,-0.03039244
27904,-0.002065202
27905,0.023225348
27906,-0.002695646
27907,-0.01152577
27908,-0.017668547
27909,-0.004530119
27910,0.029734116
27911,-0.002813278
27912,-0.021781281
27913,-0.01316216
27914,-0.006785983
27915,-0.015218814
27916,0.006765635
27917,-0.004052635
27918,-0.005510208
27919,-0.015234349
27920,-0.033562269
27921,-0.000156962
27922,0.015316588
27923,-0.010769214
27924,0.008624872
27925,0.001497664
27926,-0.005110908
27927,-0.024918368
27928,0.005438525
27929,0.006846327
27930,-0.013166044
27931,0.0061202
27932,-0.011472333
27933,0.003607096
27934,0.016727539
27935,-3.20E-05
27936,-0.002312381
27937,0.012060197
27938,0.004895757
27939,-0.060051616
27940,-0.003632032
27941,0.049980953
27942,0.035367444
27943,-0.03258327
27944,0.005730044
27945,0.020234514
27946,0.004556253
27947,-0.018759353
27948,-0.008298074
27949,-0.001728091
27950,-0.021302732
27951,0.012053415
27952,-0.035766721
27953,0.002434237
27954,-0.008574313
27955,-0.000837532
27956,-0.006963249
27957,-0.005386235
27958,-0.018553767
27959,0.034503553
27960,-0.002049663
27961,0.010148663
27962,-0.021647574
27963,-0.048466045
27964,-0.023918077
27965,0.012799899
27966,0.019635746
27967,-0.029923039
27968,-0.00536191
27969,0.021200454
27970,0.021139523
27971,-0.021552965
27972,0.019456999
27973,0.024959583
27974,-0.002495988
27975,0.010705542
27976,0.011928828
27977,0.01501524
27978,-0.003303227
27979,-0.00773123
27980,-0.001101786
27981,-0.007140722
27982,-0.000799489
27983,-0.007490749
27984,-0.009486188
27985,0.003979481
27986,0.034149155
27987,-0.007378884
27988,-0.01792258
27989,-0.001139642
27990,-0.038326323
27991,0.008186027
27992,0.011228166
27993,0.01495263
27994,0.00624623
27995,-0.01909174
27996,0.001142781
27997,-0.009293352
27998,0.023798995
27999,-0.005633851
28000,0.012448148
28001,0.005340765
28002,0.011984619
28003,-0.006360972
28004,0.015037416
28005,0.01413373
28006,0.014556642
28007,-0.00938024
28008,-0.000654118
28009,0.003643016
28010,0.009804068
28011,-0.002516017
28012,0.034261778
28013,-0.019114092
28014,-0.010033744
28015,0.026002545
28016,-0.000631045
28017,-0.015918808
28018,0.007467745
28019,0.025265627
28020,0.005873997
28021,-0.008665611
28022,0.019423926
28023,-0.010114337
28024,0.004334857
28025,-0.003037194
28026,-0.009234193
28027,-0.025001997
28028,0.006788645
28029,0.032979585
28030,-0.006344345
28031,-0.042191435
28032,0.018827867
28033,-0.004666311
28034,-0.027244035
28035,0.000792167
28036,0.008279937
28037,0.020658568
28038,-0.010965745
28039,0.005067962
28040,0.008265579
28041,0.016667837
28042,-0.011124519
28043,-0.00401989
28044,0.005167705
28045,-0.028286755
28046,-0.026906051
28047,0.022036893
28048,0.024047649
28049,-0.023405047
28050,-0.003053011
28051,-0.005787087
28052,0.01529827
28053,0.006304636
28054,-0.007372164
28055,0.018460102
28056,0.00405873
28057,0.001129658
28058,0.005194008
28059,-0.006472727
28060,0.01416316
28061,-0.000617487
28062,-0.012540632
28063,0.01369504
28064,0.016633581
28065,-0.004056904
28066,-0.0022108
28067,-0.005677475
28068,0.007519789
28069,0.018273834
28070,-0.012816302
28071,0.011023514
28072,-0.010881288
28073,-0.005265249
28074,-0.00162302
28075,0.017060988
28076,0.001279493
28077,0.004040274
28078,-0.018007696
28079,0.005947185
28080,0.007194624
28081,0.00581286
28082,-0.006846055
28083,-0.001224757
28084,-2.66E-05
28085,0.013607424
28086,-0.0209122
28087,-0.000993609
28088,0.016929042
28089,-6.15E-05
28090,-0.003426271
28091,0.037804175
28092,0.005415536
28093,-0.011593512
28094,0.008609897
28095,0.040624965
28096,-0.0102585
28097,-0.010647382
28098,0.010858183
28099,-0.002891267
28100,-0.006192064
28101,-0.010360645
28102,0.007884303
28103,0.01134481
28104,-0.075841963
28105,-0.01311939
28106,-0.021955116
28107,-0.013195306
28108,-0.018328458
28109,9.57E-05
28110,-0.000763292
28111,5.59E-06
28112,-0.000211407
28113,-0.008388435
28114,-0.01420751
28115,-0.007474673
28116,0.009560906
28117,0.005647706
28118,0.00243394
28119,-5.90E-05
28120,-0.011033283
28121,-0.005581005
28122,0.008896648
28123,-0.002949368
28124,-0.000565589
28125,-0.017451925
28126,0.00509232
28127,-0.02497174
28128,-0.028063528
28129,0.002166185
28130,-0.003292941
28131,0.007709566
28132,0.000499015
28133,0.027802944
28134,-0.002343842
28135,0.033337273
28136,0.018800121
28137,-0.003330366
28138,-0.002076971
28139,-0.015402777
28140,0.024409911
28141,-0.023994049
28142,0.001941069
28143,0.027857516
28144,0.006287785
28145,0.00422031
28146,0.02772267
28147,0.005917004
28148,-0.024061562
28149,-0.024647329
28150,0.023978624
28151,0.009470529
28152,0.004516733
28153,-0.019688128
28154,-0.001821283
28155,0.006141016
28156,-0.014906652
28157,0.009766497
28158,0.019195709
28159,-0.012140556
28160,-0.012170825
28161,0.010256746
28162,-0.009248742
28163,-0.007241071
28164,-0.015956935
28165,-0.004789719
28166,-0.008013148
28167,0.035973087
28168,-0.008582975
28169,0.037467107
28170,0.004960363
28171,-0.006552231
28172,-0.019779146
28173,-0.001658049
28174,0.001078876
28175,-0.01686788
28176,0.011381753
28177,0.022814453
28178,-0.033011679
28179,0.004595907
28180,0.00548646
28181,-0.029392269
28182,-0.000905758
28183,0.011178136
28184,0.000152404
28185,-0.000565153
28186,0.013649914
28187,-0.000338272
28188,-0.019920008
28189,0.003799245
28190,0.006324607
28191,-0.005722417
28192,-0.009636825
28193,0.005975349
28194,0.038776588
28195,-0.027331213
28196,-0.003726511
28197,0.005941182
28198,0.019505646
28199,-0.003313519
28200,-0.015309395
28201,-0.004582076
28202,-0.021569751
28203,-0.01692011
28204,-0.003489376
28205,0.009054615
28206,0.004957182
28207,0.019792451
28208,-0.006543679
28209,-0.007706772
28210,0.013170416
28211,0.003718177
28212,-0.016774038
28213,0.013698104
28214,0.015388935
28215,-0.011264973
28216,-0.00566624
28217,0.012591918
28218,-0.013563264
28219,0.017723393
28220,0.063464798
28221,-0.028107416
28222,0.010953481
28223,0.001165524
28224,-0.005530044
28225,0.01793772
28226,0.011034966
28227,0.027423881
28228,-0.005765434
28229,0.009245134
28230,-0.028955592
28231,-0.02255326
28232,0.027402971
28233,0.004168193
28234,-0.002115543
28235,-0.030233858
28236,-0.018153735
28237,0.000243783
28238,-0.002725893
28239,0.005200121
28240,-0.017059138
28241,0.041887563
28242,0.000286894
28243,0.018743347
28244,0.008804048
28245,-0.007081138
28246,0.001486667
28247,-0.00131151
28248,-0.039261751
28249,-0.014911855
28250,0.000404922
28251,-0.002458275
28252,0.014946022
28253,0.020755488
28254,-0.058189098
28255,-0.004107273
28256,0.003523974
28257,0.017805446
28258,-0.025085954
28259,-0.006910719
28260,0.007368797
28261,0.017820982
28262,-0.019223049
28263,0.014762799
28264,0.019574974
28265,-0.009430619
28266,-0.025680061
28267,0.002654692
28268,-0.011778704
28269,0.013307172
28270,-0.000272488
28271,-0.008849245
28272,0.014245741
28273,-0.001353726
28274,-0.003419965
28275,-0.017282849
28276,0.005540016
28277,-0.00477545
28278,0.003246044
28279,0.000212833
28280,-0.010081928
28281,0.00451324
28282,0.007459655
28283,0.026221879
28284,-0.033456717
28285,0.019633263
28286,-0.026103022
28287,-0.033287153
28288,0.002319586
28289,-0.010612239
28290,-0.029124252
28291,0.000427493
28292,0.017705852
28293,-0.002510534
28294,-0.030245099
28295,0.000586963
28296,0.001960498
28297,-0.02143701
28298,0.005629704
28299,-0.017738339
28300,0.012000457
28301,0.009231464
28302,0.010331891
28303,0.010755485
28304,-0.002338971
28305,0.006013952
28306,-0.004389416
28307,-0.010793831
28308,0.000520173
28309,-0.013473176
28310,-0.001929944
28311,0.009438867
28312,-0.010501303
28313,0.011684856
28314,-0.005454855
28315,0.019245649
28316,0.006139096
28317,-0.007734747
28318,0.009354327
28319,0.042381197
28320,-0.006800704
28321,-0.018271267
28322,0.020685075
28323,0.008140107
28324,-0.001835159
28325,-0.010595677
28326,0.005168406
28327,-0.020720916
28328,0.01874822
28329,-0.010974191
28330,-0.010358175
28331,0.027394108
28332,0.017675221
28333,-0.067561708
28334,-0.032897912
28335,-0.01349637
28336,0.02316137
28337,-0.025332958
28338,-0.001727759
28339,-0.006566826
28340,-0.014594849
28341,0.008929419
28342,0.014613601
28343,-0.005059763
28344,0.01076384
28345,0.027572386
28346,-0.000796258
28347,-0.055044845
28348,0.029568192
28349,-0.001555937
28350,-0.000491092
28351,-0.003150628
28352,0.027559977
28353,0.013241648
28354,0.011319366
28355,0.011200316
28356,-0.012411588
28357,0.019789321
28358,0.019233229
28359,-0.037777867
28360,0.003259059
28361,0.026943218
28362,0.011494508
28363,-0.009890898
28364,-0.022458553
28365,0.012471762
28366,0.007288784
28367,0.022885468
28368,0.003064927
28369,-0.014464356
28370,0.025874659
28371,0.000630943
28372,0.015549851
28373,-0.015004742
28374,0.013119809
28375,-0.012293582
28376,0.021158306
28377,-0.00119602
28378,-0.01928734
28379,0.012481833
28380,0.02214838
28381,-0.030864492
28382,-0.028680602
28383,0.00462386
28384,0.003912825
28385,-0.008890419
28386,0.042547729
28387,0.001779497
28388,0.020999629
28389,-0.001502166
28390,-0.010137554
28391,-0.007739962
28392,-0.012191192
28393,-0.01199556
28394,0.005677317
28395,0.010842387
28396,-0.015651606
28397,0.003012421
28398,0.016636111
28399,0.018214382
28400,-0.023257244
28401,-0.009565418
28402,0.021830324
28403,-0.026586086
28404,-0.044283189
28405,0.036012575
28406,0.017644709
28407,0.004958088
28408,0.042169861
28409,-0.008429974
28410,-0.020883249
28411,-0.009629296
28412,0.015670678
28413,-0.006584664
28414,0.008327214
28415,0.001247335
28416,-0.004813462
28417,0.039203841
28418,0.019470174
28419,-0.01733499
28420,0.012854098
28421,-0.009767756
28422,-0.026580857
28423,-0.019963363
28424,0.005761736
28425,0.012337706
28426,-0.008424339
28427,0.034521598
28428,-0.006076411
28429,0.001841327
28430,0.00658197
28431,-0.038508169
28432,0.00180962
28433,-0.024421357
28434,0.003944016
28435,0.003504358
28436,-0.004130895
28437,-0.005941672
28438,0.035167519
28439,-0.030299276
28440,-0.005702791
28441,0.013834847
28442,-0.015537363
28443,-0.001800048
28444,-0.000691758
28445,-0.00396969
28446,-0.001461707
28447,0.0002176
28448,0.059392579
28449,-0.004012065
28450,-0.010877206
28451,0.032003902
28452,0.011733317
28453,-0.018592646
28454,-0.021688152
28455,-0.014587147
28456,-0.019005958
28457,0.001433584
28458,0.009409364
28459,-0.019020315
28460,-0.020855259
28461,-0.002013979
28462,0.007748683
28463,-0.019043991
28464,0.001591875
28465,-0.001504278
28466,-0.033977959
28467,0.002936892
28468,0.008267588
28469,0.010151788
28470,0.001063111
28471,-0.003974651
28472,0.0091617
28473,0.026952336
28474,-0.004707698
28475,0.007959103
28476,0.014677596
28477,0.018602859
28478,-0.01011262
28479,0.007178443
28480,-0.017946452
28481,0.001953698
28482,0.006665208
28483,0.007447844
28484,-0.003441916
28485,-0.012580167
28486,0.012840321
28487,-0.00749156
28488,0.01273181
28489,0.009549291
28490,-0.014364203
28491,0.003717268
28492,0.010677613
28493,0.048060991
28494,-0.006216861
28495,0.007160234
28496,0.030681726
28497,-0.010453308
28498,0.00118211
28499,0.007304174
28500,0.033831466
28501,0.013081826
28502,-0.002507644
28503,-0.002779055
28504,-0.027651168
28505,0.007569568
28506,-0.012260929
28507,0.005924519
28508,-0.004551682
28509,-0.019609289
28510,0.037715986
28511,-0.001848196
28512,-0.006215126
28513,-0.014258978
28514,-0.004723502
28515,0.006931044
28516,0.008831243
28517,0.013416955
28518,-0.013991944
28519,0.001802092
28520,0.005900057
28521,0.010254349
28522,-0.003764427
28523,0.005869737
28524,-0.007250276
28525,0.007600061
28526,-0.035878107
28527,0.003885112
28528,-0.003067247
28529,0.020348234
28530,0.00366579
28531,-0.010725317
28532,5.38E-05
28533,-0.014861311
28534,-0.003139226
28535,0.015993327
28536,-0.002503612
28537,0.003136713
28538,0.02914256
28539,0.01059299
28540,-0.020346735
28541,0.011316198
28542,0.016147085
28543,0.003276871
28544,-0.002154008
28545,-0.007109241
28546,-0.008744427
28547,-0.029644286
28548,0.002249574
28549,-0.014007023
28550,-0.014036676
28551,0.00266806
28552,0.006288409
28553,0.017992752
28554,-0.015053981
28555,-0.013160007
28556,-0.004220547
28557,-0.000403037
28558,-0.004858179
28559,-0.007169896
28560,0.003943424
28561,0.018832443
28562,-0.00734442
28563,-0.031931419
28564,-0.004924887
28565,0.027533488
28566,-0.031385016
28567,0.014141224
28568,0.006425279
28569,-0.033212166
28570,-0.044387426
28571,-0.014956909
28572,0.028977064
28573,0.013849085
28574,-0.001359786
28575,-0.010584205
28576,0.023222512
28577,0.045083735
28578,0.011359839
28579,-0.015775206
28580,-0.024304196
28581,0.000151465
28582,0.009849931
28583,0.007370825
28584,-0.028509164
28585,0.02900972
28586,0.015052277
28587,0.004139023
28588,-0.01831428
28589,-0.011946185
28590,0.003307752
28591,0.006257317
28592,-0.007353981
28593,0.006518642
28594,-0.023465723
28595,-0.002293264
28596,-0.007095652
28597,-0.076958768
28598,0.002170798
28599,0.009967529
28600,0.013017426
28601,0.005876608
28602,-0.011871905
28603,-0.00926239
28604,0.027989054
28605,-0.019295432
28606,-0.017529583
28607,0.00054591
28608,0.023163212
28609,0.008776201
28610,-0.007888057
28611,-0.003274308
28612,0.005150265
28613,-0.005610547
28614,-0.004551277
28615,-0.007134329
28616,-0.01259348
28617,-0.020284148
28618,-0.023533368
28619,0.038450535
28620,0.001900985
28621,-0.001091153
28622,-0.008924104
28623,0.012947779
28624,0.008182774
28625,0.022337813
28626,-0.000751043
28627,-0.012660661
28628,0.013462233
28629,0.012193159
28630,0.008499308
28631,0.005030863
28632,0.018115286
28633,-0.018035216
28634,0.046779647
28635,-0.007832167
28636,-0.017756511
28637,0.018991489
28638,0.013252234
28639,0.008004042
28640,-0.001173881
28641,-0.024474014
28642,-0.011857165
28643,-0.004692828
28644,0.010617059
28645,-0.00699573
28646,-0.007627829
28647,0.001437928
28648,-0.017054489
28649,-0.011728193
28650,0.007016518
28651,0.022224477
28652,-0.013259337
28653,0.030827023
28654,0.000118469
28655,0.022619529
28656,0.005552233
28657,-0.012391347
28658,0.014973049
28659,0.00420029
28660,-0.029840868
28661,-0.065483853
28662,0.029375065
28663,-0.012596385
28664,-0.000796085
28665,0.009942267
28666,-0.004163943
28667,-0.011104466
28668,0.014080561
28669,0.0291616
28670,-0.031905256
28671,0.006017038
28672,0.004993867
28673,-0.002820135
28674,-0.035684031
28675,-0.001514784
28676,-0.004760119
28677,0.002409081
28678,-0.025580117
28679,0.000232463
28680,0.013183118
28681,0.007958127
28682,-0.013065641
28683,0.016759057
28684,0.000111681
28685,0.011880043
28686,-0.026096223
28687,0.02195156
28688,-0.060834773
28689,-0.024824781
28690,-0.000870786
28691,0.005734442
28692,0.01398002
28693,0.002286675
28694,0.004522395
28695,-0.004478942
28696,0.008785914
28697,-0.015785171
28698,-0.012357115
28699,0.01218079
28700,0.01847549
28701,-0.008526421
28702,-0.005695455
28703,-0.001744563
28704,0.001005534
28705,0.004481324
28706,0.001561645
28707,0.030130215
28708,0.000907254
28709,0.000715284
28710,-0.015179634
28711,0.012143058
28712,-0.011983273
28713,0.011095581
28714,0.023136118
28715,0.013295526
28716,-0.016052581
28717,0.001527767
28718,0.022145841
28719,-0.021607209
28720,-0.027034886
28721,-0.001339818
28722,0.004348388
28723,-0.001809115
28724,0.019319329
28725,0.010735434
28726,0.031153182
28727,0.016172698
28728,-0.005211568
28729,0.025601789
28730,-0.000866652
28731,0.008793133
28732,0.005344073
28733,0.019357927
28734,-0.026601844
28735,-0.023038497
28736,-0.007674818
28737,-0.015353001
28738,-0.002861554
28739,-0.007007285
28740,0.003609403
28741,-0.010811427
28742,0.000578867
28743,-0.023658127
28744,0.010131664
28745,0.003178372
28746,-0.023725592
28747,0.025273172
28748,-0.013157686
28749,0.008218109
28750,-0.00609313
28751,0.00559735
28752,0.024057617
28753,-0.011787594
28754,0.036782239
28755,-0.004265563
28756,0.001312745
28757,0.016185809
28758,-0.012325073
28759,-0.002768188
28760,-0.017307306
28761,0.007276726
28762,0.002921596
28763,0.009411233
28764,0.015130968
28765,0.018784573
28766,0.005295866
28767,0.011063695
28768,-0.003275086
28769,0.020581061
28770,-0.00423087
28771,0.02049304
28772,0.003234255
28773,0.007117112
28774,0.04016979
28775,-0.004072262
28776,-0.030654719
28777,-0.040242732
28778,-0.027878355
28779,0.015987415
28780,-0.004656034
28781,0.002661298
28782,0.015399436
28783,
28784,
28785,-0.010133876
28786,0.009750781
28787,-0.021110361
28788,-0.009897713
28789,0.00268025
28790,0.002142217
28791,-0.003804679
28792,-0.012113702
28793,0.021486489
28794,0.011055255
28795,-0.015418692
28796,-0.021814182
28797,0.009050771
28798,0.002751816
28799,-0.01516057
28800,-0.003331525
28801,0.016361324
28802,0.004236001
28803,0.005960183
28804,0.012932009
28805,0.012453083
28806,0.004397498
28807,0.004417867
28808,0.017445108
28809,0.00731323
28810,-0.011148744
28811,-0.010126611
28812,0.000978267
28813,0.038038056
28814,-0.007007751
28815,-0.033812542
28816,0.026016211
28817,-0.021718375
28818,0.00247956
28819,0.004642993
28820,0.008201992
28821,0.001394022
28822,-0.021938344
28823,0.003814292
28824,-0.010591309
28825,0.031148694
28826,-0.015639987
28827,0.00475009
28828,-0.000158343
28829,0.00871982
28830,-0.003266212
28831,0.006386183
28832,0.005458526
28833,-0.042682793
28834,-0.036832623
28835,-0.012241614
28836,0.002133417
28837,-6.98E-05
28838,0.010523496
28839,-0.000874366
28840,0.017520661
28841,0.002572957
28842,-0.010057989
28843,-0.004591951
28844,0.027226279
28845,0.019337654
28846,-0.015427405
28847,-0.037761059
28848,-0.009114273
28849,0.03319956
28850,-0.010537563
28851,-0.013440589
28852,0.019177793
28853,-0.008858493
28854,0.008331838
28855,0.010070431
28856,-0.016328232
28857,-0.001898986
28858,-0.007325982
28859,0.004955579
28860,-0.005180453
28861,-0.0025681
28862,-0.027565653
28863,0.020449026
28864,0.015010236
28865,0.01751597
28866,-0.018576071
28867,-0.007698308
28868,0.003840067
28869,-0.025768543
28870,-0.014563448
28871,-0.020183407
28872,-0.00311468
28873,0.001946395
28874,-0.008730488
28875,-0.070149906
28876,-0.016067447
28877,-0.002528873
28878,-0.005483035
28879,-0.023256706
28880,0.027929515
28881,0.0039111
28882,-0.011717748
28883,-0.017863601
28884,0.009754383
28885,0.015802601
28886,0.007338164
28887,-0.015110677
28888,-0.001428214
28889,0.013349175
28890,0.005920401
28891,-0.019835522
28892,-0.012562592
28893,0.001826561
28894,0.011188458
28895,-0.002441526
28896,-0.027945604
28897,0.009061646
28898,0.027489351
28899,-0.016719842
28900,0.006855991
28901,0.021164089
28902,0.011418522
28903,0.014141509
28904,-0.015643312
28905,-0.016630258
28906,0.000786429
28907,0.011832612
28908,0.049364436
28909,-0.031187477
28910,-0.014981363
28911,0.027121847
28912,0.016361838
28913,0.017529264
28914,-0.016688801
28915,-0.020209627
28916,0.016453644
28917,0.006993936
28918,0.007525129
28919,0.010328553
28920,0.010928292
28921,-0.008449726
28922,-0.014924474
28923,0.007398302
28924,0.018933175
28925,0.028604124
28926,-0.004564528
28927,0.023425128
28928,-0.006109153
28929,-0.008240798
28930,0.044131704
28931,0.026935549
28932,-0.024279557
28933,-0.008797725
28934,0.030362336
28935,0.014153171
28936,-0.025270747
28937,0.004159419
28938,-0.005991649
28939,-0.000735593
28940,0.018854883
28941,0.025372695
28942,-0.004856816
28943,-0.024519997
28944,0.021347133
28945,0.013383756
28946,-4.44E-05
28947,0.028055845
28948,-0.000312741
28949,-7.79E-05
28950,0.03065321
28951,0.015613034
28952,0.01827589
28953,0.029837057
28954,0.004967073
28955,-0.016860066
28956,0.007951151
28957,0.020781502
28958,0.000722791
28959,-0.024673259
28960,0.010905595
28961,-0.021372216
28962,-0.001052996
28963,0.022060256
28964,-0.009748504
28965,-0.010196811
28966,0.004816962
28967,-0.004963228
28968,0.029182415
28969,-0.011829478
28970,-0.004550193
28971,0.011744199
28972,-0.001223444
28973,-0.005535371
28974,-0.011467273
28975,-0.022864338
28976,-0.000891304
28977,0.02392791
28978,0.022935022
28979,-0.006581429
28980,-0.015215105
28981,-0.058445659
28982,-0.007316899
28983,0.01263346
28984,0.01675023
28985,0.03869224
28986,-0.009597028
28987,-0.013411297
28988,-0.001769807
28989,-0.007122271
28990,0.001479659
28991,0.0205786
28992,0.012089497
28993,0.012477214
28994,-0.007374183
28995,0.035621088
28996,0.012716251
28997,-0.002904225
28998,-0.012244863
28999,0.021306982
29000,-0.016065093
29001,0.004881785
29002,0.042477716
29003,0.042648617
29004,0.004557046
29005,0.003890386
29006,0.001662691
29007,-0.020429358
29008,2.52E-05
29009,0.004351496
29010,0.007379822
29011,0.001504156
29012,-0.003793684
29013,0.035804335
29014,0.011345484
29015,0.004839671
29016,-0.002201941
29017,-0.003651044
29018,-0.006888479
29019,0.006758488
29020,-0.01760962
29021,-0.033630852
29022,-0.008060022
29023,0.009673953
29024,-0.002812172
29025,-0.015620563
29026,-0.005630315
29027,0.032324437
29028,-0.039171319
29029,0.003054664
29030,-0.045839343
29031,0.007508188
29032,-0.007811686
29033,-0.019330975
29034,-0.039734922
29035,-0.026699724
29036,-0.002679866
29037,0.013812547
29038,0.011011291
29039,0.009565935
29040,-0.007555783
29041,0.002213408
29042,0.002450603
29043,0.021205947
29044,-0.026383514
29045,0.01292648
29046,0.013412807
29047,-0.022139555
29048,-0.005148721
29049,-0.002167414
29050,0.017333644
29051,-0.010007231
29052,-0.003669205
29053,-0.006612311
29054,-0.027955538
29055,-0.008408534
29056,0.00388621
29057,-0.013794894
29058,0.00395588
29059,0.005911245
29060,-0.011445773
29061,0.006939552
29062,0.0027529
29063,-0.018452816
29064,0.003087336
29065,-0.008635898
29066,0.006029792
29067,-0.017481556
29068,-0.013840011
29069,-0.005156714
29070,-0.002551008
29071,-0.000168612
29072,-0.002683246
29073,0.030132802
29074,-0.042312346
29075,-0.007840938
29076,-0.000642134
29077,0.016362835
29078,0.011248373
29079,-0.022071531
29080,-0.033046298
29081,-0.000949042
29082,0.008453105
29083,-0.015038061
29084,0.019426225
29085,-0.013627398
29086,-0.016601043
29087,-0.016712407
29088,0.013611412
29089,0.017798098
29090,-0.006868655
29091,-0.008384497
29092,-0.003686395
29093,-0.01086915
29094,-0.007684987
29095,-0.008045425
29096,-0.000439736
29097,-0.008263983
29098,-0.009382389
29099,-0.003369014
29100,0.006550802
29101,-0.021244477
29102,-0.01424718
29103,0.016938368
29104,-0.027667306
29105,-0.024405953
29106,-0.007336137
29107,0.002303813
29108,-0.043852434
29109,-0.012113172
29110,-0.002249508
29111,0.007522413
29112,-0.060527958
29113,0.005094728
29114,0.00776488
29115,0.008924103
29116,-0.018978974
29117,-0.023534276
29118,-0.001202619
29119,-0.015803657
29120,0.000270431
29121,-0.013750106
29122,-0.017353971
29123,-0.003653533
29124,0.005997615
29125,0.023293842
29126,-0.000847227
29127,-0.025370428
29128,0.002279312
29129,0.037058614
29130,-0.007882454
29131,-0.003888117
29132,0.029053105
29133,0.012394897
29134,-0.025153467
29135,-0.008761273
29136,0.024285955
29137,-0.008732188
29138,-0.010799536
29139,0.00122727
29140,0.013802846
29141,-0.001015924
29142,0.008442238
29143,-0.023159057
29144,-0.010270049
29145,0.007287941
29146,0.007941207
29147,-0.025765713
29148,-0.006608134
29149,-0.008559587
29150,0.000609035
29151,0.011399723
29152,0.007430034
29153,-0.010348177
29154,-0.003104473
29155,-0.021070605
29156,-0.008380552
29157,-0.029381873
29158,-0.023903649
29159,-0.012653142
29160,0.028547356
29161,-0.001871364
29162,-0.028130589
29163,-0.015623955
29164,0.003904937
29165,-0.033818252
29166,-0.006887847
29167,-0.004891462
29168,-0.007382629
29169,0.019743638
29170,0.008812457
29171,-0.018724339
29172,-0.04630303
29173,-0.036057852
29174,0.004279934
29175,0.0032169
29176,-0.001168277
29177,0.001353317
29178,0.000304226
29179,-0.001271285
29180,0.006660867
29181,-0.009839407
29182,0.003363695
29183,0.001321784
29184,0.039235212
29185,0.012376179
29186,0.005990132
29187,0.028452413
29188,0.012014383
29189,0.01275856
29190,-0.017959604
29191,0.006442452
29192,0.005008447
29193,0.008996285
29194,-0.01724264
29195,0.012370368
29196,0.036861576
29197,-0.00609687
29198,-0.009099061
29199,-0.049263235
29200,0.013143575
29201,-0.019811112
29202,-0.018052276
29203,0.009312077
29204,0.027032953
29205,-0.007115491
29206,-0.012995038
29207,-0.016180649
29208,-0.003166786
29209,0.01605772
29210,0.00667079
29211,0.019994769
29212,-0.021489223
29213,0.001934271
29214,0.01219812
29215,-0.005754587
29216,0.000472789
29217,-0.008213969
29218,0.021647969
29219,-0.006581221
29220,0.002787376
29221,-0.012891444
29222,0.03112446
29223,-0.007295769
29224,-0.007436808
29225,-0.017148251
29226,-0.021180734
29227,-0.00398215
29228,-0.008498834
29229,-0.033631206
29230,-0.000996894
29231,-0.000749705
29232,0.026787726
29233,0.002692924
29234,-0.006677969
29235,-0.023181161
29236,0.007585822
29237,-0.018037913
29238,0.001329261
29239,0.007540859
29240,0.01522122
29241,0.038533233
29242,-0.018907532
29243,-0.032633685
29244,0.018376505
29245,-0.010039885
29246,-0.003153394
29247,-0.004013647
29248,0.008950618
29249,-0.006467485
29250,0.008151448
29251,-0.012716633
29252,-0.008368238
29253,0.021873858
29254,-0.011074446
29255,-0.006605237
29256,-0.031510767
29257,0.003822434
29258,-0.001283834
29259,0.012882857
29260,0.011185926
29261,-0.006167076
29262,-0.008382311
29263,0.018151423
29264,-0.008987491
29265,-0.017840363
29266,-0.011915286
29267,0.007068863
29268,0.006685942
29269,0.010776257
29270,0.003024164
29271,-0.006169385
29272,-0.011147778
29273,0.00942518
29274,-0.003360798
29275,-0.013968377
29276,0.019300167
29277,-0.012538249
29278,-0.043307211
29279,0.107930273
29280,-0.052230582
29281,0.007631842
29282,0.018760441
29283,0.009021939
29284,-0.022666469
29285,-0.016474994
29286,-0.035784341
29287,0.000419535
29288,0.022786269
29289,0.033655126
29290,0.007470819
29291,-0.017146863
29292,0.025823029
29293,0.008991681
29294,-0.002542289
29295,0.009008091
29296,0.000973312
29297,-0.001356809
29298,-0.04493615
29299,-0.015032596
29300,0.023263052
29301,0.007156678
29302,0.006175595
29303,-0.017405279
29304,-0.012875178
29305,0.007421574
29306,0.021740081
29307,-0.014067161
29308,0.001867717
29309,-0.00476993
29310,0.009685631
29311,0.009712715
29312,-0.008379261
29313,-0.018001521
29314,0.014227462
29315,-0.012890221
29316,0.005885258
29317,0.003696057
29318,0.024818994
29319,-0.005720238
29320,-0.004687761
29321,-0.011188611
29322,0.006039587
29323,0.002334198
29324,-0.00670769
29325,0.006524973
29326,0.00835725
29327,-0.001287363
29328,0.008514416
29329,-0.000645469
29330,-0.01270989
29331,-0.008520786
29332,-0.002601772
29333,0.017888406
29334,0.012343206
29335,-0.002910202
29336,-0.002020803
29337,-0.015910223
29338,-0.013395085
29339,-0.002232524
29340,0.002776399
29341,-0.009124085
29342,-0.001790145
29343,0.013355789
29344,-0.030330516
29345,-0.006006409
29346,0.021282149
29347,-0.01479399
29348,0.000301648
29349,0.071205772
29350,0.007420366
29351,-0.017600687
29352,-0.00908239
29353,0.009521593
29354,-0.017861126
29355,0.020076212
29356,-0.000913776
29357,-0.004795011
29358,0.00505985
29359,0.009370483
29360,-0.001462198
29361,0.014556943
29362,0.022110576
29363,0.002172116
29364,0.03775432
29365,0.023533681
29366,-0.002605167
29367,-0.018179398
29368,0.008332972
29369,0.001610614
29370,-0.003920849
29371,0.011485375
29372,0.01649989
29373,0.01223396
29374,0.021726571
29375,-0.004488212
29376,-0.011412255
29377,-0.006602849
29378,0.001620878
29379,0.004344244
29380,-0.013667578
29381,-0.019112399
29382,-0.013654284
29383,-0.011074712
29384,-0.00786638
29385,-0.001548525
29386,-0.028413907
29387,0.016004577
29388,0.001579786
29389,-0.00148703
29390,-0.004175791
29391,0.006641418
29392,0.008210642
29393,-0.000167732
29394,-0.017007794
29395,0.003050273
29396,0.006328566
29397,0.00993834
29398,0.025119716
29399,0.006330659
29400,0.001074556
29401,0.008990026
29402,0.010459093
29403,-0.00201575
29404,-0.008164132
29405,0.008555452
29406,0.010225301
29407,0.014385821
29408,0.011821528
29409,6.08E-05
29410,0.015910711
29411,0.002278076
29412,-0.011112521
29413,-0.026097709
29414,-0.055208132
29415,0.024131624
29416,0.006376934
29417,-0.003653886
29418,0.007134016
29419,0.005265894
29420,-0.000200556
29421,0.020071339
29422,-0.023589186
29423,0.00448127
29424,-0.011722305
29425,0.025144828
29426,0.013728276
29427,-0.008782133
29428,0.0028496
29429,0.016173208
29430,-0.001935742
29431,0.003348221
29432,0.006401819
29433,0.028487744
29434,0.043004639
29435,0.015032203
29436,0.012508944
29437,0.015000857
29438,0.022095429
29439,-0.000158178
29440,-0.010837595
29441,-0.00762671
29442,-0.018834176
29443,-0.00134809
29444,0.001032195
29445,0.001080639
29446,0.045157779
29447,0.003471686
29448,-0.015742905
29449,0.002686501
29450,0.001624132
29451,0.003875915
29452,0.010916434
29453,0.006538605
29454,-0.011590283
29455,0.007589016
29456,0.014202417
29457,-0.014586709
29458,0.001898321
29459,-0.018419342
29460,0.004595808
29461,0.011029447
29462,0.006823665
29463,-0.007722056
29464,0.012789627
29465,0.002993841
29466,0.011679254
29467,0.003760297
29468,-0.010717754
29469,-0.01551781
29470,0.015743585
29471,-0.000395511
29472,0.0170446
29473,0.006686017
29474,0.00536949
29475,0.013962943
29476,-0.029845256
29477,-0.007785984
29478,0.012596662
29479,0.025543166
29480,-0.024073452
29481,-0.007799084
29482,-0.010605119
29483,0.007403579
29484,0.056235757
29485,-0.008950463
29486,-0.013805239
29487,0.026246503
29488,-0.020381086
29489,-0.007384638
29490,0.004197313
29491,-0.000986688
29492,0.007367209
29493,-0.014003406
29494,-0.000623497
29495,0.011651054
29496,0.013925451
29497,-0.005369463
29498,-0.003979871
29499,-0.021334946
29500,-0.009349766
29501,0.008128152
29502,0.003604096
29503,0.003708528
29504,0.000968516
29505,-0.013136947
29506,-0.020624762
29507,-0.01473568
29508,-0.005923641
29509,-0.010109423
29510,0.00189897
29511,0.0198215
29512,-0.022547895
29513,0.043839101
29514,0.017605182
29515,-0.005200795
29516,-0.002759893
29517,0.00500423
29518,0.018480131
29519,0.038867913
29520,-0.006156621
29521,0.003567228
29522,0.022396557
29523,0.00482898
29524,0.001939204
29525,0.003926073
29526,0.000607467
29527,0.005774892
29528,-0.001678779
29529,-0.013903752
29530,0.012452749
29531,0.014726496
29532,-0.003538813
29533,0.004362497
29534,0.019686587
29535,-0.02243392
29536,0.004787994
29537,-0.005841071
29538,-0.013431205
29539,-0.01349495
29540,0.010323185
29541,-0.000122519
29542,0.003476335
29543,0.011280233
29544,-0.000691637
29545,0.011237544
29546,-0.007817746
29547,0.013905921
29548,0.012341821
29549,-0.011802736
29550,-0.038151711
29551,-0.001236536
29552,-0.008927593
29553,-0.019592945
29554,0.0061715
29555,0.016079567
29556,-0.005839627
29557,0.00931129
29558,-0.001617704
29559,-0.009420983
29560,0.045410097
29561,-0.003844718
29562,-0.006973219
29563,-0.006816131
29564,-0.025929771
29565,0.014197413
29566,0.026054706
29567,-0.010195215
29568,-0.036668949
29569,0.028411135
29570,-0.005521307
29571,-0.000923452
29572,-0.020863203
29573,-0.016465867
29574,0.007675923
29575,-0.062821917
29576,0.004176894
29577,-0.001068867
29578,0.006585647
29579,0.003144481
29580,0.005438702
29581,0.031362176
29582,-0.000470928
29583,0.008151631
29584,0.001509564
29585,-0.006205231
29586,0.011491603
29587,-0.00506078
29588,-0.007791318
29589,0.007502737
29590,-0.005144331
29591,-0.01217313
29592,-0.018047841
29593,-0.025573803
29594,0.011506375
29595,0.002063291
29596,-0.005153938
29597,-0.000577067
29598,-0.000771482
29599,-0.023301717
29600,0.000187745
29601,0.028972836
29602,0.021712286
29603,-0.016433796
29604,-0.002451622
29605,-0.00237633
29606,0.010562565
29607,0.008549318
29608,-0.004034705
29609,-0.038002402
29610,0.003541021
29611,-0.012843605
29612,-0.007581673
29613,-0.012413553
29614,-0.018654354
29615,0.009141441
29616,0.006216906
29617,0.024717459
29618,-0.000229204
29619,0.000459061
29620,-0.00420153
29621,-0.058254592
29622,-0.004266724
29623,0.012044359
29624,-0.053343363
29625,0.010885756
29626,0.00428889
29627,-0.020259449
29628,0.00720563
29629,0.013154416
29630,-0.062272877
29631,-0.023379358
29632,0.008736316
29633,0.022845192
29634,-0.033637404
29635,-0.008559363
29636,0.014305536
29637,-0.003774117
29638,0.016811486
29639,0.011289123
29640,0.026556516
29641,0.015506364
29642,-0.00620618
29643,0.005345289
29644,0.007806617
29645,0.007333012
29646,0.007025133
29647,0.006179315
29648,-0.006319948
29649,0.008283187
29650,0.004018632
29651,0.003822708
29652,-0.008594856
29653,0.02844109
29654,0.020642707
29655,-0.009898282
29656,0.038188618
29657,-0.000161821
29658,-0.016784189
29659,0.005814076
29660,-0.030426193
29661,0.018543268
29662,-0.001746965
29663,-0.011306789
29664,0.005763537
29665,0.007594005
29666,-0.002835756
29667,-0.002590421
29668,-0.007564574
29669,0.019076535
29670,-0.019447479
29671,0.003191419
29672,0.009410039
29673,-0.037321597
29674,-0.003209844
29675,-0.002253895
29676,0.003481787
29677,0.003433284
29678,-0.000945389
29679,-0.055745769
29680,0.010564879
29681,0.004222668
29682,0.021821948
29683,-0.017050784
29684,-0.020721762
29685,0.028289912
29686,0.000264016
29687,-0.018915286
29688,0.00485937
29689,-0.008047585
29690,-0.021670194
29691,0.002032409
29692,-0.002990968
29693,-0.010740717
29694,-0.00552846
29695,0.032076649
29696,0.020294935
29697,0.038158707
29698,-0.00374105
29699,0.005232594
29700,0.011837084
29701,-0.001937445
29702,-0.023265444
29703,0.031744197
29704,0.013128063
29705,-0.002120192
29706,0.009344162
29707,-0.012653668
29708,-0.004144909
29709,0.004067945
29710,-0.006005233
29711,-0.001344162
29712,0.013488212
29713,0.022088815
29714,-0.009673844
29715,-0.002599808
29716,-0.010014174
29717,0.0091235
29718,0.019584144
29719,-0.013588611
29720,-0.007983541
29721,-0.008733368
29722,-0.030017918
29723,-0.03701321
29724,-0.006969741
29725,-0.005116656
29726,0.00919901
29727,-0.000281952
29728,-0.001323048
29729,-0.013032253
29730,-0.014907247
29731,0.009166843
29732,0.021406427
29733,0.000435125
29734,0.036269434
29735,0.008439933
29736,0.000646477
29737,0.003763275
29738,0.007206009
29739,-0.002961267
29740,-0.001721504
29741,0.007241176
29742,-0.016873108
29743,-0.013683853
29744,-0.016455393
29745,0.020086763
29746,-0.005343163
29747,-0.018491259
29748,0.005923694
29749,-0.001364982
29750,-0.016657859
29751,0.020789251
29752,-0.045216646
29753,-0.002942964
29754,0.009144305
29755,0.012409696
29756,0.001708208
29757,-0.009435666
29758,0.004289915
29759,0.031501807
29760,0.013230013
29761,-0.002889814
29762,-0.00260631
29763,0.000654461
29764,0.007817808
29765,0.02051731
29766,-0.006326928
29767,-0.011216738
29768,-0.034720972
29769,-0.004646479
29770,0.00634928
29771,0.009213762
29772,-0.007388565
29773,-0.007266737
29774,-0.022432562
29775,0.006332607
29776,-0.017457297
29777,-0.016946984
29778,0.030131603
29779,0.00378387
29780,0.014375546
29781,0.00192618
29782,-0.00216061
29783,0.012116007
29784,-0.008494915
29785,0.019986214
29786,-0.026212381
29787,-0.015934858
29788,-0.003134843
29789,0.012653206
29790,-0.008411649
29791,0.002513605
29792,0.005021066
29793,-0.003277533
29794,0.007582833
29795,-0.02121524
29796,-0.001599141
29797,-0.006370739
29798,-0.014348832
29799,-0.029202051
29800,0.002708089
29801,-0.007318904
29802,0.003754607
29803,-0.015377443
29804,0.005300981
29805,0.006571794
29806,-0.020212013
29807,-0.033037048
29808,-0.030910695
29809,0.007872277
29810,0.003010605
29811,-0.020203318
29812,0.006246209
29813,-0.008725967
29814,-0.020961002
29815,0.023335738
29816,0.00071419
29817,0.011280571
29818,0.004908391
29819,-0.019407239
29820,-0.002618529
29821,-0.010223757
29822,0.008962901
29823,-0.016656917
29824,-0.001272987
29825,0.005538181
29826,-0.00556748
29827,0.008696504
29828,-0.051349152
29829,0.02867068
29830,-0.003040161
29831,-0.005012464
29832,-0.012171793
29833,-0.013552169
29834,-0.016689021
29835,0.008182242
29836,0.008182058
29837,-0.02538787
29838,0.001918234
29839,0.003617112
29840,0.020011067
29841,0.02642178
29842,-0.005229909
29843,-0.026711257
29844,-0.002501302
29845,-0.006028397
29846,-0.007863482
29847,0.001398525
29848,0.006219219
29849,0.007763937
29850,0.002930906
29851,-0.007414744
29852,-0.017771829
29853,0.012588119
29854,0.02637027
29855,0.015612602
29856,-0.000136335
29857,-0.021842992
29858,-0.012788163
29859,0.007608816
29860,0.005909772
29861,0.008640829
29862,-0.027041158
29863,-0.011319819
29864,0.025895057
29865,0.022310002
29866,-0.006292992
29867,-0.008445821
29868,0.017558884
29869,0.007186759
29870,-0.004347349
29871,-0.01817167
29872,-0.019093024
29873,0.007078143
29874,-0.010262077
29875,-0.008938044
29876,0.005955086
29877,0.009771796
29878,0.008602179
29879,-0.019377822
29880,-0.002188662
29881,-0.004837643
29882,0.004130359
29883,0.016454902
29884,-0.014526106
29885,-0.003280966
29886,0.005959935
29887,-0.001832928
29888,-0.008144919
29889,-0.012412099
29890,-0.025401482
29891,-0.033125259
29892,0.006897149
29893,0.012900676
29894,-0.007371556
29895,-0.005435067
29896,0.013437144
29897,0.007338682
29898,0.000380266
29899,-0.01887195
29900,-0.000805544
29901,-0.003773852
29902,-0.000196077
29903,-0.009964567
29904,0.010025433
29905,-0.0194025
29906,0.003404451
29907,0.010428438
29908,0.012566425
29909,0.006979376
29910,-0.006700964
29911,0.005548964
29912,-0.005431799
29913,0.013202566
29914,-0.004895517
29915,0.008170764
29916,-0.01462053
29917,-0.008394992
29918,-0.000374805
29919,-0.003819357
29920,-0.004911201
29921,-0.005328979
29922,0.016534494
29923,0.006489673
29924,-0.019452052
29925,-0.006317007
29926,0.002950741
29927,0.033941086
29928,0.004558596
29929,-0.008167546
29930,-0.003729668
29931,0.005877031
29932,-0.011843201
29933,-0.013614951
29934,0.00314735
29935,-0.005319154
29936,0.01146253
29937,-0.023620779
29938,0.008831576
29939,-0.008123026
29940,-0.076153405
29941,0.008170715
29942,0.001965723
29943,-0.005656577
29944,-0.0155655
29945,-0.012223753
29946,-0.002036975
29947,-0.02734725
29948,0.003876086
29949,-0.018177336
29950,-0.018503392
29951,-0.002092482
29952,0.013869488
29953,0.010265367
29954,0.012946007
29955,-0.016568424
29956,-0.000575525
29957,-0.012532448
29958,-0.010995525
29959,-0.026859058
29960,-0.017271155
29961,0.014321104
29962,-0.005380215
29963,0.01410334
29964,-0.000472082
29965,0.000393886
29966,-0.011571842
29967,0.002447059
29968,-0.018823775
29969,-0.022872793
29970,0.013760393
29971,0.039313138
29972,0.004256474
29973,-0.007013217
29974,0.003293828
29975,-0.018173745
29976,-0.005901748
29977,-0.008706646
29978,0.018975543
29979,-0.012116428
29980,-0.00926631
29981,0.010430416
29982,0.013197618
29983,-0.007822026
29984,-0.009829236
29985,-0.026336133
29986,0.009224626
29987,0.033035416
29988,-0.010468081
29989,-0.013529766
29990,-0.033391166
29991,-0.00776606
29992,0.010696953
29993,0.011870502
29994,-0.015298479
29995,-0.011407842
29996,0.011463541
29997,-0.005515155
29998,0.004081541
29999,-0.00585662
30000,-0.014079954
30001,-0.009261928
30002,-0.015757643
30003,-0.025498612
30004,0.004442932
30005,0.024333134
30006,0.003235428
30007,-0.030243287
30008,0.019733397
30009,0.00857274
30010,-0.00955251
30011,-0.008904137
30012,-0.042803794
30013,-0.011515608
30014,0.002272878
30015,-0.022551198
30016,-0.020620307
30017,-0.003619638
30018,-0.014555556
30019,0.007193502
30020,-0.013967146
30021,0.007918107
30022,-0.01137407
30023,0.016296426
30024,0.001670518
30025,-0.018656377
30026,-0.004130564
30027,0.000242254
30028,-0.013739939
30029,0.004472966
30030,0.00621967
30031,-0.044328731
30032,-0.016997155
30033,-0.016891142
30034,0.002397907
30035,
30036,
30037,-0.000494678
30038,0.021427114
30039,0.002840133
30040,-0.026046796
30041,-0.014662853
30042,0.034033276
30043,-0.009045927
30044,0.002344952
30045,0.007356249
30046,0.021622695
30047,0.01870317
30048,-0.005911325
30049,-0.005715525
30050,0.00175503
30051,-0.004380582
30052,0.019712675
30053,-0.003654954
30054,-0.017239178
30055,0.027260911
30056,0.01677726
30057,-0.00563891
30058,-0.01067357
30059,-0.000690959
30060,-0.010399654
30061,0.000749503
30062,0.009792942
30063,-0.040709607
30064,0.028771805
30065,-0.013123428
30066,-0.019833215
30067,0.026942458
30068,0.016116189
30069,0.002884116
30070,-0.01171565
30071,0.016560495
30072,-0.010403095
30073,-0.013347457
30074,0.003192507
30075,0.000390987
30076,0.003342902
30077,-0.002994024
30078,0.017823977
30079,-0.010669917
30080,0.00334464
30081,0.009061363
30082,-0.000554887
30083,-0.009708101
30084,0.020278014
30085,0.00126131
30086,-0.030477609
30087,0.000633381
30088,0.028137803
30089,0.010145681
30090,0.012435446
30091,-0.00685247
30092,0.030402755
30093,-0.016032243
30094,-0.004761161
30095,-0.008668222
30096,0.017641053
30097,-0.027005581
30098,0.015356909
30099,-0.009867599
30100,0.015770383
30101,-0.011529923
30102,-0.021375615
30103,0.012374014
30104,-0.00613033
30105,-0.041180585
30106,0.003359979
30107,-0.01034037
30108,0.022925893
30109,0.005584984
30110,0.026878616
30111,-0.007775872
30112,-0.002127096
30113,0.011748784
30114,0.023119273
30115,-0.007998556
30116,0.011499979
30117,-0.004241191
30118,-0.004908584
30119,0.018847557
30120,0.013536001
30121,-0.001465252
30122,-0.004262254
30123,0.009665228
30124,-0.011329307
30125,0.020392504
30126,0.007247103
30127,-0.013100293
30128,-0.017214732
30129,0.006714986
30130,0.049855545
30131,0.026330432
30132,-0.025303358
30133,-0.006690638
30134,0.001649389
30135,0.008279956
30136,0.01242192
30137,0.001653528
30138,-0.008431347
30139,-0.015925623
30140,0.015235968
30141,0.008266239
30142,-0.025653495
30143,0.000603072
30144,-0.016628204
30145,-0.007165336
30146,0.014280475
30147,0.01870776
30148,-0.008915194
30149,-0.01321971
30150,-0.018091187
30151,-0.014914206
30152,0.002062351
30153,-0.012417576
30154,0.01036459
30155,-0.005376445
30156,0.014097128
30157,-0.000542078
30158,0.000459415
30159,0.001004409
30160,0.033216607
30161,0.007191139
30162,0.019482573
30163,-0.010929647
30164,-0.001674535
30165,-0.001544979
30166,0.000105642
30167,0.008824277
30168,-0.000892969
30169,0.018114289
30170,0.041844901
30171,-0.042518169
30172,-0.004110624
30173,-0.006092032
30174,0.002245265
30175,0.020272801
30176,0.027180288
30177,-0.011270082
30178,-0.013804137
30179,0.008922703
30180,-0.00542363
30181,-0.008765494
30182,0.01243112
30183,0.004153763
30184,0.014170556
30185,0.006170494
30186,0.017317975
30187,-0.002284997
30188,-0.012087472
30189,0.011397585
30190,-0.003311122
30191,-0.008507534
30192,-0.003704483
30193,0.026845884
30194,0.002114627
30195,-0.016011456
30196,-0.018600278
30197,0.026245411
30198,-0.001159667
30199,-0.00725902
30200,0.018807234
30201,0.021494912
30202,-0.013895079
30203,-0.019982558
30204,-0.001795699
30205,-0.003193181
30206,0.012502802
30207,-0.017489612
30208,-0.031624217
30209,0.006431337
30210,0.004553059
30211,0.010994866
30212,-0.007954259
30213,-0.026251171
30214,0.004650567
30215,0.006123806
30216,0.01498656
30217,0.025761342
30218,-0.010710869
30219,0.001735087
30220,0.021206515
30221,-0.008392519
30222,-0.008291185
30223,-0.015943943
30224,-0.004717083
30225,-0.001284724
30226,-0.002239268
30227,0.005710649
30228,0.033680644
30229,-0.020026101
30230,-0.012254479
30231,-0.012640122
30232,-0.015249828
30233,0.004552375
30234,0.015030933
30235,-0.019891938
30236,-0.002733282
30237,0.021678479
30238,0.009540652
30239,-0.051094413
30240,-0.000868984
30241,-0.000619683
30242,0.026277548
30243,-0.003452711
30244,0.004916433
30245,-0.002732116
30246,0.018998168
30247,0.015713254
30248,0.00765194
30249,-0.03903237
30250,0.003256514
30251,0.011068624
30252,0.004520381
30253,0.0095279
30254,0.008465268
30255,0.007167864
30256,0.017914273
30257,0.013097267
30258,4.47E-05
30259,-0.013333959
30260,-0.005423094
30261,0.01318528
30262,0.011811342
30263,0.014404415
30264,-0.004891063
30265,-0.009278564
30266,-0.02119085
30267,-0.040631685
30268,-0.018281445
30269,-0.013371052
30270,-0.013371935
30271,-0.00100425
30272,0.00384335
30273,-0.030505594
30274,0.011838773
30275,0.003836633
30276,3.29E-05
30277,0.011382062
30278,0.005106908
30279,0.015455008
30280,-0.039879937
30281,-0.001677819
30282,0.012672444
30283,0.007539399
30284,-0.01032097
30285,0.00135088
30286,-0.008721861
30287,-0.033725098
30288,0.017012384
30289,-0.01844047
30290,-0.013614868
30291,0.010913581
30292,0.006656491
30293,-0.010947498
30294,-0.000868828
30295,-0.007283485
30296,-0.013930908
30297,-0.002592553
30298,0.027801858
30299,-0.009370767
30300,-0.014040668
30301,0.012437575
30302,-0.008357814
30303,0.00816574
30304,0.016831832
30305,0.004568841
30306,0.010171139
30307,0.000512663
30308,-0.02191164
30309,0.009675606
30310,-0.007298707
30311,0.007776765
30312,0.013225525
30313,0.009444403
30314,0.019512191
30315,0.015239196
30316,-0.003945725
30317,-0.05809392
30318,0.023491548
30319,0.002319453
30320,0.00893736
30321,-0.008254742
30322,-0.00910408
30323,0.024962964
30324,0.009514952
30325,-0.013084385
30326,0.004628625
30327,-0.002655706
30328,-0.027609222
30329,0.027129814
30330,-0.002810829
30331,-0.001688221
30332,-0.00695945
30333,-0.001601886
30334,0.006035209
30335,-0.027786333
30336,-0.001031581
30337,0.003257879
30338,-0.003686555
30339,-0.009592716
30340,0.006948528
30341,0.004104011
30342,-0.014558287
30343,-0.039905876
30344,0.016911712
30345,0.035097212
30346,-0.00510425
30347,-0.022170635
30348,0.017060971
30349,-0.007063944
30350,-0.01281107
30351,-0.020322701
30352,-0.000184654
30353,-0.027204497
30354,-0.002565961
30355,0.013633041
30356,-0.009202573
30357,0.014869077
30358,-0.001591229
30359,0.007237005
30360,-0.013856575
30361,0.017135868
30362,-0.014627632
30363,-0.019938333
30364,-0.016538924
30365,0.010645032
30366,0.007593686
30367,0.001254995
30368,0.010187715
30369,-0.004951011
30370,-0.026531843
30371,-0.00102334
30372,0.001977246
30373,0.010860931
30374,0.022830555
30375,-0.008399514
30376,0.010887431
30377,-0.006990368
30378,0.015215362
30379,0.006265756
30380,0.005533213
30381,-0.012701631
30382,-0.005528989
30383,-0.002332106
30384,-0.019476725
30385,-0.007086537
30386,-0.012863407
30387,0.018756671
30388,-0.024693232
30389,0.00158632
30390,-0.018525882
30391,0.033801749
30392,0.000932148
30393,0.011439271
30394,-0.029962903
30395,0.008314498
30396,-0.016865922
30397,0.010437869
30398,0.001183726
30399,0.012241522
30400,0.010087007
30401,-0.026329858
30402,0.018848395
30403,0.002779107
30404,-0.043929484
30405,-0.002855274
30406,0.007669386
30407,0.00750437
30408,-0.001636498
30409,-0.012325991
30410,-0.014597031
30411,0.014247571
30412,0.005430413
30413,-0.020558055
30414,0.003005255
30415,-0.01085434
30416,0.005039
30417,-0.019616708
30418,-0.012313682
30419,0.005147139
30420,0.006392349
30421,0.004347949
30422,0.00215221
30423,0.048828162
30424,-0.008962414
30425,-0.004975735
30426,-0.004731482
30427,0.00125171
30428,-0.001288076
30429,0.016165236
30430,0.0074349
30431,0.011401287
30432,-0.003971715
30433,-0.003808774
30434,-0.008719857
30435,-0.019055031
30436,0.0040148
30437,-0.009749386
30438,-0.014999135
30439,0.006003141
30440,0.000167939
30441,0.005012702
30442,-0.00446753
30443,0.02085885
30444,0.017248409
30445,0.000704139
30446,0.034088485
30447,-0.010140936
30448,0.022570405
30449,-0.026168965
30450,-0.005514215
30451,0.011420137
30452,-0.021080792
30453,0.01297378
30454,-0.003202617
30455,-0.018520266
30456,-0.025484834
30457,0.025625978
30458,0.002389936
30459,-0.00347355
30460,0.007515559
30461,0.028288545
30462,0.003124395
30463,8.76E-06
30464,0.00189911
30465,0.005815563
30466,-0.010383258
30467,-0.008969742
30468,-0.00793791
30469,-0.020230304
30470,0.040982634
30471,0.000894584
30472,0.004381011
30473,-0.005793004
30474,0.030679546
30475,-0.017246185
30476,-0.003093995
30477,0.033357829
30478,0.0238607
30479,0.021038266
30480,0.00943702
30481,0.01540857
30482,-0.064387217
30483,0.032000821
30484,-0.017077819
30485,-0.024213128
30486,0.018552097
30487,-0.00696381
30488,0.009751682
30489,0.013182757
30490,-0.00356496
30491,-0.013642112
30492,-0.002763491
30493,0.02795166
30494,-0.011618385
30495,-0.015408439
30496,-0.012658402
30497,0.027268376
30498,-0.018119145
30499,-0.018687451
30500,0.014738755
30501,0.008969847
30502,0.004319784
30503,-0.001222042
30504,0.011752134
30505,-0.006140858
30506,0.02232659
30507,0.003912802
30508,0.000250067
30509,-0.005618015
30510,-0.005492444
30511,0.014028919
30512,-0.016097266
30513,0.038695075
30514,0.00353539
30515,-0.00153391
30516,0.011676759
30517,-0.006140552
30518,-0.022955643
30519,0.024718411
30520,-0.009668869
30521,-0.000403833
30522,-0.011118347
30523,0.033025827
30524,0.022099812
30525,-0.011351082
30526,-0.007927046
30527,-0.005177953
30528,0.012317194
30529,0.007532184
30530,-0.005390101
30531,-0.012075652
30532,0.004770197
30533,0.013405928
30534,0.006221254
30535,-0.05921663
30536,-0.012078692
30537,0.017753223
30538,0.018338185
30539,0.003981024
30540,0.012252628
30541,0.024628533
30542,-0.002322943
30543,0.006347314
30544,-0.014760424
30545,-0.021509333
30546,0.01594672
30547,0.002292523
30548,-0.006906395
30549,-0.005748756
30550,0.004808083
30551,0.006323193
30552,-0.014642573
30553,-0.017388023
30554,-0.005839307
30555,-0.011157995
30556,0.035678074
30557,-0.029100105
30558,-0.00202378
30559,0.006055361
30560,-2.25E-06
30561,-0.005117393
30562,-0.012136782
30563,0.019282022
30564,5.88E-05
30565,0.005886336
30566,-0.052511364
30567,-0.021664465
30568,-0.020556357
30569,-0.014268739
30570,-0.00710914
30571,-0.000956564
30572,0.003908986
30573,0.008312966
30574,-0.007021638
30575,0.005720288
30576,0.002022151
30577,0.014571615
30578,0.008622285
30579,0.020865841
30580,0.031509742
30581,0.008049108
30582,-0.044755924
30583,-0.006240694
30584,0.023391176
30585,0.026060762
30586,-0.001534736
30587,0.000477966
30588,-0.001803957
30589,0.00279065
30590,-0.002195516
30591,-0.010439022
30592,-0.006683349
30593,0.004143202
30594,-0.016029017
30595,-0.03028249
30596,0.010910727
30597,0.009035875
30598,0.016125048
30599,-0.026918156
30600,-0.01319156
30601,0.038520709
30602,-0.010317475
30603,-0.000855972
30604,0.002268877
30605,-0.014071329
30606,0.049501982
30607,0.001735065
30608,-0.017713344
30609,-0.022225797
30610,0.000300743
30611,0.003276097
30612,0.003558386
30613,-0.064733222
30614,-0.000966171
30615,0.014068167
30616,0.013440406
30617,0.049391229
30618,-0.00179509
30619,0.003255139
30620,-0.005707879
30621,0.010259933
30622,-0.017137328
30623,-0.017272234
30624,0.006151871
30625,-0.002251914
30626,0.008327372
30627,-0.023278862
30628,0.024738576
30629,-0.024708012
30630,-0.006748938
30631,5.28E-05
30632,0.005551173
30633,0.012773973
30634,-0.000523237
30635,-0.010605033
30636,-0.02065864
30637,0.008224604
30638,0.022091402
30639,0.021653537
30640,0.006562049
30641,-0.009283316
30642,0.023114663
30643,-0.00415519
30644,-0.003098526
30645,-0.030472893
30646,0.051085044
30647,0.012717446
30648,0.005924878
30649,-0.038888831
30650,0.00945594
30651,-0.000454284
30652,-0.016741725
30653,-0.00601957
30654,0.033354569
30655,-0.031236423
30656,0.002720326
30657,0.010806653
30658,-0.008097265
30659,0.003701927
30660,-0.019596715
30661,-0.00052688
30662,0.011228942
30663,0.022579225
30664,0.003824221
30665,-0.018148921
30666,-0.006371818
30667,0.008779466
30668,-0.030942343
30669,-0.010158805
30670,0.036343489
30671,0.002102742
30672,-0.02787298
30673,0.024379456
30674,0.001209878
30675,0.023086548
30676,-0.023106808
30677,0.004281736
30678,0.017469911
30679,-0.002981127
30680,-0.021604456
30681,-0.022173792
30682,-0.004709648
30683,0.180576533
30684,0.011828577
30685,-0.005361397
30686,-0.000629055
30687,-0.001211585
30688,0.022191299
30689,0.009793446
30690,-0.016811101
30691,-0.031710461
30692,0.004394338
30693,0.004427555
30694,-0.019129559
30695,-0.01887868
30696,0.020730684
30697,0.012257985
30698,0.000212245
30699,-0.003886109
30700,-0.006835843
30701,-0.005682929
30702,-0.026731675
30703,-0.024037719
30704,-0.001256202
30705,0.016445756
30706,-0.002047164
30707,0.01242241
30708,-0.013251565
30709,-0.003266324
30710,-0.006612546
30711,-0.03269735
30712,0.00298748
30713,0.000524529
30714,-0.002891952
30715,-0.00897252
30716,-0.010339701
30717,0.000295322
30718,0.004149801
30719,0.012654153
30720,-0.02468159
30721,-0.030997979
30722,0.010660712
30723,0.026350359
30724,-0.011715058
30725,-0.003478979
30726,-0.004012138
30727,0.022655576
30728,-0.020185521
30729,-0.00160451
30730,-0.002353841
30731,0.024678262
30732,-0.021434862
30733,-0.018014921
30734,0.01343719
30735,0.018039117
30736,0.00346446
30737,-0.009245972
30738,-0.004289854
30739,-0.010661627
30740,0.001515285
30741,-0.012626239
30742,0.027949098
30743,-0.018070182
30744,0.00895474
30745,0.019414028
30746,-0.001825882
30747,-0.028274013
30748,0.00946019
30749,0.000646444
30750,0.010254689
30751,-0.006657761
30752,0.001954381
30753,-0.002587483
30754,-0.024369327
30755,0.000787405
30756,-0.043964397
30757,0.003562894
30758,0.027969759
30759,0.028086603
30760,0.011496343
30761,-0.006845014
30762,-0.015472043
30763,0.001012363
30764,0.01707818
30765,0.020788243
30766,-0.000232354
30767,-0.00670352
30768,-0.010554339
30769,0.007267605
30770,0.019337488
30771,0.013615775
30772,-0.006448904
30773,0.008692163
30774,0.010525414
30775,-0.0321026
30776,-0.011346438
30777,-0.025387373
30778,0.009546839
30779,0.003815427
30780,0.016665541
30781,0.022033038
30782,0.003438384
30783,-0.04685434
30784,-0.041978631
30785,0.013277088
30786,0.025134364
30787,-0.00114727
30788,-0.001848944
30789,-0.004204329
30790,0.002628863
30791,-0.014632277
30792,0.012213803
30793,0.006707419
30794,-0.000769475
30795,0.031450763
30796,0.002469494
30797,0.01814116
30798,0.034830533
30799,-0.00307908
30800,-0.017663484
30801,-0.030530492
30802,-0.04686591
30803,-0.008821155
30804,0.008141807
30805,-0.005170303
30806,0.009386302
30807,0.000690217
30808,-0.004599768
30809,-0.031251941
30810,-0.001206786
30811,0.015633099
30812,-0.005753318
30813,-0.006901955
30814,0.007503255
30815,0.002702464
30816,-0.011351157
30817,0.000413574
30818,-0.001779749
30819,0.017311279
30820,0.00904305
30821,0.00258166
30822,0.002242369
30823,-0.017415678
30824,0.000747153
30825,0.009392591
30826,0.007587218
30827,-0.018853925
30828,-0.008674574
30829,0.029506294
30830,0.03062848
30831,0.000337362
30832,0.014223706
30833,-0.006790129
30834,-0.015781898
30835,0.026240723
30836,0.013240724
30837,-0.014835828
30838,-0.005440548
30839,0.021326846
30840,0.000536827
30841,-0.007152637
30842,-0.018188573
30843,-0.025949383
30844,0.023608562
30845,0.004858767
30846,-0.015753677
30847,-0.005005612
30848,-0.000177038
30849,0.008830078
30850,0.007874516
30851,0.001929567
30852,-0.01334665
30853,-0.001496999
30854,-0.01107411
30855,-0.022251403
30856,0.01009566
30857,0.044908162
30858,0.000368853
30859,-0.004980821
30860,-0.029155936
30861,-0.007871699
30862,0.003281575
30863,-0.002369479
30864,0.006505093
30865,-0.001828793
30866,0.007942368
30867,-0.012493366
30868,-0.025698656
30869,0.027964575
30870,0.001090891
30871,-0.029920561
30872,0.003719305
30873,0.013869302
30874,-0.010789571
30875,0.00564665
30876,-0.001476327
30877,-0.016090505
30878,-0.024388304
30879,-0.009223292
30880,0.00886245
30881,0.02381395
30882,-0.004613374
30883,-0.015981078
30884,-0.028848778
30885,-0.005029102
30886,-0.005632194
30887,-0.006561283
30888,-0.013006827
30889,-0.004966862
30890,0.007514481
30891,-0.021727888
30892,-0.009868382
30893,0.019197643
30894,0.009546905
30895,-0.014324903
30896,-0.014855738
30897,0.035336189
30898,-0.016193608
30899,-0.01855479
30900,0.006753679
30901,-0.008796101
30902,-0.000550413
30903,-0.000409697
30904,-0.010922306
30905,-0.020650534
30906,0.048286725
30907,-0.023359703
30908,0.013696556
30909,0.027118167
30910,-0.000186338
30911,0.004572247
30912,-0.004533133
30913,-0.012091869
30914,-0.024866199
30915,0.001885466
30916,-0.018067444
30917,-0.01394895
30918,-0.005037379
30919,0.018987581
30920,-0.001917501
30921,-0.008462107
30922,0.009428361
30923,0.01104012
30924,0.00441964
30925,0.006854662
30926,-0.015263186
30927,0.021400571
30928,0.002350404
30929,0.000602197
30930,-0.004618484
30931,-0.031797931
30932,0.003060193
30933,0.010165179
30934,-0.006867083
30935,0.026280155
30936,-0.017854027
30937,0.000440008
30938,0.00615952
30939,-0.007564477
30940,0.014516866
30941,-0.007680881
30942,-0.020117804
30943,0.019874483
30944,-0.038835775
30945,-0.024759902
30946,-0.011016142
30947,0.021996396
30948,0.010424995
30949,0.002041344
30950,-0.01106014
30951,0.019197896
30952,-4.94E-05
30953,-0.031563751
30954,0.021271721
30955,0.02031658
30956,0.031081298
30957,-0.004061797
30958,0.003399422
30959,-0.007062029
30960,0.00267433
30961,0.042384375
30962,-0.001547331
30963,-0.021816555
30964,-0.019869436
30965,0.011712278
30966,0.007190721
30967,-0.003150865
30968,-0.026675703
30969,0.000923842
30970,-0.005977938
30971,0.000742712
30972,-0.014534636
30973,-0.003113983
30974,0.006817718
30975,-0.027561642
30976,-0.010943596
30977,-0.002160422
30978,0.006330455
30979,-0.000650626
30980,-0.008808208
30981,-0.009913224
30982,-0.009792889
30983,-0.021585723
30984,0.002034376
30985,0.000710273
30986,0.002869994
30987,-0.022825219
30988,-0.020914305
30989,0.014546607
30990,0.014817175
30991,0.002730358
30992,-0.007992727
30993,-0.027732631
30994,0.003210072
30995,0.024794968
30996,-0.004034941
30997,0.002042398
30998,0.021942742
30999,0.001356779
31000,-0.007767575
31001,-0.007631987
31002,-0.009839779
31003,-0.009169762
31004,0.00199153
31005,0.001950218
31006,0.013194034
31007,0.017112561
31008,-0.044388659
31009,0.014949156
31010,0.000679298
31011,-0.008694
31012,0.01291151
31013,0.003507681
31014,-0.020158911
31015,-0.011285158
31016,0.006149458
31017,0.01208055
31018,-0.049799308
31019,-0.001370503
31020,0.010578238
31021,-0.014572435
31022,-0.03989828
31023,-0.03157334
31024,0.02395246
31025,0.003661999
31026,-0.032629322
31027,0.009709564
31028,-0.016946128
31029,0.011311749
31030,0.009845784
31031,0.012249034
31032,-0.013626948
31033,0.005761448
31034,0.006787275
31035,0.002381665
31036,0.01668057
31037,-0.005290458
31038,0.019043485
31039,-0.020423919
31040,-0.002937908
31041,-0.033638403
31042,-0.020351073
31043,-0.005600231
31044,0.004097281
31045,0.015960867
31046,-0.014717517
31047,0.010301628
31048,0.003201518
31049,0.019423537
31050,-0.011277868
31051,0.007287531
31052,-0.005584135
31053,-0.013946522
31054,-0.001600734
31055,-0.001040925
31056,0.000839503
31057,-0.041065883
31058,-0.001519546
31059,0.021072706
31060,-0.015257133
31061,0.003637311
31062,0.011638737
31063,0.008550075
31064,-0.004827205
31065,0.018363111
31066,0.016191002
31067,-0.010560317
31068,-0.008220351
31069,-0.011331856
31070,-0.017137192
31071,-0.007477087
31072,0.041193452
31073,-0.021838233
31074,-0.00046621
31075,-0.018628899
31076,-0.003812917
31077,0.006686578
31078,-0.008696825
31079,-0.041394979
31080,0.020784719
31081,0.006502622
31082,0.000764915
31083,0.016240604
31084,0.000903686
31085,-0.022156199
31086,0.002776953
31087,0.004242191
31088,-0.000266739
31089,0.025531493
31090,-0.00245473
31091,-0.036279872
31092,0.018428901
31093,0.022182936
31094,0.004900666
31095,-0.015177819
31096,-0.027985876
31097,0.012390337
31098,0.004225004
31099,0.024066759
31100,-0.011681479
31101,-0.001590704
31102,-0.003622403
31103,-0.005157579
31104,-0.001257858
31105,0.01353845
31106,-0.007087294
31107,-0.003237639
31108,0.015185172
31109,-0.009391464
31110,-0.02112842
31111,-0.016556855
31112,-0.00836042
31113,-0.004344119
31114,0.00550386
31115,-0.022634111
31116,0.014103159
31117,0.0314789
31118,-0.007742791
31119,-0.009312248
31120,0.013850237
31121,-0.007073097
31122,-0.021517094
31123,0.014377809
31124,-0.004240465
31125,0.015149357
31126,-0.009359794
31127,-0.014364306
31128,0.002282696
31129,-0.016497612
31130,0.005299438
31131,0.019381449
31132,0.029130455
31133,-0.031014029
31134,-0.013720656
31135,-0.005957244
31136,-0.015539822
31137,-0.004526917
31138,-0.014761161
31139,-0.016957786
31140,0.010241794
31141,0.018557241
31142,-0.042341765
31143,-0.009704804
31144,0.011587404
31145,-0.001136863
31146,0.004753403
31147,-0.004911838
31148,-0.015329021
31149,0.015819538
31150,0.032784034
31151,-0.02195872
31152,-0.008487837
31153,0.033038318
31154,0.013511981
31155,-0.005359804
31156,-0.001148697
31157,-0.046160419
31158,-0.018984815
31159,-0.005707138
31160,-0.017977746
31161,0.015131143
31162,-0.022064624
31163,-0.017602528
31164,0.004884536
31165,-0.012005167
31166,0.004934321
31167,-0.001107554
31168,0.02729762
31169,0.012586977
31170,0.021205757
31171,0.008638903
31172,-0.037335075
31173,0.022587134
31174,0.010879401
31175,0.002932617
31176,0.020245189
31177,0.001944501
31178,0.021443266
31179,-0.016644925
31180,0.024167635
31181,0.00094
31182,0.023356611
31183,0.014306277
31184,-0.010504842
31185,-0.039521292
31186,0.025962615
31187,-0.005898021
31188,-0.017077535
31189,-0.007484031
31190,-0.005773775
31191,0.005331585
31192,0.008779895
31193,-0.067780659
31194,-0.00989272
31195,0.01577059
31196,-0.000821401
31197,0.010650229
31198,-0.005407309
31199,-0.022283262
31200,-0.008555243
31201,0.013479388
31202,0.001085799
31203,-0.004604656
31204,0.00247283
31205,-0.003805036
31206,0.002887217
31207,-0.002880419
31208,-0.024566498
31209,-0.004387201
31210,0.0074864
31211,0.007172316
31212,-0.026871204
31213,-0.008677198
31214,-0.002622376
31215,-0.013527697
31216,0.023390846
31217,-0.024511179
31218,0.0172753
31219,0.023347257
31220,-0.010293391
31221,-0.028248414
31222,0.011987263
31223,0.007652257
31224,0.002696309
31225,-0.004950877
31226,-0.007954912
31227,-0.023942567
31228,-0.008587575
31229,0.01033207
31230,-0.006025763
31231,0.00139429
31232,-0.01223131
31233,-0.006943597
31234,0.008035406
31235,-0.02270077
31236,-0.026143873
31237,-0.001249157
31238,-0.00097905
31239,-0.000106492
31240,0.003391821
31241,-4.18E-05
31242,0.006287253
31243,-0.029545996
31244,0.006575644
31245,-0.012314213
31246,0.003135689
31247,0.016400492
31248,-0.009065523
31249,-0.010382276
31250,0.01615973
31251,-0.009851026
31252,0.012501262
31253,0.011424338
31254,0.004514375
31255,-0.0063485
31256,-0.01795678
31257,-0.041910272
31258,-0.007033191
31259,-0.003513923
31260,-0.024180718
31261,0.038383026
31262,-0.002455396
31263,0.019041061
31264,0.009600854
31265,0.025926175
31266,-0.014079828
31267,0.013695316
31268,0.040115871
31269,-0.034102671
31270,-0.00043197
31271,0.005726059
31272,-0.028865481
31273,-0.043066375
31274,0.000926781
31275,-0.000382462
31276,0.006763152
31277,0.015283145
31278,-0.007064511
31279,-0.012917196
31280,0.013428223
31281,0.041843548
31282,-0.007221994
31283,0.001400289
31284,-0.00505571
31285,0.023081293
31286,
31287,
31288,-0.022731241
31289,0.017053904
31290,0.007804421
31291,0.016080331
31292,-0.034173563
31293,0.02111412
31294,0.014468423
31295,-0.02042341
31296,-0.048658799
31297,0.016499534
31298,0.024093784
31299,0.00844692
31300,0.000101177
31301,0.026177099
31302,0.059557386
31303,-0.0040209
31304,-0.017253594
31305,-0.019191528
31306,0.003817417
31307,0.015375243
31308,0.019523364
31309,-0.001436207
31310,0.001266748
31311,-0.001808388
31312,0.011820462
31313,-0.030809535
31314,-0.027073666
31315,0.001357948
31316,-0.014473328
31317,-0.014165274
31318,-0.0248386
31319,0.008780452
31320,0.008902533
31321,-0.002929345
31322,4.58E-05
31323,-0.001724791
31324,0.025726678
31325,0.008502763
31326,-0.004841257
31327,0.000228891
31328,-0.012020187
31329,-0.001487588
31330,-0.002812326
31331,0.005572492
31332,-0.01500072
31333,0.016532622
31334,0.02220374
31335,0.012787775
31336,-0.005352329
31337,0.027687503
31338,0.017801497
31339,-0.022874534
31340,0.005271796
31341,0.01004844
31342,-0.023421805
31343,-0.003083106
31344,0.018875534
31345,-0.005681669
31346,-0.031414788
31347,-0.004157195
31348,-0.009206036
31349,-0.01040888
31350,-0.009228896
31351,-0.018281717
31352,-0.03211575
31353,-0.005435268
31354,-0.016436426
31355,-0.022778464
31356,0.008747788
31357,-0.047600139
31358,-0.025256369
31359,0.008997454
31360,-0.001089746
31361,0.030064734
31362,-0.033886611
31363,-0.002832884
31364,-0.014536632
31365,-0.03354248
31366,0.009356536
31367,0.001460517
31368,-0.00759832
31369,-0.013387126
31370,-0.038477357
31371,0.010766535
31372,0.022956876
31373,0.022476953
31374,-0.018308271
31375,0.000339819
31376,0.007895318
31377,0.003316829
31378,-0.014963927
31379,0.010203555
31380,-0.020853378
31381,-0.032858316
31382,0.013822094
31383,0.002462464
31384,0.003269939
31385,0.00043655
31386,0.006777749
31387,-0.00910324
31388,-0.001458154
31389,-0.007521876
31390,0.010947913
31391,-0.001989255
31392,0.003479249
31393,-0.025377879
31394,0.03014545
31395,0.00176015
31396,-0.007836428
31397,-0.014286838
31398,0.053370878
31399,-0.00208836
31400,-0.013820258
31401,-0.017556036
31402,-0.022605449
31403,-0.003421275
31404,0.018189801
31405,0.002061191
31406,-0.003326803
31407,0.003802992
31408,-0.004023266
31409,-0.009756962
31410,-0.014487852
31411,0.011481593
31412,-0.008592839
31413,0.001529758
31414,8.29E-05
31415,0.00439125
31416,-0.010659331
31417,-0.020472491
31418,-0.013007566
31419,0.008956484
31420,0.017268142
31421,-0.014457742
31422,0.007273936
31423,0.006077867
31424,0.028347734
31425,-0.007923302
31426,-0.002885477
31427,-0.003292138
31428,-0.018952122
31429,-0.016341604
31430,0.020274455
31431,0.02549527
31432,-0.017928123
31433,0.003248872
31434,0.019942729
31435,-0.014388989
31436,0.016047157
31437,0.006911
31438,0.007729333
31439,-0.052414622
31440,0.016786298
31441,0.015181408
31442,0.004778789
31443,0.010100326
31444,0.011173418
31445,-0.005244661
31446,0.007283333
31447,0.002174299
31448,0.027293405
31449,0.002403004
31450,-0.017717978
31451,0.005635082
31452,0.001430366
31453,-0.018837675
31454,0.021588573
31455,-0.005811356
31456,-0.012731073
31457,-0.013051886
31458,0.013184132
31459,-0.01365074
31460,0.035852429
31461,-0.018424436
31462,-0.017968504
31463,0.046798669
31464,-0.01335689
31465,-0.03233318
31466,-0.013183333
31467,0.005270558
31468,0.028448163
31469,0.009684007
31470,-0.012114677
31471,0.005242533
31472,-0.010348215
31473,0.001948619
31474,0.003380277
31475,-0.024076007
31476,-0.007564886
31477,-0.007645309
31478,0.019874761
31479,-0.000244365
31480,-0.013526053
31481,0.017502371
31482,0.012524222
31483,-0.001693466
31484,-0.020415621
31485,-0.021765441
31486,0.003659291
31487,0.002581068
31488,0.03068891
31489,0.008665091
31490,-0.00922815
31491,-0.008852665
31492,0.02508799
31493,-0.000763981
31494,0.017573647
31495,-0.01863667
31496,-0.008728103
31497,-0.005373968
31498,0.004408403
31499,0.008386231
31500,0.028957255
31501,-0.015216945
31502,0.012739532
31503,0.008727319
31504,0.03575553
31505,-0.01743619
31506,-0.014544644
31507,0.014758227
31508,-0.016592903
31509,0.016650524
31510,0.019331573
31511,0.036132008
31512,-0.015252868
31513,-0.000197946
31514,-0.018597657
31515,-0.022383392
31516,-0.012280826
31517,-0.027337952
31518,0.002980877
31519,-0.017894093
31520,0.000224118
31521,0.053001627
31522,0.004956114
31523,-0.018021969
31524,0.008164722
31525,-0.028304394
31526,-0.018070295
31527,-0.015180029
31528,0.008893821
31529,0.003769935
31530,-0.006501975
31531,0.014818861
31532,0.015910827
31533,-0.004933945
31534,-0.025062151
31535,-0.000372482
31536,0.009499291
31537,-0.020023838
31538,-0.00843229
31539,0.008533805
31540,-0.001827161
31541,-0.003038327
31542,-0.011606393
31543,0.015992492
31544,0.001017264
31545,0.002322083
31546,-0.003105733
31547,0.003119941
31548,-0.006333449
31549,-0.00921676
31550,-0.005839222
31551,0.020124221
31552,-0.013564125
31553,-0.014823784
31554,-0.005589193
31555,-0.004186617
31556,0.009002518
31557,-0.000137628
31558,0.00583438
31559,-0.001162786
31560,0.013147523
31561,-0.03039073
31562,0.005524686
31563,0.020197853
31564,0.020425191
31565,0.003188629
31566,-0.025119485
31567,0.001935831
31568,0.001034546
31569,-0.010834469
31570,-0.003238918
31571,0.018502695
31572,-0.040782906
31573,0.016541762
31574,-0.002199474
31575,-0.015401971
31576,0.038753808
31577,0.006540715
31578,0.010957484
31579,0.00175318
31580,-0.006771335
31581,0.024874102
31582,-0.007777879
31583,-0.025787553
31584,0.02477596
31585,-0.01504756
31586,-0.028064394
31587,0.015596758
31588,0.035790637
31589,-0.037007567
31590,0.004497719
31591,-0.027441429
31592,-0.008272026
31593,-0.015107363
31594,0.001864166
31595,0.01041062
31596,0.013973495
31597,0.010227967
31598,-0.032149225
31599,-0.024794932
31600,0.005018196
31601,0.006907363
31602,0.000319232
31603,0.006248571
31604,-0.002458268
31605,0.006475565
31606,0.002998401
31607,0.015043083
31608,0.003330729
31609,-0.003551997
31610,0.012149977
31611,0.025102179
31612,-0.021370944
31613,0.022405788
31614,-0.01320436
31615,-0.014186658
31616,-0.003780026
31617,-0.007542056
31618,0.018502286
31619,0.000657044
31620,-0.002168288
31621,-0.010329164
31622,-0.001435428
31623,0.015059263
31624,-0.031308658
31625,0.003518227
31626,0.037408262
31627,0.016248541
31628,0.005000878
31629,-0.01277912
31630,-0.011697893
31631,-0.036593419
31632,0.010073346
31633,0.008179577
31634,0.020282088
31635,-0.007817782
31636,-0.001090422
31637,-0.012626822
31638,0.044881836
31639,-0.011606102
31640,0.016094411
31641,-5.34E-05
31642,0.006221374
31643,0.017547129
31644,-0.024310285
31645,0.056274723
31646,0.013423523
31647,0.005412117
31648,-0.001272971
31649,-0.001690936
31650,0.005869822
31651,-0.005528264
31652,0.007141801
31653,-0.013056111
31654,-0.041749354
31655,-0.003986611
31656,0.007694323
31657,0.009052115
31658,0.037302032
31659,-0.00747636
31660,0.002150701
31661,0.015922226
31662,-0.012674798
31663,-0.020141466
31664,0.011115923
31665,0.021295784
31666,-0.035646047
31667,0.016916791
31668,0.017240161
31669,0.036653511
31670,0.016658843
31671,0.001698739
31672,0.001502186
31673,0.00295082
31674,-0.00143151
31675,0.000765281
31676,-0.026884621
31677,-0.000680651
31678,-0.005953259
31679,0.015554246
31680,0.025001137
31681,0.005647616
31682,0.003025755
31683,0.004905095
31684,0.004247802
31685,0.000364813
31686,0.025917362
31687,0.001840588
31688,0.007506104
31689,0.019960875
31690,0.009779107
31691,-0.000552519
31692,-0.000590104
31693,0.004271361
31694,-0.008358913
31695,4.34E-05
31696,-0.020261619
31697,-0.006142111
31698,-0.017359689
31699,0.013797239
31700,0.011003376
31701,-0.001742212
31702,-0.002927807
31703,-0.005592388
31704,0.011850212
31705,0.010158749
31706,0.014837704
31707,0.002915554
31708,-0.039854106
31709,0.011342889
31710,-0.007795392
31711,-0.011723719
31712,0.002056062
31713,-0.017636882
31714,-0.002899423
31715,-0.009865152
31716,0.02698208
31717,-0.006516223
31718,-0.007084248
31719,-0.005803461
31720,0.015434491
31721,-0.002057564
31722,-0.008845847
31723,-0.004681054
31724,-0.030032594
31725,0.011799116
31726,0.044136066
31727,-0.046035327
31728,-0.023200562
31729,0.034454353
31730,-0.012228538
31731,0.001516746
31732,-0.008757629
31733,0.027530843
31734,0.00499941
31735,-0.000888892
31736,-0.012181966
31737,-0.008548381
31738,-0.016581064
31739,-0.035679471
31740,-0.012696253
31741,-0.030654842
31742,0.012988406
31743,0.00811972
31744,0.005285313
31745,0.009779374
31746,0.020848706
31747,0.001487125
31748,-0.010030058
31749,-0.007833858
31750,-0.019877467
31751,-0.007280438
31752,0.02677743
31753,0.028873386
31754,0.009915757
31755,0.033806302
31756,0.000300575
31757,-0.015442243
31758,-0.012997611
31759,-0.001362715
31760,0.005143298
31761,-0.003980297
31762,0.017772777
31763,-0.026869485
31764,0.044471335
31765,0.019439718
31766,-0.012632568
31767,0.007350111
31768,-0.045336187
31769,-0.001181991
31770,-0.008460525
31771,-0.007880292
31772,0.012592866
31773,0.010935219
31774,-0.006678229
31775,0.001560192
31776,-0.019092904
31777,0.011803818
31778,0.004923755
31779,-0.006513738
31780,-0.026483852
31781,-0.004246018
31782,-0.031452581
31783,-0.009285516
31784,0.001538381
31785,-0.004931852
31786,-0.015078379
31787,-0.020671833
31788,-0.007216235
31789,-0.024662195
31790,0.011202137
31791,0.05514602
31792,-0.003537095
31793,0.005418783
31794,0.032300554
31795,0.006045144
31796,-0.003517336
31797,0.000376831
31798,-0.006832013
31799,0.004157416
31800,-0.001360668
31801,-0.022120215
31802,0.011324125
31803,-0.019721402
31804,0.001514188
31805,0.042821754
31806,0.014387892
31807,0.032789681
31808,-0.008027998
31809,0.001251749
31810,0.003303989
31811,-0.006325004
31812,0.027792608
31813,-0.05257006
31814,0.01651985
31815,-0.005032009
31816,0.011502578
31817,-0.013249264
31818,-0.005881031
31819,0.015704552
31820,-0.007841379
31821,-0.013507711
31822,0.000903997
31823,0.012868677
31824,0.002539646
31825,0.020870475
31826,0.01624243
31827,-0.008238979
31828,-0.013422787
31829,0.025008623
31830,-0.015471281
31831,0.00639991
31832,0.04491828
31833,0.007383306
31834,0.030029295
31835,-0.006782343
31836,-0.007263117
31837,0.008860139
31838,-0.012710129
31839,0.023963502
31840,0.006998814
31841,-0.03049829
31842,-0.00660933
31843,-0.019112196
31844,0.007100225
31845,0.007439379
31846,-0.00067134
31847,0.002809735
31848,-0.01066407
31849,-0.001215511
31850,0.044301305
31851,-0.025330722
31852,0.01603023
31853,-0.002103873
31854,-0.002100446
31855,0.021984302
31856,-0.004468348
31857,0.038530797
31858,0.012654524
31859,-0.007105731
31860,0.013666329
31861,0.00125096
31862,-0.001906308
31863,0.009484157
31864,-0.010849542
31865,-0.0251945
31866,0.027553707
31867,-0.00418019
31868,-0.014045181
31869,-0.012745067
31870,-0.002295104
31871,0.031894535
31872,0.010411703
31873,-0.017413152
31874,-0.004066543
31875,-0.003163621
31876,-0.006423927
31877,-0.052536171
31878,0.015767982
31879,0.017664732
31880,-0.014002368
31881,-0.028259516
31882,0.013629515
31883,0.014762707
31884,-0.003763169
31885,0.021855429
31886,-0.009727129
31887,0.039720464
31888,-0.011515941
31889,0.007477786
31890,0.015522369
31891,0.002569512
31892,-0.002024761
31893,-0.027766079
31894,-8.30E-05
31895,0.001584485
31896,0.000152672
31897,0.005493694
31898,-0.015184826
31899,-0.044718277
31900,0.003704921
31901,0.01948617
31902,-0.023382256
31903,0.021758638
31904,0.012624787
31905,0.012490168
31906,-0.012295567
31907,0.012708711
31908,0.023117701
31909,0.013065554
31910,0.005865604
31911,0.00968153
31912,-0.004430774
31913,0.030397682
31914,0.030750884
31915,-0.009089733
31916,-0.007774185
31917,-0.007980133
31918,-0.023403496
31919,0.017090013
31920,-0.012082271
31921,-0.004288635
31922,0.02540458
31923,-0.001096156
31924,-0.008119307
31925,-0.006593102
31926,-0.023051457
31927,-0.031834543
31928,0.004381141
31929,-0.013474984
31930,0.004084418
31931,0.002847353
31932,-0.012395995
31933,-0.003507627
31934,-0.020048765
31935,0.019903924
31936,-0.008433796
31937,-0.014512729
31938,0.012360483
31939,0.017751813
31940,-0.011317093
31941,0.002790497
31942,0.008733614
31943,0.007148489
31944,0.015229038
31945,-0.003378012
31946,0.006400924
31947,-0.010007345
31948,-0.023479011
31949,0.021813417
31950,-0.005691001
31951,0.013977879
31952,-0.022260237
31953,0.003596778
31954,-0.002543597
31955,0.02278091
31956,-0.002157034
31957,0.005963245
31958,-0.006532086
31959,-0.021456011
31960,-0.000633588
31961,0.003198006
31962,0.013282281
31963,0.003400608
31964,0.000677349
31965,0.001145547
31966,-0.001282822
31967,-0.008907465
31968,0.000488297
31969,0.015334927
31970,-0.016088881
31971,-0.000101088
31972,-0.020996818
31973,-0.000447158
31974,0.014532561
31975,-0.043993343
31976,-0.057609677
31977,-0.04113394
31978,-0.009788633
31979,-0.031009223
31980,0.00255002
31981,0.0132273
31982,-0.027809331
31983,0.010021197
31984,-0.017267622
31985,-0.018538438
31986,-0.015437925
31987,0.020079656
31988,0.009015296
31989,-0.011143986
31990,-0.05552372
31991,0.005801294
31992,-0.006891702
31993,-0.014088276
31994,-0.008778692
31995,0.012815715
31996,-0.016024347
31997,-0.009850003
31998,-0.005198726
31999,0.000653796
32000,-0.026407691
32001,-0.004357693
32002,0.008931322
32003,0.009118941
32004,-0.02397114
32005,-0.003848866
32006,-0.028031681
32007,0.020869559
32008,0.021677261
32009,-0.00676381
32010,-0.004143198
32011,0.000521593
32012,-0.001690057
32013,0.016789962
32014,0.00985531
32015,-0.007742893
32016,-0.017003322
32017,0.010448216
32018,-0.012075851
32019,0.00910382
32020,-0.002769358
32021,0.024346469
32022,0.017296681
32023,0.014818782
32024,-0.039000653
32025,0.001789791
32026,0.037865672
32027,-0.008022943
32028,-0.037254643
32029,0.026569529
32030,0.003292669
32031,0.017552653
32032,0.020146403
32033,-0.012226637
32034,0.030975217
32035,0.011723675
32036,0.001120828
32037,-0.020301422
32038,0.035729617
32039,0.017397905
32040,-0.007378511
32041,0.011703745
32042,0.008304367
32043,-0.012738803
32044,-0.008298851
32045,-0.032860894
32046,0.000305069
32047,0.006601611
32048,0.002564414
32049,0.01203721
32050,0.010841161
32051,0.022281101
32052,0.002668982
32053,-0.01418677
32054,-0.01687534
32055,0.026485723
32056,-5.91E-05
32057,-0.004258639
32058,0.021636901
32059,0.037479408
32060,-0.002214314
32061,0.001517452
32062,0.001348009
32063,-0.009819708
32064,0.004319683
32065,0.01832805
32066,0.006803629
32067,-0.013854734
32068,-0.003796887
32069,0.008674219
32070,-0.016355338
32071,0.016938651
32072,0.042508356
32073,-0.004503977
32074,0.008065654
32075,0.00246535
32076,-0.001233087
32077,-0.008592814
32078,-0.003033526
32079,0.001349983
32080,0.01354567
32081,-0.00225669
32082,-0.012967146
32083,-0.033855375
32084,0.025305515
32085,-0.003713993
32086,0.018029233
32087,0.009655033
32088,0.009991057
32089,-0.004530353
32090,-0.008442756
32091,-0.009774636
32092,-0.006910613
32093,0.010730258
32094,-0.000927738
32095,0.020915566
32096,-0.010025932
32097,-0.000800133
32098,0.005303198
32099,-0.008869176
32100,0.003907152
32101,0.001876451
32102,-0.024470674
32103,0.024258088
32104,0.020714929
32105,-0.008014699
32106,-0.030083714
32107,0.063271418
32108,-0.007634263
32109,-0.018507751
32110,-0.029971048
32111,0.007647994
32112,0.00033697
32113,0.003557053
32114,-8.90E-05
32115,0.011748771
32116,0.018349728
32117,-0.001273308
32118,-0.024141014
32119,0.037585489
32120,-0.001525378
32121,0.012461017
32122,0.034594227
32123,-0.005446788
32124,-0.004828741
32125,0.024106186
32126,6.87E-06
32127,-0.0047271
32128,0.03161006
32129,-0.016154177
32130,0.001863843
32131,-0.013353126
32132,0.032865074
32133,-0.006407288
32134,-0.026296712
32135,0.001481118
32136,0.034151692
32137,0.016684644
32138,0.020223208
32139,-0.011009263
32140,-0.025973246
32141,-0.011373766
32142,0.002039249
32143,0.035829511
32144,0.002520712
32145,-0.01235197
32146,0.007084601
32147,0.005953406
32148,-0.008390483
32149,-0.014392786
32150,0.012832019
32151,0.004198107
32152,0.004348389
32153,-0.004578712
32154,0.020380661
32155,-0.016296877
32156,-0.003207125
32157,0.005677135
32158,0.014528326
32159,0.020148169
32160,0.01355596
32161,0.022780107
32162,0.019186197
32163,0.005678134
32164,-0.013997237
32165,-0.012787572
32166,0.043001335
32167,-0.001445378
32168,0.015274841
32169,-0.01543639
32170,-0.051431227
32171,0.015592125
32172,0.006761272
32173,-0.003744774
32174,0.020337075
32175,-0.018012403
32176,-0.029967174
32177,-0.014534199
32178,-0.014748373
32179,-0.000639599
32180,0.010506393
32181,-0.002379555
32182,0.00421487
32183,-0.009710217
32184,0.0009254
32185,-0.000602298
32186,-0.026172644
32187,0.006677047
32188,-0.023237836
32189,-0.005972731
32190,-0.01057406
32191,-0.030432507
32192,0.019997431
32193,-0.014884944
32194,-0.019545441
32195,0.017921835
32196,-0.010037028
32197,0.014676789
32198,-0.020680714
32199,0.012598814
32200,-0.01936773
32201,-0.025520356
32202,-0.020042859
32203,-0.012220789
32204,-0.004367615
32205,0.020405546
32206,0.005240811
32207,0.003009836
32208,-0.013171779
32209,0.015071725
32210,-0.022587664
32211,-0.014963605
32212,-0.030419899
32213,0.029625649
32214,0.009067735
32215,-0.01155976
32216,0.001722457
32217,-0.006905844
32218,-0.020795649
32219,0.012523765
32220,-0.001620903
32221,-0.043161694
32222,-0.000312073
32223,-0.006186211
32224,0.001786092
32225,0.007577229
32226,0.004010004
32227,0.013994076
32228,0.010400997
32229,0.035494804
32230,-0.014313885
32231,-0.004321479
32232,-0.00786161
32233,0.004917527
32234,-0.005455553
32235,0.011868345
32236,0.010516474
32237,0.001160925
32238,-0.0068416
32239,-0.004162893
32240,0.010229029
32241,-0.017006418
32242,-0.025180731
32243,0.004524065
32244,-0.017424507
32245,-0.009300932
32246,-0.03245578
32247,0.00303542
32248,0.024817778
32249,0.007763474
32250,-0.014266034
32251,-0.001137857
32252,-0.0046876
32253,-0.0105454
32254,0.012197568
32255,0.016199354
32256,-0.003582876
32257,0.009710439
32258,0.009862343
32259,0.020926416
32260,0.010583947
32261,-0.011085226
32262,0.010048729
32263,-0.035428826
32264,0.013192253
32265,-0.001894541
32266,0.021376852
32267,0.037032954
32268,-0.010837978
32269,-0.013233684
32270,0.018636059
32271,0.021344637
32272,0.005580673
32273,-0.014218714
32274,-0.017471602
32275,-0.010034896
32276,-0.002017224
32277,-0.001638882
32278,-0.003131514
32279,0.027364857
32280,-0.005748071
32281,-0.000908594
32282,-0.008581012
32283,-0.028915562
32284,-0.001343606
32285,0.006013297
32286,-0.024133602
32287,-0.004204036
32288,0.015899651
32289,0.002372952
32290,-0.02065349
32291,-0.017453764
32292,0.022323957
32293,-0.007489069
32294,-0.010909407
32295,0.034484092
32296,-0.00219116
32297,-0.041256417
32298,-0.009453697
32299,0.02265319
32300,-0.0252374
32301,0.009561201
32302,0.03909108
32303,-0.015596889
32304,-0.003428356
32305,-0.020292424
32306,-0.003889824
32307,0.00645122
32308,0.012127591
32309,0.001894137
32310,-0.000195445
32311,0.048879813
32312,0.012517627
32313,0.009700749
32314,0.005128256
32315,0.002032339
32316,0.014341279
32317,-0.039203271
32318,0.014023624
32319,0.014729689
32320,0.01339676
32321,0.00783779
32322,0.000823974
32323,0.01518447
32324,-0.029797671
32325,-0.003206032
32326,0.010315973
32327,-0.014192511
32328,-0.017876301
32329,-0.025836831
32330,0.039142061
32331,-0.004840183
32332,0.00048792
32333,-0.0059483
32334,0.005082912
32335,0.022221033
32336,0.01782996
32337,0.015184462
32338,0.016357815
32339,0.011705329
32340,0.034137167
32341,0.0095257
32342,-0.005957978
32343,-0.016421568
32344,-0.00046797
32345,0.037141506
32346,-0.002432788
32347,0.009322459
32348,0.031527471
32349,-0.020993855
32350,-0.007908448
32351,0.017736621
32352,0.021731049
32353,0.01464705
32354,-0.017492514
32355,-0.024200218
32356,-0.00591764
32357,0.029381307
32358,0.005694611
32359,0.00781455
32360,0.017914383
32361,0.007920776
32362,-0.019243732
32363,-0.022862861
32364,0.012694037
32365,-0.003247393
32366,0.002166325
32367,0.006253349
32368,-0.004818909
32369,-0.019672459
32370,-0.020658163
32371,-0.007681492
32372,0.001082412
32373,0.002293814
32374,0.008164577
32375,-0.00479951
32376,-0.006470527
32377,0.004134099
32378,-0.014561967
32379,0.007894798
32380,-0.013308882
32381,-0.012637375
32382,0.008673099
32383,0.00443854
32384,0.002032586
32385,-0.016229531
32386,-0.00558721
32387,-0.019798225
32388,0.015808355
32389,-0.005264223
32390,-0.008461435
32391,0.004064335
32392,-0.018350299
32393,0.028976303
32394,-0.00175823
32395,0.005408875
32396,0.014705741
32397,0.018587282
32398,0.011786158
32399,0.023795055
32400,0.016481725
32401,0.024334697
32402,0.012715791
32403,0.001424552
32404,-0.014385071
32405,-0.006896197
32406,-0.021468185
32407,0.00328139
32408,0.020852238
32409,0.016375581
32410,-0.017468629
32411,0.002072385
32412,0.002678883
32413,-0.022270046
32414,0.000818653
32415,0.013513698
32416,-0.002937701
32417,-0.033903182
32418,-0.002453789
32419,0.015801651
32420,0.004473304
32421,-0.017989013
32422,-0.003992218
32423,-0.01021265
32424,-0.001445636
32425,0.020604342
32426,-0.023951042
32427,0.016992345
32428,0.006951671
32429,0.008492751
32430,-0.002244629
32431,0.004072414
32432,0.019014388
32433,0.015611575
32434,0.008704529
32435,-0.019568974
32436,0.005138584
32437,-0.000441646
32438,-0.024669094
32439,0.022144675
32440,0.004611594
32441,-0.004277946
32442,-0.003623759
32443,0.016765125
32444,-0.008822157
32445,0.028286228
32446,0.00758319
32447,-0.000574606
32448,0.009418
32449,0.005069725
32450,0.025194036
32451,0.024204424
32452,0.017936757
32453,0.00250202
32454,0.010567405
32455,0.012337768
32456,-0.012920112
32457,0.010237634
32458,-0.002901551
32459,0.014588643
32460,0.008797879
32461,0.044071235
32462,-0.017761102
32463,-0.00481448
32464,0.003405204
32465,0.028149208
32466,0.008756246
32467,0.007602992
32468,-0.000454916
32469,-0.007957067
32470,-0.039143398
32471,0.021185877
32472,-0.006383088
32473,-0.005790236
32474,0.0030081
32475,0.018329544
32476,-0.00610296
32477,-0.016824275
32478,0.027335105
32479,0.013329937
32480,0.030547148
32481,-0.003789088
32482,-0.019806266
32483,-0.006298941
32484,-0.013231024
32485,0.024209617
32486,-0.006015989
32487,0.018292304
32488,0.011808493
32489,-0.007860934
32490,0.002932712
32491,-0.042774327
32492,-0.023764865
32493,0.009668408
32494,0.060287032
32495,-0.002644188
32496,-0.003220358
32497,0.012594554
32498,-0.003286114
32499,-0.011616366
32500,0.017098043
32501,-6.33E-05
32502,-0.003909828
32503,-0.01094342
32504,0.01085836
32505,0.01150051
32506,-0.016270556
32507,-0.005320649
32508,0.018939875
32509,0.032512609
32510,0.012346261
32511,0.004600328
32512,-0.020312881
32513,0.017921055
32514,0.020180326
32515,-0.005053169
32516,-0.005383132
32517,0.0043879
32518,0.002654347
32519,-0.013602978
32520,0.003397134
32521,-0.007297383
32522,-0.011130554
32523,-0.003528713
32524,-0.01000376
32525,-0.019943692
32526,-0.002134639
32527,0.003330109
32528,0.009254959
32529,-0.004645539
32530,-0.018823043
32531,0.001441115
32532,0.015838694
32533,-0.043600854
32534,0.02791301
32535,-0.00435052
32536,-0.000641991
32537,0.001804404
32538,
32539,
32540,0.00825258
32541,-0.026234668
32542,0.009062101
32543,-0.001308447
32544,-0.020713469
32545,0.029498188
32546,0.023978431
32547,0.012031222
32548,-0.027856665
32549,0.010731993
32550,-4.38E-06
32551,-0.021274218
32552,0.01330019
32553,-0.014038684
32554,0.011096798
32555,0.008824737
32556,0.018566689
32557,0.009577656
32558,-0.012233916
32559,0.003850491
32560,0.026901476
32561,0.017782168
32562,0.022114024
32563,-0.004734418
32564,-0.007894306
32565,-0.000212158
32566,0.000481681
32567,-0.007118859
32568,0.0090911
32569,0.000486253
32570,0.002191013
32571,0.018845009
32572,0.002420046
32573,-0.005513262
32574,-0.024935549
32575,-0.000110642
32576,0.026072135
32577,0.017894588
32578,0.052153997
32579,-0.001468465
32580,-0.003301034
32581,-0.006653766
32582,0.000527932
32583,0.010479937
32584,0.038080279
32585,0.003545477
32586,-0.007618843
32587,0.005766197
32588,-0.001201548
32589,-0.010223325
32590,-0.001259627
32591,-0.005542061
32592,-0.011430063
32593,0.027137395
32594,-0.016169704
32595,-0.03198982
32596,0.011703855
32597,0.014139428
32598,-0.046424191
32599,-0.005514256
32600,0.003374376
32601,0.022760469
32602,-0.007504554
32603,0.007863873
32604,0.017084407
32605,0.002878667
32606,-0.036210191
32607,-0.01084692
32608,0.005633465
32609,-0.00194657
32610,-0.02709814
32611,-0.025343625
32612,0.016056696
32613,0.020091269
32614,-0.014056406
32615,0.017635262
32616,0.013343627
32617,-0.000119227
32618,0.020511748
32619,-0.025113273
32620,-0.040972672
32621,0.009299896
32622,-0.013757285
32623,0.000601094
32624,0.017367633
32625,0.010267809
32626,-0.022557199
32627,-0.003984148
32628,0.007632357
32629,-0.015121186
32630,0.009580739
32631,-0.003943176
32632,-0.022963535
32633,0.000286801
32634,0.024460638
32635,0.042134486
32636,-0.008786291
32637,-0.00535917
32638,-0.004411778
32639,0.037295919
32640,-0.006885141
32641,-0.001477986
32642,0.007879409
32643,0.000514105
32644,0.016658772
32645,-0.007302959
32646,0.011920265
32647,0.000522699
32648,0.011385503
32649,-0.001661088
32650,0.019917179
32651,-0.009859114
32652,-0.007304407
32653,-0.021421742
32654,0.004116881
32655,-0.008123967
32656,-0.032870322
32657,4.10E-05
32658,0.039725885
32659,-0.011090676
32660,-0.002650826
32661,0.026483258
32662,-0.021975035
32663,0.005672503
32664,0.024388997
32665,0.01104045
32666,0.05195288
32667,-0.008692083
32668,-0.001780394
32669,0.02365325
32670,-0.012673011
32671,0.01726621
32672,0.009622212
32673,0.030480329
32674,-0.014273424
32675,-0.013475081
32676,-0.0076323
32677,-0.026923304
32678,0.018452832
32679,0.007767743
32680,-0.017135028
32681,0.007834775
32682,0.016831033
32683,-0.005192819
32684,0.000793688
32685,-0.034233142
32686,-0.015537007
32687,0.003169828
32688,0.015309632
32689,-0.013697023
32690,0.003515224
32691,-0.017724445
32692,-0.018625017
32693,0.008719733
32694,0.011228804
32695,-0.008179886
32696,-0.006819713
32697,-0.046599425
32698,-0.015970252
32699,-0.00699152
32700,-0.024534559
32701,-0.003640753
32702,-0.012237366
32703,-0.00533349
32704,0.008178922
32705,-0.004302506
32706,-0.016554803
32707,0.010274068
32708,0.01485074
32709,0.019012492
32710,0.001638501
32711,-0.018896161
32712,-0.008327871
32713,-0.0233547
32714,0.001054083
32715,0.002848618
32716,-0.001762059
32717,0.001598821
32718,-0.000368822
32719,0.029395925
32720,-0.01425424
32721,-0.011380699
32722,-0.011871137
32723,-0.004305309
32724,-0.01040315
32725,-0.000972423
32726,-0.006774215
32727,-0.013071143
32728,-0.001195451
32729,0.033723962
32730,-0.012232219
32731,-0.027478237
32732,0.005955646
32733,0.011831611
32734,0.017246172
32735,-0.009909833
32736,-0.0103876
32737,0.00022214
32738,0.01440884
32739,0.002570028
32740,-0.004154019
32741,-0.012669875
32742,-0.00857517
32743,0.033484869
32744,-0.007810495
32745,0.011052526
32746,-0.010918478
32747,-0.045604225
32748,0.016926259
32749,-0.00866778
32750,-0.01291962
32751,-0.001033656
32752,0.000546303
32753,-0.005042084
32754,0.014175586
32755,0.0178554
32756,-0.00491863
32757,-0.019433569
32758,-0.010703127
32759,-0.00688971
32760,-0.003325442
32761,0.011365769
32762,-0.026595548
32763,-0.028530624
32764,0.030589713
32765,0.009485602
32766,0.005557193
32767,-0.011749978
32768,-0.017470514
32769,0.003635744
32770,-0.000502012
32771,-0.012918283
32772,-0.000493115
32773,-0.007618832
32774,-0.021932034
32775,0.014941091
32776,0.021564472
32777,-0.030151902
32778,-0.011635565
32779,0.007666975
32780,0.00365704
32781,0.014755629
32782,0.021348374
32783,0.011324895
32784,-0.0193894
32785,-0.016441165
32786,-0.006657186
32787,0.012425237
32788,-0.003183696
32789,-0.002107246
32790,0.006206984
32791,0.018605812
32792,0.008844381
32793,-0.018255495
32794,-0.00455912
32795,0.019892864
32796,-0.017488724
32797,-0.020064807
32798,-0.01390751
32799,0.032467607
32800,0.029478662
32801,0.020470938
32802,0.010547846
32803,-0.016531387
32804,-0.010615363
32805,0.020770926
32806,-0.00583335
32807,-0.002270799
32808,0.029531147
32809,-0.001402602
32810,0.000821088
32811,-0.011117477
32812,0.009822188
32813,-0.010125421
32814,0.005352475
32815,-0.003957233
32816,0.025151091
32817,0.029587366
32818,-0.002920278
32819,-0.014397096
32820,0.008881511
32821,0.024389844
32822,-0.001634366
32823,-0.007846662
32824,-0.037124138
32825,0.02952016
32826,0.008536341
32827,-0.030330408
32828,-0.021444181
32829,-0.009141255
32830,-0.001422083
32831,0.004455166
32832,-0.042230356
32833,0.002638048
32834,-0.008386532
32835,-0.011346752
32836,0.012215819
32837,-0.010336617
32838,-0.044838045
32839,-0.00043422
32840,-0.016532643
32841,0.007397964
32842,0.000393634
32843,-0.011345497
32844,-0.018347228
32845,-0.023014855
32846,-0.005566815
32847,-0.001853431
32848,-0.009827481
32849,0.006780581
32850,-0.005871442
32851,-0.014595033
32852,0.017729834
32853,-0.026779538
32854,-0.000358323
32855,0.005292038
32856,0.028479781
32857,0.022265585
32858,0.013170302
32859,-0.021832211
32860,-0.001635092
32861,-0.026014125
32862,0.020522565
32863,0.009860775
32864,0.001099832
32865,0.012625493
32866,0.006633951
32867,-0.019882539
32868,0.022250459
32869,0.000462462
32870,-0.017329196
32871,0.012145893
32872,-0.000802209
32873,-0.002044907
32874,-0.006967809
32875,-0.019680347
32876,-0.010507111
32877,0.015500316
32878,-0.006571034
32879,0.002588656
32880,-0.00112045
32881,0.037837036
32882,-0.014748841
32883,0.0034202
32884,-0.012700244
32885,-0.006210716
32886,0.004695146
32887,-0.022682011
32888,0.000112119
32889,0.018540008
32890,-0.02440933
32891,-0.013831276
32892,-0.009651823
32893,0.000558006
32894,-0.018026521
32895,-0.018703477
32896,0.007126992
32897,-0.022173736
32898,0.034677934
32899,0.007512692
32900,-0.023706011
32901,-0.017948795
32902,0.007323342
32903,-0.018167451
32904,-0.00947105
32905,-0.018282376
32906,-0.033491772
32907,-0.004953569
32908,-0.004647397
32909,-0.003131606
32910,-0.011927559
32911,-0.013936415
32912,0.003535165
32913,-0.022831082
32914,0.024829078
32915,0.002663716
32916,-0.03306292
32917,-0.021107432
32918,-0.00682756
32919,-0.000584703
32920,-0.00356858
32921,-0.015953382
32922,-0.003093659
32923,0.009944246
32924,0.018674849
32925,-0.009381896
32926,0.01742061
32927,0.005912149
32928,0.003837465
32929,-0.002985326
32930,-0.024053752
32931,0.004825159
32932,0.009119341
32933,-0.039938968
32934,0.029599739
32935,-0.002795327
32936,-0.006438521
32937,0.004342062
32938,0.046669468
32939,0.01027402
32940,-0.006280683
32941,-0.007648916
32942,0.026004236
32943,0.002500437
32944,0.005535597
32945,-0.005938388
32946,-0.021964125
32947,0.01689836
32948,0.007521238
32949,0.011410223
32950,0.0026109
32951,-0.041781384
32952,0.003077958
32953,0.009991589
32954,-0.007676724
32955,-0.014464496
32956,0.035541426
32957,-0.013380275
32958,-0.003125259
32959,-0.001947111
32960,-0.069149524
32961,0.003317551
32962,-0.042307984
32963,0.021310344
32964,-0.048251975
32965,-0.020315871
32966,-0.000319437
32967,-0.003454838
32968,-0.010777123
32969,-0.019265417
32970,0.027392916
32971,-0.014088255
32972,-0.020443054
32973,0.004098687
32974,0.03066358
32975,0.003985034
32976,-0.011218851
32977,0.008937518
32978,-0.000620808
32979,-0.03005689
32980,0.001076164
32981,0.004626525
32982,-0.001198974
32983,0.043930579
32984,-0.004084787
32985,0.003639538
32986,0.016735116
32987,0.025762975
32988,-0.004011753
32989,0.000848704
32990,0.011098128
32991,-0.010450265
32992,0.000870032
32993,-0.017096439
32994,-0.023121048
32995,0.008075337
32996,0.007706858
32997,-0.009166339
32998,0.005255757
32999,0.024446659
33000,-0.004642952
33001,-0.000213312
33002,-0.005230187
33003,-0.025851548
33004,-0.011776486
33005,0.001920242
33006,-0.014714229
33007,0.002737255
33008,-0.010773172
33009,-0.024715919
33010,0.00285526
33011,0.022993779
33012,-0.014522234
33013,0.001192249
33014,0.020087084
33015,-0.014225989
33016,0.034812156
33017,0.000495028
33018,0.013031504
33019,-0.004006329
33020,-0.011774652
33021,0.007237825
33022,-0.005915688
33023,-0.021513561
33024,-0.011749546
33025,0.044578064
33026,-0.01824427
33027,0.012393299
33028,0.007345275
33029,-0.008112113
33030,-0.001541921
33031,-0.023263358
33032,0.005287738
33033,0.009507577
33034,-0.021627236
33035,0.001489929
33036,-0.003611659
33037,-0.007554375
33038,-0.001385926
33039,0.011943678
33040,-0.001928069
33041,0.017916424
33042,0.008124158
33043,-0.000315691
33044,0.037024532
33045,-0.021532286
33046,-0.010401073
33047,0.026145432
33048,0.032565705
33049,0.003654716
33050,-0.017486721
33051,-0.028049318
33052,-0.011169587
33053,-0.021522582
33054,-0.006700448
33055,0.010234203
33056,0.030123124
33057,-0.011500169
33058,-0.027482914
33059,0.024567222
33060,-0.001070268
33061,-0.026697179
33062,-0.014138516
33063,0.004400984
33064,0.006817404
33065,-0.005437424
33066,-0.009547965
33067,-0.011436475
33068,-0.010226517
33069,0.003644593
33070,0.001169123
33071,-0.006974824
33072,-0.006610778
33073,-0.005196359
33074,-0.014826822
33075,0.012423966
33076,0.003442158
33077,-0.02576036
33078,0.014999521
33079,0.015280628
33080,-0.004300491
33081,-0.016046287
33082,0.000960901
33083,-0.007913479
33084,-0.00629035
33085,0.008931563
33086,0.015736425
33087,0.009662064
33088,-0.007437469
33089,-0.007300144
33090,0.00912692
33091,0.008979185
33092,0.012585491
33093,-0.006103478
33094,0.012011632
33095,0.014671799
33096,0.007368324
33097,0.002900848
33098,0.000127138
33099,-0.00167919
33100,-0.01892516
33101,0.028927896
33102,0.010030674
33103,-0.002910207
33104,0.000860721
33105,-0.030355856
33106,-0.003424617
33107,0.004883789
33108,0.036868069
33109,0.010376198
33110,-0.006194266
33111,7.89E-05
33112,-0.026786355
33113,0.006347375
33114,0.002622797
33115,0.012700543
33116,0.018400449
33117,-0.017686291
33118,0.016026247
33119,0.021388087
33120,-0.003350873
33121,0.014567378
33122,0.002375475
33123,0.007664647
33124,-0.00135857
33125,0.006855123
33126,-0.015434748
33127,0.001231823
33128,0.008516915
33129,-0.021558203
33130,0.00416653
33131,-0.00020015
33132,0.010538697
33133,0.006721974
33134,-0.026527533
33135,-0.012958497
33136,-0.012336235
33137,0.02568716
33138,0.023063472
33139,-0.00275476
33140,-0.014754462
33141,-0.002272487
33142,-0.002210249
33143,0.017293647
33144,-0.00759368
33145,0.004996256
33146,-0.036033653
33147,-0.000384647
33148,0.019813243
33149,-0.009286877
33150,-0.025530633
33151,-0.002743019
33152,-0.009714998
33153,-0.030143233
33154,-0.00535701
33155,0.01046745
33156,-0.019210434
33157,-0.0018077
33158,-0.000480795
33159,-0.023287544
33160,-0.000572353
33161,0.024891667
33162,-0.015704932
33163,0.001504628
33164,0.010765808
33165,0.023057546
33166,-0.025978951
33167,0.013329925
33168,-0.009124873
33169,0.007396598
33170,-0.015067978
33171,-0.004849675
33172,-0.004899097
33173,0.001227376
33174,0.011326665
33175,0.022630757
33176,0.004118441
33177,-0.000487585
33178,-0.063248128
33179,-0.02768904
33180,0.006330291
33181,0.00788113
33182,0.0229632
33183,0.005943579
33184,0.020614153
33185,0.017789247
33186,-0.014769888
33187,0.037463892
33188,0.009465426
33189,-0.010983403
33190,-0.000949177
33191,-0.0240945
33192,-0.014744742
33193,-0.003593315
33194,-0.002308591
33195,0.005737036
33196,0.034873735
33197,-0.035831012
33198,0.004279148
33199,0.009395691
33200,-0.000487667
33201,0.010516556
33202,0.024713436
33203,-0.009358682
33204,-0.009373266
33205,-0.023847912
33206,0.006470383
33207,-0.036344007
33208,0.008353485
33209,0.022071676
33210,-0.011328343
33211,0.006689295
33212,-0.029933468
33213,0.027814982
33214,-0.004844941
33215,0.013346097
33216,-0.002800131
33217,0.009034045
33218,-0.000504745
33219,-0.008174459
33220,-0.005367325
33221,-0.039706618
33222,0.030083694
33223,-0.047322068
33224,-0.016772935
33225,0.023281761
33226,-0.033320677
33227,-0.016586782
33228,-0.037711058
33229,0.013264071
33230,-0.00244426
33231,-0.022273058
33232,-0.027613588
33233,0.008161702
33234,-0.009607795
33235,0.012157504
33236,0.021941667
33237,0.024004322
33238,-0.004671697
33239,-0.004712416
33240,0.02466559
33241,0.001967545
33242,0.011495984
33243,0.012644391
33244,0.007872159
33245,-0.00891943
33246,-0.01787773
33247,-0.011159706
33248,-0.011904191
33249,0.021549219
33250,-0.007882379
33251,-0.002119709
33252,-0.01518574
33253,0.005923993
33254,0.011737665
33255,-0.002395444
33256,-0.003153886
33257,-0.095822074
33258,-0.003109155
33259,0.026325097
33260,-0.012043297
33261,0.00044615
33262,-0.00401501
33263,-0.02295924
33264,0.016328167
33265,0.001319254
33266,0.023351723
33267,0.014774225
33268,-0.004861928
33269,0.0113187
33270,0.001175048
33271,-0.000950216
33272,-0.014496109
33273,0.02934319
33274,0.031970963
33275,0.002298646
33276,-0.028809752
33277,-0.017568747
33278,-0.001140061
33279,0.019713826
33280,0.006468047
33281,0.001844066
33282,0.008278095
33283,-0.008614767
33284,-0.020053091
33285,0.000829492
33286,-0.007383247
33287,0.009218836
33288,-0.002805636
33289,0.00328267
33290,0.009377336
33291,0.000924601
33292,-0.033119418
33293,-0.00984503
33294,-0.0173162
33295,-0.00794971
33296,-0.011691816
33297,0.009112517
33298,0.003278894
33299,-0.034633659
33300,0.015461093
33301,-0.020743109
33302,0.012432583
33303,0.020833673
33304,-0.021095701
33305,0.011990284
33306,0.00089423
33307,0.00495572
33308,-0.005239277
33309,0.013943509
33310,0.00327348
33311,0.023433231
33312,-0.00228344
33313,0.025177652
33314,0.007323782
33315,0.016070867
33316,-0.015552128
33317,-0.014368697
33318,-0.006835739
33319,-0.007186476
33320,-0.0020883
33321,-0.014320056
33322,0.005539602
33323,-0.001898329
33324,0.007299436
33325,-0.004947715
33326,-0.027222225
33327,-0.011979407
33328,0.002466757
33329,0.003567954
33330,0.009741284
33331,0.013643551
33332,0.004263708
33333,-0.013661152
33334,-0.012656414
33335,-0.001466583
33336,0.011463303
33337,-0.021178016
33338,-0.008314641
33339,0.013621756
33340,-0.011884701
33341,-0.002259613
33342,0.010162728
33343,-0.017640432
33344,-0.039021321
33345,-0.039191704
33346,-0.012574474
33347,-0.009112824
33348,-0.01308277
33349,0.00861683
33350,0.022457154
33351,-0.011615301
33352,-0.001511818
33353,-0.000754514
33354,-0.003141473
33355,-0.000912809
33356,0.008189892
33357,-0.011908554
33358,0.021877334
33359,0.026120443
33360,-0.013259156
33361,0.020108076
33362,0.023925601
33363,0.002627815
33364,-0.014478556
33365,0.008421897
33366,0.015392684
33367,-0.005437975
33368,-0.021741558
33369,-0.008404302
33370,0.00327872
33371,0.00539672
33372,-0.015438206
33373,0.006768622
33374,0.008250965
33375,-0.000790612
33376,-0.018361412
33377,-0.023326805
33378,-0.049870152
33379,-0.004223418
33380,0.012911709
33381,0.01027972
33382,-0.000489576
33383,0.003407724
33384,0.020390699
33385,-0.025519615
33386,-0.02048089
33387,0.022904493
33388,0.071983784
33389,-0.013405238
33390,-0.016606338
33391,0.023603799
33392,0.047014244
33393,-0.025039244
33394,0.047214542
33395,0.00082712
33396,0.012210776
33397,0.008416508
33398,-0.004909972
33399,0.010619928
33400,0.006247897
33401,-0.027037418
33402,0.001177671
33403,0.016229521
33404,0.02158553
33405,-0.015015963
33406,-0.026595172
33407,-0.001105952
33408,0.012388584
33409,0.003106958
33410,0.019077718
33411,-0.00464705
33412,-0.00140274
33413,0.006710084
33414,-0.010796846
33415,-0.010599918
33416,-0.020151898
33417,-0.02506575
33418,0.046109218
33419,0.004901949
33420,-0.004411594
33421,-0.006601742
33422,0.019250847
33423,-0.007212501
33424,-0.002715819
33425,0.015503726
33426,0.006606138
33427,-0.000127842
33428,0.004573171
33429,0.000524668
33430,0.009605526
33431,0.018141758
33432,-0.023569735
33433,0.00434168
33434,0.004458932
33435,0.00702195
33436,0.005978346
33437,-0.009851367
33438,0.005124236
33439,-0.001498678
33440,0.002597635
33441,0.007091608
33442,-0.019884665
33443,0.001236159
33444,-0.003059747
33445,0.002278686
33446,0.004593537
33447,-0.007872188
33448,0.000124167
33449,-0.031661764
33450,-0.006808117
33451,-0.019937264
33452,0.016504932
33453,-0.01842243
33454,-0.004121447
33455,0.009487744
33456,0.005992528
33457,-0.004121192
33458,-0.013221833
33459,-0.002427622
33460,0.019931072
33461,-0.007010173
33462,-0.00669602
33463,0.03656552
33464,-0.018846715
33465,-0.001702044
33466,0.016988045
33467,0.016890384
33468,-0.00263077
33469,-0.007688718
33470,-0.013679633
33471,-0.007334402
33472,0.001449778
33473,0.024189781
33474,0.018006753
33475,0.006191612
33476,-0.017590413
33477,-0.00120327
33478,-0.013260655
33479,-0.008326648
33480,-0.01428052
33481,0.010032536
33482,-9.82E-05
33483,-0.01588073
33484,0.015416549
33485,-0.026931016
33486,0.021029551
33487,0.008339179
33488,-0.006433608
33489,-0.029057156
33490,0.013563549
33491,0.016381573
33492,-0.008406563
33493,-0.00469846
33494,0.019152628
33495,0.02655963
33496,-0.013063955
33497,0.004200789
33498,-0.019744832
33499,-0.029347302
33500,0.004891195
33501,-0.00113029
33502,0.012947642
33503,-0.005002876
33504,-0.014265971
33505,-0.034481812
33506,-0.010236216
33507,0.007219767
33508,0.009992028
33509,0.029873075
33510,0.015508001
33511,0.016888602
33512,-0.008316901
33513,0.005262322
33514,-0.004357581
33515,-0.017792769
33516,-0.005982906
33517,0.007112677
33518,-0.036955107
33519,0.044741727
33520,0.010270296
33521,0.025269963
33522,0.005236284
33523,0.021934457
33524,0.048928969
33525,0.044086907
33526,-0.001576511
33527,0.011074033
33528,0.020564403
33529,0.011018256
33530,-0.043335441
33531,0.052009493
33532,0.00105242
33533,-0.00795473
33534,0.00035172
33535,-0.005138664
33536,0.00268958
33537,0.001681391
33538,-0.010185803
33539,0.012134005
33540,-0.011493347
33541,-0.02123411
33542,-0.001099184
33543,-0.00141896
33544,-0.003653513
33545,-0.00954128
33546,0.012383323
33547,0.003360438
33548,0.002988667
33549,0.006137439
33550,-0.012687581
33551,0.005374189
33552,-0.001118399
33553,-0.011201101
33554,-0.006215101
33555,0.021340935
33556,-0.003679098
33557,0.015341927
33558,0.0146241
33559,0.027274128
33560,0.005451436
33561,-0.00988568
33562,0.005076095
33563,0.001160558
33564,-0.003989995
33565,0.004889297
33566,0.005198493
33567,0.005457822
33568,0.020822443
33569,-0.007873496
33570,0.014856546
33571,0.031735759
33572,0.006681899
33573,-0.022734158
33574,0.006197791
33575,-0.005833124
33576,-0.009903527
33577,0.000772589
33578,-0.020904418
33579,-0.009794562
33580,0.022698596
33581,-0.004796137
33582,-0.011676876
33583,0.017848143
33584,0.00109185
33585,-0.03936898
33586,0.002701178
33587,0.010582551
33588,0.004366804
33589,0.041863732
33590,0.005050944
33591,0.011597598
33592,-0.005626882
33593,-0.003781749
33594,6.28E-07
33595,0.038051717
33596,-0.021934897
33597,-0.021049051
33598,0.019890795
33599,-0.000100297
33600,-0.01548957
33601,-0.010984658
33602,0.005831372
33603,0.012608758
33604,0.020332715
33605,0.058196623
33606,0.019380804
33607,-0.002711081
33608,-0.042224169
33609,-0.002706394
33610,0.019223876
33611,-0.01491163
33612,-0.01489797
33613,0.012217854
33614,0.022155164
33615,0.005095089
33616,0.041599564
33617,0.002055668
33618,0.012282103
33619,-0.014449804
33620,0.005172862
33621,0.005962428
33622,0.012476833
33623,0.017237721
33624,-0.014664995
33625,0.006256633
33626,0.015229012
33627,-0.002316727
33628,0.003168982
33629,0.005597711
33630,0.018890956
33631,-0.017695546
33632,-0.041716613
33633,0.001091613
33634,0.020015053
33635,0.014362202
33636,0.006342209
33637,-0.022035751
33638,-0.019316113
33639,0.026361851
33640,-0.030273898
33641,-0.001368314
33642,0.021370294
33643,0.013749493
33644,-0.019517181
33645,0.020004001
33646,-0.000813504
33647,-0.020483987
33648,-0.013340858
33649,-0.011285561
33650,-0.045983773
33651,-0.009946173
33652,-0.012630957
33653,-0.007424649
33654,0.004401343
33655,0.027108777
33656,-0.025517594
33657,-0.009955004
33658,0.045912798
33659,-0.002597736
33660,0.02056638
33661,-0.017276809
33662,0.022295235
33663,0.018485991
33664,-0.042613674
33665,-0.033142388
33666,0.018525301
33667,0.00110866
33668,0.001326368
33669,0.004142429
33670,-0.0120345
33671,0.003848986
33672,0.008854441
33673,-0.023072794
33674,-0.00880978
33675,0.001418285
33676,-0.016953686
33677,-0.004822103
33678,0.022028962
33679,0.01727692
33680,-0.003898782
33681,0.042123113
33682,0.005499056
33683,-0.006073981
33684,-0.018390192
33685,0.002363564
33686,-0.015196305
33687,0.003214613
33688,0.016254716
33689,0.001736508
33690,0.012848326
33691,-0.015146761
33692,0.003446601
33693,-0.004775227
33694,0.017628234
33695,0.02572497
33696,-0.007124236
33697,-0.016477207
33698,-0.006790536
33699,0.011189889
33700,-0.018336808
33701,0.010911602
33702,-0.01120555
33703,-0.000103117
33704,0.001306457
33705,-0.00436869
33706,-0.024951337
33707,0.005288152
33708,0.014935196
33709,0.000962433
33710,0.002107711
33711,-0.001090478
33712,0.011027926
33713,-0.015668012
33714,-0.033854112
33715,0.009026302
33716,0.004772537
33717,-0.003421306
33718,-0.026111113
33719,0.011617186
33720,0.005074922
33721,0.012949568
33722,0.001329663
33723,-0.01359506
33724,0.021797664
33725,0.019807471
33726,0.02731787
33727,0.001689381
33728,-0.007347596
33729,0.015448784
33730,-0.018306052
33731,-0.005108117
33732,-0.021365384
33733,-0.011947346
33734,0.015912885
33735,-0.030703947
33736,-0.000329158
33737,-0.015191455
33738,0.018707585
33739,0.034419224
33740,0.023908565
33741,0.037560571
33742,-0.012275443
33743,0.000270634
33744,-0.005927536
33745,0.040004853
33746,0.011091539
33747,-0.010962892
33748,0.006565836
33749,0.016239615
33750,-0.007071648
33751,-0.003164132
33752,-0.001408661
33753,-0.037521131
33754,-0.00669984
33755,0.023983439
33756,-0.022861199
33757,-0.014814625
33758,-0.011580553
33759,0.015050239
33760,-0.003607041
33761,0.005303017
33762,0.003383475
33763,-0.026788203
33764,0.002372669
33765,0.019295145
33766,-0.0153693
33767,-0.004828157
33768,0.00263074
33769,-0.015735598
33770,0.016180266
33771,-0.00019283
33772,-0.004598259
33773,0.02246426
33774,-0.007862015
33775,0.000137736
33776,0.002057645
33777,0.006379435
33778,0.013295335
33779,0.015793482
33780,-0.036291409
33781,0.004267709
33782,-0.009493895
33783,0.05160968
33784,-0.009021457
33785,-0.02692382
33786,-0.011169849
33787,0.006063262
33788,-0.006657696
33789,
33790,
33791,0.023103958
33792,0.007287946
33793,0.018301299
33794,-0.004275334
33795,0.000136076
33796,-0.023184013
33797,0.013004926
33798,0.01314165
33799,0.052946381
33800,0.001911627
33801,-0.016138442
33802,0.010050359
33803,0.028137838
33804,0.028332649
33805,0.003075374
33806,-0.00901706
33807,-0.034771457
33808,0.006548072
33809,-0.004082072
33810,-0.018071104
33811,-0.007578511
33812,0.011338372
33813,-0.026048101
33814,0.002209592
33815,0.0327316
33816,0.007036098
33817,-0.019398717
33818,-0.012876446
33819,-0.010231477
33820,-0.003523098
33821,0.017916176
33822,0.002363241
33823,-0.007847427
33824,-0.004902216
33825,0.02206989
33826,-5.14E-05
33827,-0.000453193
33828,0.016209578
33829,0.027615858
33830,0.015566176
33831,0.005074132
33832,0.003333076
33833,0.002637117
33834,-0.004863075
33835,-0.003443906
33836,0.017519411
33837,-0.017530439
33838,0.006875135
33839,0.008232963
33840,-0.007056367
33841,0.022832101
33842,0.017414704
33843,-0.003514303
33844,-0.015772032
33845,-0.010796073
33846,0.007080096
33847,0.002112461
33848,-0.000393043
33849,0.029596077
33850,-0.002439529
33851,0.001271496
33852,-0.008765589
33853,0.020530857
33854,-0.005782088
33855,-0.006995839
33856,0.006609168
33857,-0.007708932
33858,0.004921617
33859,0.005155944
33860,0.012793909
33861,-0.008027578
33862,-0.029385401
33863,0.008556816
33864,0.004470875
33865,-0.028817777
33866,-0.023669286
33867,-0.003735932
33868,0.003333609
33869,-0.007290331
33870,-0.013806691
33871,0.01909034
33872,0.005100393
33873,0.002720078
33874,0.000401126
33875,0.00417327
33876,0.019954734
33877,-0.009679867
33878,-0.034562461
33879,-0.006614968
33880,-0.015558094
33881,0.006343734
33882,0.014945523
33883,0.014094225
33884,-0.015731001
33885,0.01274967
33886,0.001778479
33887,-0.000993913
33888,-0.015139435
33889,0.041834261
33890,-0.011886635
33891,0.005888985
33892,-0.00954502
33893,-0.007394963
33894,-0.004203938
33895,0.002659679
33896,0.00484687
33897,0.013667012
33898,0.003858596
33899,0.0061764
33900,-0.007802659
33901,0.004469656
33902,0.006759875
33903,-0.002695406
33904,0.016226217
33905,0.014463509
33906,-0.016532212
33907,0.003532601
33908,-0.001193515
33909,-0.03194182
33910,0.025950629
33911,-0.012786063
33912,-0.00190533
33913,-0.00663781
33914,0.009824629
33915,-0.002844404
33916,-0.011770551
33917,0.009847997
33918,-0.01621294
33919,0.006052837
33920,-0.001271361
33921,0.006891285
33922,0.015998434
33923,-0.014944358
33924,-0.002679931
33925,0.002350392
33926,0.008778875
33927,0.009756448
33928,-0.029211404
33929,-0.009854258
33930,0.028918346
33931,0.022906797
33932,-0.009845715
33933,0.014601272
33934,0.013419601
33935,-0.001616588
33936,0.000859056
33937,0.010391193
33938,-0.067583449
33939,-0.00964886
33940,-0.001576532
33941,-0.030814379
33942,0.015636204
33943,-0.011338298
33944,-0.012723333
33945,-0.00969333
33946,0.009303175
33947,-0.004012092
33948,-0.000457504
33949,-0.005701952
33950,0.002088273
33951,-0.018369606
33952,-0.011998631
33953,0.004853496
33954,-0.005310615
33955,-0.012867875
33956,-0.001094395
33957,0.006409383
33958,0.011946966
33959,0.027418733
33960,0.026465451
33961,0.010834238
33962,-0.005540962
33963,0.025378468
33964,-0.004796652
33965,0.005115803
33966,-0.022350295
33967,-0.013936951
33968,-0.001346456
33969,-0.008292028
33970,-0.010133578
33971,-0.006827094
33972,0.014447479
33973,0.015725298
33974,0.014113936
33975,-0.020550124
33976,0.001550226
33977,0.011481232
33978,-0.002503547
33979,-0.006568827
33980,0.025190581
33981,0.005248312
33982,0.011569173
33983,0.012291372
33984,-0.013646459
33985,-0.003883631
33986,-0.001909459
33987,0.023436215
33988,0.001370291
33989,-0.007819835
33990,0.001338494
33991,0.036608241
33992,-0.00536287
33993,-0.011520602
33994,0.031061091
33995,-0.005412025
33996,-0.002071384
33997,0.003029813
33998,0.000497153
33999,-0.001129291
34000,-0.010465319
34001,0.046982907
34002,0.004904388
34003,-0.009139339
34004,-0.000296501
34005,-0.023343127
34006,0.017255347
34007,0.005884573
34008,-0.014295666
34009,-0.002510652
34010,-0.010927479
34011,-0.004664158
34012,-0.011293999
34013,0.006053952
34014,-0.001806708
34015,-0.016118124
34016,0.005317288
34017,-0.009361288
34018,-0.025689669
34019,-0.002057045
34020,0.027716741
34021,0.018221974
34022,0.003809265
34023,0.038167909
34024,0.00025936
34025,-0.015734065
34026,-0.010034642
34027,0.032797657
34028,0.009757678
34029,-0.001906113
34030,-0.002910193
34031,-0.00239584
34032,0.014174264
34033,-0.001148242
34034,-0.021419179
34035,0.013516821
34036,-0.007738661
34037,-0.008820727
34038,0.009583284
34039,0.000993621
34040,-0.005054466
34041,0.008238886
34042,-0.008796679
34043,0.001241988
34044,0.012193299
34045,0.001309125
34046,-0.009890239
34047,-0.017340861
34048,0.010033634
34049,0.000744837
34050,0.018858979
34051,0.008352557
34052,0.006057214
34053,-0.001553959
34054,-0.003775992
34055,0.006215061
34056,-0.014662422
34057,0.000678
34058,-0.023814207
34059,-0.030410975
34060,0.019299164
34061,-0.010889339
34062,0.004734155
34063,0.025743863
34064,0.017173167
34065,0.040769428
34066,-0.023086349
34067,-0.0531152
34068,-0.001808285
34069,0.001273783
34070,-4.37E-05
34071,-0.015946364
34072,-0.010439979
34073,-0.023853
34074,-0.014024334
34075,0.045968927
34076,0.000416625
34077,0.011585813
34078,0.006606729
34079,-0.023951109
34080,0.039455254
34081,-0.043509338
34082,0.039062403
34083,-0.015516228
34084,-0.022236856
34085,0.006006343
34086,-0.008872852
34087,-0.016513065
34088,0.008671174
34089,-0.056685042
34090,0.001136649
34091,-0.000466242
34092,-0.021417381
34093,0.006412231
34094,-0.000197312
34095,0.008504094
34096,0.014076583
34097,0.006105836
34098,0.007132595
34099,-0.003841548
34100,0.011622579
34101,0.011815494
34102,-0.000980003
34103,-0.018816588
34104,-0.008734133
34105,0.007468915
34106,0.000788696
34107,-0.00914482
34108,0.031251572
34109,-0.005744375
34110,0.029307321
34111,0.003786569
34112,0.017731965
34113,0.006078389
34114,0.010296687
34115,0.010822762
34116,0.005594284
34117,-0.008917138
34118,-0.003897426
34119,0.003466717
34120,-0.006754682
34121,-0.003467484
34122,0.015933
34123,-0.010532781
34124,-0.009238071
34125,0.008608259
34126,-0.015255437
34127,0.021461336
34128,0.024819601
34129,0.002939326
34130,0.003046985
34131,0.012775709
34132,-0.006775646
34133,0.02696182
34134,0.011205346
34135,-0.016377492
34136,-0.002464456
34137,-0.007216572
34138,0.008479636
34139,-0.014839743
34140,-0.009168248
34141,0.0069797
34142,0.004402888
34143,-0.014253649
34144,0.010039856
34145,-0.013468658
34146,-0.000934766
34147,-0.025601996
34148,0.00215436
34149,0.007920284
34150,-0.008171617
34151,0.008986052
34152,0.002769621
34153,0.007749532
34154,0.007275034
34155,0.006276072
34156,0.006332221
34157,-0.012072889
34158,-0.005375307
34159,-0.004912546
34160,-0.008998815
34161,-0.004491701
34162,0.014650572
34163,-0.009755099
34164,-0.007067422
34165,-0.004819687
34166,-0.025923811
34167,-0.032011889
34168,-0.00094053
34169,0.012907717
34170,-0.010878331
34171,0.007193938
34172,0.033397745
34173,0.006827008
34174,-0.013060135
34175,0.009254003
34176,-0.022916116
34177,0.013916877
34178,0.004823701
34179,-0.043408934
34180,0.006645283
34181,-0.017502064
34182,0.004224445
34183,-0.006529632
34184,-0.034655184
34185,0.002429727
34186,0.016724296
34187,-0.018718282
34188,0.018686477
34189,0.021094352
34190,0.01280983
34191,-0.003216251
34192,0.001901683
34193,0.000145406
34194,0.006942478
34195,-0.018901473
34196,-0.017237259
34197,0.009860324
34198,-0.014308752
34199,-0.023920484
34200,-0.012308992
34201,-0.009831921
34202,-0.031910531
34203,0.016489143
34204,-0.00728341
34205,-0.033156611
34206,0.022384632
34207,-0.012439219
34208,0.014688919
34209,0.010240313
34210,-0.001560068
34211,-0.010320439
34212,0.016153248
34213,-0.015419954
34214,0.024308721
34215,0.001804602
34216,-0.004908223
34217,-0.002789115
34218,-0.007128833
34219,0.019680293
34220,0.006251547
34221,-0.01427519
34222,-0.016999492
34223,8.40E-05
34224,0.01351431
34225,-0.033193897
34226,-0.004344526
34227,0.022650238
34228,-0.005681871
34229,-0.001302073
34230,0.005502514
34231,-0.001829895
34232,0.00186443
34233,-0.008370792
34234,0.007362527
34235,0.016454415
34236,-0.002589363
34237,-0.030586058
34238,0.060649227
34239,0.003943772
34240,-0.010474412
34241,0.020095825
34242,0.031438328
34243,-0.006785542
34244,-0.022417953
34245,-0.003740067
34246,0.001836228
34247,-0.01274286
34248,0.005014984
34249,0.005415419
34250,0.009949862
34251,-0.013672189
34252,0.02883031
34253,-0.001264251
34254,-0.027193466
34255,-0.005939249
34256,0.020031143
34257,-0.018998858
34258,-0.00948283
34259,0.013337508
34260,-0.006089097
34261,0.020041626
34262,-0.012483208
34263,-0.016832838
34264,0.000143174
34265,0.005579287
34266,0.014086339
34267,-0.006563433
34268,-0.000256573
34269,0.023982225
34270,0.002162478
34271,-0.02749561
34272,-0.007948468
34273,0.016511727
34274,-0.018774301
34275,0.007015207
34276,-0.006572191
34277,-0.020260323
34278,0.049355127
34279,0.004646066
34280,-0.014218528
34281,-0.018825168
34282,0.00702365
34283,-0.005082418
34284,0.00597143
34285,0.002718805
34286,-0.002016638
34287,-0.015878037
34288,0.016861245
34289,-0.007365926
34290,-0.013030272
34291,0.040214624
34292,-0.00658753
34293,0.0075693
34294,0.024516758
34295,-0.00078371
34296,0.013315969
34297,0.006952708
34298,-0.004812254
34299,0.004424244
34300,0.007222016
34301,-0.021497011
34302,0.025417831
34303,0.023100929
34304,-0.007144213
34305,0.000622901
34306,0.029614221
34307,-0.011856324
34308,0.009235807
34309,0.015300731
34310,-0.016956178
34311,-0.009918034
34312,-0.034872334
34313,0.005566427
34314,-0.017300772
34315,0.024031414
34316,0.028984355
34317,-0.001417609
34318,0.00201255
34319,-0.019453676
34320,0.017913012
34321,-0.009466653
34322,-0.025595548
34323,0.005149574
34324,-0.018235326
34325,-0.006638553
34326,0.005111162
34327,-0.009914757
34328,-0.021997908
34329,0.007991487
34330,0.019882651
34331,0.001940368
34332,-0.00284294
34333,0.019793965
34334,0.007599823
34335,-0.012078783
34336,0.01624004
34337,0.017732399
34338,-0.00282747
34339,0.004256042
34340,0.015296009
34341,0.027438976
34342,0.012889187
34343,-0.007769402
34344,-0.014432138
34345,0.003958181
34346,-0.04956986
34347,0.005481986
34348,-0.008402237
34349,-0.015913259
34350,-0.013505553
34351,0.002201685
34352,-0.011562604
34353,-0.026394995
34354,-0.025715031
34355,0.009974674
34356,0.007629901
34357,-0.030560516
34358,0.003308075
34359,0.027113302
34360,0.003851455
34361,-0.012244005
34362,-0.001566803
34363,0.003325068
34364,-0.001517244
34365,0.002434314
34366,-0.016496945
34367,-0.002381293
34368,-0.021526095
34369,0.026394149
34370,0.024239644
34371,0.033048742
34372,0.026742026
34373,-0.000785463
34374,-0.033890087
34375,-0.005071037
34376,0.016693892
34377,0.009515901
34378,-0.003043059
34379,-0.003415929
34380,-0.006497012
34381,-0.000414848
34382,-0.031546894
34383,0.001801126
34384,0.007664596
34385,-0.019168081
34386,-0.027873963
34387,-0.012917204
34388,0.010076372
34389,-0.002078571
34390,-0.043800175
34391,-0.002581595
34392,0.004085556
34393,-0.00626466
34394,-0.015437488
34395,0.011217865
34396,0.012247261
34397,0.021441257
34398,-0.010730185
34399,0.007455972
34400,-0.007743563
34401,0.002001428
34402,0.007569691
34403,0.005410759
34404,0.024749141
34405,-0.014975145
34406,0.001464651
34407,0.001961344
34408,-0.00198604
34409,-0.006641202
34410,0.028982254
34411,0.010512839
34412,-0.011549043
34413,0.027380601
34414,-0.013098937
34415,0.008473198
34416,-0.010458647
34417,-0.004363907
34418,-0.003282596
34419,0.00888559
34420,0.020412734
34421,-0.023808928
34422,-0.009737944
34423,0.005839916
34424,0.001341576
34425,0.003677475
34426,0.011806067
34427,0.013591534
34428,-0.009447727
34429,-0.019310717
34430,-0.026576718
34431,0.020530039
34432,3.83E-07
34433,-0.011879264
34434,-0.008619358
34435,0.0117081
34436,-0.01733768
34437,0.002602775
34438,0.030164625
34439,-0.08306139
34440,-0.014600606
34441,0.019094469
34442,0.009096147
34443,-0.00532238
34444,0.001564617
34445,0.00454361
34446,0.018722642
34447,-0.012845408
34448,0.02270587
34449,0.011435047
34450,0.003942804
34451,0.017970581
34452,0.009186064
34453,0.027556801
34454,-0.023909481
34455,0.002978702
34456,-0.002067551
34457,-0.03748462
34458,-0.017547932
34459,0.011175823
34460,0.001990107
34461,-0.009267999
34462,-0.019677583
34463,0.062723979
34464,0.003877432
34465,-0.019555774
34466,0.086455695
34467,-0.006228897
34468,0.020751687
34469,0.003524177
34470,-0.074659996
34471,-0.001823469
34472,-0.012984395
34473,0.005372508
34474,-0.017724324
34475,0.015992317
34476,-0.005843768
34477,-0.002704344
34478,-0.017163133
34479,-0.011068697
34480,-0.001090823
34481,0.011060859
34482,-0.007039901
34483,0.024700113
34484,-0.012009039
34485,0.008978051
34486,-0.006483503
34487,0.020818921
34488,-0.00138734
34489,-0.022585124
34490,0.018235745
34491,-0.018121716
34492,-0.020201545
34493,0.019776858
34494,-0.006929704
34495,-0.020458307
34496,0.011647937
34497,-0.002526733
34498,0.019432262
34499,-0.007730376
34500,0.008477041
34501,0.015283547
34502,0.010267845
34503,0.00621085
34504,-0.002248711
34505,0.001082582
34506,0.000220694
34507,0.007226748
34508,0.019622082
34509,0.013886389
34510,-0.008288721
34511,0.027550733
34512,-0.010165008
34513,0.007293169
34514,0.006257385
34515,-0.005038985
34516,0.003420399
34517,0.016848063
34518,-0.009379791
34519,-0.016989117
34520,0.012797054
34521,0.020485977
34522,0.007908169
34523,0.024424177
34524,0.010369422
34525,0.001746361
34526,-0.014385525
34527,0.006147143
34528,0.009320544
34529,-0.054946586
34530,0.026869258
34531,0.018822063
34532,-0.003209371
34533,0.01800181
34534,0.012345077
34535,0.019023314
34536,0.000287703
34537,0.057368189
34538,-0.013330048
34539,-0.00366227
34540,0.001616821
34541,-0.014460022
34542,-0.020558717
34543,0.038135856
34544,-0.051636346
34545,-0.00248078
34546,0.019941304
34547,-0.016157217
34548,-0.028352324
34549,-0.011424959
34550,-0.003771971
34551,0.007253896
34552,0.003441413
34553,-0.011897185
34554,0.008205249
34555,0.000948251
34556,-0.010408271
34557,0.050834324
34558,-0.006033184
34559,0.01003084
34560,0.038502313
34561,-0.01374199
34562,-0.010252571
34563,-5.93E-05
34564,0.04370467
34565,-0.020524422
34566,0.0138748
34567,0.029515844
34568,0.005152572
34569,0.027510304
34570,-0.008551664
34571,-0.001280303
34572,0.034982461
34573,-0.033977501
34574,-0.011006412
34575,0.05233432
34576,-0.001442048
34577,0.020853344
34578,-0.077551223
34579,-0.031961441
34580,-0.010070083
34581,0.009162127
34582,0.005116996
34583,-0.008377832
34584,-0.016924862
34585,-0.01415483
34586,0.009226994
34587,-0.01973591
34588,-0.006724499
34589,0.004359609
34590,-0.011778681
34591,-0.008836954
34592,0.008581601
34593,-0.003924061
34594,-0.016492549
34595,-0.022708114
34596,0.009736571
34597,-0.019070338
34598,-0.006946272
34599,0.001199274
34600,0.016461061
34601,-0.023605308
34602,-0.002455333
34603,-0.000492235
34604,0.015118701
34605,0.018879948
34606,-0.007985093
34607,0.009454647
34608,-0.004257427
34609,-0.019585157
34610,0.003900618
34611,-0.012724497
34612,-0.005952893
34613,0.007289249
34614,0.003214799
34615,-0.007261665
34616,0.014231283
34617,0.008562429
34618,-0.002488735
34619,0.008762095
34620,-0.026009776
34621,0.021676285
34622,-0.022670066
34623,0.003401001
34624,0.017289137
34625,0.005170245
34626,0.015573072
34627,0.005395698
34628,-0.008096573
34629,-0.054971017
34630,0.021949552
34631,0.017612142
34632,0.001585227
34633,-0.029121608
34634,-0.01985486
34635,-0.019948037
34636,0.009186224
34637,0.016855445
34638,-0.021207312
34639,0.008512353
34640,0.014317029
34641,0.038806617
34642,0.006755657
34643,0.003590432
34644,-0.012995909
34645,0.007673106
34646,0.003793243
34647,0.014231062
34648,-0.002718565
34649,-0.003685488
34650,-0.02820527
34651,0.007568193
34652,0.007449654
34653,-0.02557455
34654,-0.006470048
34655,-0.005139261
34656,0.011401055
34657,0.021898048
34658,0.00967305
34659,-0.018651256
34660,-0.039322261
34661,0.0079523
34662,-0.029538561
34663,-0.020299803
34664,0.008520864
34665,-0.010540238
34666,-0.020445229
34667,0.050757192
34668,0.013179069
34669,-0.0157672
34670,0.012165025
34671,0.013002864
34672,0.006432009
34673,-0.030661928
34674,-0.009295616
34675,-0.002358225
34676,0.046914812
34677,-0.011220479
34678,-0.013737667
34679,0.024981068
34680,0.01319137
34681,0.001440927
34682,0.006045668
34683,-0.027260467
34684,0.002818519
34685,-0.028942624
34686,0.007896728
34687,0.023182103
34688,-0.025428686
34689,-0.02644488
34690,-0.004113872
34691,-0.001677356
34692,0.002335453
34693,-0.004920826
34694,0.007360098
34695,-0.011800635
34696,-0.006705076
34697,0.025119025
34698,-0.013232607
34699,0.011630667
34700,0.012102831
34701,0.004899665
34702,0.00992893
34703,0.001451795
34704,-0.004023651
34705,-0.006861737
34706,0.018443059
34707,0.052116089
34708,-0.021040617
34709,-0.022602046
34710,0.013637449
34711,0.009252068
34712,-0.013819351
34713,-0.013171405
34714,0.010832278
34715,0.000615391
34716,-0.045423746
34717,0.016399115
34718,0.014317655
34719,0.004893062
34720,-0.004461952
34721,-0.006365764
34722,0.00187423
34723,-0.006077896
34724,0.000659765
34725,0.015473779
34726,0.014594976
34727,-0.008511165
34728,-0.033309575
34729,0.008505899
34730,-0.005546881
34731,0.000663208
34732,-0.039890368
34733,-0.012657256
34734,-0.035289597
34735,0.02299555
34736,0.013812417
34737,-0.075883344
34738,0.013065324
34739,-0.004070754
34740,0.007158024
34741,-0.007139599
34742,-0.021153396
34743,0.012247199
34744,-0.001873371
34745,0.04105391
34746,0.004220277
34747,-0.00657492
34748,0.043209754
34749,-0.01638207
34750,0.006130826
34751,-0.022906547
34752,-0.012168577
34753,-0.015035747
34754,-0.010357217
34755,0.020415083
34756,-0.019487925
34757,-0.013599231
34758,-0.003210375
34759,0.001979739
34760,0.005956539
34761,0.005722885
34762,-0.013665368
34763,-0.007305054
34764,0.013843913
34765,-0.015480573
34766,-0.003746764
34767,0.02305012
34768,0.009964297
34769,-0.01236791
34770,-0.010071638
34771,-0.000547168
34772,0.014958881
34773,-0.019072987
34774,-0.043080837
34775,-0.001471327
34776,-0.035735112
34777,-0.014415501
34778,-0.007055036
34779,-0.012564647
34780,-0.002515746
34781,0.005537598
34782,-0.017905729
34783,0.03531336
34784,0.015913034
34785,0.009528412
34786,-0.002284499
34787,0.010279544
34788,-0.00058208
34789,0.031948227
34790,0.027432924
34791,-0.009581041
34792,0.007992554
34793,0.006334225
34794,0.007371961
34795,-0.007643622
34796,0.016273838
34797,-0.000611031
34798,-0.011507825
34799,-0.020040201
34800,0.00891887
34801,0.018099034
34802,0.017978746
34803,0.008863044
34804,-0.012799843
34805,-0.01716633
34806,0.011604536
34807,0.002132506
34808,-0.012083148
34809,0.024772296
34810,0.008435439
34811,0.006589287
34812,0.00030058
34813,0.010134211
34814,0.043136671
34815,-0.050829459
34816,0.003435658
34817,0.008356151
34818,-0.001913842
34819,0.031119822
34820,0.003244977
34821,-0.008889677
34822,0.005510721
34823,-0.001835212
34824,-0.028225416
34825,-0.004588674
34826,0.014149003
34827,0.022720061
34828,-0.001274026
34829,-0.020255618
34830,0.001249622
34831,0.001652233
34832,-0.01812325
34833,-0.001960364
34834,-0.008403023
34835,-0.012035162
34836,-0.022158198
34837,0.028384566
34838,-0.000347792
34839,0.001972349
34840,0.033291537
34841,0.012929806
34842,0.027668731
34843,0.014961161
34844,-0.000335083
34845,0.013094367
34846,-0.020751778
34847,-0.006412359
34848,0.009813628
34849,-0.006047031
34850,-0.004804823
34851,0.017412003
34852,-0.006717037
34853,-0.007170158
34854,-0.012040401
34855,-0.011951545
34856,-0.053722944
34857,-0.020627089
34858,0.050454419
34859,0.004969543
34860,-0.020903505
34861,0.030716956
34862,0.009954744
34863,-0.022562716
34864,0.013023539
34865,-0.030066622
34866,0.023650536
34867,0.017642936
34868,-0.024640381
34869,-0.00948032
34870,-0.009777469
34871,-0.008070238
34872,0.006193856
34873,0.018496217
34874,-0.031530157
34875,0.009357439
34876,-0.002200759
34877,0.002441309
34878,0.024448523
34879,0.015889684
34880,-0.017830372
34881,-0.018019471
34882,0.042027108
34883,0.014889806
34884,-0.000346023
34885,0.02802706
34886,0.009929936
34887,0.00949525
34888,-0.04102305
34889,-0.00282243
34890,-0.003173958
34891,0.027002595
34892,-0.005133144
34893,-0.024976628
34894,-0.017407732
34895,0.011191723
34896,-0.018366111
34897,-0.003682745
34898,0.024164883
34899,0.003357345
34900,-0.005181295
34901,-0.009055209
34902,0.011046316
34903,0.00595541
34904,-0.005334732
34905,-0.014996511
34906,-0.027266761
34907,0.006373316
34908,-0.009878934
34909,-0.021373935
34910,0.015524793
34911,-0.004285554
34912,-0.059581965
34913,-0.040681299
34914,0.004477873
34915,-0.007025587
34916,-0.011958855
34917,-0.00292922
34918,-0.017099546
34919,-0.010615839
34920,0.007851725
34921,-0.008820068
34922,-0.006997217
34923,0.007669977
34924,0.001816015
34925,0.011832546
34926,-0.003179544
34927,0.01170288
34928,0.019065032
34929,0.005824153
34930,0.009923121
34931,0.006234701
34932,0.013460897
34933,-0.017310908
34934,-0.007094266
34935,-0.018125776
34936,0.010787336
34937,-0.000861843
34938,-0.015594066
34939,-0.008299704
34940,0.000148825
34941,0.000547835
34942,0.01469765
34943,-0.016932437
34944,0.003976035
34945,-0.020974776
34946,-0.001018195
34947,-0.011663938
34948,0.01928496
34949,-0.008846543
34950,0.027598834
34951,0.024299111
34952,0.007483756
34953,-0.018249517
34954,0.008007945
34955,0.014789035
34956,-0.012107234
34957,0.001896764
34958,0.00748792
34959,-0.001710441
34960,0.001649641
34961,-0.021678794
34962,0.009459157
34963,-0.018783208
34964,0.011468789
34965,0.000941667
34966,-0.011948047
34967,-0.032056935
34968,-0.000426401
34969,-0.055108204
34970,0.006070858
34971,-0.00018795
34972,-0.004003044
34973,0.00807199
34974,-0.022939593
34975,0.042434458
34976,-0.027461121
34977,0.003031429
34978,-0.003679032
34979,-0.011764981
34980,-0.002084532
34981,0.01308541
34982,0.047551487
34983,-0.020017173
34984,-0.000188726
34985,-0.010041977
34986,-0.017097926
34987,0.012498079
34988,-0.045429017
34989,-0.010630726
34990,0.021766787
34991,0.044836309
34992,-0.013292564
34993,0.008824822
34994,0.023475742
34995,0.006900113
34996,0.001280602
34997,0.009947929
34998,-0.003556525
34999,-0.004594327
35000,0.004175104
35001,0.026299413
35002,0.012391613
35003,-0.032049805
35004,-0.00983696
35005,0.002166165
35006,0.031609904
35007,-0.030481545
35008,0.023603935
35009,-0.005414991
35010,-0.008924953
35011,0.013110151
35012,0.017025989
35013,-0.027239505
35014,0.005356677
35015,0.001587387
35016,0.010755454
35017,0.002011103
35018,-0.030275265
35019,-0.003220313
35020,-0.001316828
35021,0.006760473
35022,-0.017112011
35023,0.066278875
35024,-0.014016964
35025,-0.049117636
35026,0.039431229
35027,-0.040471945
35028,-0.007881402
35029,0.036144979
35030,0.010671004
35031,-0.001176408
35032,-0.019541424
35033,-0.018397123
35034,-0.016697016
35035,-0.028399659
35036,0.020441264
35037,-0.006594252
35038,-0.008499608
35039,0.005299403
35040,-0.039592627
35041,
35042,
35043,-0.013718586
35044,-0.014855171
35045,-0.028247379
35046,0.002362471
35047,-0.014745581
35048,0.01693305
35049,-0.014884224
35050,-0.012874921
35051,0.012219725
35052,-0.009727518
35053,-0.005970981
35054,-0.015630921
35055,-0.001859216
35056,0.006070644
35057,0.008636685
35058,-0.009358031
35059,0.012847337
35060,0.004978096
35061,-0.014318275
35062,-0.008494409
35063,0.016390707
35064,-0.002024126
35065,-0.013655314
35066,-0.013536844
35067,0.021429041
35068,-0.000271751
35069,-0.008876697
35070,0.055595748
35071,-0.023376338
35072,0.00994584
35073,0.032239668
35074,-0.006550988
35075,-0.010546579
35076,-0.023633355
35077,-0.017331753
35078,0.005905506
35079,-0.005735907
35080,0.004559143
35081,-0.022337437
35082,0.026128024
35083,-0.008628341
35084,-0.024179151
35085,-0.019014971
35086,-0.009519727
35087,0.010789159
35088,0.002803815
35089,-0.015798416
35090,-0.01761337
35091,-0.009053993
35092,-0.026468394
35093,-0.021258431
35094,-0.008411344
35095,-0.008673413
35096,0.028200788
35097,-0.010265699
35098,-0.031537451
35099,-0.054417197
35100,0.038401458
35101,-0.004543555
35102,-0.00626198
35103,0.019245112
35104,0.011565303
35105,-0.003855503
35106,0.027098972
35107,-0.018165013
35108,-0.006013222
35109,0.019153791
35110,0.020577686
35111,-0.003242354
35112,0.023697462
35113,0.009621624
35114,0.047209103
35115,-0.013062102
35116,-0.005588684
35117,-0.018684218
35118,0.033110093
35119,-0.00346864
35120,-0.051545013
35121,-0.011174442
35122,-0.009273173
35123,0.006665785
35124,0.064328991
35125,0.022718458
35126,-0.00863299
35127,0.031233774
35128,-0.015329533
35129,0.007195909
35130,-0.019437907
35131,0.007548242
35132,-0.033789694
35133,-0.016974842
35134,0.014624668
35135,-0.022714721
35136,-0.008179056
35137,0.005966776
35138,-0.003299974
35139,-0.010915625
35140,-0.001312503
35141,0.012434563
35142,0.001744022
35143,-0.039020903
35144,-0.003175242
35145,-0.001334659
35146,-0.018349314
35147,-0.007262169
35148,0.011970903
35149,-0.019824652
35150,0.010354979
35151,-0.003838662
35152,0.00691679
35153,-0.120889515
35154,-0.021200085
35155,0.020489689
35156,-0.023079656
35157,-0.007075516
35158,0.030352632
35159,0.00793013
35160,0.003631509
35161,-0.020467142
35162,0.027439838
35163,-0.001949192
35164,-0.013141072
35165,0.036764521
35166,0.031672493
35167,-0.017702494
35168,-0.010309097
35169,-0.015718991
35170,0.024843976
35171,-0.003085974
35172,-0.029743474
35173,-0.011141899
35174,0.002953242
35175,-0.012316961
35176,0.000822552
35177,0.009363693
35178,0.03552299
35179,0.025809655
35180,0.001084248
35181,-0.011446727
35182,0.011082289
35183,0.010255972
35184,-0.018950777
35185,0.001807994
35186,-0.022865903
35187,-0.012664692
35188,0.020624517
35189,-0.020133194
35190,0.012264349
35191,-0.018881362
35192,-0.021872289
35193,-0.020116691
35194,0.001725645
35195,-0.015813056
35196,0.041519497
35197,0.01190364
35198,0.003144526
35199,-0.005971276
35200,0.006498915
35201,-0.003438499
35202,0.005521458
35203,-0.005464912
35204,-0.013265106
35205,-0.023952976
35206,0.025630558
35207,0.000392236
35208,0.002463711
35209,0.004563594
35210,-0.016621841
35211,-0.02300043
35212,-0.025952546
35213,-0.000947763
35214,0.042268425
35215,0.005195473
35216,-0.021670381
35217,-0.002923272
35218,0.014786342
35219,-0.013200578
35220,0.01030604
35221,-0.036850501
35222,0.000413526
35223,0.00197565
35224,-0.081657298
35225,-0.003526795
35226,-0.008115717
35227,0.003881495
35228,-0.011895427
35229,0.010257947
35230,-0.022871507
35231,-0.017152689
35232,0.017943043
35233,-0.024760978
35234,-0.006226508
35235,0.006804586
35236,0.034795161
35237,0.001006786
35238,-0.01371498
35239,-0.00158256
35240,0.000781088
35241,-0.00505124
35242,0.006466052
35243,-0.021430073
35244,0.014616744
35245,0.009684118
35246,-0.001894945
35247,-0.024308963
35248,0.057734124
35249,0.028467961
35250,-0.000266861
35251,-0.006599264
35252,0.023709835
35253,0.043750588
35254,0.014135883
35255,-0.031592306
35256,0.010804784
35257,-0.029881705
35258,0.023773277
35259,0.000980278
35260,0.007861785
35261,0.009981439
35262,0.006201358
35263,-0.002458317
35264,-0.003549106
35265,0.014888143
35266,0.011136415
35267,0.004201115
35268,-0.011234316
35269,0.017737584
35270,-0.013826812
35271,0.012342449
35272,0.013324702
35273,0.005475196
35274,0.005541332
35275,0.003468048
35276,-0.029482922
35277,0.000438156
35278,-0.017366126
35279,0.021057166
35280,-0.012257559
35281,-0.002464783
35282,-0.014072882
35283,-0.004799762
35284,0.014257336
35285,-0.008792667
35286,0.013726058
35287,-0.015279457
35288,0.019207736
35289,0.003350238
35290,-0.013673193
35291,0.001291768
35292,-0.027971165
35293,-0.040082406
35294,-0.016198901
35295,-0.009376734
35296,-0.0039338
35297,-0.016925819
35298,-0.018030118
35299,0.007788213
35300,-0.0202611
35301,-0.030980192
35302,0.008893096
35303,-0.013243722
35304,-0.009081945
35305,-0.010869212
35306,0.005333768
35307,-0.011252863
35308,-0.009944681
35309,-0.040865131
35310,-0.005786047
35311,-0.002711396
35312,-0.021632491
35313,-0.006022993
35314,0.023692977
35315,0.003249176
35316,0.022751948
35317,0.034827292
35318,0.008765819
35319,-0.011058918
35320,0.004719768
35321,0.010514825
35322,0.022677036
35323,-0.012923358
35324,-0.003185304
35325,0.00922475
35326,-0.060784858
35327,0.00757848
35328,0.014494843
35329,-0.002379167
35330,-0.010314599
35331,-0.025555693
35332,-0.02314882
35333,0.028495438
35334,0.008905638
35335,0.02033714
35336,0.012052608
35337,0.008560495
35338,-0.001794904
35339,-0.039069969
35340,0.002310442
35341,-0.001663023
35342,-0.020007385
35343,0.005729243
35344,0.027202087
35345,0.014571039
35346,-0.000814711
35347,0.004470151
35348,-0.003746916
35349,-0.010673031
35350,0.030238753
35351,0.001320329
35352,-0.001928623
35353,-0.00091572
35354,0.01784135
35355,0.012075655
35356,-0.003845132
35357,0.011997071
35358,-0.012634987
35359,-0.007189609
35360,0.002797135
35361,0.011210889
35362,-0.003093784
35363,0.024093216
35364,-0.011991158
35365,-0.018390985
35366,-0.02911623
35367,0.005319263
35368,0.012381298
35369,0.001323062
35370,-0.008536171
35371,-0.014544472
35372,-0.00889018
35373,-0.013205657
35374,-0.038160622
35375,0.009779753
35376,0.031499855
35377,-0.005638813
35378,0.014413037
35379,0.002353114
35380,0.036413133
35381,0.006922247
35382,-0.031744409
35383,0.005774194
35384,-0.00676944
35385,-0.032288253
35386,0.007877194
35387,-0.004401497
35388,-0.023632392
35389,1.98E-05
35390,-0.008313253
35391,0.00510612
35392,0.008836309
35393,-0.005441356
35394,-0.019993611
35395,-0.010517334
35396,-0.000302114
35397,-0.001239945
35398,-0.011469197
35399,-0.036969427
35400,0.019218381
35401,-0.002822535
35402,-0.009538844
35403,-0.014336639
35404,0.006887227
35405,0.003830547
35406,-0.007330295
35407,-0.000972089
35408,0.001026075
35409,0.01467882
35410,0.003871365
35411,-0.007324131
35412,0.003807835
35413,0.013319481
35414,-0.039229214
35415,-0.000395885
35416,-0.002212736
35417,0.026336787
35418,-0.017022017
35419,0.029694255
35420,0.017154425
35421,-0.004871546
35422,0.004158423
35423,0.015653515
35424,-0.024008518
35425,-0.004906742
35426,0.007945995
35427,0.017754801
35428,0.004627046
35429,-0.012069855
35430,0.008545522
35431,-0.017558476
35432,0.004012815
35433,0.009128442
35434,0.009822506
35435,-0.017911281
35436,-0.006922759
35437,0.007611665
35438,0.000164014
35439,-0.002638334
35440,0.009360663
35441,0.006129448
35442,-0.015517021
35443,0.034066021
35444,-0.009468189
35445,0.029433863
35446,0.003056454
35447,-0.038114037
35448,-0.026618205
35449,0.004090564
35450,0.008491894
35451,0.003612293
35452,-0.027708337
35453,-0.009816306
35454,-0.008092611
35455,-0.02941885
35456,-0.000125356
35457,-0.004161155
35458,0.024738772
35459,0.011938292
35460,-0.030000243
35461,-0.001412895
35462,0.005500746
35463,0.01068933
35464,-0.005840431
35465,-0.01860198
35466,0.032908376
35467,0.008045749
35468,-0.015131352
35469,0.003930496
35470,0.011367951
35471,-0.021680878
35472,-0.000995442
35473,0.020112816
35474,0.017818531
35475,0.016670294
35476,-0.00387159
35477,0.00677974
35478,-0.003698568
35479,0.018709952
35480,0.022468019
35481,-0.001986708
35482,-0.018109895
35483,-0.005546815
35484,0.012095163
35485,0.001942045
35486,-0.007058883
35487,0.020887852
35488,-0.009541073
35489,-0.033300988
35490,-0.019988228
35491,-0.00110016
35492,-0.000205849
35493,0.02696766
35494,0.004439435
35495,0.011827145
35496,0.019781224
35497,-0.016987639
35498,-0.016986456
35499,0.035397053
35500,-0.025048457
35501,-0.006298054
35502,-0.010168977
35503,-0.019570014
35504,0.018064614
35505,0.017984699
35506,-0.031026904
35507,0.025296805
35508,-0.017593363
35509,-0.003734339
35510,-0.001631036
35511,0.018432919
35512,0.018507939
35513,-0.006379164
35514,-0.00268923
35515,0.000841948
35516,-0.002475932
35517,0.014666021
35518,-0.029798284
35519,-0.008639543
35520,0.007591404
35521,0.016469404
35522,-0.025686324
35523,-0.009121818
35524,0.056272145
35525,0.013561673
35526,0.005174079
35527,0.001409711
35528,-0.005307219
35529,0.004127393
35530,-0.018303826
35531,0.002429719
35532,-0.002137547
35533,0.022461727
35534,-0.019995382
35535,0.001449806
35536,0.005807197
35537,-0.023707353
35538,0.007338334
35539,0.004189983
35540,0.011292676
35541,0.032294672
35542,0.011453055
35543,-0.00982439
35544,-0.009122468
35545,0.006196129
35546,0.013766235
35547,0.009573684
35548,0.02341326
35549,0.025984101
35550,-0.023183759
35551,-0.005975118
35552,-0.001226942
35553,-0.012483153
35554,0.02263798
35555,-0.013418178
35556,0.012449352
35557,-0.020873014
35558,0.021517482
35559,-0.007538262
35560,0.013564948
35561,0.015241058
35562,0.01078726
35563,0.001188555
35564,-0.052413926
35565,-0.011467434
35566,0.024321729
35567,0.00522581
35568,-0.041961502
35569,-0.000536075
35570,-0.02367427
35571,-0.002121971
35572,0.022917401
35573,-0.004459975
35574,-0.031009275
35575,-0.015096681
35576,-0.00862712
35577,0.005678281
35578,0.001744115
35579,0.001398277
35580,0.018923106
35581,-0.018236153
35582,-0.040789329
35583,0.003748475
35584,0.016256556
35585,-0.00087579
35586,-0.009654216
35587,-0.018823409
35588,0.010753503
35589,-0.010992272
35590,0.002750656
35591,0.009801936
35592,0.017514478
35593,0.009867723
35594,0.012077917
35595,-0.01462251
35596,-0.003703475
35597,-0.017035112
35598,0.012446972
35599,0.016951365
35600,-0.008853602
35601,0.004450658
35602,-0.005593084
35603,-0.008230097
35604,0.017558157
35605,-0.00102139
35606,-0.01632244
35607,0.0219089
35608,-0.003151858
35609,0.029972326
35610,-0.001355923
35611,-0.004778797
35612,-0.010783033
35613,-0.012958954
35614,0.009954785
35615,0.016507246
35616,-0.000590257
35617,-0.012282028
35618,0.044603508
35619,0.009052171
35620,-0.006644161
35621,-0.015671613
35622,0.002240675
35623,0.027450213
35624,-0.066043206
35625,-0.004483607
35626,0.001808869
35627,-0.002927472
35628,-0.033465754
35629,-0.02481964
35630,8.47E-05
35631,0.011532729
35632,0.005927391
35633,0.034962703
35634,-0.011518359
35635,0.015665397
35636,0.030356936
35637,0.004389008
35638,-0.010285175
35639,-0.017298434
35640,0.093116418
35641,-0.003262555
35642,-0.020972898
35643,-0.027373999
35644,0.001148598
35645,-0.006442479
35646,0.028234802
35647,-0.005144468
35648,0.013058816
35649,-0.007151213
35650,-0.012681356
35651,-0.034213766
35652,0.006736383
35653,0.01636626
35654,0.020299148
35655,-0.035908986
35656,0.011262097
35657,0.019292289
35658,0.009723769
35659,0.011974395
35660,-0.000202548
35661,-0.004555021
35662,0.042133167
35663,-0.002506575
35664,-0.01460103
35665,0.005734154
35666,-0.019319406
35667,0.019168943
35668,0.00113152
35669,-0.011929756
35670,0.006502745
35671,-0.005943313
35672,-0.002119804
35673,0.034530591
35674,0.001661335
35675,0.003444237
35676,-0.008358172
35677,-0.000875408
35678,-0.006492252
35679,0.028799783
35680,0.013360539
35681,0.000328789
35682,0.010950141
35683,0.007225908
35684,-0.006993325
35685,0.003406655
35686,0.009726209
35687,0.016597137
35688,0.010291053
35689,2.35E-05
35690,0.001777146
35691,0.012756644
35692,-0.014523205
35693,0.004916376
35694,-0.013577367
35695,0.017134788
35696,-0.003768902
35697,0.015434069
35698,0.008376734
35699,-0.013549202
35700,0.005831697
35701,0.017740784
35702,-0.001185355
35703,-0.029801203
35704,0.029063936
35705,-0.010587932
35706,-0.008497617
35707,-0.008623888
35708,0.022364307
35709,-0.009756489
35710,-0.027225114
35711,-0.013413533
35712,0.019355077
35713,0.041446239
35714,0.032160494
35715,-0.023333037
35716,0.000198623
35717,0.006073963
35718,-0.001540974
35719,-0.0213053
35720,0.002914363
35721,0.005805361
35722,-0.004215986
35723,-0.012960294
35724,0.015004459
35725,-0.025628919
35726,0.000432094
35727,0.036194261
35728,0.023463735
35729,-0.013104218
35730,0.010451806
35731,-0.021962605
35732,0.028145028
35733,-0.001180961
35734,-0.002934968
35735,0.022773666
35736,0.015617077
35737,0.004219658
35738,0.026658066
35739,0.04372612
35740,-0.018201005
35741,-0.011123499
35742,0.000299851
35743,-0.000385462
35744,0.001633584
35745,0.014548725
35746,0.019275736
35747,0.003067243
35748,-0.003323225
35749,-0.007745828
35750,0.008916623
35751,0.018198388
35752,-0.003559358
35753,0.022007575
35754,-0.004037621
35755,-0.026489943
35756,-0.012283591
35757,0.00839999
35758,0.016341774
35759,0.01812993
35760,-0.001922229
35761,0.026828712
35762,0.007821515
35763,-0.025597161
35764,-0.011921479
35765,0.006960909
35766,-0.034469653
35767,0.002464124
35768,0.016104288
35769,0.004166676
35770,-0.007646236
35771,0.010522742
35772,-0.034003731
35773,-0.020397535
35774,-0.022588938
35775,-0.00290939
35776,-0.005784731
35777,-0.011980406
35778,-0.02014743
35779,-0.01600392
35780,-0.017576182
35781,0.017107654
35782,-0.057391614
35783,-0.050019283
35784,0.011226625
35785,0.004397007
35786,-0.00685588
35787,0.007458481
35788,0.017508062
35789,-0.001807529
35790,0.009469339
35791,0.011233844
35792,0.02373749
35793,-0.041562095
35794,0.005812115
35795,-0.002368007
35796,-0.001042785
35797,0.009111354
35798,0.002139018
35799,-0.015641777
35800,0.003114677
35801,-0.017439229
35802,-0.01174321
35803,0.009657459
35804,-0.018826775
35805,0.003489066
35806,0.011095043
35807,0.008996234
35808,-0.000421686
35809,0.012409845
35810,0.020304212
35811,0.016981896
35812,0.024043884
35813,0.017215129
35814,0.025300849
35815,0.015424167
35816,-0.03500383
35817,-0.012723763
35818,-0.006572857
35819,-0.001346865
35820,-0.004525741
35821,-0.012063122
35822,0.020005383
35823,0.002499054
35824,-0.000625707
35825,-0.009444973
35826,0.006842307
35827,0.020310132
35828,0.006713823
35829,0.019683246
35830,-0.001938805
35831,0.032016966
35832,-0.012565769
35833,0.000578654
35834,-0.005349905
35835,0.000737513
35836,0.003869314
35837,-0.002672863
35838,0.022515493
35839,0.028016007
35840,-0.002928773
35841,-0.009181556
35842,0.010082685
35843,0.006052672
35844,-0.01511263
35845,-0.016413862
35846,0.031270351
35847,-0.011699126
35848,-0.023551311
35849,-0.006326158
35850,-0.013154657
35851,0.013699091
35852,-0.003809673
35853,-0.019320181
35854,-0.025043972
35855,-0.013647517
35856,0.011950215
35857,0.003175475
35858,-0.052245744
35859,0.04287288
35860,0.023850132
35861,-0.018515954
35862,-0.002380664
35863,0.007633226
35864,-0.007077232
35865,-0.01239039
35866,0.011435491
35867,-0.011763894
35868,-0.017747777
35869,-0.014657361
35870,0.007232126
35871,-0.0158705
35872,-0.012005278
35873,-0.027251923
35874,0.006357634
35875,0.022620119
35876,0.001424486
35877,0.020096045
35878,0.010888086
35879,0.006613817
35880,0.01750035
35881,-0.048845354
35882,-0.010398757
35883,0.015298832
35884,-0.006118583
35885,-0.003484567
35886,-0.009884727
35887,-0.006496421
35888,-0.004652002
35889,0.005351261
35890,-0.025357345
35891,0.003443339
35892,-0.027825337
35893,0.008335699
35894,-0.008318476
35895,0.015457284
35896,0.004454537
35897,-0.011501563
35898,-0.015545846
35899,-0.000671347
35900,-0.005092586
35901,-0.011439498
35902,0.011021307
35903,-0.003852394
35904,0.00195936
35905,-0.01125467
35906,0.006704002
35907,-0.001134747
35908,-0.021928918
35909,-0.011461655
35910,-0.02683085
35911,-0.020582447
35912,-0.003228477
35913,0.00998306
35914,-0.026437538
35915,-0.00528698
35916,-0.005636456
35917,0.00058604
35918,-0.016282737
35919,-0.003691691
35920,-0.002960781
35921,0.001480274
35922,-0.002720574
35923,-0.007235655
35924,-0.010382524
35925,-0.030831967
35926,0.012321255
35927,0.006881306
35928,0.006000403
35929,-0.008226618
35930,-0.021538449
35931,-0.010138253
35932,0.018002126
35933,-0.028116873
35934,0.005450884
35935,0.005910578
35936,-0.004260228
35937,0.013617027
35938,0.010260205
35939,-0.010061938
35940,-0.016649984
35941,0.005650534
35942,0.012290568
35943,-0.003407592
35944,-0.001738174
35945,-0.020633632
35946,-0.003982808
35947,0.011623343
35948,-0.027534958
35949,0.011623397
35950,0.002720028
35951,-0.012983252
35952,-0.013064126
35953,0.008967403
35954,-0.020140888
35955,0.014930934
35956,-8.75E-05
35957,0.00240958
35958,0.023062151
35959,0.028113259
35960,-0.004094128
35961,-0.025619999
35962,0.027777787
35963,-0.000222915
35964,-0.020230012
35965,0.010290618
35966,-0.008068358
35967,0.00036503
35968,-0.002141524
35969,0.000759563
35970,-0.019131597
35971,-0.00577534
35972,-0.016754476
35973,0.04105369
35974,0.009706314
35975,0.000927402
35976,0.053625766
35977,-0.006487516
35978,0.013021434
35979,-0.017139684
35980,-0.005139167
35981,-0.005591458
35982,-0.030882088
35983,0.013219927
35984,0.003893058
35985,0.015178384
35986,0.011176404
35987,-0.00765819
35988,-0.03039898
35989,0.026409525
35990,0.015206142
35991,-0.021744316
35992,0.004823763
35993,-0.03517317
35994,-0.014929719
35995,-0.013649181
35996,0.055600151
35997,-0.009029469
35998,-0.040898312
35999,-0.012285989
36000,0.015797777
36001,0.037828814
36002,0.012661726
36003,-0.00665007
36004,-0.002336551
36005,0.003163147
36006,-0.029842054
36007,0.013637472
36008,-0.031878844
36009,0.014538399
36010,0.0021524
36011,-0.033606548
36012,0.031024734
36013,-0.007503284
36014,0.010262287
36015,-0.008263294
36016,-0.024899296
36017,-0.021277001
36018,-0.006832151
36019,0.005420592
36020,-0.018740224
36021,0.005246663
36022,0.0014457
36023,0.009850857
36024,0.015028973
36025,-0.006604982
36026,-0.019396223
36027,0.051650725
36028,0.052421749
36029,0.007930092
36030,-0.001677097
36031,-0.028663788
36032,-0.045537017
36033,-0.004738475
36034,0.042103216
36035,0.010359268
36036,0.011247753
36037,0.011044908
36038,-0.017305907
36039,0.031818382
36040,0.007602205
36041,0.002758794
36042,-0.013097908
36043,-0.023395611
36044,-0.003865239
36045,0.012402806
36046,-0.008559751
36047,0.009256248
36048,-0.005730629
36049,-0.010292498
36050,0.024191283
36051,0.014683606
36052,0.038592786
36053,-0.032825883
36054,0.01979826
36055,0.007285934
36056,-0.002690908
36057,-0.02031387
36058,-0.016744683
36059,0.023132909
36060,-0.00792498
36061,-0.00016859
36062,0.001086561
36063,-0.005405008
36064,0.00047774
36065,-0.020042924
36066,0.023260225
36067,-0.013877955
36068,-0.003033045
36069,0.004478252
36070,-0.03271424
36071,-0.036406461
36072,-0.003694825
36073,-0.004986603
36074,0.019446813
36075,-0.012021952
36076,0.012842215
36077,0.013763511
36078,-0.010748968
36079,-0.000694358
36080,0.015820885
36081,0.026698841
36082,-0.009301757
36083,-0.018573953
36084,0.007905767
36085,0.000264306
36086,0.011351647
36087,-0.008893611
36088,0.032099813
36089,0.011342106
36090,-0.000629132
36091,0.020948365
36092,0.02177817
36093,0.004522598
36094,0.041142512
36095,-0.023892922
36096,-0.000291065
36097,-0.023309371
36098,-0.014249024
36099,0.031533346
36100,-0.000607115
36101,0.001553963
36102,-0.028572833
36103,0.007761389
36104,-0.009147585
36105,0.042432632
36106,-0.012855176
36107,-0.013264068
36108,-0.017320441
36109,0.016902475
36110,0.013197428
36111,-0.00643646
36112,0.007305874
36113,0.020329081
36114,0.021309182
36115,0.02697557
36116,-0.028506456
36117,0.048842158
36118,-0.003019889
36119,0.002758483
36120,0.013356538
36121,0.000163945
36122,-0.005650487
36123,-0.008437359
36124,-0.011702119
36125,0.016345456
36126,0.022744689
36127,-0.003312408
36128,0.011271975
36129,-0.002129385
36130,-0.012410974
36131,0.018293872
36132,0.006632669
36133,0.003201434
36134,0.006935411
36135,0.009890429
36136,0.007536807
36137,0.006781921
36138,-0.012178889
36139,-0.002937066
36140,0.006937613
36141,0.007650816
36142,0.000829821
36143,-0.010202021
36144,-0.005407228
36145,-0.01556063
36146,-0.00649234
36147,0.006142401
36148,0.018398263
36149,-0.038355585
36150,-0.007303106
36151,-0.000185418
36152,-0.020878643
36153,-0.0341595
36154,0.004056389
36155,0.014923444
36156,-0.011030058
36157,0.01927343
36158,-0.010818135
36159,-0.033612933
36160,0.013210862
36161,0.006081057
36162,-0.000484023
36163,0.036590479
36164,0.003384245
36165,0.01697203
36166,0.01259692
36167,0.004652485
36168,-0.006469127
36169,0.031104287
36170,-0.011198873
36171,-0.003440907
36172,0.015340261
36173,0.021888096
36174,-0.00945363
36175,0.021286784
36176,-0.025835881
36177,-0.008750691
36178,0.000414791
36179,-0.003352022
36180,-0.001294464
36181,0.022169288
36182,0.005657461
36183,0.009840955
36184,0.009690364
36185,0.009960041
36186,-0.023898674
36187,-0.011046759
36188,0.001891166
36189,0.006001644
36190,-0.022635786
36191,-0.024849407
36192,0.009762798
36193,0.022617977
36194,-0.012001161
36195,-0.006338253
36196,0.003944665
36197,0.044999953
36198,-0.003194044
36199,-0.002775599
36200,-0.000585351
36201,0.023514045
36202,0.026783852
36203,0.021777874
36204,0.00488063
36205,-0.021979816
36206,-0.000159376
36207,-0.009440308
36208,-0.013501071
36209,0.022008335
36210,-0.000831644
36211,0.009535062
36212,0.003055594
36213,0.009709793
36214,-0.019545665
36215,-0.014490076
36216,-0.004808694
36217,-0.000283916
36218,-0.007314892
36219,0.003941042
36220,0.009941678
36221,0.001394888
36222,-0.019800605
36223,0.007094687
36224,0.04786386
36225,-0.047854703
36226,-0.009499089
36227,0.02233633
36228,-0.018989895
36229,-0.023318935
36230,0.011794611
36231,0.007930735
36232,0.012240131
36233,0.030374609
36234,-0.056384124
36235,-0.057204131
36236,0.010088518
36237,0.009878198
36238,-0.012181032
36239,0.003143744
36240,-0.003025547
36241,-0.015290279
36242,0.00318911
36243,0.008590183
36244,0.004699529
36245,-0.007009876
36246,-0.037242889
36247,-0.006381261
36248,0.010443736
36249,0.046787601
36250,-0.019493001
36251,0.018930759
36252,-0.022592831
36253,6.24E-05
36254,-0.014268338
36255,0.017577
36256,0.006987314
36257,-0.004385957
36258,0.032368127
36259,0.005366888
36260,0.000650758
36261,-0.001528627
36262,0.003701761
36263,0.006239359
36264,-0.0156675
36265,-0.003851835
36266,-0.027962614
36267,0.035444323
36268,-0.023486182
36269,-0.013081744
36270,-0.014802659
36271,0.026635449
36272,0.006704149
36273,-0.044217113
36274,-0.049423907
36275,0.015222552
36276,0.014046816
36277,-0.025833791
36278,0.000133128
36279,-0.025065444
36280,-0.032045465
36281,0.018676229
36282,0.014593603
36283,-0.028340226
36284,-0.00115592
36285,0.012864699
36286,-0.003608916
36287,-0.002250815
36288,0.01694607
36289,-0.006541191
36290,-0.008085529
36291,-0.007629302
36292,
36293,
