steps,grad_similarity
1,-0.181750685
2,0.417403966
3,0.078048423
4,0.538257718
5,0.502457023
6,0.313794255
7,0.152464569
8,0.621839166
9,-0.062157419
10,-0.099945113
11,0.072747126
12,0.447737873
13,0.123656929
14,-0.015566254
15,0.181087822
16,0.362545103
17,0.019523423
18,0.014177684
19,0.119949192
20,0.112579331
21,0.162115753
22,0.437175393
23,0.119056381
24,0.119393274
25,0.180114061
26,0.150370508
27,0.184981912
28,0.257292509
29,0.160153449
30,0.609201372
31,0.250249892
32,0.003875747
33,0.17972219
34,0.216398731
35,0.250882328
36,0.195381656
37,0.24896057
38,0.0290021
39,0.146706417
40,0.294057608
41,-0.059360787
42,-0.114211865
43,0.113488093
44,0.254306018
45,0.029761167
46,0.015810467
47,0.196738839
48,0.039954387
49,0.018321611
50,0.384206116
51,0.357835293
52,0.288730681
53,0.318926364
54,0.287101448
55,0.09319938
56,0.480587542
57,-0.108014464
58,0.194189966
59,-0.052462336
60,-0.103386045
61,-0.026853487
62,-0.329916179
63,0.187800914
64,-0.040033519
65,0.049746472
66,0.260486543
67,0.069966637
68,0.170534402
69,0.083907425
70,0.245374709
71,0.175270438
72,0.429822087
73,0.024738375
74,0.338860899
75,0.05208021
76,-0.080819353
77,0.211284995
78,0.106006004
79,0.067094579
80,0.304788798
81,0.092761628
82,0.370089948
83,0.006999224
84,0.232216299
85,0.026998393
86,0.140516818
87,0.037065364
88,0.115688525
89,0.151961014
90,0.411637932
91,0.007150427
92,-0.012116477
93,-0.257809728
94,0.071172155
95,0.081243955
96,0.419144154
97,-0.049742948
98,-0.020573132
99,0.084863417
100,0.071345381
101,-0.378164709
102,0.325366259
103,0.217903674
104,-0.036303729
105,0.253276318
106,0.011582566
107,-0.03947033
108,0.226914614
109,0.039373502
110,-0.178963453
111,0.5529688
112,0.053263508
113,0.418679923
114,-0.05200237
115,-0.022337332
116,0.352642059
117,0.327115238
118,-0.104357108
119,0.114805654
120,-0.022691276
121,-0.133900255
122,0.18991743
123,0.03461488
124,0.13826035
125,-0.116331585
126,0.027528554
127,0.451567173
128,0.328767598
129,0.208585516
130,0.073793538
131,0.36302647
132,0.329548568
133,-0.193091512
134,0.270510137
135,0.289349794
136,-0.283541232
137,0.098778576
138,0.078414053
139,0.037412271
140,0.140843511
141,0.358504415
142,0.105948552
143,0.143671587
144,0.581032693
145,0.202155724
146,0.171855763
147,0.023599517
148,0.179826155
149,0.021464605
150,0.015842002
151,-0.131304011
152,-0.023863666
153,-0.00494656
154,-0.125317872
155,0.305029988
156,0.144129947
157,0.058069997
158,0.18488583
159,0.112739526
160,0.265755832
161,0.112257212
162,-0.117523648
163,-0.188389719
164,0.022642165
165,0.123917975
166,-0.292346507
167,-0.271392584
168,-0.106770769
169,-0.058287911
170,-0.001580894
171,0.052480079
172,-0.050591424
173,-0.200729325
174,0.154788166
175,0.327062368
176,0.043336805
177,-0.052949265
178,0.449977309
179,0.236947671
180,-0.197297975
181,0.291451812
182,0.392552972
183,0.102369413
184,0.385485768
185,0.04592441
186,0.296607941
187,0.053622246
188,-0.183705747
189,0.109919392
190,-0.055908196
191,0.137923628
192,-0.033892423
193,-0.243415833
194,-0.096907511
195,0.518944681
196,0.43866992
197,0.012882639
198,-0.032858487
199,-0.207431585
200,0.017474744
201,0.295708925
202,0.409738392
203,-0.211064905
204,-0.172622398
205,-0.057128239
206,-0.240658075
207,-0.021236984
208,0.335479379
209,0.182463318
210,0.169323564
211,-0.227267265
212,0.282648921
213,0.232255638
214,0.289511651
215,0.041666318
216,-0.161540732
217,0.046619222
218,0.153154805
219,0.428681612
220,-0.193190724
221,-0.117710933
222,0.083976701
223,-0.414601505
224,-0.081302501
225,0.201080605
226,0.314416438
227,0.111533418
228,0.422490031
229,0.579553545
230,0.364479482
231,-0.089080706
232,-0.123344488
233,0.329776406
234,0.079141974
235,0.383785754
236,-0.073196657
237,0.233076558
238,0.492805064
239,-0.434488595
240,0.501610696
241,0.645507216
242,0.341363907
243,0.104308888
244,0.341669828
245,0.334660679
246,0.348179221
247,-0.228343457
248,0.090150297
249,-0.271011412
250,-0.257658184
251,0.414541483
252,0.262466758
253,0.37554425
254,0.30313623
255,-0.00258651
256,-0.196799219
257,-0.286458969
258,0.435888797
259,0.264038026
260,-0.256295085
261,-0.38657409
262,-0.023468871
263,0.168022305
264,-0.034325652
265,-0.127140135
266,-0.486246169
267,-0.07153447
268,0.180193394
269,0.044619966
270,-0.1809237
271,-0.222170979
272,-0.217419028
273,-0.244639635
274,0.3967655
275,0.270996034
276,0.690994382
277,0.153768703
278,-0.020948894
279,0.16356121
280,0.509567499
281,-0.006843232
282,-0.077196017
283,0.09577772
284,-0.125878766
285,0.46150136
286,-0.113831453
287,0.056121677
288,0.401034236
289,-0.05490705
290,-0.205245435
291,0.016096383
292,-0.293328941
293,-0.012501836
294,-0.102312401
295,0.346023202
296,-0.132579401
297,0.230253816
298,0.172997773
299,0.320063829
300,0.226046324
301,-0.378413141
302,-0.433922887
303,-0.053275645
304,0.117772937
305,0.382825047
306,-0.112251863
307,-0.132937491
308,-0.018335652
309,0.075487584
310,-0.121318251
311,-0.159158289
312,-0.4529531
313,0.387199551
314,-0.2191879
315,-0.358517855
316,-0.465083718
317,-0.161796957
318,0.268476307
319,-0.22116673
320,-0.201881737
321,-0.024738666
322,0.318187833
323,0.550748467
324,0.319165349
325,-0.258666784
326,0.457089186
327,-0.600538731
328,-0.213670045
329,0.375527799
330,-0.079674274
331,-0.114158466
332,-0.214843899
333,0.148736566
334,0.666995645
335,0.433928311
336,-0.451239884
337,-0.393230617
338,0.176302254
339,0.113204852
340,-0.088983528
341,-0.184996828
342,0.000295449
343,-0.300362855
344,0.355546713
345,0.537251592
346,0.340459049
347,0.484678566
348,-0.040788226
349,-0.547856927
350,-0.294388831
351,0.059223391
352,-0.099304803
353,-0.28283152
354,0.011845861
355,0.239645362
356,0.54011941
357,0.334064424
358,0.030554939
359,0.021830346
360,-0.310323238
361,0.15020825
362,0.439621329
363,0.086748511
364,0.103709139
365,0.056496374
366,-0.299082279
367,0.23498109
368,-0.354286343
369,0.049827807
370,-0.033166952
371,0.374117017
372,0.566303134
373,0.18313016
374,-0.224354714
375,-0.149805009
376,-0.2220034
377,0.037923265
378,0.420271873
379,0.477409303
380,-0.049786471
381,-0.081308641
382,0.054162495
383,-0.009220216
384,-0.254933685
385,-0.356361091
386,0.138086036
387,-0.235259265
388,-0.103030473
389,-0.01044739
390,-0.217016131
391,-0.413326949
392,0.400453568
393,0.315875232
394,0.224754483
395,-0.262074947
396,0.211696267
397,0.006427161
398,0.039941777
399,0.159241676
400,0.394985497
401,-0.261205614
402,0.06444633
403,-0.15200296
404,-0.370042741
405,-0.389025867
406,-0.203195632
407,0.151117533
408,-0.249883294
409,-0.146950051
410,0.352184355
411,0.440141439
412,0.462843478
413,0.182037517
414,0.759619892
415,-0.025175855
416,-0.152886048
417,-0.424964547
418,0.089797802
419,0.326310039
420,0.42887941
421,0.202214479
422,0.259532928
423,-0.194451988
424,-0.049428821
425,-0.341700882
426,0.122077279
427,-0.173247263
428,0.07273674
429,-0.253390342
430,-0.174818799
431,0.450460672
432,0.007963583
433,0.373931587
434,0.361566782
435,0.502808571
436,0.350548804
437,0.355259776
438,0.498342454
439,0.179299623
440,0.117313102
441,0.250400156
442,0.098121271
443,0.013648361
444,0.44537878
445,0.293751955
446,0.622564077
447,-0.211709142
448,0.161529124
449,0.370068759
450,0.283043325
451,-0.456542701
452,0.208411813
453,-0.149546236
454,-0.161036119
455,-0.321667522
456,-0.304287672
457,-0.320302069
458,-0.233813167
459,-0.163379699
460,0.126647994
461,-0.345668316
462,0.137681723
463,-0.273932517
464,-0.361239612
465,0.43138966
466,0.388104588
467,-0.256216705
468,0.255248725
469,0.156929642
470,-0.251202554
471,-0.205857173
472,-0.304027259
473,0.550660014
474,0.275340438
475,-0.167577595
476,-0.282008469
477,-0.42990011
478,-0.11778897
479,-0.21686089
480,0.297245771
481,0.186973825
482,-0.269503713
483,0.288529277
484,-0.177323565
485,0.025539244
486,-0.518893361
487,0.602342129
488,0.307750493
489,0.110505
490,0.10964863
491,-0.470154524
492,-0.119727984
493,0.412122726
494,-0.19916752
495,0.43391946
496,-0.516956925
497,0.460588306
498,-0.245688379
499,0.507081866
500,0.356034279
501,0.038838845
502,0.276989937
503,0.395147264
504,-0.183923334
505,-0.400460631
506,-0.399412602
507,0.352622598
508,0.379668593
509,0.434881032
510,0.077772953
511,-0.289252698
512,-0.205891952
513,0.223252729
514,0.147748157
515,-0.121054329
516,-0.232629016
517,-0.334930331
518,0.087408014
519,-0.057409097
520,-0.150521725
521,0.218475908
522,0.586935997
523,-0.080572397
524,0.446763575
525,0.438761234
526,0.435167342
527,0.379068315
528,0.002109656
529,0.425881475
530,-0.00125532
531,-0.242739588
532,-0.555703461
533,-0.579451025
534,0.4047001
535,0.590327859
536,0.235655218
537,0.369122028
538,0.658007383
539,-0.408152878
540,0.062410906
541,-0.15733926
542,0.278601736
543,0.132685393
544,-0.321794212
545,-0.721143365
546,-0.542621553
547,-0.523568392
548,0.473571479
549,0.401281059
550,0.050477885
551,0.441166282
552,-0.046990413
553,0.209439307
554,0.114593066
555,0.250219554
556,0.492203146
557,0.311047077
558,0.393081605
559,0.288467616
560,0.488631487
561,0.2895706
562,-0.151878506
563,-0.006698566
564,0.098256268
565,0.523440003
566,0.221235156
567,0.466187954
568,0.190546602
569,-0.139064342
570,-0.633740902
571,0.034809895
572,-0.243624672
573,0.588231921
574,0.530280948
575,0.306219697
576,0.504947126
577,0.473322093
578,-0.35276109
579,0.357317805
580,0.307341248
581,0.182518408
582,0.298116833
583,-0.012678247
584,-0.383719742
585,0.071369067
586,-0.473067373
587,0.173484892
588,0.247178406
589,0.459038347
590,-0.172320053
591,-0.040066775
592,-0.262552738
593,0.055631895
594,0.333085954
595,0.061387707
596,0.18192257
597,0.003693745
598,0.056076296
599,0.342329353
600,0.364779532
601,0.37178725
602,-0.081304282
603,0.324715972
604,0.366873026
605,-0.085777149
606,-0.282258511
607,-0.244993538
608,0.421591938
609,0.450147659
610,-0.272896528
611,0.077910416
612,-0.186026454
613,-0.089874886
614,0.047394641
615,-0.486828566
616,0.749330997
617,0.236273259
618,0.230157897
619,0.192465693
620,-0.218486547
621,-0.534928739
622,-0.135080293
623,0.457916558
624,0.331534892
625,0.266129196
626,-0.199104548
627,0.309886217
628,0.541049302
629,0.647263527
630,0.547375083
631,0.297348797
632,0.299280256
633,-0.001480442
634,-0.522390425
635,-0.498778492
636,-0.256622106
637,-0.393335402
638,-0.469483137
639,0.559856772
640,-0.332629204
641,-0.071959823
642,0.106885187
643,-0.139987737
644,0.53961587
645,-0.010832312
646,0.275952339
647,0.324299574
648,0.219049901
649,0.505053759
650,0.023906566
651,0.128874689
652,0.126495123
653,0.007761573
654,-0.339140713
655,-0.039708033
656,0.501202106
657,0.285593033
658,0.446285844
659,0.599636436
660,-0.42422986
661,-0.656114697
662,-0.227271289
663,-0.393215775
664,-0.108209997
665,-0.040568829
666,-0.27990675
667,-0.389692128
668,-0.566375256
669,0.142232537
670,0.16355589
671,0.589047313
672,0.226186305
673,-0.679989278
674,0.314380705
675,0.499931097
676,0.526376009
677,-0.068672225
678,-0.383238524
679,-0.065392412
680,0.508547306
681,-0.242703632
682,-0.14655818
683,0.153051853
684,0.004109237
685,0.490848362
686,-0.002618309
687,0.033710551
688,0.628380179
689,-0.269251704
690,0.709330559
691,-0.35381642
692,-0.565234065
693,0.600046873
694,-0.62899065
695,-0.530126929
696,-0.164414942
697,0.057303485
698,0.028797425
699,-0.412487537
700,0.631883025
701,-0.023612045
702,-0.529606938
703,0.144320786
704,0.408636183
705,0.566102982
706,0.048835035
707,-0.321876824
708,-0.485250294
709,-0.189278737
710,0.474051356
711,-0.062495328
712,0.558857083
713,-0.80350852
714,-0.313812107
715,-0.421014845
716,0.489664942
717,0.312105089
718,-0.127996266
719,0.204685986
720,-0.094063714
721,0.266389787
722,0.169743448
723,0.565814257
724,-0.194721639
725,0.746647418
726,0.080265567
727,-0.251750469
728,0.463445663
729,-0.449267507
730,-0.292102873
731,0.405321896
732,0.194131374
733,-0.227949992
734,-0.293944061
735,-0.172261074
736,-0.165418953
737,-0.410389692
738,-0.545750022
739,0.288171828
740,0.42663613
741,0.095435426
742,-0.022698555
743,0.280612826
744,0.17392908
745,0.554322183
746,-0.043847974
747,0.345602751
748,0.43426168
749,0.002524041
750,-0.214942873
751,-0.353501678
752,0.378938586
753,0.300283074
754,-0.22904475
755,0.273680389
756,0.462109506
757,0.376857519
758,-0.156168193
759,0.297355175
760,-0.112085618
761,-0.033522964
762,0.610275447
763,0.102507532
764,0.280904651
765,0.14544715
766,-0.225464895
767,0.00313301
768,0.210527301
769,0.651658893
770,-0.160959572
771,0.341959536
772,0.136379197
773,-0.199370503
774,0.262584507
775,0.145422265
776,0.190335751
777,-0.463643014
778,-0.324701577
779,-0.00903029
780,0.303752035
781,-0.431967854
782,-0.409077883
783,-0.458216131
784,0.493441045
785,0.113719612
786,0.255159527
787,0.009846762
788,0.071339585
789,0.524515867
790,-0.097670503
791,-0.197178513
792,-0.445153892
793,-0.192892551
794,0.587583542
795,-0.529692531
796,-0.610702455
797,-0.558907747
798,0.293270826
799,-0.26139015
800,0.231137872
801,-0.124956369
802,0.09131135
803,0.396364748
804,0.063651741
805,0.070686713
806,0.120015092
807,0.216565311
808,-0.062499598
809,0.038919806
810,0.1814266
811,-0.199272901
812,0.491678566
813,0.756758332
814,0.325459778
815,0.166498691
816,-0.163729131
817,0.052012891
818,0.486302376
819,-0.40604943
820,0.190434948
821,0.317261606
822,0.160627127
823,0.050311901
824,-0.382863164
825,0.241377816
826,-0.371626794
827,-0.300989151
828,-0.335342079
829,0.059000812
830,0.022230551
831,-0.06254749
832,0.260359049
833,-0.048554175
834,-0.259810805
835,0.334841788
836,0.399431914
837,-0.006024299
838,-0.246888965
839,-0.408073008
840,-0.282018065
841,0.263268322
842,-0.165213645
843,-0.089405753
844,-0.072043151
845,-0.023459285
846,0.248681754
847,0.541095793
848,-0.203597918
849,-0.210335597
850,0.001016267
851,0.035753779
852,-0.33841601
853,-0.473789603
854,0.207734391
855,-0.242041647
856,-0.056740634
857,-0.121485248
858,0.287600756
859,0.401042938
860,0.543524027
861,0.513098001
862,0.337097585
863,-0.219444945
864,-0.012542438
865,-0.51591897
866,0.571775258
867,0.038451605
868,0.007730972
869,0.23917985
870,-0.465488374
871,-0.096517123
872,-0.518251896
873,-0.022509541
874,-0.300001174
875,-0.282334507
876,-0.180578157
877,-0.014167175
878,-0.375064492
879,0.452272892
880,-0.24013707
881,0.0411117
882,0.105618805
883,0.184177369
884,-0.280591607
885,0.232259437
886,-0.119265653
887,-0.456848919
888,0.7348153
889,-0.119610593
890,0.18174842
891,0.083368793
892,0.415390074
893,-0.211826161
894,-0.015367374
895,0.239394516
896,0.263424724
897,0.004444398
898,0.000396833
899,-0.135713756
900,0.133641303
901,0.454538703
902,-0.23077333
903,-0.313780159
904,0.157775775
905,0.185443193
906,0.039303325
907,0.154465213
908,-0.056932665
909,0.152578861
910,-0.144070208
911,-0.368965924
912,-0.112121604
913,0.181284562
914,-0.067134917
915,-0.187030718
916,-0.094205871
917,0.039301082
918,0.528356552
919,-0.369722903
920,0.328174591
921,-0.255659521
922,0.194100782
923,-0.400400788
924,-0.481150657
925,0.062368847
926,-0.004879291
927,-0.408385307
928,0.660839319
929,-0.306197047
930,0.043128699
931,0.293608665
932,0.118269764
933,0.519153714
934,-0.263237566
935,0.13708438
936,0.105031431
937,0.243313104
938,-0.224246413
939,-0.45495522
940,0.445342332
941,-0.242266417
942,0.018040232
943,-0.338452429
944,0.324771196
945,-0.053293116
946,-0.334450424
947,-0.65206033
948,-0.263533652
949,-0.164272547
950,0.775923371
951,0.09562543
952,0.361545503
953,0.209155709
954,0.275511265
955,0.044501025
956,-0.108421274
957,-0.307099611
958,0.292003602
959,0.26820302
960,0.15836145
961,-0.170684949
962,0.21855548
963,-0.333996862
964,0.648741901
965,-0.1280642
966,0.267220974
967,-0.185478479
968,-0.545598865
969,-0.244368017
970,0.193533748
971,-0.194644704
972,0.64668107
973,-0.259419143
974,-0.288644075
975,-0.136334866
976,0.085028544
977,-0.015604012
978,-0.286970556
979,0.092989348
980,-0.067449585
981,-0.14689137
982,-0.43011114
983,-0.219354078
984,-0.447859645
985,0.09124887
986,0.037785973
987,-0.28673026
988,-0.327923208
989,0.103603646
990,-0.299142361
991,-0.349080235
992,0.256365895
993,0.507067204
994,0.351384461
995,0.404781997
996,-0.30943507
997,-0.467538953
998,-0.527634799
999,-0.131175205
1000,0.746280611
1001,-0.620647192
1002,0.127464563
1003,0.510809243
1004,-0.195079014
1005,-0.256118357
1006,0.248228818
1007,0.208467603
1008,-0.220065504
1009,-0.535447419
1010,0.286968023
1011,0.321489215
1012,0.12723133
1013,0.474224031
1014,0.024914419
1015,-0.020025168
1016,0.110705569
1017,-0.430533558
1018,0.344885916
1019,-0.120204113
1020,0.135764048
1021,-0.116737962
1022,-0.062054753
1023,-0.008603003
1024,-0.304997563
1025,-0.445633113
1026,-0.534692407
1027,-0.371769339
1028,-0.230991915
1029,-0.259064525
1030,0.259074926
1031,0.334348053
1032,-0.261469007
1033,0.245756805
1034,0.015022345
1035,-0.114710875
1036,-0.477428526
1037,-0.648420095
1038,0.033216804
1039,0.074716702
1040,0.166594565
1041,0.57363224
1042,-0.132431358
1043,0.637327909
1044,-0.358953834
1045,0.314859986
1046,-0.479241133
1047,0.392659038
1048,-0.48214826
1049,0.440534472
1050,-0.149219885
1051,0.339470148
1052,-0.319530189
1053,0.09942662
1054,0.101781972
1055,0.138651431
1056,-0.125142053
1057,-0.09175349
1058,0.570134699
1059,-0.520441294
1060,-0.18551895
1061,0.447415859
1062,-0.075633168
1063,-0.655180216
1064,0.436085343
1065,0.043828838
1066,-0.227284834
1067,0.069219545
1068,0.088410988
1069,-0.074755996
1070,0.230953634
1071,0.419766963
1072,0.661120594
1073,-0.755063295
1074,-0.029334798
1075,-0.522312462
1076,-0.700168133
1077,-0.448059112
1078,0.50860095
1079,-0.357239991
1080,-0.566288829
1081,-0.471678257
1082,-0.37027207
1083,-0.580821276
1084,-0.321061611
1085,-0.097865805
1086,-0.273233891
1087,-0.352126569
1088,-0.444021255
1089,0.478019804
1090,0.622160077
1091,0.501629353
1092,0.498408496
1093,0.332634509
1094,0.335987419
1095,0.156625628
1096,0.402215302
1097,0.263487905
1098,0.074118011
1099,-0.421846032
1100,-0.235000387
1101,0.004131913
1102,0.102237657
1103,-0.482350856
1104,-0.149487048
1105,0.049777061
1106,0.245625973
1107,0.485075951
1108,0.17986083
1109,-0.172764465
1110,0.087879665
1111,0.205727488
1112,0.383986771
1113,0.450212628
1114,-0.097322479
1115,-0.427226245
1116,-0.079124741
1117,0.333979398
1118,0.394671202
1119,-0.525860071
1120,0.099002123
1121,0.617513776
1122,0.483230859
1123,-0.320238233
1124,-0.552089453
1125,-0.500500917
1126,0.614617884
1127,0.266701639
1128,0.391738683
1129,-0.477546632
1130,0.23433581
1131,-0.05311507
1132,0.287306905
1133,-0.254363686
1134,0.480935693
1135,-0.54061687
1136,-0.256314784
1137,0.088552341
1138,0.34148246
1139,0.200715527
1140,0.193689182
1141,-0.37997663
1142,-0.634842753
1143,0.441337526
1144,0.383309811
1145,0.634966493
1146,0.361063451
1147,-0.691211939
1148,-0.240206659
1149,0.041796505
1150,0.601636827
1151,0.441848278
1152,-0.089467354
1153,0.043567955
1154,-0.029812645
1155,0.375324756
1156,-0.595802188
1157,-0.634945333
1158,-0.52440834
1159,0.060795791
1160,-0.197637349
1161,0.608257174
1162,-0.403536707
1163,0.398819327
1164,0.14840129
1165,-0.305471122
1166,-0.13642323
1167,0.468894392
1168,0.141216442
1169,-0.303794026
1170,0.087158546
1171,0.671501637
1172,0.745500326
1173,-0.302262932
1174,0.065569714
1175,-0.260075033
1176,-0.270704418
1177,0.305294603
1178,-0.086207762
1179,0.409957379
1180,-0.502418876
1181,-0.355791569
1182,-0.607278943
1183,0.664835572
1184,0.756826878
1185,0.467681736
1186,-0.196971744
1187,0.55785358
1188,-0.470459759
1189,0.388743341
1190,0.317458063
1191,0.130359694
1192,0.16440767
1193,0.77843523
1194,0.483798653
1195,-0.316111833
1196,0.5918805
1197,0.58397001
1198,-0.682257771
1199,0.413250744
1200,-0.092858709
1201,-0.143137351
1202,0.064268492
1203,0.334854007
1204,-0.175214812
1205,-0.143344522
1206,-0.038128145
1207,-0.269026905
1208,0.538977623
1209,-0.430948526
1210,-0.040442064
1211,0.316149592
1212,0.141188085
1213,0.201786205
1214,-0.16313991
1215,-0.235556304
1216,-0.600807786
1217,0.435455024
1218,-0.091513321
1219,-0.163519114
1220,0.488550305
1221,0.294870079
1222,0.585907996
1223,-0.489002496
1224,0.189653441
1225,0.587674737
1226,-0.238719672
1227,-0.570200324
1228,-0.314974934
1229,0.124355473
1230,0.665892065
1231,-0.451446235
1232,0.462171137
1233,-0.08184731
1234,-0.314655513
1235,-0.145850465
1236,0.34505102
1237,-0.028746232
1238,-0.250448704
1239,-0.26941666
1240,0.119930692
1241,-0.715515494
1242,-0.492573857
1243,-0.481757224
1244,0.598785996
1245,-0.510102093
1246,-0.459074885
1247,-0.492492676
1248,-0.619785845
1249,-0.537340939
1250,
1251,
1252,-0.400394529
1253,-0.10881795
1254,-0.249359965
1255,-0.207180381
1256,-0.579916954
1257,0.347026318
1258,0.640728414
1259,0.208909482
1260,0.211202294
1261,-0.051598828
1262,0.665935874
1263,0.100092225
1264,-0.048116222
1265,-0.143093765
1266,-0.540668964
1267,-0.33779797
1268,-0.274543971
1269,0.112658165
1270,0.622942984
1271,-0.182593763
1272,-0.220325887
1273,0.465515375
1274,0.576529264
1275,0.415445298
1276,-0.201708123
1277,-0.64543891
1278,-0.619724333
1279,0.20597598
1280,-0.425994873
1281,-0.471576393
1282,-0.406962484
1283,0.457392603
1284,0.397700876
1285,-0.407286823
1286,0.37523064
1287,-0.450436234
1288,-0.599723101
1289,-0.440252781
1290,0.198550299
1291,-0.04203292
1292,-0.494234204
1293,-0.174446583
1294,0.290213674
1295,0.440292537
1296,0.236513615
1297,-0.299067557
1298,-0.287764966
1299,0.248293355
1300,-0.090144254
1301,-0.357947499
1302,-0.661431313
1303,-0.596846938
1304,-0.434745073
1305,-0.473590344
1306,-0.546188772
1307,-0.554877877
1308,0.506123722
1309,0.759063244
1310,0.580417991
1311,0.505020678
1312,0.462692916
1313,0.432469308
1314,-0.078748941
1315,0.360880435
1316,0.396854579
1317,0.699834168
1318,0.711207151
1319,0.509909034
1320,0.549890876
1321,0.684251726
1322,0.344796419
1323,0.242143258
1324,-0.308804035
1325,-0.636821091
1326,-0.658726573
1327,0.329258412
1328,-0.245486364
1329,-0.118187547
1330,-0.260094464
1331,-0.021434583
1332,-0.537719846
1333,-0.675137103
1334,-0.480488777
1335,0.362192571
1336,0.535523355
1337,-0.354876786
1338,-0.755043507
1339,-0.607922554
1340,-0.591616035
1341,-0.453522563
1342,0.594555974
1343,-0.37447381
1344,0.25216943
1345,-0.106036656
1346,-0.704529881
1347,-0.082909957
1348,0.368305206
1349,0.214697033
1350,-0.290997505
1351,-0.024959095
1352,0.069054455
1353,-0.597215235
1354,-0.32695663
1355,0.162166119
1356,-0.300244153
1357,-0.619278371
1358,-0.152801603
1359,0.089917757
1360,0.589205444
1361,0.715369821
1362,0.694044113
1363,0.446232677
1364,-0.256934196
1365,-0.563909352
1366,-0.695634604
1367,-0.4752222
1368,-0.210072145
1369,0.113549173
1370,-0.544419885
1371,-0.414772034
1372,-0.695211411
1373,-0.138728306
1374,0.470653355
1375,0.294851124
1376,-0.25574249
1377,-0.566167891
1378,-0.647993565
1379,-0.492660761
1380,0.210267887
1381,0.132477582
1382,-0.386758566
1383,0.035847038
1384,0.787441969
1385,-0.081954099
1386,-0.003413521
1387,-0.085922197
1388,-0.255453944
1389,-0.593736947
1390,-0.584403872
1391,-0.416853547
1392,-0.382229865
1393,-0.694528878
1394,-0.059738353
1395,0.298996627
1396,-0.23526682
1397,-0.039758943
1398,-0.266413301
1399,-0.369548619
1400,-0.510082781
1401,-0.248147562
1402,-0.015051052
1403,-0.349844873
1404,0.364342332
1405,-0.518187821
1406,0.177252978
1407,0.152374312
1408,-0.170005605
1409,-0.768757582
1410,-0.432262182
1411,-0.512896538
1412,-0.404412419
1413,-0.524515212
1414,-0.176014572
1415,0.082996845
1416,-0.651817381
1417,0.377287209
1418,0.355159461
1419,0.258729875
1420,-0.06043756
1421,0.148254931
1422,0.503404021
1423,-0.329996377
1424,-0.507963002
1425,0.648544848
1426,-0.345588177
1427,-0.687461734
1428,0.067823999
1429,-0.42357105
1430,-0.514545083
1431,-0.619617522
1432,-0.296146572
1433,0.427432746
1434,0.243479133
1435,-0.269011617
1436,-0.683315516
1437,-0.286841035
1438,-0.53237015
1439,-0.473257124
1440,-0.438310653
1441,-0.169059455
1442,-0.127663374
1443,-0.437573314
1444,0.362804115
1445,0.563022137
1446,-0.544831872
1447,-0.362585813
1448,-0.681987286
1449,0.263851762
1450,0.133410335
1451,0.000864021
1452,0.572750211
1453,-0.27000463
1454,0.116360806
1455,-0.622807026
1456,0.357878387
1457,-0.581651628
1458,-0.094216183
1459,0.03169769
1460,-0.594562769
1461,0.184059829
1462,0.410434812
1463,-0.40437445
1464,-0.600745678
1465,-0.393691182
1466,-0.045982614
1467,-0.368349701
1468,-0.338571101
1469,-0.280498832
1470,-0.204716057
1471,-0.474685669
1472,-0.650838256
1473,-0.039957009
1474,0.466129512
1475,0.546299279
1476,0.71170342
1477,-0.249208748
1478,0.471518695
1479,0.635151148
1480,-0.462145299
1481,0.509886503
1482,-0.044608071
1483,-0.216960579
1484,-0.279203713
1485,0.137996376
1486,0.041851684
1487,-0.324304938
1488,-0.450981855
1489,0.268055618
1490,0.805644989
1491,0.077525511
1492,0.401480526
1493,0.792073727
1494,-0.295649409
1495,0.049170721
1496,-0.641769528
1497,-0.471200287
1498,0.08557561
1499,0.518708348
1500,-0.779072881
1501,0.499091864
1502,0.541540146
1503,0.465051234
1504,0.445138961
1505,-0.040134355
1506,-0.671266556
1507,-0.763910294
1508,-0.358169079
1509,0.564902186
1510,0.014644951
1511,-0.405163229
1512,-0.427978337
1513,-0.398868233
1514,-0.197459877
1515,-0.388894439
1516,-0.086137325
1517,-0.747176349
1518,-0.076445542
1519,-0.384776771
1520,0.164822608
1521,-0.641258478
1522,-0.487367868
1523,0.04198882
1524,0.655973971
1525,-0.594803512
1526,0.054035649
1527,0.309158087
1528,0.416859925
1529,-0.368643165
1530,0.302197337
1531,0.509043455
1532,-0.2301808
1533,-0.400072604
1534,-0.418215603
1535,0.369203895
1536,-0.157614678
1537,0.203623906
1538,0.73369205
1539,0.443951666
1540,-0.769420922
1541,-0.703095019
1542,-0.482453227
1543,-0.651416123
1544,0.742563665
1545,-0.409277856
1546,0.277061939
1547,0.385758877
1548,0.225922629
1549,-0.201444224
1550,0.346989542
1551,0.129077226
1552,-0.209309876
1553,0.167746887
1554,-0.517625213
1555,-0.469765067
1556,-0.547924519
1557,-0.733092666
1558,0.327510655
1559,-0.550254226
1560,-0.478792131
1561,-0.311076641
1562,-0.272822171
1563,-0.407442749
1564,-0.806706429
1565,-0.489627719
1566,-0.566864431
1567,0.477883965
1568,0.477288693
1569,-0.815272748
1570,-0.748610258
1571,-0.41185528
1572,-0.365385473
1573,-0.463315129
1574,0.310877442
1575,-0.577712953
1576,0.23996079
1577,0.654497087
1578,-0.71335125
1579,-0.490971655
1580,-0.555273056
1581,-0.098680094
1582,0.607247055
1583,0.52982533
1584,-0.557670116
1585,-0.380026191
1586,0.466706008
1587,-0.238550872
1588,-0.713170052
1589,0.430677325
1590,0.64694339
1591,-0.349227101
1592,-0.458369851
1593,0.237302214
1594,-0.677644849
1595,-0.358029306
1596,-0.514209628
1597,-0.078190356
1598,0.293906808
1599,0.767379105
1600,-0.780162454
1601,-0.400386572
1602,-0.177482426
1603,0.558435678
1604,0.122139037
1605,0.419326037
1606,0.741227269
1607,-0.679677725
1608,-0.488813818
1609,0.737837017
1610,-0.597949505
1611,-0.176089108
1612,-0.596799254
1613,-0.507553399
1614,0.365350962
1615,-0.488333404
1616,-0.339922726
1617,0.456485987
1618,0.419364929
1619,-0.559271097
1620,-0.281214744
1621,-0.30508095
1622,-0.53744185
1623,0.323301017
1624,0.113817036
1625,0.376168489
1626,-0.375176996
1627,-0.388247907
1628,-0.61577487
1629,-0.293123007
1630,0.080232441
1631,-0.456759125
1632,0.283345282
1633,0.365199208
1634,0.715508044
1635,0.611036181
1636,-0.650484562
1637,0.420350701
1638,-0.369494855
1639,-0.542205811
1640,-0.615192175
1641,-0.672011554
1642,-0.312572718
1643,-0.050983362
1644,0.761279106
1645,0.287716806
1646,-0.21848619
1647,0.5461182
1648,-0.373238862
1649,0.473192334
1650,0.588996053
1651,0.657773733
1652,0.407116175
1653,0.663868725
1654,-0.348271936
1655,0.715951681
1656,0.489049017
1657,0.432879031
1658,-0.101299658
1659,0.440037012
1660,0.002917849
1661,-0.41734153
1662,-0.749199271
1663,-0.633857727
1664,0.059279352
1665,0.569665134
1666,0.111656129
1667,-0.428195298
1668,0.533304036
1669,0.699040115
1670,0.46868813
1671,0.031500123
1672,-0.521300018
1673,-0.345596969
1674,0.830588281
1675,0.70032084
1676,0.257183939
1677,0.222031921
1678,-0.787935197
1679,-0.637073159
1680,-0.170685261
1681,0.148491591
1682,0.774369538
1683,0.523407876
1684,0.746394455
1685,0.434176266
1686,0.253365934
1687,0.225499913
1688,0.628485322
1689,0.230395019
1690,-0.370215088
1691,0.650893688
1692,0.488378555
1693,0.387528956
1694,-0.163862452
1695,0.660025835
1696,0.431290567
1697,-0.767026722
1698,0.087840296
1699,0.38481316
1700,0.448363334
1701,0.280262291
1702,-0.371417582
1703,-0.48578459
1704,-0.42901355
1705,0.449533939
1706,0.686962366
1707,0.421632528
1708,-0.269262671
1709,-0.310683221
1710,-0.174581558
1711,0.185743481
1712,0.089023665
1713,0.520299792
1714,0.450156331
1715,0.512395322
1716,0.634068489
1717,-0.384391129
1718,-0.13246803
1719,-0.706620693
1720,-0.334451616
1721,0.489566237
1722,-0.711805999
1723,-0.494709551
1724,-0.623542726
1725,0.687594295
1726,0.760890782
1727,0.388515174
1728,-0.764744163
1729,-0.444179088
1730,-0.669937909
1731,0.052393358
1732,0.479965955
1733,-0.556691766
1734,0.134842426
1735,-0.598833025
1736,-0.592001259
1737,-0.501476228
1738,-0.498830944
1739,-0.581846476
1740,0.663680553
1741,0.045286089
1742,-0.818001449
1743,0.35311389
1744,0.757809281
1745,0.660894394
1746,-0.396037936
1747,0.682545125
1748,-0.510777414
1749,-0.77853179
1750,0.665879965
1751,-0.283952892
1752,-0.397395492
1753,-0.831460059
1754,-0.585554004
1755,-0.742321372
1756,-0.565931261
1757,-0.562873006
1758,0.181923255
1759,-0.629198074
1760,-0.454087943
1761,-0.662862778
1762,0.18447642
1763,0.706904173
1764,0.426529825
1765,0.506534636
1766,0.51292026
1767,-0.038787201
1768,0.553277433
1769,-0.582807422
1770,0.379536122
1771,-0.120468289
1772,-0.753401399
1773,-0.639899611
1774,-0.678731084
1775,-0.5172894
1776,-0.614657998
1777,0.637665749
1778,-0.59924978
1779,-0.225152105
1780,-0.463989794
1781,-0.281408012
1782,0.458153486
1783,0.581511378
1784,0.738164485
1785,0.524611533
1786,0.25176695
1787,0.251674891
1788,-0.295909554
1789,0.766117454
1790,-0.364615262
1791,0.080291659
1792,0.69015193
1793,0.140950784
1794,-0.178382173
1795,0.583060145
1796,-0.522821307
1797,0.09056963
1798,0.833170414
1799,0.651983142
1800,-0.231309816
1801,0.387391567
1802,-0.470496297
1803,-0.509088993
1804,-0.118953414
1805,0.616469145
1806,-0.361190706
1807,0.398278236
1808,0.126928717
1809,-0.723120868
1810,-0.803875923
1811,0.419062018
1812,-0.303443581
1813,0.020231098
1814,0.228004128
1815,0.444191813
1816,-0.21285437
1817,-0.684019327
1818,-0.693374515
1819,0.281598896
1820,-0.365404606
1821,0.517434239
1822,0.166984096
1823,0.003057104
1824,0.673301458
1825,0.443115383
1826,-0.247879669
1827,0.352978975
1828,0.641590476
1829,-0.414004236
1830,0.612116814
1831,0.72258234
1832,0.204152748
1833,0.0938541
1834,-0.674021006
1835,-0.577338099
1836,0.613176107
1837,0.571754992
1838,0.647102892
1839,-0.579432249
1840,-0.364869416
1841,0.492099017
1842,0.407410204
1843,0.56054157
1844,0.310525566
1845,0.075889349
1846,-0.261684418
1847,0.817076325
1848,0.667826593
1849,-0.400094986
1850,0.158902481
1851,0.772408605
1852,0.262776077
1853,-0.38569352
1854,-0.212833986
1855,0.561384499
1856,0.503250122
1857,0.413258314
1858,-0.569963217
1859,0.029414725
1860,0.573085308
1861,-0.002073271
1862,-0.536138535
1863,0.33689332
1864,-0.337424695
1865,-0.735929847
1866,-0.341353953
1867,-0.206000566
1868,-0.36973986
1869,-0.273266405
1870,0.122700371
1871,-0.360414982
1872,-0.771542609
1873,-0.002052112
1874,-0.509869695
1875,-0.69705832
1876,-0.701711953
1877,-0.784300804
1878,-0.198898882
1879,0.458159953
1880,-0.061461739
1881,-0.3834683
1882,-0.415907502
1883,-0.606891632
1884,-0.314014077
1885,0.772317171
1886,0.214831144
1887,0.103849694
1888,0.457818091
1889,0.330065548
1890,0.167033806
1891,0.443271518
1892,0.509348273
1893,-0.223517537
1894,0.315594018
1895,0.831561089
1896,-0.752570391
1897,0.320700198
1898,-0.099709652
1899,0.228471458
1900,0.294528544
1901,-0.380549431
1902,-0.55564779
1903,0.598918915
1904,0.619153142
1905,0.45650354
1906,0.689644635
1907,0.525895894
1908,0.359899849
1909,-0.367724955
1910,-0.563781619
1911,0.226371601
1912,-0.358677506
1913,-0.718472242
1914,-0.217453361
1915,-0.614565969
1916,-0.566758275
1917,-0.460705459
1918,-0.571032166
1919,-0.416431576
1920,-0.468752086
1921,0.729120672
1922,0.237193212
1923,-0.406472832
1924,-0.407013744
1925,0.334550768
1926,0.550994754
1927,-0.018743016
1928,-0.817786336
1929,-0.786789179
1930,0.379113495
1931,0.54344666
1932,0.49555999
1933,0.639220357
1934,0.629112303
1935,0.350517422
1936,0.475649655
1937,0.304724455
1938,-0.794594765
1939,-0.518054307
1940,0.497659057
1941,0.259419262
1942,0.627679944
1943,-0.505862057
1944,-0.569934487
1945,0.413966298
1946,0.474256456
1947,-0.050254419
1948,-0.10660699
1949,-0.601525724
1950,-0.647172689
1951,-0.547428727
1952,0.244020402
1953,-0.035369728
1954,0.461132526
1955,-0.566546381
1956,-0.333711505
1957,0.16332911
1958,-0.397330761
1959,0.384407461
1960,0.664532661
1961,0.529211879
1962,0.754706979
1963,0.134191126
1964,-0.689839125
1965,-0.357409567
1966,0.227767617
1967,-0.314248383
1968,-0.609178483
1969,-0.130998403
1970,-0.225349709
1971,-0.625552714
1972,0.490763187
1973,0.473284066
1974,0.61631608
1975,-0.285820842
1976,-0.509952843
1977,0.492039502
1978,0.155183613
1979,0.323852748
1980,-0.63716054
1981,0.312380493
1982,-0.525486171
1983,0.571414173
1984,-0.178873092
1985,-0.739191651
1986,-0.747735798
1987,-0.717370093
1988,-0.549835443
1989,-0.378260374
1990,-0.244175613
1991,-0.69221437
1992,-0.001829617
1993,-0.068550631
1994,-0.048896052
1995,-0.709338725
1996,0.487672865
1997,-0.66372478
1998,0.681679845
1999,0.463128805
2000,-0.380945206
2001,-0.027914852
2002,0.543596387
2003,-0.360928655
2004,-0.631705403
2005,-0.051312916
2006,-0.76765734
2007,0.591647148
2008,0.614301205
2009,-0.600882828
2010,-0.58000946
2011,-0.589559674
2012,-0.451338947
2013,0.198168904
2014,0.075993218
2015,0.712445378
2016,0.688396156
2017,0.308516264
2018,0.300797969
2019,0.595870852
2020,0.446306288
2021,0.202455804
2022,-0.264128029
2023,0.178386331
2024,-0.458939195
2025,-0.127130836
2026,0.390111506
2027,0.447732091
2028,0.294209301
2029,-0.666925311
2030,0.061490297
2031,0.246579021
2032,0.550154686
2033,0.57799238
2034,-0.337433338
2035,-0.42916292
2036,0.351523161
2037,-0.637614846
2038,0.114398852
2039,0.272610724
2040,0.032537956
2041,0.524715304
2042,-0.44533354
2043,-0.452141821
2044,0.023427047
2045,-0.539446652
2046,-0.630366325
2047,0.340133518
2048,0.595590949
2049,0.00067457
2050,-0.639704227
2051,-0.572271824
2052,0.576434255
2053,-0.179986402
2054,0.538673997
2055,-0.335056782
2056,-0.47025305
2057,-0.676345348
2058,-0.796571255
2059,-0.669731677
2060,-0.041659102
2061,0.504287362
2062,-0.554955959
2063,-0.162372425
2064,0.043811776
2065,0.183061495
2066,-0.583567381
2067,0.592024028
2068,0.5999403
2069,0.489853352
2070,0.368544817
2071,-0.511711836
2072,0.033145644
2073,-0.799987674
2074,0.039619811
2075,-0.481265604
2076,-0.539025545
2077,0.68433696
2078,-0.015632004
2079,0.76211679
2080,0.716700852
2081,-0.372115463
2082,0.599709213
2083,0.291195214
2084,0.220670938
2085,0.444506705
2086,0.681024432
2087,0.640723646
2088,-0.424886584
2089,-0.323662817
2090,0.341484308
2091,-0.318085492
2092,0.181376398
2093,0.642931342
2094,0.682264924
2095,0.412769079
2096,0.121156923
2097,0.370238155
2098,-0.655983269
2099,-0.097426072
2100,0.290431291
2101,0.290081918
2102,-0.618327141
2103,0.715183616
2104,0.08090312
2105,0.689948142
2106,-0.452845216
2107,0.157811105
2108,0.312968016
2109,0.6507442
2110,0.305708051
2111,0.334933698
2112,0.394033849
2113,-0.528791308
2114,0.379545391
2115,0.655150414
2116,-0.54007256
2117,-0.412690163
2118,0.014567077
2119,-0.01692751
2120,0.238194823
2121,-0.106476277
2122,0.097814463
2123,0.250608146
2124,-0.615193844
2125,-0.592535198
2126,-0.509129047
2127,0.078543894
2128,-0.554823935
2129,0.105629168
2130,0.403600246
2131,0.406099498
2132,0.094295815
2133,0.476611495
2134,0.492545605
2135,0.715253949
2136,0.130660012
2137,-0.648383796
2138,-0.320914984
2139,-0.393365264
2140,-0.313932836
2141,-0.015674606
2142,0.021267379
2143,0.413315475
2144,-0.791765273
2145,-0.520214081
2146,-0.587830126
2147,-0.07085038
2148,0.468229175
2149,-0.598207831
2150,-0.365169883
2151,0.220464528
2152,-0.140142009
2153,-0.062940948
2154,0.302488863
2155,-0.359329522
2156,-0.570129037
2157,0.404886603
2158,0.083833911
2159,0.707662344
2160,0.393750966
2161,0.608210146
2162,-0.075623833
2163,-0.388724625
2164,0.284453869
2165,-0.516713202
2166,0.499344349
2167,-0.21100086
2168,0.456741154
2169,0.737602711
2170,-0.287659943
2171,-0.204272121
2172,0.342704117
2173,-0.369585156
2174,-0.193505839
2175,-0.158108681
2176,-0.654827654
2177,-0.405570716
2178,-0.484235764
2179,-0.135122776
2180,-0.149636269
2181,-0.618214607
2182,-0.34622097
2183,0.726950407
2184,-0.574651062
2185,0.223572105
2186,0.583750248
2187,0.670542359
2188,0.001269039
2189,0.761982679
2190,-0.534848273
2191,0.119317174
2192,-0.417841196
2193,0.50438869
2194,-0.536932945
2195,0.583648026
2196,0.291849434
2197,-0.345362097
2198,0.165322304
2199,-0.273353815
2200,0.074736901
2201,0.392768204
2202,-0.292654932
2203,-0.32679835
2204,-0.409338832
2205,-0.578154385
2206,-0.537813544
2207,0.559870303
2208,0.22320573
2209,0.408469558
2210,0.752061963
2211,-0.251019359
2212,-0.673223495
2213,-0.546557546
2214,-0.23282285
2215,0.14240101
2216,0.394927561
2217,0.284290314
2218,0.118601196
2219,0.431043267
2220,-0.115112722
2221,0.222965315
2222,0.460062087
2223,-0.271529853
2224,0.432206571
2225,0.356076032
2226,0.653231263
2227,0.355208069
2228,-0.721614242
2229,-0.051046036
2230,-0.580331087
2231,0.658038914
2232,0.143548489
2233,-0.690375209
2234,-0.490278661
2235,-0.34112972
2236,-0.491571456
2237,0.628487885
2238,0.368982285
2239,0.495451331
2240,-0.304378092
2241,-0.64166975
2242,0.230282113
2243,0.4909648
2244,0.396015704
2245,0.656406403
2246,0.85800761
2247,0.265738726
2248,0.262131929
2249,0.489343464
2250,-0.628347516
2251,-0.287255943
2252,-0.428449929
2253,-0.568478763
2254,0.225265533
2255,0.510310531
2256,0.706786215
2257,0.759221375
2258,0.342132688
2259,0.485473841
2260,-0.138121039
2261,0.234284624
2262,0.769091487
2263,-0.281101644
2264,0.510061622
2265,-0.240173727
2266,0.065869749
2267,-0.703561783
2268,0.525422931
2269,0.592946827
2270,0.510010481
2271,-0.20872815
2272,0.673617423
2273,-0.154369086
2274,0.735814452
2275,0.595471859
2276,0.067048773
2277,0.475518644
2278,-0.270018756
2279,0.566581547
2280,0.317150921
2281,0.056020468
2282,0.604568839
2283,-0.229015231
2284,-0.799188018
2285,-0.510686576
2286,0.353737712
2287,0.591850579
2288,0.807760656
2289,0.359354377
2290,0.242664993
2291,0.067768738
2292,0.637261093
2293,0.321322918
2294,-0.222988218
2295,0.360951364
2296,-0.067821555
2297,0.190577716
2298,0.642873108
2299,0.357300639
2300,-0.496359229
2301,-0.607407928
2302,0.237719938
2303,-0.65255928
2304,-0.092911884
2305,0.658420503
2306,-0.329218596
2307,-0.771165252
2308,-0.141512036
2309,-0.559702277
2310,0.565762043
2311,0.364367068
2312,-0.108821839
2313,-0.35225904
2314,0.269790947
2315,0.436613142
2316,-0.522671044
2317,0.273283571
2318,-0.300819427
2319,0.12567243
2320,-0.186146408
2321,0.343062043
2322,0.260450304
2323,0.435369492
2324,0.356969655
2325,-0.749155164
2326,-0.619236469
2327,-0.544747829
2328,-0.188153133
2329,0.527392209
2330,-0.464179009
2331,0.533721328
2332,0.655622959
2333,-0.046429805
2334,-0.42242831
2335,0.759048998
2336,0.022990458
2337,0.061535373
2338,0.325974375
2339,-0.602367282
2340,-0.333791673
2341,-0.636760354
2342,-0.53946346
2343,-0.506991148
2344,-0.008518176
2345,-0.078939475
2346,0.811793149
2347,0.111156531
2348,0.414976925
2349,-0.254174948
2350,-0.379407078
2351,-0.780487776
2352,-0.432103962
2353,0.240766227
2354,-0.538390577
2355,0.719984233
2356,0.04546576
2357,-0.606480181
2358,-0.083340682
2359,-0.580035806
2360,-0.47163868
2361,0.398009121
2362,0.408190638
2363,0.621762991
2364,-0.429202855
2365,0.714452267
2366,0.453181118
2367,0.657723546
2368,-0.443328351
2369,-0.30707711
2370,0.796100855
2371,-0.252410769
2372,-0.719696522
2373,-0.782891512
2374,-0.505606472
2375,0.653928041
2376,0.04895176
2377,-0.321899444
2378,-0.479536593
2379,-0.636390924
2380,0.013628284
2381,-0.341754884
2382,-0.16171661
2383,0.330809861
2384,0.226445347
2385,-0.274201006
2386,0.360078335
2387,-0.731044888
2388,-0.547522604
2389,-0.412949413
2390,-0.569206715
2391,0.380037129
2392,-0.568585634
2393,0.033349369
2394,-0.282283485
2395,0.193197027
2396,-0.034371372
2397,0.438305557
2398,-0.028762955
2399,-0.522666574
2400,-0.51161629
2401,0.484667182
2402,0.401949823
2403,-0.36623928
2404,-0.244091377
2405,-0.532031655
2406,-0.77881825
2407,0.299586713
2408,-0.286689669
2409,0.656416059
2410,-0.48397544
2411,-0.087912142
2412,0.38466686
2413,0.045845911
2414,0.221273616
2415,0.721800268
2416,0.621706009
2417,-0.252272904
2418,-0.251705676
2419,0.516809702
2420,-0.559977531
2421,0.149339333
2422,-0.564110458
2423,0.053286042
2424,-0.642295241
2425,-0.175603911
2426,-0.393306583
2427,-0.516552269
2428,0.334823549
2429,0.759002566
2430,-0.492976427
2431,-0.395826191
2432,0.203007892
2433,0.521247149
2434,0.293183059
2435,-0.483305335
2436,-0.2340433
2437,-0.475747913
2438,-0.090546399
2439,0.537669837
2440,0.159326166
2441,0.591400385
2442,0.074992642
2443,-0.533916473
2444,0.392121226
2445,-0.215950683
2446,-0.487856925
2447,0.446324438
2448,-0.303037256
2449,0.521022439
2450,-0.263723135
2451,-0.667635143
2452,0.036666632
2453,-0.619052529
2454,-0.7497226
2455,0.483261257
2456,0.511030078
2457,-0.11668472
2458,-0.742405593
2459,-0.473775446
2460,0.079858795
2461,-0.189958513
2462,-0.20474796
2463,0.076753095
2464,-0.571681619
2465,-0.556634426
2466,0.107806064
2467,0.196796745
2468,0.596112728
2469,0.661598682
2470,0.414245158
2471,-0.336188555
2472,0.273134172
2473,0.601818323
2474,0.406433225
2475,0.43786782
2476,0.707240105
2477,0.389982641
2478,0.434270084
2479,0.632053375
2480,0.556375861
2481,0.445942312
2482,-0.437707722
2483,-0.46151799
2484,0.52215898
2485,0.578802586
2486,0.406156003
2487,0.317129254
2488,0.561605453
2489,-0.469021648
2490,0.470640749
2491,0.299614757
2492,0.609833717
2493,0.339606524
2494,0.348825097
2495,0.64903903
2496,-0.74468267
2497,-0.628425479
2498,-0.532871008
2499,0.192944676
2500,-0.151161596
2501,0.019842021
2502,
2503,
2504,-0.35621044
2505,-0.820176125
2506,-0.248702914
2507,0.256503373
2508,0.626084089
2509,-0.205792055
2510,-0.076309487
2511,-0.011924233
2512,-0.368277609
2513,-0.517027438
2514,-0.588855505
2515,-0.032387152
2516,0.412590265
2517,0.467767686
2518,0.197204471
2519,0.009047974
2520,0.537243366
2521,0.370738029
2522,0.506619215
2523,0.60091114
2524,0.290806413
2525,0.639008939
2526,0.382186532
2527,-0.229209095
2528,0.72821629
2529,-0.138013035
2530,-0.109570153
2531,0.116674766
2532,0.028040351
2533,0.272243887
2534,-0.437177569
2535,0.400595963
2536,0.08451964
2537,0.573671877
2538,0.555074453
2539,-0.323633909
2540,0.112715736
2541,0.05859166
2542,-0.668736398
2543,-0.186254814
2544,-0.626081944
2545,0.403036743
2546,-0.500717998
2547,0.133032784
2548,0.456279635
2549,0.746633887
2550,0.310019463
2551,0.56185925
2552,0.24060753
2553,0.445791662
2554,0.442869753
2555,0.522980869
2556,0.40830642
2557,0.518023431
2558,0.345104992
2559,-0.439830691
2560,-0.383997798
2561,0.310788572
2562,0.215850651
2563,0.396622121
2564,0.271764517
2565,-0.558565736
2566,0.633854628
2567,-0.023346297
2568,0.619164944
2569,0.087577485
2570,-0.587549031
2571,0.491194487
2572,-0.714772165
2573,0.149033636
2574,-0.550301611
2575,-0.089146644
2576,0.206206769
2577,0.67790246
2578,0.603668332
2579,0.352607369
2580,0.578752637
2581,-0.739999533
2582,-0.563593924
2583,-0.364718556
2584,-0.620893121
2585,-0.227308691
2586,-0.743309259
2587,0.537125885
2588,-0.091043428
2589,-0.675412416
2590,0.563855767
2591,0.661501646
2592,0.421216846
2593,0.473407567
2594,0.718072057
2595,0.544602692
2596,-0.389744937
2597,-0.786199212
2598,0.101016812
2599,0.093169764
2600,-0.538866162
2601,0.673444033
2602,-0.511154532
2603,0.484359503
2604,0.527611136
2605,-0.457603693
2606,-0.591085911
2607,0.556575775
2608,0.120914236
2609,0.42384845
2610,0.379135132
2611,-0.267275155
2612,0.028832819
2613,-0.117329322
2614,-0.075147271
2615,0.023626745
2616,-0.244404033
2617,0.142725557
2618,-0.158017546
2619,-0.74917227
2620,-0.61398983
2621,0.458423406
2622,-0.739994705
2623,0.745264888
2624,0.600501359
2625,0.337920099
2626,-0.198043495
2627,0.548948169
2628,0.47608611
2629,0.530763626
2630,0.596094608
2631,0.451247334
2632,-0.217041835
2633,0.845073581
2634,0.382258475
2635,0.266823232
2636,-0.095159695
2637,0.663042963
2638,0.080710426
2639,0.047553811
2640,0.367191911
2641,-0.467120886
2642,0.317054421
2643,0.424790889
2644,0.557440102
2645,0.553732336
2646,0.469743431
2647,-0.508265853
2648,0.043179542
2649,-0.645698786
2650,-0.237103462
2651,0.631898224
2652,0.225299507
2653,-0.41813907
2654,-0.700271845
2655,-0.664243281
2656,-0.226464182
2657,0.268012762
2658,0.210128576
2659,0.458912343
2660,0.300568223
2661,0.648302555
2662,-0.041181661
2663,0.470613122
2664,-0.098308526
2665,-0.079110622
2666,0.280366063
2667,-0.041675769
2668,0.467548192
2669,0.370929718
2670,0.167149678
2671,-0.559681416
2672,-0.257718027
2673,0.481730521
2674,0.445928574
2675,0.632195413
2676,0.223574519
2677,0.176166743
2678,-0.672111273
2679,0.132879376
2680,0.689223886
2681,0.045552805
2682,-0.459500849
2683,-0.060480207
2684,-0.424282491
2685,0.206475109
2686,-0.509430766
2687,-0.462331951
2688,-0.2389476
2689,0.724951744
2690,-0.042955622
2691,0.014764227
2692,0.121942207
2693,-0.629990935
2694,-0.628576875
2695,-0.079924464
2696,0.546658874
2697,0.18986617
2698,-0.524309754
2699,0.502687752
2700,0.371848464
2701,0.569055796
2702,-0.00962685
2703,0.155454397
2704,-0.453723907
2705,0.349935681
2706,-0.55088532
2707,0.745004833
2708,0.618391156
2709,0.189233989
2710,-0.634527504
2711,-0.251561761
2712,0.188480645
2713,-0.159340873
2714,-0.167137295
2715,0.498570621
2716,0.608843505
2717,0.317576647
2718,-0.469147116
2719,-0.376275063
2720,0.23696959
2721,0.48542732
2722,-0.2258977
2723,0.660309553
2724,0.704449058
2725,0.450810015
2726,0.605065703
2727,-0.508923352
2728,0.245980397
2729,0.526353359
2730,0.20821628
2731,0.305501521
2732,0.698825479
2733,0.289925992
2734,-0.346275449
2735,0.554687262
2736,-0.023537312
2737,0.3927297
2738,0.444587111
2739,-0.812687278
2740,0.490963697
2741,-0.135358825
2742,-0.54657501
2743,-0.551692486
2744,-0.529252887
2745,-0.626309574
2746,-0.30375874
2747,-0.675096273
2748,-0.646908045
2749,0.092209913
2750,0.357423961
2751,-0.293907821
2752,0.633413672
2753,0.460625708
2754,-0.117680207
2755,-0.731485546
2756,-0.499979794
2757,-0.366932511
2758,0.582447827
2759,0.396560907
2760,0.145229459
2761,0.072837368
2762,0.764409661
2763,-0.541685581
2764,-0.599950612
2765,-0.297232151
2766,-0.360745251
2767,0.41257453
2768,0.347099245
2769,0.558665395
2770,0.666138232
2771,-0.469789088
2772,-0.300220668
2773,-0.799117208
2774,-0.450319767
2775,0.331882417
2776,-0.190283895
2777,0.395327449
2778,-0.30352816
2779,-0.489123851
2780,0.099142365
2781,-0.381806135
2782,-0.58412683
2783,-0.242935047
2784,0.063283183
2785,0.570496678
2786,-0.303803146
2787,-0.525479734
2788,0.274722576
2789,-0.46509558
2790,-0.653905749
2791,0.216107801
2792,-0.281748593
2793,-0.462616682
2794,0.205590874
2795,-0.043429881
2796,-0.414719492
2797,-0.252342701
2798,0.355806321
2799,0.47022742
2800,0.295567155
2801,-0.301665366
2802,0.179485783
2803,-0.482134372
2804,-0.362236977
2805,-0.692015767
2806,-0.289010525
2807,-0.786197066
2808,-0.558255434
2809,-0.667857528
2810,-0.618592262
2811,-0.316823483
2812,0.36509943
2813,0.169929788
2814,0.53817606
2815,-0.101889111
2816,-0.518773735
2817,-0.506600142
2818,0.395053297
2819,-0.029279238
2820,0.286018133
2821,0.541863024
2822,0.222192675
2823,0.644827008
2824,-0.596283317
2825,0.330988079
2826,-0.574375987
2827,-0.172851786
2828,0.554480731
2829,0.521879256
2830,0.220348462
2831,0.14180018
2832,0.166560337
2833,0.412427098
2834,-0.566102147
2835,-0.600556135
2836,-0.748995543
2837,-0.451126903
2838,-0.222212374
2839,-0.374768615
2840,0.209798545
2841,-0.403461397
2842,0.619437933
2843,-0.074237064
2844,0.474453628
2845,-0.71684134
2846,-0.143419385
2847,-0.667067528
2848,-0.308712095
2849,-0.219610602
2850,0.571587801
2851,0.685784578
2852,0.46581015
2853,0.368383944
2854,0.553135633
2855,0.101666011
2856,-0.680722952
2857,-0.260845542
2858,-0.390886724
2859,-0.614669681
2860,-0.205864891
2861,-0.284382254
2862,-0.479676932
2863,0.42896381
2864,0.140000984
2865,0.232182756
2866,-0.37004137
2867,0.09139885
2868,0.305316955
2869,0.439738244
2870,0.423333645
2871,-0.784303427
2872,-0.542153358
2873,-0.568245947
2874,-0.620210946
2875,0.205072671
2876,0.505172074
2877,0.182029575
2878,0.570304394
2879,0.350747705
2880,0.428155988
2881,0.157045379
2882,-0.034819156
2883,-0.484318882
2884,0.069035098
2885,-0.587793589
2886,-0.300325453
2887,0.007830374
2888,0.457879186
2889,0.62475729
2890,0.563767195
2891,0.408237457
2892,0.280570805
2893,0.305428505
2894,0.742510855
2895,-0.458378047
2896,-0.428581953
2897,0.544264853
2898,0.001508727
2899,0.283176452
2900,0.612120867
2901,-0.108281545
2902,0.075673088
2903,0.080288477
2904,-0.515643239
2905,0.521243632
2906,-0.349095643
2907,-0.580037296
2908,0.49848333
2909,-0.466394365
2910,-0.543803811
2911,-0.457050711
2912,0.343803823
2913,-0.524821818
2914,-0.463160992
2915,-0.393837035
2916,-0.558623433
2917,-0.565323472
2918,-0.793669701
2919,0.032619201
2920,-0.471022248
2921,0.622026622
2922,0.697276533
2923,0.303851426
2924,-0.342694342
2925,0.713530421
2926,-0.011134218
2927,0.285910547
2928,0.4706797
2929,-0.110355943
2930,0.046853445
2931,0.043909479
2932,0.283994853
2933,0.058762293
2934,0.603613496
2935,-0.346937209
2936,0.306594789
2937,0.403458953
2938,-0.015002759
2939,-0.075942941
2940,-0.361012131
2941,0.433265388
2942,-0.166432023
2943,0.184305832
2944,-0.518238425
2945,-0.139568388
2946,0.650749862
2947,0.490535349
2948,-0.397389352
2949,-0.567295015
2950,-0.239847049
2951,-0.503204346
2952,0.402406633
2953,0.489140153
2954,0.393355131
2955,0.147598565
2956,0.669491291
2957,-0.212139547
2958,0.595006108
2959,0.453734785
2960,-0.54822582
2961,-0.289501309
2962,0.759235859
2963,0.470268637
2964,0.459138811
2965,0.435515195
2966,0.008030888
2967,-0.002075166
2968,0.171980783
2969,-0.547027469
2970,0.140773416
2971,0.525882423
2972,-0.78658545
2973,0.387059718
2974,-0.531728029
2975,-0.608640909
2976,-0.528178334
2977,-0.416591227
2978,0.744040251
2979,0.177457422
2980,0.234322608
2981,0.169074148
2982,0.247851774
2983,0.519801617
2984,0.609122276
2985,0.165240675
2986,-0.294740349
2987,-0.50935483
2988,0.121543325
2989,-0.489099562
2990,-0.590145707
2991,-0.48293066
2992,0.202610463
2993,0.26333335
2994,-0.236641854
2995,-0.384508193
2996,-0.576507866
2997,-0.50880307
2998,0.396838486
2999,0.428380251
3000,-0.609275341
3001,-0.102211803
3002,0.359916866
3003,0.250133365
3004,0.573683679
3005,-0.497865021
3006,-0.411506742
3007,-0.531635046
3008,0.565818071
3009,0.567023277
3010,-0.138101071
3011,0.662495375
3012,-0.048409723
3013,0.369558662
3014,0.542227745
3015,-0.613185525
3016,-0.303408772
3017,-0.209588379
3018,-0.520747066
3019,-0.705054998
3020,-0.794888258
3021,-0.565137684
3022,-0.202098712
3023,-0.373670876
3024,0.29597646
3025,0.339458466
3026,-0.346548617
3027,-0.685246408
3028,-0.49855271
3029,-0.555538297
3030,0.63712275
3031,-0.384263337
3032,0.179673433
3033,0.469240129
3034,-0.061646588
3035,0.556640625
3036,0.468155682
3037,-0.559053063
3038,-0.390314698
3039,-0.60522747
3040,0.031813588
3041,0.401662737
3042,-0.250427663
3043,0.021961167
3044,0.054598674
3045,0.348508477
3046,-0.58597815
3047,-0.67891258
3048,0.048261244
3049,-0.330983162
3050,0.524402201
3051,-0.350124598
3052,0.596009254
3053,0.596798837
3054,0.343097329
3055,0.230951309
3056,0.112936929
3057,0.376095861
3058,-0.359173656
3059,0.213353947
3060,0.305743694
3061,-0.349772632
3062,-0.344791561
3063,-0.658459246
3064,0.397837341
3065,-0.192037895
3066,0.526964128
3067,0.576075137
3068,-0.560036659
3069,-0.569990754
3070,-0.174865738
3071,0.631282091
3072,0.600538075
3073,0.427478522
3074,-0.641219616
3075,0.470939279
3076,0.707845151
3077,-0.407891691
3078,0.286261499
3079,0.375069082
3080,0.379991591
3081,0.417112708
3082,-0.583997488
3083,-0.263223112
3084,0.220061094
3085,-0.419977993
3086,-0.39148134
3087,0.481150597
3088,0.053216465
3089,0.137958407
3090,0.107705466
3091,0.511686146
3092,-0.394767642
3093,-0.24667272
3094,-0.104911841
3095,0.412868559
3096,0.084695205
3097,0.364785433
3098,0.177872598
3099,-0.465437949
3100,0.409856737
3101,0.462118328
3102,0.00528726
3103,-0.37429142
3104,-0.378889263
3105,-0.59882617
3106,-0.36645472
3107,0.596762657
3108,0.03635066
3109,0.531841397
3110,-0.45359236
3111,-0.476985812
3112,0.416910887
3113,0.437382996
3114,0.515821457
3115,-0.665675402
3116,-0.584991932
3117,-0.340525031
3118,-0.514882207
3119,0.410409153
3120,0.408648998
3121,-0.639864922
3122,0.741649747
3123,-0.410156965
3124,-0.069284886
3125,-0.611077845
3126,0.123197585
3127,-0.230871409
3128,-0.255702883
3129,0.018585723
3130,-0.650482297
3131,-0.110886961
3132,-0.616652727
3133,-0.647238493
3134,-0.408709943
3135,-0.36749652
3136,-0.383184612
3137,0.605380177
3138,-0.327956498
3139,-0.581783533
3140,-0.538683295
3141,-0.354604423
3142,0.019922633
3143,0.240439355
3144,0.226601154
3145,0.140942141
3146,0.132112175
3147,0.091805801
3148,-0.326118767
3149,-0.540365875
3150,-0.439556122
3151,-0.354422361
3152,-0.627432108
3153,-0.58095026
3154,-0.677106142
3155,0.646163464
3156,0.059041031
3157,0.267174304
3158,-0.653975248
3159,-0.404015094
3160,-0.445863664
3161,-0.462399125
3162,0.350031137
3163,-0.596654296
3164,-0.426881522
3165,-0.239548236
3166,-0.079554453
3167,-0.565761089
3168,-0.251374811
3169,-0.631009579
3170,0.295035571
3171,0.442262501
3172,0.509403527
3173,0.264188141
3174,0.514930427
3175,0.496746421
3176,0.138947874
3177,-0.399149835
3178,0.240406126
3179,0.671484828
3180,0.506791234
3181,0.030440776
3182,-0.09099713
3183,0.667344987
3184,-0.542997837
3185,-0.482392013
3186,-0.685746908
3187,0.291398674
3188,-0.265416026
3189,-0.485901475
3190,-0.303491592
3191,-0.481466293
3192,-0.513470531
3193,-0.524067283
3194,-0.227528021
3195,0.684557438
3196,-0.039716318
3197,0.396638691
3198,0.252963781
3199,0.058773797
3200,0.322525889
3201,0.249290377
3202,-0.527639151
3203,0.480508745
3204,0.548445463
3205,0.189421326
3206,0.653300285
3207,-0.719304383
3208,-0.46501267
3209,-0.563373148
3210,-0.652362168
3211,-0.469083965
3212,-0.517006516
3213,-0.40286839
3214,0.016134046
3215,0.302112043
3216,-0.364636898
3217,-0.604488492
3218,-0.216216847
3219,-0.282019258
3220,-0.608366072
3221,0.165357769
3222,0.664718568
3223,0.399447262
3224,0.667180896
3225,0.221977234
3226,0.614309549
3227,0.338100731
3228,0.518873513
3229,-0.241038412
3230,0.541098297
3231,0.63152945
3232,-0.199822038
3233,0.55941844
3234,-0.116773374
3235,-0.291059554
3236,-0.553039193
3237,-0.59944278
3238,0.523428798
3239,-0.719840407
3240,-0.035137985
3241,-0.367179394
3242,0.165701553
3243,0.188542277
3244,0.707626939
3245,-0.048235975
3246,0.099824831
3247,-0.111998543
3248,-0.082677536
3249,0.579463363
3250,-0.331082553
3251,0.451955855
3252,0.646523058
3253,0.673036933
3254,-0.374264836
3255,-0.720814228
3256,-0.015775517
3257,-0.411981076
3258,0.574236155
3259,-0.521053612
3260,-0.542875767
3261,0.390615612
3262,0.517676294
3263,-0.595795274
3264,0.097693488
3265,0.012375537
3266,-0.587509751
3267,0.396711111
3268,0.114211611
3269,0.596235693
3270,-0.691798449
3271,-0.231881529
3272,0.374623865
3273,0.096892662
3274,-0.548389494
3275,0.02038575
3276,0.733292699
3277,-0.480429947
3278,0.504746854
3279,0.33300671
3280,-0.661702454
3281,0.720906794
3282,0.432185173
3283,-0.376093328
3284,0.166788131
3285,-0.762087047
3286,-0.624679565
3287,-0.602865338
3288,0.704640746
3289,0.570718646
3290,-0.756512165
3291,-0.67350626
3292,0.05641583
3293,-0.311778128
3294,-0.436010182
3295,-0.582751155
3296,-0.626458645
3297,0.72990793
3298,0.338294476
3299,0.565598249
3300,0.487286717
3301,0.49255687
3302,0.483279794
3303,-0.311248124
3304,-0.388814121
3305,0.025924254
3306,-0.70251298
3307,0.374801397
3308,-0.382692337
3309,-0.193595856
3310,0.011561036
3311,-0.551958561
3312,-0.381429762
3313,-0.381611228
3314,-0.372224003
3315,-0.559654593
3316,0.225495785
3317,0.250711828
3318,-0.51105386
3319,-0.5540061
3320,0.485170424
3321,0.140025765
3322,-0.596617699
3323,0.470873952
3324,0.387633502
3325,-0.26351881
3326,0.58087635
3327,0.4973827
3328,0.633844197
3329,0.437136531
3330,-0.599479556
3331,0.271001548
3332,0.551125169
3333,0.382060587
3334,-0.439694345
3335,-0.583937824
3336,-0.443409801
3337,-0.34976241
3338,-0.253904998
3339,0.201031432
3340,0.23849003
3341,-0.359300971
3342,-0.572944045
3343,-0.270962268
3344,-0.367690086
3345,-0.340179265
3346,-0.382933468
3347,-0.281990707
3348,0.151859999
3349,-0.597350955
3350,-0.096802197
3351,0.623042345
3352,0.025593072
3353,0.303835124
3354,0.417726576
3355,-0.603520811
3356,-0.537282765
3357,-0.665416896
3358,0.50847435
3359,-0.526686788
3360,-0.778299212
3361,-0.359455466
3362,0.429118574
3363,-0.243625075
3364,-0.260577261
3365,-0.091266945
3366,-0.427420735
3367,-0.081699044
3368,0.054476634
3369,-0.685906589
3370,0.655545831
3371,0.380744189
3372,0.531107306
3373,-0.119328476
3374,-0.397757232
3375,0.32732439
3376,-0.607602239
3377,0.465424061
3378,0.404635012
3379,-0.485505849
3380,-0.597348034
3381,-0.21794948
3382,-0.528124928
3383,0.724503458
3384,0.62227124
3385,0.599998236
3386,-0.44834587
3387,-0.442022204
3388,-0.31975159
3389,0.131883085
3390,0.562609434
3391,0.723558187
3392,0.754942179
3393,0.337716401
3394,0.57349956
3395,0.570064545
3396,-0.323257476
3397,0.41946137
3398,-0.151189029
3399,-0.729157448
3400,0.310717583
3401,0.659247518
3402,0.40433231
3403,0.113498241
3404,-0.263546467
3405,0.470742226
3406,0.52985549
3407,-0.162715629
3408,0.583009481
3409,0.317388684
3410,0.178291142
3411,-0.540314674
3412,-0.376799166
3413,-0.720667064
3414,-0.600266457
3415,-0.105966926
3416,0.269773573
3417,-0.269220769
3418,-0.404625773
3419,0.402755499
3420,-0.129836857
3421,-0.127720609
3422,-0.079891026
3423,0.34190619
3424,0.399387717
3425,0.630425394
3426,-0.474348843
3427,0.309829205
3428,0.359084249
3429,0.369968027
3430,0.373855948
3431,-0.330664754
3432,-0.310260892
3433,0.659960508
3434,0.248017803
3435,0.572623849
3436,-0.419747055
3437,-0.787165642
3438,0.242002904
3439,0.390366018
3440,-0.310846031
3441,-0.096555173
3442,0.628164172
3443,0.776523471
3444,0.081900679
3445,-0.651561797
3446,0.485807419
3447,-0.33769238
3448,-0.69462806
3449,-0.469890088
3450,-0.506112278
3451,-0.530051172
3452,-0.251838177
3453,-0.719566226
3454,-0.36289674
3455,0.57526201
3456,0.476433575
3457,-0.548083186
3458,-0.492689222
3459,-0.484308779
3460,-0.308456391
3461,-0.414196342
3462,-0.073115289
3463,-0.353160381
3464,0.264071226
3465,0.722311854
3466,-0.590473771
3467,-0.573440909
3468,-0.075408973
3469,0.049523871
3470,0.100832969
3471,0.525382221
3472,0.330950677
3473,0.651491284
3474,0.034887239
3475,0.163856134
3476,0.43960306
3477,-0.470013052
3478,-0.521314383
3479,-0.023782697
3480,-0.036345437
3481,-0.644452572
3482,0.182330817
3483,0.537075758
3484,0.72088027
3485,-0.779930949
3486,-0.466049045
3487,-0.306219906
3488,0.624925852
3489,-0.654351771
3490,-0.419095725
3491,-0.393284321
3492,-0.434560984
3493,-0.175762177
3494,0.471885443
3495,0.015131183
3496,0.090271607
3497,-0.118802644
3498,0.035995003
3499,0.356674522
3500,-0.608748376
3501,-0.078640826
3502,-0.429422915
3503,-0.617947102
3504,0.443997979
3505,0.457205892
3506,0.524046302
3507,0.573471487
3508,0.078372121
3509,0.088328533
3510,0.461287171
3511,-0.615195751
3512,-0.399821281
3513,0.032254644
3514,-0.446472675
3515,-0.643068731
3516,-0.40253824
3517,-0.480129123
3518,-0.6346246
3519,-0.74834758
3520,0.236757055
3521,-0.26541999
3522,-0.746470213
3523,-0.527713418
3524,-0.308490008
3525,0.039150223
3526,0.64882791
3527,-0.226459891
3528,-0.500835299
3529,-0.12724328
3530,0.513024867
3531,0.340038538
3532,0.240335032
3533,0.671581924
3534,0.269014627
3535,0.469702095
3536,0.300453871
3537,0.438990086
3538,0.309675366
3539,0.098249942
3540,0.491330683
3541,0.527909517
3542,-0.005456265
3543,-0.26851356
3544,-0.635993958
3545,-0.450186312
3546,0.461293697
3547,-0.579640269
3548,-0.409094691
3549,-0.449005425
3550,0.631174803
3551,0.341822386
3552,0.240643516
3553,0.502931058
3554,0.552985728
3555,0.473081797
3556,0.702398479
3557,0.592856228
3558,0.456669211
3559,-0.477291226
3560,0.446168005
3561,0.696847141
3562,-0.203377843
3563,0.598900378
3564,0.353680968
3565,0.361075103
3566,-0.36813283
3567,-0.436513722
3568,0.003310867
3569,0.384031117
3570,0.173542827
3571,0.579811931
3572,0.365721285
3573,0.758753181
3574,-0.24821119
3575,0.391982466
3576,0.363420576
3577,-0.58649081
3578,-0.11332614
3579,-0.729999781
3580,0.123465747
3581,-0.420432925
3582,-0.779573321
3583,-0.58877629
3584,-0.325657189
3585,-0.664913297
3586,0.257110238
3587,-0.334319055
3588,-0.200260118
3589,0.165612832
3590,-0.582951307
3591,0.546101987
3592,-0.231847808
3593,0.272892296
3594,-0.324861944
3595,-0.24167344
3596,-0.318915069
3597,0.37716648
3598,0.622965991
3599,0.471003443
3600,0.337475717
3601,-0.667887926
3602,-0.246072873
3603,0.334849775
3604,0.409184396
3605,0.640014648
3606,0.420696676
3607,0.518086791
3608,0.405846417
3609,-0.503220379
3610,-0.174086869
3611,-0.217807949
3612,0.717888832
3613,0.686064363
3614,0.726708055
3615,0.612072229
3616,-0.588152647
3617,-0.422300696
3618,-0.47036013
3619,0.321668088
3620,0.496926665
3621,0.73619163
3622,0.31151855
3623,0.710531533
3624,-0.214116514
3625,-0.436166734
3626,-0.67647171
3627,-0.158415407
3628,-0.354975402
3629,0.744073331
3630,0.368013233
3631,0.031901687
3632,-0.353115618
3633,0.429958999
3634,0.66200465
3635,0.718346477
3636,0.660634995
3637,-0.002203196
3638,-0.440626264
3639,0.298841417
3640,-0.077263594
3641,-0.291358292
3642,-0.435431153
3643,0.275258422
3644,-0.66710788
3645,0.58893007
3646,0.091201283
3647,0.561326861
3648,-0.426238
3649,-0.579123795
3650,-0.394878268
3651,-0.567987084
3652,-0.252617657
3653,-0.273880363
3654,-0.558450639
3655,-0.456340402
3656,-0.506869555
3657,0.421083391
3658,0.385281324
3659,0.649270892
3660,0.593211293
3661,0.525475979
3662,0.291433901
3663,-0.561505497
3664,-0.558946848
3665,-0.553815067
3666,-0.329141855
3667,0.362828135
3668,-0.25345549
3669,0.419167936
3670,-0.081743322
3671,-0.226522878
3672,-0.251586854
3673,-0.587044358
3674,0.368010193
3675,0.478869796
3676,0.193162233
3677,0.334827662
3678,0.463975877
3679,0.265733182
3680,0.217396557
3681,0.038892262
3682,0.45264098
3683,0.222841114
3684,-0.424615949
3685,0.25570482
3686,-0.586310029
3687,-0.466669947
3688,-0.034747384
3689,-0.371017367
3690,-0.637940586
3691,0.094601601
3692,0.285536587
3693,0.50820142
3694,0.659695983
3695,0.496754169
3696,0.748639107
3697,0.529175758
3698,0.370126754
3699,0.293764651
3700,-0.627087653
3701,-0.302786976
3702,-0.460698634
3703,-0.570209384
3704,-0.23320213
3705,0.625078201
3706,-0.123834826
3707,0.234726936
3708,0.228872359
3709,0.605864882
3710,0.582264066
3711,-0.269981921
3712,-0.246997684
3713,-0.067141861
3714,-0.4280186
3715,0.643419802
3716,-0.584568441
3717,-0.676801324
3718,-0.350049496
3719,-0.384470165
3720,0.389921248
3721,0.565316796
3722,0.634440958
3723,0.795770645
3724,0.373697013
3725,-0.418338537
3726,0.291490227
3727,-0.65651232
3728,-0.39770174
3729,-0.485893875
3730,-0.232871115
3731,0.429144382
3732,0.787576139
3733,0.009447124
3734,-0.215431526
3735,-0.513489842
3736,0.568075418
3737,0.315969944
3738,-0.276441544
3739,0.709625721
3740,-0.544747412
3741,-0.547365427
3742,-0.15199706
3743,-0.322101414
3744,0.029508721
3745,0.371129423
3746,0.669466972
3747,0.484108537
3748,-0.215298563
3749,0.527061343
3750,0.691106796
3751,0.132639289
3752,0.050271936
3753,
3754,
3755,0.581904531
3756,-0.270156622
3757,0.456085861
3758,0.533591628
3759,0.10225641
3760,0.105298713
3761,0.311670065
3762,0.685344338
3763,-0.428132236
3764,-0.550415277
3765,-0.113405272
3766,0.468933761
3767,0.523365796
3768,0.538648725
3769,-0.573098779
3770,-0.300796837
3771,0.511819363
3772,-0.384117931
3773,-0.363068104
3774,-0.327083886
3775,-0.09561535
3776,-0.697299004
3777,-0.596326709
3778,-0.40158844
3779,-0.196165055
3780,-0.157317102
3781,-0.50289166
3782,0.243980944
3783,-0.548393369
3784,-0.550568402
3785,0.291636646
3786,0.357147038
3787,0.280022621
3788,0.705212355
3789,0.616558909
3790,-0.100740872
3791,0.147440732
3792,0.350118995
3793,-0.232656211
3794,-0.347681612
3795,-0.074237928
3796,-0.373809189
3797,-0.556098342
3798,-0.250299007
3799,-0.491676867
3800,0.619639993
3801,-0.152212545
3802,-0.539222121
3803,-0.377568245
3804,0.464237601
3805,0.696266174
3806,0.02936177
3807,0.151775241
3808,-0.229981482
3809,-0.643486738
3810,-0.172470331
3811,-0.201186106
3812,0.702845395
3813,0.335827917
3814,-0.238664359
3815,0.178509027
3816,0.602696478
3817,0.62085712
3818,-0.618636668
3819,-0.562417626
3820,-0.464665025
3821,0.0878326
3822,0.053252548
3823,-0.576666594
3824,-0.524983585
3825,0.176475614
3826,0.702863336
3827,0.590272427
3828,0.725071907
3829,0.006662235
3830,-0.331832498
3831,0.298406661
3832,-0.524212778
3833,0.627926886
3834,0.658668697
3835,-0.487978578
3836,-0.28733179
3837,-0.605873227
3838,-0.384304821
3839,-0.657092571
3840,-0.297485858
3841,-0.498376429
3842,-0.474907398
3843,-0.162344545
3844,0.546995938
3845,0.325205028
3846,-0.237367064
3847,0.054900374
3848,0.298457026
3849,0.504767835
3850,-0.454036415
3851,-0.37905544
3852,-0.492482483
3853,-0.591587663
3854,-0.672492385
3855,-0.532135904
3856,-0.443620086
3857,-0.332241267
3858,0.172312379
3859,-0.296111315
3860,0.338470578
3861,0.205746934
3862,-0.534824133
3863,-0.077709429
3864,0.418568313
3865,0.223316744
3866,-0.290794432
3867,-0.563923657
3868,-0.768039346
3869,-0.083415747
3870,0.595457852
3871,0.30040884
3872,-0.488762885
3873,0.37158072
3874,-0.36141184
3875,-0.526179314
3876,-0.760646522
3877,0.534532666
3878,-0.469525635
3879,0.149768218
3880,0.116354674
3881,0.389865577
3882,-0.684716105
3883,-0.506073833
3884,-0.456107914
3885,0.356325686
3886,0.340024352
3887,-0.104291849
3888,-0.648461699
3889,-0.7127406
3890,0.587317944
3891,-0.588094234
3892,-0.270317942
3893,0.600844026
3894,0.324178874
3895,-0.180515647
3896,-0.627063572
3897,0.020855412
3898,-0.109973133
3899,-0.651855111
3900,-0.439319968
3901,0.698223114
3902,-0.448714137
3903,0.041735362
3904,0.119475827
3905,-0.491724491
3906,-0.485586941
3907,-0.358450621
3908,-0.141041338
3909,0.314257562
3910,0.708762884
3911,0.083191738
3912,-0.442678034
3913,0.491162598
3914,-0.277612865
3915,0.148732737
3916,0.427817315
3917,0.036902979
3918,0.119215593
3919,0.628307939
3920,0.054962717
3921,0.490330696
3922,0.227486297
3923,-0.616883039
3924,-0.405372024
3925,-0.622939408
3926,-0.54189986
3927,-0.472477138
3928,-0.308342248
3929,-0.43622002
3930,0.17220813
3931,0.042871401
3932,0.043873623
3933,-0.307083935
3934,-0.314983785
3935,0.022920016
3936,0.18351993
3937,-0.012619965
3938,0.120619588
3939,0.334857583
3940,0.036495201
3941,0.631604731
3942,-0.397292316
3943,-0.727146626
3944,-0.349798024
3945,-0.075158656
3946,0.246454388
3947,-0.160511851
3948,-0.248003393
3949,-0.466490507
3950,-0.461296856
3951,-0.016603837
3952,-0.405812621
3953,-0.41459471
3954,-0.35347271
3955,0.373919398
3956,-0.460513413
3957,-0.557782173
3958,0.566106319
3959,0.518921375
3960,0.507575572
3961,0.227042928
3962,0.120320238
3963,-0.476077408
3964,-0.317545056
3965,0.34113729
3966,-0.286226779
3967,-0.618235588
3968,-0.008629544
3969,-0.215235442
3970,0.386915177
3971,0.192114815
3972,0.091318533
3973,-0.288299114
3974,-0.121492021
3975,-0.336852789
3976,0.192480043
3977,0.307970494
3978,0.164045438
3979,0.318679988
3980,-0.719391346
3981,-0.668482423
3982,-0.429348826
3983,0.348905236
3984,0.577200532
3985,-0.630284429
3986,-0.155240983
3987,-0.234552801
3988,-0.499490499
3989,-0.475800097
3990,-0.55695641
3991,-0.163877159
3992,-0.459959298
3993,0.722110391
3994,-0.493430942
3995,-0.10771966
3996,-0.596460283
3997,-0.320281893
3998,0.391998142
3999,0.044951148
4000,0.210646123
4001,-0.695787311
4002,0.415271103
4003,0.254754692
4004,0.660592437
4005,-0.595843792
4006,-0.123861298
4007,0.478380293
4008,0.105952039
4009,0.302922308
4010,0.567046881
4011,0.086990878
4012,0.325423598
4013,0.572975874
4014,0.156721696
4015,-0.424034327
4016,-0.040150542
4017,0.56891799
4018,-0.150127232
4019,-0.710826218
4020,-0.673219323
4021,-0.632381618
4022,-0.137956262
4023,0.11102201
4024,-0.575871825
4025,0.302286863
4026,-0.3017658
4027,0.097031519
4028,0.424172968
4029,-0.37038219
4030,0.561344385
4031,0.194908664
4032,0.293235481
4033,-0.382190764
4034,-0.43311286
4035,0.12150117
4036,-0.525958657
4037,-0.667715192
4038,-0.516888738
4039,0.373467922
4040,0.317806274
4041,0.53036356
4042,-0.425103247
4043,-0.249738574
4044,0.398443609
4045,0.396506935
4046,0.05629614
4047,0.220161274
4048,0.498539627
4049,-0.543248832
4050,0.56088537
4051,0.298762828
4052,0.038798355
4053,-0.051700648
4054,-0.764835835
4055,-0.37702468
4056,0.661333263
4057,0.379305959
4058,0.524465203
4059,0.550759971
4060,0.24244836
4061,-0.51886797
4062,0.112984225
4063,-0.269696534
4064,-0.665789366
4065,-0.353796601
4066,-0.238622159
4067,-0.037548363
4068,-0.441318154
4069,-0.445725262
4070,0.343631506
4071,-0.467053115
4072,-0.249020949
4073,-0.687277317
4074,-0.421872854
4075,-0.17493549
4076,-0.568377614
4077,-0.211860135
4078,-0.284707427
4079,-0.3627249
4080,-0.288528532
4081,0.325814366
4082,-0.391040325
4083,0.00522124
4084,0.353893995
4085,-0.014145337
4086,0.551137149
4087,-0.421860427
4088,-0.577154636
4089,-0.562527597
4090,-0.448109269
4091,0.644164801
4092,-0.277487576
4093,0.625554204
4094,-0.089972384
4095,-0.53086108
4096,0.622159541
4097,0.410673261
4098,0.166398466
4099,-0.563325405
4100,-0.15169695
4101,0.549493074
4102,0.376865238
4103,-0.379840225
4104,-0.500205219
4105,-0.27008611
4106,-0.40717113
4107,0.327029407
4108,0.402239025
4109,0.258085161
4110,0.332923412
4111,-0.048965469
4112,-0.106438294
4113,0.015851848
4114,-0.584273994
4115,-0.358966768
4116,-0.544130862
4117,-0.006300595
4118,-0.491482764
4119,0.419329673
4120,0.682244599
4121,-0.304043829
4122,-0.14227879
4123,-0.166368514
4124,-0.248419017
4125,0.427920491
4126,0.50759697
4127,0.44555226
4128,0.248232901
4129,0.592497945
4130,0.311434448
4131,-0.093528055
4132,-0.570022941
4133,-0.504305005
4134,0.568618417
4135,0.237206355
4136,-0.598246455
4137,0.33287394
4138,0.631929278
4139,0.522759736
4140,0.361860216
4141,0.742456317
4142,0.617151499
4143,-0.320034057
4144,0.554285049
4145,-0.355378062
4146,-0.555438817
4147,-0.45175159
4148,-0.492070973
4149,-0.040705934
4150,-0.377715647
4151,0.228517428
4152,0.610090911
4153,0.588716507
4154,0.476626396
4155,0.391210407
4156,-0.215130463
4157,-0.584026575
4158,-0.240980864
4159,-0.622864246
4160,-0.234955579
4161,0.345994055
4162,0.510345459
4163,-0.008466177
4164,0.50114274
4165,0.515510917
4166,0.593928456
4167,-0.428620487
4168,-0.306540012
4169,-0.597658277
4170,0.592262208
4171,-0.281298876
4172,0.537513494
4173,-0.427284032
4174,0.612987161
4175,0.160016954
4176,-0.455713332
4177,0.649714053
4178,0.244262189
4179,0.247209936
4180,-0.577756703
4181,-0.738929868
4182,0.111822523
4183,-0.333071411
4184,-0.279734313
4185,-0.281489551
4186,-0.104755774
4187,-0.53016448
4188,-0.546916723
4189,-0.522090793
4190,0.101095743
4191,0.286523342
4192,0.087486297
4193,-0.531027555
4194,0.533947825
4195,-0.245824814
4196,-0.60970515
4197,-0.390313059
4198,-0.411617339
4199,-0.511717439
4200,0.427380145
4201,-0.138936713
4202,-0.104299709
4203,-0.208106115
4204,0.629829526
4205,0.73284328
4206,0.450538695
4207,0.650317192
4208,-0.65495646
4209,-0.29156971
4210,-0.415672958
4211,-0.442038655
4212,0.339170814
4213,-0.377200902
4214,-0.143500954
4215,-0.630844593
4216,0.592325211
4217,0.307954073
4218,0.500124276
4219,0.742358327
4220,-0.149294481
4221,0.09071137
4222,-0.509613574
4223,-0.30971241
4224,-0.588765264
4225,-0.479447663
4226,0.212005794
4227,-0.62757206
4228,-0.538792014
4229,-0.39574784
4230,-0.56478107
4231,-0.572411478
4232,-0.468257666
4233,-0.536482811
4234,-0.419619083
4235,-0.70535624
4236,0.176643521
4237,-0.733768582
4238,-0.742977619
4239,-0.264682889
4240,0.3071208
4241,0.19188714
4242,0.252898395
4243,-0.340069443
4244,-0.35899359
4245,0.431409091
4246,0.064566515
4247,-0.248806864
4248,0.448688388
4249,-0.168524146
4250,-0.601267338
4251,0.297968507
4252,-0.433781177
4253,-0.491461456
4254,0.300694138
4255,0.730874538
4256,0.660003722
4257,0.160657451
4258,0.696817398
4259,0.539866924
4260,0.406454861
4261,-0.127200991
4262,0.406382442
4263,0.00515113
4264,0.01610538
4265,0.526233315
4266,0.386034966
4267,0.156125039
4268,0.335959166
4269,0.538329303
4270,-0.52664268
4271,-0.663214564
4272,0.163441628
4273,-0.056282893
4274,-0.020261556
4275,0.542235374
4276,0.239936501
4277,0.475365758
4278,-0.493119061
4279,-0.365559757
4280,0.012202129
4281,0.326582074
4282,0.336356431
4283,0.115263693
4284,0.498946577
4285,0.527628005
4286,0.442810833
4287,0.416413724
4288,-0.639939308
4289,-0.443310708
4290,-0.403281838
4291,-0.559576988
4292,0.068697229
4293,-0.531710863
4294,-0.401901066
4295,-0.623669505
4296,-0.274928004
4297,-0.631027341
4298,-0.357346892
4299,-0.557105541
4300,-0.67818284
4301,-0.040991042
4302,0.492349356
4303,0.467163324
4304,-0.473424017
4305,-0.585461497
4306,-0.351050675
4307,-0.175544322
4308,0.43766436
4309,0.373979807
4310,0.562317431
4311,-0.262098104
4312,0.226826191
4313,0.089411147
4314,0.40946269
4315,0.444657236
4316,0.442886055
4317,-0.116402432
4318,0.469834924
4319,0.410966814
4320,0.217315882
4321,0.500273526
4322,0.43536669
4323,0.086643949
4324,0.519712508
4325,0.383389026
4326,0.465180457
4327,0.587044239
4328,-0.218919754
4329,-0.494097322
4330,-0.640067339
4331,-0.435850918
4332,0.232186466
4333,0.229657948
4334,-0.500285447
4335,-0.010719173
4336,0.047266871
4337,-0.534086645
4338,-0.68479228
4339,-0.635558605
4340,-0.12997441
4341,-0.304784685
4342,-0.288354516
4343,-0.136145666
4344,0.555422783
4345,-0.393955052
4346,0.065151826
4347,0.175099701
4348,-0.274487793
4349,0.123498566
4350,0.476917148
4351,0.379608482
4352,0.336319268
4353,-0.050675713
4354,-0.087324798
4355,0.135562867
4356,0.299474388
4357,-0.406741381
4358,-0.215592369
4359,-0.490917802
4360,-0.217332527
4361,-0.349376231
4362,-0.105317317
4363,0.454316407
4364,0.581671476
4365,0.106611781
4366,-0.468250096
4367,0.107236996
4368,-0.231643096
4369,0.244801566
4370,0.638874114
4371,0.313734174
4372,-0.367741734
4373,-0.526789904
4374,0.440130532
4375,0.483670503
4376,0.592494071
4377,-0.514842033
4378,-0.009275984
4379,0.556172013
4380,0.608721256
4381,-0.659346581
4382,-0.235189453
4383,-0.679827988
4384,-0.629896462
4385,-0.22973223
4386,-0.682386756
4387,-0.421058804
4388,-0.56778717
4389,-0.623942137
4390,-0.759889483
4391,-0.458300948
4392,-0.510517478
4393,-0.434703261
4394,-0.425321847
4395,-0.433594048
4396,-0.384951174
4397,0.418217599
4398,0.044856235
4399,0.090580359
4400,-0.610810399
4401,-0.124021858
4402,-0.49084568
4403,-0.331429541
4404,-0.543688416
4405,-0.725569606
4406,-0.138088226
4407,-0.190200895
4408,-0.620394886
4409,-0.29183647
4410,0.05248471
4411,0.019413956
4412,0.25206995
4413,-0.498164862
4414,0.250646353
4415,0.433984399
4416,-0.641067863
4417,0.303460538
4418,-0.50055635
4419,-0.67880249
4420,-0.094132364
4421,-0.598322213
4422,0.434896111
4423,0.383979112
4424,-0.355407208
4425,-0.39838475
4426,-0.449367642
4427,0.281203985
4428,0.328449845
4429,-0.353431761
4430,-0.328918397
4431,0.031061962
4432,0.184907213
4433,0.354424268
4434,0.465748847
4435,0.457363844
4436,0.161028892
4437,-0.196546301
4438,-0.55799526
4439,-0.525216937
4440,-0.464143395
4441,-0.660314441
4442,-0.467474699
4443,-0.67789346
4444,-0.459628493
4445,-0.553543925
4446,0.035126075
4447,0.102341756
4448,0.361318588
4449,0.188540041
4450,-0.195918351
4451,0.1304885
4452,0.537597418
4453,-0.346898079
4454,0.445119113
4455,0.432355523
4456,0.199126422
4457,0.482577533
4458,0.549585223
4459,0.587204456
4460,0.213729262
4461,-0.611011744
4462,-0.281304061
4463,-0.617536306
4464,0.118459068
4465,0.56710732
4466,-0.227366254
4467,0.040581219
4468,-0.619309604
4469,-0.1326406
4470,0.413058519
4471,-0.403135359
4472,-0.311251938
4473,-0.546382606
4474,0.368183136
4475,0.212602779
4476,-0.302937746
4477,-0.527614176
4478,-0.484159142
4479,0.409407556
4480,-0.005694574
4481,-0.538433909
4482,0.689585805
4483,0.566827893
4484,0.407589674
4485,0.346922606
4486,-0.159474522
4487,-0.551328301
4488,-0.440044463
4489,0.595019937
4490,0.254856467
4491,0.213068932
4492,0.078028858
4493,-0.631076336
4494,0.146996379
4495,0.256455213
4496,0.493504941
4497,0.321647823
4498,0.412959218
4499,0.476908028
4500,0.590566039
4501,0.1611747
4502,0.610688806
4503,-0.325676113
4504,-0.171096355
4505,-0.050102189
4506,-0.66393435
4507,-0.391376257
4508,-0.266064972
4509,0.206509501
4510,-0.686736822
4511,-0.45392713
4512,-0.121912397
4513,-0.137574613
4514,0.355615318
4515,-0.558063924
4516,0.07402657
4517,0.630919755
4518,-0.603444159
4519,0.572193384
4520,0.552500367
4521,0.350579381
4522,0.33164984
4523,0.498921871
4524,0.407226443
4525,0.375089586
4526,0.111559942
4527,-0.573201954
4528,-0.512625217
4529,0.138829112
4530,-0.09981472
4531,-0.408118844
4532,0.351601839
4533,0.008656621
4534,-0.366031736
4535,-0.532085419
4536,0.038616024
4537,-0.515004277
4538,0.594175458
4539,-0.280471921
4540,-0.48403728
4541,-0.624823332
4542,-0.172057062
4543,0.20440641
4544,0.328734398
4545,0.574039996
4546,-0.529898226
4547,0.015181664
4548,-0.029669799
4549,-0.689902902
4550,0.300892323
4551,-0.381515115
4552,0.02811037
4553,-0.18578437
4554,0.338387668
4555,0.510854959
4556,0.547832131
4557,-0.580498457
4558,-0.702336907
4559,-0.193937525
4560,-0.164811477
4561,-0.105005741
4562,-0.399570644
4563,-0.535622001
4564,0.575132489
4565,0.154790327
4566,0.377562582
4567,0.338577449
4568,0.650615156
4569,-0.147001356
4570,0.133971348
4571,-0.473997235
4572,-0.024638299
4573,-0.697212875
4574,0.569612801
4575,-0.564108312
4576,-0.441481113
4577,-0.202315837
4578,0.346463293
4579,-0.485698253
4580,-0.631803691
4581,0.008911114
4582,0.044985775
4583,0.135999203
4584,-0.486809611
4585,-0.43862927
4586,-0.430704027
4587,-0.320251167
4588,-0.111549206
4589,0.128118604
4590,-0.037230171
4591,-0.636438966
4592,-0.5865888
4593,0.624933124
4594,0.648083448
4595,0.565494418
4596,-0.333430886
4597,0.139920264
4598,0.439631104
4599,0.105046704
4600,-0.28666243
4601,-0.462471604
4602,-0.031133447
4603,0.380386502
4604,0.483747423
4605,-0.173212886
4606,0.464203656
4607,-0.426478148
4608,-0.689407349
4609,-0.550897121
4610,-0.438367367
4611,-0.532041192
4612,-0.246571913
4613,-0.712620139
4614,-0.496153742
4615,0.398872793
4616,0.547584295
4617,-0.609292626
4618,0.453482777
4619,-0.253740519
4620,-0.574092805
4621,-0.393932581
4622,-0.114907473
4623,-0.535353005
4624,0.473235935
4625,-0.45767647
4626,-0.620250821
4627,-0.490751624
4628,0.427845418
4629,0.010059673
4630,-0.091105983
4631,-0.467688411
4632,0.528238833
4633,0.569696188
4634,0.284888923
4635,0.659233749
4636,-0.58769834
4637,-0.38058424
4638,0.014262334
4639,0.277751535
4640,0.452667415
4641,0.427963823
4642,-0.508394063
4643,-0.513205171
4644,-0.165240735
4645,0.579385161
4646,0.359098673
4647,-0.467772812
4648,0.231442258
4649,0.366284162
4650,-0.197940618
4651,-0.106523141
4652,-0.289015412
4653,-0.003443561
4654,-0.306169868
4655,-0.418395758
4656,0.021899953
4657,-0.713251889
4658,0.055728637
4659,-0.463142753
4660,-0.312062621
4661,0.604065955
4662,0.402836561
4663,0.477685392
4664,-0.485954046
4665,-0.396115243
4666,-0.332576275
4667,0.541190982
4668,0.285028547
4669,0.337458491
4670,0.369027436
4671,0.51732105
4672,0.435238332
4673,0.059318654
4674,0.336548567
4675,-0.002493776
4676,-0.116281644
4677,-0.337226987
4678,-0.506261706
4679,0.368191957
4680,-0.628305018
4681,0.1284343
4682,-0.063853167
4683,0.281309932
4684,0.277822733
4685,0.266172528
4686,-0.581360042
4687,-0.215487957
4688,-0.310819149
4689,-0.582741857
4690,-0.457532406
4691,-0.482352704
4692,-0.467772156
4693,-0.384388119
4694,0.239260182
4695,0.514984727
4696,0.191682562
4697,0.504586577
4698,0.538766623
4699,0.419504702
4700,0.052574046
4701,0.521281123
4702,0.164883509
4703,0.341671467
4704,0.38250795
4705,-0.478820533
4706,0.349455744
4707,0.476915091
4708,-0.187757522
4709,-0.424353063
4710,-0.290500879
4711,0.514405549
4712,0.524130821
4713,-0.66561836
4714,-0.321842134
4715,-0.233357877
4716,-0.518972993
4717,-0.548499346
4718,-0.331240058
4719,0.029845297
4720,0.160246313
4721,-0.57534492
4722,0.474542677
4723,-0.421877354
4724,-0.573341489
4725,0.507022381
4726,0.510731816
4727,0.397583336
4728,-0.520757794
4729,-0.408128411
4730,-0.427176714
4731,-0.154955387
4732,-0.630003035
4733,-0.601286888
4734,-0.62799716
4735,-0.509077191
4736,-0.43545866
4737,-0.198595822
4738,0.420630544
4739,0.222339734
4740,-0.216110885
4741,0.566625357
4742,0.163036332
4743,-0.156559318
4744,-0.287878692
4745,0.472184598
4746,0.535860658
4747,0.196587592
4748,0.691077352
4749,-0.008915577
4750,-0.520667791
4751,-0.356068403
4752,-0.379778564
4753,0.442258537
4754,0.263516694
4755,-0.353853106
4756,0.707506955
4757,-0.293778241
4758,-0.29482165
4759,-0.725574076
4760,0.663715005
4761,0.542008162
4762,0.480419725
4763,-0.04392793
4764,0.139030606
4765,0.045842618
4766,0.2818892
4767,0.60585773
4768,0.114151329
4769,-0.230670229
4770,0.260103524
4771,0.526143134
4772,0.043374281
4773,0.243124932
4774,-0.202931762
4775,-0.606967032
4776,0.44450596
4777,-0.46408239
4778,0.058590729
4779,0.336970836
4780,0.669263363
4781,0.289647937
4782,0.492697567
4783,-0.680994868
4784,-0.521606028
4785,-0.412619174
4786,-0.612724423
4787,0.69237709
4788,0.440316886
4789,0.021158908
4790,-0.577610493
4791,-0.197604373
4792,-0.702906728
4793,0.162773713
4794,0.378465712
4795,-0.331221938
4796,0.448871613
4797,-0.59513092
4798,0.391051441
4799,0.200005114
4800,0.369907856
4801,-0.705277443
4802,0.276345372
4803,-0.33191967
4804,-0.160211056
4805,-0.144072235
4806,0.357540488
4807,0.561837077
4808,-0.54641515
4809,-0.578465819
4810,0.25510025
4811,-0.062313966
4812,-0.361946225
4813,-0.481119871
4814,-0.504507363
4815,-0.554111362
4816,-0.277015746
4817,-0.376773864
4818,-0.509880662
4819,-0.245298296
4820,0.41364485
4821,-0.215600282
4822,-0.40883407
4823,0.449319273
4824,0.634173274
4825,-0.352788746
4826,0.308181316
4827,0.591484368
4828,0.381838202
4829,0.453141361
4830,-0.118826084
4831,0.50465095
4832,0.600643277
4833,0.607434213
4834,-0.37828061
4835,-0.490401387
4836,0.144405916
4837,-0.307425201
4838,-0.133747295
4839,-0.509679735
4840,-0.399870813
4841,-0.074192241
4842,-0.0527611
4843,-0.216100723
4844,-0.389497399
4845,0.485436678
4846,0.504508138
4847,0.1923154
4848,0.415938288
4849,0.535997987
4850,0.269333839
4851,-0.606672406
4852,-0.318445325
4853,0.463686049
4854,0.132908732
4855,-0.063397996
4856,0.171517804
4857,-0.364401937
4858,0.049838122
4859,0.647271633
4860,0.214082748
4861,-0.582115054
4862,0.48979634
4863,0.035222519
4864,0.48465836
4865,0.029665023
4866,-0.259493679
4867,-0.478253245
4868,-0.612956762
4869,-0.203237325
4870,-0.675147891
4871,0.292518646
4872,0.471219242
4873,0.400628746
4874,0.483097494
4875,0.364815354
4876,-0.010813722
4877,0.491429299
4878,-0.160868227
4879,-0.121193513
4880,-0.511316717
4881,0.050873913
4882,0.354354382
4883,-0.413560033
4884,0.491806984
4885,0.545510828
4886,0.476332694
4887,0.290138066
4888,0.057636306
4889,0.437300682
4890,0.138966382
4891,-0.568593144
4892,-0.156247824
4893,-0.250534117
4894,-0.424722373
4895,-0.197092563
4896,-0.177817345
4897,-0.519164681
4898,0.086847298
4899,0.462414801
4900,-0.237441033
4901,-0.366029739
4902,-0.240118772
4903,-0.618959725
4904,-0.627500474
4905,-0.33747685
4906,0.188469321
4907,-0.663682342
4908,0.306370854
4909,-0.042318411
4910,-0.599732757
4911,-0.545281649
4912,-0.397149593
4913,-0.50474757
4914,-0.653091788
4915,-0.538051069
4916,0.468186319
4917,-0.491254151
4918,-0.506254315
4919,0.345622241
4920,-0.209409714
4921,0.177682251
4922,0.436948329
4923,-0.573766887
4924,0.62471813
4925,0.108639523
4926,0.012982175
4927,0.485464513
4928,-0.525918126
4929,-0.438723475
4930,0.611692667
4931,-0.582734346
4932,0.24169445
4933,-0.475573778
4934,-0.336325169
4935,0.404637516
4936,-0.430795431
4937,-0.582917452
4938,-0.360972285
4939,0.038458563
4940,-0.115801677
4941,0.270782322
4942,0.5677737
4943,-0.050695691
4944,0.423420399
4945,0.516771913
4946,0.323902369
4947,-0.263801813
4948,-0.119866453
4949,0.367678761
4950,-0.525000215
4951,-0.625840068
4952,-0.338678956
4953,-0.270830959
4954,-0.66544795
4955,0.169210017
4956,-0.365381658
4957,-0.464860171
4958,-0.062375769
4959,-0.030923046
4960,0.230501533
4961,-0.680980802
4962,-0.40248692
4963,-0.157856002
4964,-0.351840317
4965,-0.26184231
4966,-0.45975697
4967,0.450253367
4968,-0.053185478
4969,-0.135396883
4970,-0.466326863
4971,-0.539942265
4972,0.58939594
4973,-0.534209788
4974,-0.372230828
4975,-0.580043495
4976,0.193623662
4977,0.742385328
4978,0.672753572
4979,0.661835313
4980,0.46758461
4981,0.563722014
4982,0.491604239
4983,-0.172008246
4984,-0.548584819
4985,-0.692795753
4986,-0.092344478
4987,-0.207696274
4988,-0.436382651
4989,-0.120108306
4990,-0.312455833
4991,0.607803702
4992,-0.179223806
4993,0.38872838
4994,-0.583269179
4995,-0.537201583
4996,-0.126101941
4997,0.55248934
4998,0.106340505
4999,-0.45103097
5000,0.535701931
5001,0.206399873
5002,-0.075419605
5003,-0.060938291
5004,-0.332850099
5005,
5006,
5007,-0.090175822
5008,-0.238996997
5009,-0.486637175
5010,0.614619255
5011,0.566022456
5012,-0.342882782
5013,-0.355621696
5014,0.035116471
5015,-0.251092136
5016,-0.134445518
5017,0.178214923
5018,0.522167265
5019,-0.298639417
5020,0.246482998
5021,-0.391878873
5022,-0.45986563
5023,0.087433122
5024,-0.661832094
5025,-0.616519451
5026,-0.340603054
5027,-0.318178594
5028,-0.261679024
5029,0.025490906
5030,-0.005919933
5031,0.445957005
5032,-0.30363974
5033,0.317519009
5034,-0.006757215
5035,-0.443933129
5036,-0.612537026
5037,-0.36072892
5038,0.171493798
5039,0.459004164
5040,0.136395007
5041,0.277483672
5042,-0.250708193
5043,-0.232557729
5044,-0.388320208
5045,-0.390066534
5046,-0.708410263
5047,-0.582977176
5048,-0.361851722
5049,0.311004281
5050,0.017390229
5051,0.362010509
5052,-0.426721841
5053,-0.555237114
5054,-0.446219236
5055,-0.61936152
5056,-0.54169035
5057,0.11542239
5058,0.308838189
5059,0.46029368
5060,0.280585587
5061,0.585443974
5062,-0.402077973
5063,-0.560812473
5064,0.474795878
5065,0.240258664
5066,-0.094793394
5067,0.390421629
5068,0.284629852
5069,-0.513709545
5070,-0.308092594
5071,-0.35968107
5072,0.083757326
5073,-0.537553668
5074,0.152946502
5075,-0.661136985
5076,0.383470684
5077,0.002357077
5078,0.534134388
5079,0.529880643
5080,0.142414182
5081,0.480994999
5082,-0.338015646
5083,-0.597599983
5084,-0.400093704
5085,-0.456167489
5086,-0.247623548
5087,-0.013654802
5088,-0.546190143
5089,-0.668889523
5090,0.374995679
5091,0.325900823
5092,-0.141963303
5093,0.19350554
5094,0.205997646
5095,-0.565716863
5096,0.37481764
5097,-0.395185709
5098,0.527337909
5099,0.535471976
5100,-0.341677666
5101,0.059996799
5102,-0.537173152
5103,-0.508975148
5104,-0.090195261
5105,-0.121893637
5106,0.482966423
5107,0.621462226
5108,-0.222099677
5109,0.628010035
5110,-0.43508333
5111,0.438735068
5112,0.377719998
5113,-0.080492862
5114,0.253732949
5115,0.028523639
5116,0.09949708
5117,0.578174651
5118,-0.355437964
5119,0.619996309
5120,0.498259753
5121,0.42520985
5122,0.073428079
5123,0.479718804
5124,-0.398378551
5125,0.209043607
5126,0.35003975
5127,-0.071469694
5128,0.324703157
5129,-0.110258967
5130,-0.585115433
5131,-0.60286808
5132,-0.582515776
5133,-0.219212338
5134,-0.486395478
5135,-0.382053733
5136,0.081371441
5137,0.594995797
5138,0.405857146
5139,-0.590963006
5140,-0.403052688
5141,-0.729105115
5142,-0.056097735
5143,0.646910191
5144,0.135050237
5145,0.522817314
5146,-0.62200284
5147,-0.45603922
5148,-0.692575932
5149,-0.56295085
5150,-0.287715107
5151,0.553311646
5152,0.364033222
5153,0.146004215
5154,-0.47930333
5155,0.027675096
5156,0.546489358
5157,0.689089656
5158,0.301126957
5159,0.504230142
5160,0.249820814
5161,-0.304196358
5162,0.460092425
5163,0.04501012
5164,0.427582264
5165,0.306192279
5166,-0.075858042
5167,0.295167506
5168,0.049269278
5169,-0.521789432
5170,-0.247504115
5171,0.640375555
5172,-0.52649051
5173,0.621331215
5174,0.280684024
5175,-0.678809881
5176,-0.600584388
5177,-0.138319194
5178,0.246535733
5179,-0.507002771
5180,-0.360516667
5181,-0.339751303
5182,0.367511004
5183,0.41396454
5184,0.100149833
5185,0.209651783
5186,-0.396623939
5187,-0.479165196
5188,-0.546256304
5189,0.335216045
5190,-0.486347347
5191,-0.294196784
5192,0.478016794
5193,-0.382841647
5194,-0.550969362
5195,-0.130881473
5196,0.252374321
5197,-0.382803589
5198,-0.424157202
5199,-0.472395241
5200,-0.482680827
5201,-0.326135635
5202,0.721600831
5203,0.59552753
5204,0.204612434
5205,-0.739023626
5206,-0.485405743
5207,-0.382457554
5208,-0.390866548
5209,-0.678495824
5210,-0.223120213
5211,-0.542029798
5212,-0.692739367
5213,-0.159301519
5214,-0.36910069
5215,-0.204336643
5216,0.435225725
5217,0.476973057
5218,0.605587721
5219,0.395939559
5220,0.164978266
5221,-0.092229024
5222,0.196791172
5223,0.547269702
5224,-0.246007875
5225,-0.397827893
5226,0.196573332
5227,0.230108649
5228,0.474367797
5229,-0.227257222
5230,-0.610554695
5231,0.487612009
5232,-0.519740939
5233,-0.50454843
5234,-0.609790146
5235,0.212096438
5236,-0.536545694
5237,-0.044970647
5238,-0.482780397
5239,-0.073039442
5240,0.290256172
5241,-0.435175598
5242,-0.394073099
5243,0.132332504
5244,0.525193632
5245,0.445828885
5246,-0.679683328
5247,-0.369361818
5248,-0.512794018
5249,0.030081678
5250,0.105432279
5251,0.442605853
5252,0.722215891
5253,0.529785275
5254,-0.176195771
5255,-0.641786456
5256,-0.557476819
5257,0.331787616
5258,-0.315158844
5259,-0.390423983
5260,-0.014576219
5261,-0.505848944
5262,-0.63984406
5263,0.41193825
5264,0.448888212
5265,-0.267955393
5266,-0.064704299
5267,-0.295046091
5268,0.500329375
5269,-0.125635639
5270,-0.593673289
5271,-0.375841141
5272,0.035547845
5273,0.630389333
5274,0.634494781
5275,-0.075976081
5276,-0.370904177
5277,0.428340971
5278,-0.235240132
5279,-0.536555171
5280,-0.623731971
5281,0.519442677
5282,-0.300286293
5283,-0.201200366
5284,-0.02001489
5285,0.310926855
5286,0.547641873
5287,0.338238001
5288,-0.100346684
5289,-0.239077851
5290,0.246449783
5291,-0.445660383
5292,-0.043046534
5293,0.479081452
5294,0.676249087
5295,0.045602094
5296,-0.591998398
5297,-0.505384564
5298,0.234867185
5299,-0.140713066
5300,0.241819263
5301,0.50181818
5302,-0.6313622
5303,0.27315557
5304,0.52756989
5305,-0.533294737
5306,0.577134013
5307,-0.461305618
5308,-0.166451335
5309,-0.434854865
5310,-0.701689243
5311,-0.479563713
5312,-0.048830543
5313,0.516181111
5314,-0.275775611
5315,0.43119216
5316,-0.325676501
5317,-0.622888923
5318,-0.665800452
5319,-0.163595051
5320,0.6263147
5321,-0.519458055
5322,0.133823767
5323,-0.629459143
5324,0.414151311
5325,0.596146345
5326,0.002882563
5327,0.052284218
5328,0.085995376
5329,-0.017231338
5330,0.483054787
5331,-0.529750824
5332,0.246481523
5333,0.256012976
5334,0.178721428
5335,0.235482275
5336,0.524852633
5337,0.491388142
5338,-0.434345275
5339,-0.260297656
5340,-0.623496115
5341,-0.253014445
5342,-0.113976568
5343,-0.468741953
5344,-0.485109508
5345,0.275621355
5346,-0.554894507
5347,-0.106667444
5348,0.456597745
5349,-0.489552498
5350,0.390532196
5351,-0.229401261
5352,0.173874795
5353,-0.42174387
5354,0.514644802
5355,0.564017534
5356,-0.432131648
5357,0.414044738
5358,-0.623556376
5359,-0.058181476
5360,-0.530960202
5361,-0.327479005
5362,-0.230134755
5363,0.496216714
5364,0.119520932
5365,-0.387835026
5366,0.365402639
5367,-0.524285555
5368,-0.393685281
5369,-0.255517721
5370,0.07832396
5371,-0.533717155
5372,-0.495252222
5373,-0.219078943
5374,0.478936702
5375,0.159681663
5376,-0.455485672
5377,0.510874867
5378,-0.286381185
5379,-0.530468166
5380,-0.450707853
5381,0.17358765
5382,-0.67973274
5383,0.483231783
5384,-0.112930901
5385,0.295075417
5386,0.529207706
5387,-0.628631115
5388,0.004883124
5389,0.540337682
5390,0.170975506
5391,-0.197631836
5392,-0.213265181
5393,-0.23628135
5394,0.549932837
5395,-0.535016119
5396,-0.565916419
5397,-0.3393282
5398,-0.774376571
5399,0.488814473
5400,0.411179125
5401,0.246334061
5402,-0.323381126
5403,0.127473742
5404,0.225897521
5405,-0.270239234
5406,-0.537281156
5407,0.136570573
5408,0.419127643
5409,0.417856872
5410,-0.137702227
5411,0.678230882
5412,0.47187081
5413,0.651889443
5414,-0.388141036
5415,0.306797266
5416,-0.662609696
5417,-0.512606144
5418,-0.308371544
5419,-0.231444597
5420,0.225700229
5421,0.355987996
5422,0.166874528
5423,0.098118991
5424,-0.444164187
5425,-0.023206159
5426,0.223096192
5427,0.137118518
5428,-0.364191294
5429,-0.371854872
5430,-0.635885
5431,-0.161737919
5432,-0.101193517
5433,0.007089313
5434,0.45561868
5435,0.338074178
5436,0.381211042
5437,0.482015491
5438,-0.263218969
5439,0.235403106
5440,0.449073732
5441,0.399240136
5442,-0.663764358
5443,-0.329101384
5444,0.075760052
5445,0.528039873
5446,0.620432556
5447,0.506365716
5448,0.448229373
5449,0.528350949
5450,0.205811918
5451,-0.254185021
5452,-0.457298458
5453,-0.324385703
5454,-0.461382926
5455,-0.418308735
5456,-0.315965742
5457,-0.083498329
5458,0.212759182
5459,-0.186091959
5460,-0.571401477
5461,-0.303276658
5462,-0.438709289
5463,0.119503096
5464,-0.587847948
5465,-0.694472909
5466,0.345629781
5467,-0.557043552
5468,-0.459622562
5469,-0.581226945
5470,-0.216124833
5471,0.454969198
5472,0.332122833
5473,-0.322039127
5474,-0.281993479
5475,0.6184991
5476,-0.253999293
5477,-0.580910444
5478,-0.520697832
5479,-0.372286022
5480,-0.561637521
5481,0.045040693
5482,0.46635589
5483,0.312307149
5484,-0.182170272
5485,-0.675314069
5486,-0.579503953
5487,-0.10350509
5488,-0.083717436
5489,0.513181686
5490,0.467533886
5491,-0.50981915
5492,0.37881577
5493,0.317597002
5494,0.358745843
5495,0.459983647
5496,-0.553007066
5497,-0.11993967
5498,0.416818023
5499,0.537046134
5500,0.296216637
5501,0.316591799
5502,0.522922873
5503,-0.584250927
5504,-0.366457343
5505,-0.050061505
5506,-0.184442163
5507,-0.307115853
5508,-0.455351472
5509,-0.670740962
5510,0.206591725
5511,0.211678669
5512,0.060205415
5513,-0.404245943
5514,-0.56864661
5515,-0.559528828
5516,0.374332458
5517,0.253635436
5518,-0.126133993
5519,-0.257502139
5520,-0.406836122
5521,0.316926003
5522,-0.134580359
5523,0.458172381
5524,0.419655085
5525,0.424477577
5526,0.337927669
5527,0.595582604
5528,0.259933561
5529,0.656449139
5530,0.580168903
5531,0.49245435
5532,-0.443010747
5533,-0.676513374
5534,-0.309297144
5535,-0.365919858
5536,0.026460633
5537,0.042248886
5538,-0.585541248
5539,0.141816735
5540,-0.527907729
5541,-0.360690475
5542,-0.323472977
5543,-0.536061704
5544,0.082203835
5545,0.067329891
5546,-0.210751072
5547,0.351598501
5548,0.240758181
5549,-0.134708792
5550,-0.322376579
5551,0.354599357
5552,-0.064566262
5553,0.386602759
5554,0.52072674
5555,0.18134822
5556,-0.276562631
5557,0.381500334
5558,-0.344935268
5559,0.469996661
5560,0.052368134
5561,0.542877436
5562,-0.398076564
5563,-0.390384465
5564,0.39100498
5565,-0.112831585
5566,-0.494536847
5567,-0.124500901
5568,-0.393881679
5569,-0.382541806
5570,-0.071706191
5571,-0.431875288
5572,0.53591013
5573,-0.416626483
5574,-0.538149536
5575,0.479428828
5576,-0.42711848
5577,-0.344617695
5578,0.209889844
5579,-0.236918569
5580,-0.630823016
5581,-0.670539021
5582,-0.079649925
5583,-0.179672986
5584,0.565244436
5585,0.539535105
5586,0.501343548
5587,0.211304277
5588,0.487886131
5589,0.612470627
5590,0.231390312
5591,0.652201235
5592,-0.460644692
5593,0.177344799
5594,-0.472351909
5595,0.436119556
5596,0.04491695
5597,-0.291840643
5598,0.643081069
5599,-0.677364588
5600,-0.430446565
5601,0.405642658
5602,-0.181409672
5603,-0.615389466
5604,-0.267037034
5605,-0.071834162
5606,-0.417134076
5607,0.267946661
5608,-0.479704201
5609,-0.398296624
5610,-0.343503833
5611,-0.502274692
5612,-0.512102485
5613,-0.029524703
5614,-0.148787364
5615,-0.545179248
5616,0.320153058
5617,0.142554671
5618,0.030974537
5619,-0.478417635
5620,0.305581897
5621,0.244652212
5622,-0.050732028
5623,-0.462561995
5624,-0.430420607
5625,-0.407826066
5626,-0.466035157
5627,-0.231243774
5628,0.542430758
5629,0.23421523
5630,0.389496863
5631,0.616738558
5632,0.53276813
5633,-0.404699802
5634,-0.536854148
5635,-0.000333207
5636,-0.348927855
5637,0.552767158
5638,0.448770553
5639,0.556026876
5640,-0.572873712
5641,-0.493009984
5642,-0.561530828
5643,-0.410784692
5644,0.139557347
5645,0.482419789
5646,-0.453469276
5647,-0.639548898
5648,-0.426338494
5649,-0.71536094
5650,0.094596252
5651,0.108454049
5652,-0.607343197
5653,-0.326027751
5654,0.369211912
5655,0.41691643
5656,0.37053597
5657,0.050606359
5658,0.374451578
5659,-0.558424115
5660,-0.587364912
5661,0.444846213
5662,0.128740549
5663,-0.372392714
5664,0.235569149
5665,-0.083981387
5666,-0.383788168
5667,0.175478429
5668,0.300086349
5669,-0.072560787
5670,0.122412093
5671,0.299382329
5672,0.198804498
5673,-0.219893128
5674,-0.183756843
5675,-0.580695271
5676,-0.105787419
5677,0.094054788
5678,-0.430397034
5679,-0.267509341
5680,0.258946836
5681,-0.094689682
5682,-0.341415286
5683,0.469155908
5684,0.520619869
5685,0.121017352
5686,0.576163173
5687,0.532418549
5688,0.408173978
5689,-0.615487039
5690,-0.424577594
5691,0.062406193
5692,0.58503449
5693,-0.344686538
5694,-0.025731448
5695,0.635442138
5696,0.647357106
5697,0.399375737
5698,0.527757347
5699,0.727504849
5700,0.229496226
5701,0.567472458
5702,0.05557242
5703,-0.014831781
5704,-0.413360149
5705,-0.564337254
5706,0.48576057
5707,-0.30935666
5708,0.547445655
5709,0.531662703
5710,-0.463459432
5711,-0.246757179
5712,0.321835756
5713,-0.113786817
5714,0.254881322
5715,-0.403788298
5716,-0.510427952
5717,0.087552644
5718,-0.522766948
5719,0.248208135
5720,0.468357742
5721,0.552915215
5722,0.122181632
5723,0.467152029
5724,-0.634003401
5725,0.24532409
5726,-0.179659694
5727,-0.384409189
5728,-0.603493392
5729,0.530043066
5730,0.479563296
5731,-0.248125017
5732,0.572072387
5733,0.04258367
5734,0.36816898
5735,0.348702401
5736,0.50399971
5737,-0.521520376
5738,-0.060378123
5739,-0.710143685
5740,-0.434647679
5741,-0.350756913
5742,-0.416150212
5743,-0.607209027
5744,0.166555256
5745,0.567049325
5746,-0.068530761
5747,-0.499063432
5748,0.422842681
5749,0.327931702
5750,-0.620478511
5751,0.62125057
5752,0.044241138
5753,-0.456787705
5754,-0.481033981
5755,-0.521070659
5756,0.100536451
5757,0.367658466
5758,0.55269593
5759,-0.620019555
5760,-0.556848586
5761,-0.563038707
5762,-0.492607474
5763,-0.521474957
5764,0.348208666
5765,0.040342852
5766,-0.459845185
5767,-0.290447593
5768,0.297969699
5769,0.201839551
5770,0.29030025
5771,-0.561994314
5772,0.485441208
5773,0.381117463
5774,-0.358827978
5775,-0.112048171
5776,0.282696784
5777,0.223603487
5778,-0.230528086
5779,0.65039593
5780,-0.517001808
5781,-0.126101166
5782,-0.499887824
5783,0.249221489
5784,-0.272539228
5785,-0.206257403
5786,0.62345922
5787,-0.513994694
5788,-0.5573107
5789,0.390121996
5790,-0.198140949
5791,-0.472830772
5792,0.187003464
5793,-0.554761589
5794,-0.239443079
5795,0.467165828
5796,0.562008262
5797,-0.297870845
5798,0.613160253
5799,0.432248116
5800,-0.61820972
5801,0.18925184
5802,-0.373759151
5803,0.523705721
5804,0.262251377
5805,0.483677894
5806,0.019411534
5807,0.105097964
5808,0.518335462
5809,0.743244648
5810,-0.237430915
5811,0.603406429
5812,-0.424042225
5813,0.297826141
5814,-0.146591023
5815,-0.48450619
5816,-0.338713527
5817,0.584285498
5818,-0.38312012
5819,0.520963967
5820,0.457287014
5821,0.223025218
5822,0.063077934
5823,-0.407801509
5824,-0.49448964
5825,-0.117234431
5826,0.60184288
5827,-0.414458752
5828,0.070615791
5829,-0.781019688
5830,0.189842582
5831,0.325029284
5832,-0.080792733
5833,0.322796285
5834,0.352580845
5835,0.588869929
5836,0.430163831
5837,0.462659955
5838,-0.441575289
5839,-0.44074285
5840,-0.114521712
5841,0.31659022
5842,0.190912381
5843,0.467887729
5844,0.23210296
5845,-0.038144372
5846,-0.054944701
5847,-0.33356154
5848,0.141786277
5849,-0.062142547
5850,0.390400231
5851,0.617440224
5852,0.206470639
5853,0.550136149
5854,0.43059957
5855,0.352334946
5856,0.474886179
5857,0.646990061
5858,0.52991277
5859,0.367984951
5860,-0.367865026
5861,-0.534173608
5862,0.205366224
5863,-0.602379441
5864,0.268246114
5865,0.201191574
5866,-0.347860992
5867,-0.234123215
5868,-0.608826578
5869,-0.159478292
5870,0.441568375
5871,0.512124896
5872,-0.193234637
5873,0.044270217
5874,-0.498436928
5875,-0.567830205
5876,-0.506894767
5877,0.398049265
5878,0.250536799
5879,-0.199873179
5880,0.274721205
5881,0.266718656
5882,-0.504922211
5883,-0.108821735
5884,0.518629432
5885,0.584066212
5886,0.592418432
5887,0.011337399
5888,0.130393445
5889,-0.385169417
5890,-0.304347277
5891,0.238544866
5892,0.308899462
5893,0.133765921
5894,0.458835721
5895,-0.532292843
5896,-0.411802024
5897,-0.400214732
5898,-0.515411496
5899,-0.353156894
5900,0.022163775
5901,-0.399052501
5902,-0.316306204
5903,-0.032566875
5904,-0.499895632
5905,0.018293388
5906,-0.259477407
5907,0.014112473
5908,-0.552198648
5909,-0.3888008
5910,-0.183834776
5911,-0.650985599
5912,-0.451152444
5913,0.148907065
5914,0.129714638
5915,0.105709307
5916,0.52516377
5917,-0.038129717
5918,-0.494847655
5919,-0.327336341
5920,0.685878634
5921,-0.514597178
5922,-0.398335308
5923,-0.658116937
5924,-0.492906213
5925,-0.375048369
5926,0.416424751
5927,-0.269087732
5928,-0.578059077
5929,0.567098141
5930,0.2909832
5931,0.456784189
5932,0.304308653
5933,-0.351944596
5934,0.461680025
5935,-0.51474607
5936,0.032237757
5937,0.556343019
5938,0.569505334
5939,0.491726339
5940,0.029861368
5941,-0.119246595
5942,0.586715221
5943,0.665440559
5944,0.509542942
5945,-0.262711734
5946,-0.403621554
5947,-0.327767134
5948,0.43273741
5949,0.542773902
5950,0.503424168
5951,-0.519530296
5952,-0.454277515
5953,-0.518222928
5954,-0.386565745
5955,-0.183293045
5956,0.536494076
5957,0.582396984
5958,0.505082786
5959,0.496509671
5960,0.223601475
5961,-0.689054728
5962,-0.470524073
5963,-0.389843047
5964,-0.474255264
5965,-0.670808792
5966,0.454298079
5967,0.306948662
5968,-0.770044446
5969,0.198485956
5970,0.31992203
5971,0.527199268
5972,0.609638274
5973,0.340835392
5974,-0.577492774
5975,-0.4058806
5976,0.605867147
5977,-0.473982155
5978,-0.470139116
5979,0.369502485
5980,-0.374434114
5981,-0.244154498
5982,-0.663792253
5983,0.077168852
5984,0.61219573
5985,0.209582865
5986,-0.141069412
5987,0.212604657
5988,0.598203123
5989,0.529579997
5990,0.676232338
5991,0.35294342
5992,0.227590203
5993,-0.271757007
5994,0.563782513
5995,0.236293644
5996,0.104614131
5997,-0.236957759
5998,-0.588644147
5999,0.519543409
6000,-0.187336519
6001,-0.053019088
6002,0.366290033
6003,0.362380087
6004,0.527306497
6005,0.13527827
6006,0.584730029
6007,0.032923482
6008,0.665049195
6009,-0.32115075
6010,-0.243254095
6011,-0.602295041
6012,-0.32474041
6013,-0.428791583
6014,0.493985772
6015,0.205046266
6016,0.108805984
6017,0.177412346
6018,0.074936524
6019,0.386934996
6020,0.604947209
6021,0.294662327
6022,0.346827179
6023,0.465687305
6024,-0.258144021
6025,-0.295510352
6026,-0.174168184
6027,-0.376985043
6028,-0.559103668
6029,-0.205651611
6030,-0.397756606
6031,-0.449173182
6032,-0.308276266
6033,-0.594723701
6034,0.005361598
6035,-0.059512831
6036,0.408064544
6037,0.519954681
6038,0.454221338
6039,0.480614066
6040,0.385116667
6041,-0.08567705
6042,0.521645129
6043,0.478650093
6044,0.393116474
6045,0.46003902
6046,-0.217470646
6047,0.513367295
6048,-0.204758897
6049,-0.037945062
6050,0.625530005
6051,-0.179900676
6052,0.362597644
6053,-0.483251661
6054,-0.581696153
6055,-0.394063711
6056,0.367334187
6057,-0.494502872
6058,0.492456853
6059,0.121429503
6060,-0.156259522
6061,0.191642463
6062,0.490134299
6063,0.386211574
6064,0.436008453
6065,0.545754135
6066,-0.224318773
6067,-0.486928463
6068,-0.329768717
6069,-0.543563247
6070,-0.096751101
6071,0.187936381
6072,-0.357476443
6073,-0.003258191
6074,-0.417723149
6075,-0.095058374
6076,0.525568843
6077,0.535795689
6078,-0.307499111
6079,-0.553471684
6080,0.109898493
6081,-0.339716792
6082,0.608705044
6083,0.578401327
6084,-0.394897193
6085,0.406090677
6086,0.343773365
6087,-0.165489063
6088,0.593366206
6089,0.157944933
6090,0.433056027
6091,0.45215255
6092,0.351121426
6093,0.205864817
6094,0.080458045
6095,0.588457108
6096,0.6502406
6097,0.47649309
6098,0.236241996
6099,0.343344331
6100,0.467597276
6101,0.526883006
6102,-0.42866385
6103,0.1258609
6104,0.46702379
6105,0.06451524
6106,-0.14461565
6107,-0.460890472
6108,-0.511961579
6109,-0.302197099
6110,-0.437825382
6111,0.064473413
6112,0.089855194
6113,0.406978488
6114,0.238820627
6115,0.351615161
6116,0.074629046
6117,0.538141847
6118,0.124312133
6119,0.387578249
6120,0.523538709
6121,-0.557011127
6122,-0.584655702
6123,-0.320260584
6124,0.132565081
6125,-0.047323972
6126,0.139873594
6127,-0.457716495
6128,-0.113088489
6129,-0.153742045
6130,-0.428229123
6131,-0.532373965
6132,-0.202212721
6133,-0.308834136
6134,-0.55646044
6135,0.44039923
6136,0.541612864
6137,0.652035296
6138,0.207614869
6139,0.313202083
6140,0.051878229
6141,-0.592198491
6142,-0.305626035
6143,-0.40047276
6144,0.075678855
6145,-0.289923847
6146,-0.130943477
6147,0.06664069
6148,-0.415902495
6149,-0.401123643
6150,-0.357151955
6151,0.197960958
6152,0.270398259
6153,0.345806688
6154,0.618928313
6155,-0.252410203
6156,-0.399703205
6157,-0.431249022
6158,0.530341029
6159,-0.616739988
6160,-0.540574968
6161,-0.114787698
6162,-0.019160867
6163,-0.321757585
6164,0.472653747
6165,-0.249991938
6166,0.287223011
6167,0.171344236
6168,0.207640782
6169,0.35270822
6170,0.080197126
6171,0.261293173
6172,-0.481412113
6173,0.649819374
6174,-0.273758829
6175,0.030071925
6176,0.395696342
6177,0.158487886
6178,-0.51668036
6179,-0.276583314
6180,0.362400562
6181,0.518073022
6182,0.475298434
6183,0.049672037
6184,0.472478211
6185,-0.597958803
6186,0.076364562
6187,0.016959887
6188,0.528150678
6189,-0.522908986
6190,-0.470284045
6191,0.008782558
6192,0.480159849
6193,0.383150816
6194,-0.297056258
6195,0.097617768
6196,-0.457004726
6197,-0.34548533
6198,-0.414293706
6199,-0.316912055
6200,-0.450111628
6201,-0.283276469
6202,0.478945613
6203,0.203029796
6204,0.420960009
6205,-0.114772737
6206,-0.398567021
6207,0.694978893
6208,0.315821201
6209,0.471545607
6210,0.19195728
6211,0.284049481
6212,0.41769436
6213,0.079987183
6214,0.040371403
6215,-0.183777601
6216,-0.616108179
6217,-0.170789272
6218,-0.412617385
6219,-0.618918836
6220,0.161980346
6221,0.517820299
6222,-0.13595733
6223,0.205621213
6224,-0.408139288
6225,-0.231993213
6226,0.216943592
6227,0.318708658
6228,-0.51046741
6229,-0.457746774
6230,-0.546572387
6231,0.665060878
6232,0.61490196
6233,0.429465681
6234,-0.607570469
6235,-0.173618272
6236,0.106180392
6237,-0.412457705
6238,-0.563596249
6239,-0.295726657
6240,-0.50096339
6241,0.585128307
6242,0.127620772
6243,0.458346754
6244,0.396549165
6245,-0.104813412
6246,-0.165617585
6247,-0.144876748
6248,0.051512651
6249,-0.020887703
6250,-0.339475036
6251,-0.340250552
6252,-0.528974533
6253,0.047260899
6254,0.604137361
6255,0.353337288
6256,
6257,
6258,0.326370656
6259,0.210474715
6260,-0.503958285
6261,0.170867026
6262,-0.53928566
6263,-0.38979876
6264,0.105701737
6265,-0.589745283
6266,-0.40300867
6267,0.093031421
6268,0.030990332
6269,-0.462171495
6270,-0.041399792
6271,-0.710868835
6272,-0.552338421
6273,-0.542391539
6274,-0.015530142
6275,-0.084873609
6276,-0.361399561
6277,-0.615286112
6278,-0.29595983
6279,-0.403619856
6280,-0.399812341
6281,-0.62548399
6282,-0.575084209
6283,-0.318364739
6284,0.237288326
6285,0.578041613
6286,0.52137053
6287,-0.631374538
6288,-0.532743573
6289,-0.501514614
6290,0.749789238
6291,0.13150081
6292,0.106438965
6293,0.442289412
6294,0.569942117
6295,-0.340955555
6296,-0.665525556
6297,-0.498069286
6298,-0.627516866
6299,-0.251506239
6300,-0.59930706
6301,0.48489967
6302,-0.437854379
6303,0.578975558
6304,0.489294767
6305,0.346852064
6306,0.033865608
6307,-0.215450078
6308,0.150193974
6309,0.106113017
6310,-0.572715998
6311,-0.620229185
6312,-0.600462079
6313,-0.4073264
6314,-0.613946915
6315,-0.26695776
6316,-0.378810078
6317,-0.663814008
6318,-0.501442313
6319,-0.182219476
6320,-0.253619373
6321,-0.154208764
6322,-0.050325125
6323,-0.250501126
6324,0.43221572
6325,0.400406718
6326,-0.456678778
6327,-0.317941487
6328,0.580916166
6329,0.632610977
6330,0.370462835
6331,0.538282871
6332,0.423084617
6333,0.222119644
6334,0.511378288
6335,-0.120431468
6336,0.044082813
6337,-0.072953962
6338,0.573142409
6339,0.449249327
6340,0.025293555
6341,0.091504946
6342,-0.428541601
6343,0.4998734
6344,-0.304304361
6345,-0.279461324
6346,-0.460648149
6347,0.546175599
6348,-0.589439988
6349,-0.508607864
6350,-0.503279865
6351,-0.09854234
6352,0.550655782
6353,0.562233388
6354,0.019994063
6355,-0.406801343
6356,-0.433442414
6357,-0.434207737
6358,0.164662614
6359,-0.195327163
6360,0.317582071
6361,-0.292871088
6362,-0.461451143
6363,-0.306224763
6364,0.409161001
6365,0.288665026
6366,0.396790773
6367,0.594944
6368,0.493801355
6369,0.417478174
6370,0.341145009
6371,0.197583318
6372,0.072315902
6373,0.618153453
6374,0.114424191
6375,-0.405502439
6376,-0.56323427
6377,0.101252228
6378,-0.302985728
6379,0.086900562
6380,-0.633284688
6381,0.251239091
6382,0.247465223
6383,-0.568051696
6384,-0.186954886
6385,0.37890172
6386,0.476171225
6387,-0.256803751
6388,0.012070298
6389,0.250087678
6390,0.578799725
6391,0.406083345
6392,0.290222406
6393,-0.380576581
6394,-0.501767874
6395,-0.353847146
6396,0.395455062
6397,-0.606050253
6398,0.394978762
6399,-0.112318896
6400,0.606174469
6401,-0.274033844
6402,0.40303272
6403,0.287413895
6404,0.016016196
6405,0.621357441
6406,0.55093509
6407,0.208408713
6408,0.209957004
6409,-0.411824703
6410,0.174983352
6411,0.042278565
6412,-0.447608292
6413,0.191286758
6414,-0.259975493
6415,0.386243254
6416,-0.189277917
6417,-0.04439811
6418,-0.358698606
6419,-0.551792145
6420,-0.32578367
6421,-0.446318269
6422,0.512174726
6423,0.111696795
6424,-0.395881116
6425,-0.446027368
6426,-0.047296226
6427,0.21612826
6428,0.066676401
6429,0.444075763
6430,-0.406592309
6431,-0.383104026
6432,0.394079566
6433,0.425315022
6434,0.250317067
6435,0.538603544
6436,0.48499316
6437,0.580668092
6438,-0.212662071
6439,-0.29526177
6440,0.482061565
6441,0.100035816
6442,0.348181754
6443,-0.110409796
6444,-0.446579039
6445,0.501393318
6446,-0.498609662
6447,0.051361308
6448,-0.116098203
6449,0.557684481
6450,0.390925556
6451,0.574786305
6452,0.25764364
6453,0.46272856
6454,0.526034832
6455,0.274055004
6456,0.160065129
6457,-0.169501305
6458,0.425925016
6459,0.166003585
6460,-0.445297241
6461,0.414870799
6462,0.545140326
6463,0.290689826
6464,0.090967499
6465,-0.219697744
6466,-0.51888603
6467,0.581230581
6468,-0.594741821
6469,-0.464633912
6470,-0.503739893
6471,-0.307437837
6472,0.263679504
6473,0.498336136
6474,0.660050392
6475,0.051406935
6476,-0.024305481
6477,-0.305675149
6478,0.417709887
6479,0.1943295
6480,0.023846708
6481,-0.519303083
6482,-0.625817299
6483,-0.552929819
6484,0.121708483
6485,0.297449529
6486,0.420240402
6487,0.643826723
6488,0.508134842
6489,0.181193382
6490,-0.446686894
6491,0.100470617
6492,-0.590610027
6493,-0.422204137
6494,-0.659599125
6495,-0.344759822
6496,-0.523609638
6497,-0.131575927
6498,0.401024044
6499,-0.550882697
6500,0.443300605
6501,0.442981005
6502,0.472947478
6503,0.217517942
6504,-0.275721431
6505,-0.574426413
6506,0.424239695
6507,-0.275055766
6508,0.522521138
6509,-0.423859656
6510,0.515737593
6511,0.613684058
6512,-0.599449992
6513,-0.559823394
6514,0.413012266
6515,-0.376575172
6516,-0.082695335
6517,0.214301988
6518,-0.211043984
6519,-0.328043401
6520,-0.052060653
6521,0.537108898
6522,0.289201677
6523,-0.572822452
6524,-0.545497
6525,-0.186071217
6526,0.145672441
6527,-0.172866195
6528,-0.383008748
6529,0.075998291
6530,0.381409347
6531,0.391337305
6532,0.338990271
6533,0.502329111
6534,0.015035968
6535,0.333646536
6536,-0.646830976
6537,-0.181340203
6538,0.572426081
6539,0.578184485
6540,-0.469989538
6541,0.643411994
6542,-0.325329721
6543,-0.636302531
6544,0.285667598
6545,-0.408094227
6546,0.100331619
6547,-0.265102953
6548,0.483350337
6549,0.050474934
6550,-0.271529973
6551,-0.52129221
6552,-0.409430265
6553,0.292889297
6554,-0.273937702
6555,-0.515471876
6556,0.144674525
6557,-0.192489982
6558,-0.37643382
6559,-0.453170717
6560,0.451268613
6561,-0.418743998
6562,0.040995985
6563,0.388243496
6564,-0.248134315
6565,-0.716459751
6566,-0.456170619
6567,-0.511686325
6568,-0.328004539
6569,-0.448934138
6570,-0.382064998
6571,0.597283959
6572,0.388411492
6573,0.605889618
6574,0.745372951
6575,0.198102877
6576,0.413359344
6577,0.447486579
6578,0.274560571
6579,-0.152009919
6580,0.004672304
6581,0.520652413
6582,0.467851043
6583,0.274073422
6584,-0.295047224
6585,-0.096310548
6586,-0.046654813
6587,0.170082718
6588,-0.398320436
6589,0.363577753
6590,0.575897157
6591,-0.400706679
6592,-0.53906703
6593,-0.509804845
6594,-0.403106153
6595,-0.401818424
6596,-0.342821062
6597,0.319007576
6598,-0.583563805
6599,-0.485619187
6600,0.355037987
6601,0.555645704
6602,0.59698534
6603,0.433543295
6604,0.173339367
6605,-0.550013661
6606,-0.535769582
6607,0.541685879
6608,-0.128200382
6609,-0.054860309
6610,0.564373255
6611,0.507275701
6612,0.086541355
6613,-0.553684354
6614,-0.615126014
6615,0.105280802
6616,-0.49600637
6617,0.298103422
6618,0.43446663
6619,0.480664492
6620,0.416527808
6621,-0.624141693
6622,-0.263405204
6623,0.091375813
6624,0.148987204
6625,-0.437943339
6626,-0.422953695
6627,-0.581324458
6628,-0.157906324
6629,0.6363343
6630,0.210987717
6631,-0.31488058
6632,0.569028258
6633,-0.456029892
6634,-0.614291906
6635,0.069642499
6636,-0.109283783
6637,-0.407430947
6638,-0.604450047
6639,0.584614396
6640,0.276590288
6641,0.428887337
6642,0.343014002
6643,-0.6139763
6644,0.1462612
6645,-0.60812974
6646,0.000650451
6647,-0.413217485
6648,-0.49260515
6649,-0.416816115
6650,0.77243197
6651,0.103379712
6652,0.46055603
6653,-0.586490393
6654,-0.510109901
6655,0.224909127
6656,0.633215845
6657,0.105589643
6658,0.008221878
6659,-0.458157301
6660,-0.514268339
6661,0.129594907
6662,0.574450135
6663,0.595096231
6664,0.549043179
6665,0.307123244
6666,-0.549436808
6667,-0.405161798
6668,0.308115691
6669,0.482434988
6670,-0.541900814
6671,0.212034225
6672,-0.595873892
6673,0.021506667
6674,-0.296881437
6675,0.164483696
6676,0.508158922
6677,-0.417593539
6678,0.040118147
6679,0.427628994
6680,0.038129538
6681,0.446805328
6682,-0.418034941
6683,-0.235703051
6684,-0.189304456
6685,-0.528964043
6686,-0.380452752
6687,0.021963708
6688,0.424858004
6689,0.473305643
6690,0.573902607
6691,0.413157284
6692,0.279740959
6693,-0.237314984
6694,-0.114892036
6695,-0.086911768
6696,0.402132571
6697,0.160125881
6698,-0.611061931
6699,-0.199319094
6700,-0.036299184
6701,-0.091896728
6702,0.412612706
6703,-0.740855813
6704,-0.153062433
6705,-0.47700876
6706,0.475213647
6707,0.275740594
6708,0.210302383
6709,-0.183705181
6710,0.498687714
6711,-0.604071617
6712,-0.153809711
6713,-0.124662936
6714,-0.345260769
6715,-0.38471365
6716,-0.45250991
6717,-0.163731039
6718,-0.481348127
6719,-0.604117751
6720,-0.047768902
6721,0.172961339
6722,-0.281264573
6723,0.33076787
6724,-0.462902993
6725,0.637728453
6726,0.421891987
6727,0.528446317
6728,-0.619439244
6729,-0.520605028
6730,-0.049274862
6731,-0.6185534
6732,-0.112162761
6733,0.642570019
6734,-0.264814854
6735,0.290760517
6736,-0.37930283
6737,-0.574723005
6738,-0.579564214
6739,-0.283341885
6740,-0.145484775
6741,0.14705056
6742,-0.437693864
6743,-0.432032943
6744,0.482078075
6745,-0.171994001
6746,0.545909643
6747,0.468894005
6748,-0.335825026
6749,-0.362361163
6750,-0.521135211
6751,-0.233893111
6752,0.334658086
6753,-0.575161636
6754,0.332648784
6755,-0.155651689
6756,0.351528049
6757,-0.034169398
6758,-0.458788365
6759,-0.349893034
6760,0.387874603
6761,0.692622185
6762,-0.062584117
6763,-0.190312669
6764,0.391028702
6765,0.001017744
6766,-0.058453061
6767,0.089791223
6768,0.546909988
6769,-0.001311064
6770,0.40981403
6771,0.467648566
6772,-0.313348681
6773,-0.467749655
6774,-0.469467103
6775,-0.239745334
6776,0.337733567
6777,-0.082400069
6778,-0.40945828
6779,-0.256058127
6780,0.338638067
6781,0.414920211
6782,0.328515142
6783,-0.609333396
6784,-0.460256517
6785,-0.339543343
6786,0.139171839
6787,-0.42187345
6788,-0.568060994
6789,0.148072943
6790,0.275939912
6791,0.5741871
6792,0.330036283
6793,0.637813568
6794,0.297385871
6795,0.161337882
6796,0.498783112
6797,-0.214468852
6798,-0.138765901
6799,-0.535485268
6800,-0.316957533
6801,0.388632953
6802,0.358252496
6803,0.022631869
6804,0.411319852
6805,-0.160139441
6806,0.313021988
6807,-0.357477218
6808,-0.507321775
6809,0.120703377
6810,-0.362056613
6811,-0.404129595
6812,-0.550521851
6813,-0.639047503
6814,-0.378191233
6815,0.221808434
6816,-0.394720584
6817,0.508795381
6818,0.118013963
6819,-0.617019832
6820,-0.680184722
6821,0.167278528
6822,0.43895632
6823,0.258423448
6824,-0.213624328
6825,-0.279712439
6826,-0.208649889
6827,-0.650068521
6828,0.210370988
6829,0.238420144
6830,0.38039121
6831,-0.063572779
6832,0.235632554
6833,-0.217146397
6834,-0.42302379
6835,-0.401210338
6836,-0.277239442
6837,-0.728755116
6838,-0.021801852
6839,0.147073895
6840,-0.432482839
6841,0.52154243
6842,0.171817958
6843,-0.431859612
6844,-0.393383026
6845,0.458250105
6846,0.26925388
6847,0.45005843
6848,-0.240487531
6849,0.691830814
6850,0.194561586
6851,-0.470580876
6852,0.558846831
6853,-0.353238463
6854,-0.318846107
6855,-0.30112341
6856,-0.174693108
6857,0.474492967
6858,0.478911996
6859,-0.539712787
6860,-0.387263983
6861,0.76084727
6862,0.426291108
6863,-0.538717628
6864,-0.577476144
6865,-0.433068335
6866,-0.353294671
6867,-0.521867573
6868,-0.312866628
6869,0.171121269
6870,-0.044644099
6871,0.179080307
6872,-0.143835589
6873,-0.724354982
6874,0.577848732
6875,0.504607677
6876,-0.584255576
6877,-0.153279245
6878,0.306200504
6879,0.026513454
6880,-0.607486248
6881,0.248152167
6882,0.408597887
6883,0.304063171
6884,0.446641505
6885,-0.195258185
6886,-0.516488314
6887,-0.267635405
6888,-0.322712153
6889,0.046644628
6890,-0.357767224
6891,0.48682788
6892,0.272925526
6893,0.472034812
6894,0.307836264
6895,0.056754105
6896,-0.004028589
6897,0.407820135
6898,-0.018415645
6899,-0.315612197
6900,0.26235342
6901,0.173286021
6902,0.092230618
6903,-0.521111071
6904,-0.499435276
6905,0.469444752
6906,0.221745819
6907,0.351898074
6908,-0.133678526
6909,0.609098792
6910,0.171586901
6911,0.274653792
6912,-0.046897799
6913,0.054379784
6914,0.211800784
6915,-0.524533629
6916,0.516918123
6917,-0.36070171
6918,-0.532669783
6919,0.076490663
6920,-0.443325102
6921,-0.300860286
6922,-0.638013124
6923,0.328805149
6924,0.284074247
6925,-0.137705714
6926,0.491295338
6927,0.389100909
6928,0.460055262
6929,0.191118479
6930,0.35062623
6931,0.595231056
6932,0.532037377
6933,0.172040671
6934,0.619238615
6935,-0.341045588
6936,0.387977719
6937,0.129606634
6938,0.49539727
6939,0.364464819
6940,0.43182689
6941,-0.490849316
6942,0.043652736
6943,0.270838737
6944,-0.289996862
6945,-0.567925036
6946,-0.575546026
6947,-0.183062658
6948,-0.138516873
6949,-0.591830611
6950,-0.141524121
6951,-0.568242311
6952,-0.149152249
6953,-0.25949955
6954,0.532231688
6955,-0.191341162
6956,-0.297125012
6957,-0.43760258
6958,-0.208550334
6959,0.193439782
6960,0.403083444
6961,0.210937366
6962,0.343539357
6963,0.427498639
6964,-0.143407434
6965,-0.355918944
6966,-0.191887558
6967,0.523744166
6968,-0.153305709
6969,-0.621626616
6970,-0.060124021
6971,0.265794575
6972,-0.320598841
6973,0.29657647
6974,0.154914737
6975,-0.079061776
6976,-0.324336529
6977,0.205392152
6978,0.625418186
6979,0.419672042
6980,0.760125935
6981,-0.232001573
6982,0.004690241
6983,-0.527252197
6984,-0.245199382
6985,-0.472606689
6986,-0.415637016
6987,-0.624953568
6988,0.327626109
6989,0.299320161
6990,-0.344875693
6991,-0.493923724
6992,-0.197192341
6993,-0.457522899
6994,-0.440878153
6995,-0.398420453
6996,-0.222215921
6997,0.131586045
6998,-0.398321331
6999,-0.516075373
7000,-0.453991652
7001,-0.591447115
7002,0.175714791
7003,0.016472295
7004,-0.277210534
7005,-0.323247015
7006,-0.42076242
7007,-0.694396615
7008,-0.512062967
7009,-0.515008628
7010,-0.485592604
7011,-0.590151012
7012,-0.511716843
7013,-0.355278254
7014,-0.118408822
7015,0.477839231
7016,-0.652558684
7017,-0.467173606
7018,0.303689122
7019,-0.244090587
7020,0.491916001
7021,-0.315515041
7022,0.558999956
7023,0.474007547
7024,-0.256861567
7025,-0.06980212
7026,-0.336091012
7027,0.435885072
7028,-0.038119789
7029,-0.32267046
7030,-0.213063031
7031,0.562029958
7032,-0.578783154
7033,-0.043467224
7034,-0.264296025
7035,0.016434841
7036,-0.366978049
7037,0.491861284
7038,-0.543425679
7039,-0.264204055
7040,-0.541830897
7041,-0.020558327
7042,-0.225435749
7043,-0.246205628
7044,0.551772416
7045,0.420379639
7046,-0.23633185
7047,0.453824162
7048,0.544299126
7049,0.230025426
7050,0.39324677
7051,0.006893903
7052,-0.066503756
7053,-0.544018984
7054,-0.165658534
7055,-0.67406112
7056,-0.359045237
7057,-0.323237956
7058,0.234839976
7059,-0.561794043
7060,0.322392344
7061,0.323323369
7062,-0.189455464
7063,0.675907791
7064,-0.357986808
7065,0.020309053
7066,-0.30256182
7067,0.166824758
7068,-0.542531371
7069,-0.257701963
7070,0.008428074
7071,0.583682477
7072,0.384619117
7073,-0.41987586
7074,-0.057477549
7075,-0.018134803
7076,0.650876582
7077,0.563034236
7078,0.553150535
7079,-0.346676022
7080,-0.477131218
7081,-0.570732772
7082,-0.433744311
7083,0.336344063
7084,0.611831307
7085,0.226495624
7086,0.09000925
7087,0.239516661
7088,0.424715847
7089,-0.301038027
7090,-0.498859167
7091,-0.2626082
7092,-0.092110805
7093,-0.462710977
7094,0.029568255
7095,0.47800073
7096,-0.559623003
7097,-0.585117698
7098,-0.319220424
7099,0.676091433
7100,0.463246524
7101,0.389388442
7102,0.550690055
7103,0.148228526
7104,0.155225456
7105,-0.269531012
7106,0.368735015
7107,0.364459038
7108,0.142700046
7109,-0.25385502
7110,0.412434101
7111,0.518101454
7112,-0.262055993
7113,-0.155749455
7114,-0.345746934
7115,-0.177205831
7116,0.502093375
7117,0.662531793
7118,0.530948102
7119,-0.292869329
7120,0.600898266
7121,-0.537427306
7122,0.09102647
7123,0.526142418
7124,0.580043614
7125,0.655612469
7126,0.08393012
7127,0.182667598
7128,-0.422917366
7129,0.332887173
7130,-0.02770498
7131,0.528223991
7132,0.689423144
7133,0.140345037
7134,-0.596908569
7135,-0.564161658
7136,0.5469805
7137,-0.53289187
7138,0.469810724
7139,-0.485869765
7140,-0.197797209
7141,0.587157845
7142,0.692824841
7143,-0.415991127
7144,-0.627869904
7145,0.13256301
7146,-0.122648478
7147,-0.62637639
7148,-0.259353966
7149,-0.081753455
7150,0.522811294
7151,-0.097767338
7152,0.623016596
7153,0.694549322
7154,-0.587859869
7155,0.646522999
7156,0.152028739
7157,0.278486967
7158,0.602039933
7159,0.313476056
7160,0.617563844
7161,0.632956386
7162,0.525753379
7163,0.64062798
7164,0.234501049
7165,0.277569413
7166,-0.392856061
7167,-0.012852386
7168,-0.376335502
7169,-0.534514368
7170,-0.717332482
7171,-0.350901812
7172,-0.547377765
7173,0.032541573
7174,0.466833293
7175,-0.178910911
7176,-0.493737936
7177,0.232269645
7178,-0.076719359
7179,0.17530182
7180,0.436944187
7181,0.10763596
7182,0.057360876
7183,0.366523206
7184,0.528839231
7185,0.380086958
7186,-0.130666897
7187,-0.235387549
7188,0.585925579
7189,0.367724299
7190,0.097719267
7191,0.187014937
7192,-0.209587619
7193,0.397762567
7194,-0.488342047
7195,0.406955987
7196,-0.003333934
7197,0.440971166
7198,-0.113025114
7199,0.012845352
7200,0.215767369
7201,0.600367725
7202,0.514383316
7203,-0.214259908
7204,0.052378431
7205,0.064633787
7206,-0.602764845
7207,-0.159641653
7208,-0.198157862
7209,0.474770814
7210,0.516739845
7211,-0.475337803
7212,-0.148449093
7213,-0.329155087
7214,-0.330010295
7215,0.601353645
7216,0.093771905
7217,-0.246090859
7218,-0.492352039
7219,0.516745687
7220,-0.14290081
7221,-0.465655237
7222,0.139282078
7223,0.339449435
7224,0.485802948
7225,0.414182901
7226,-0.311431229
7227,-0.641548872
7228,0.449731767
7229,0.488063455
7230,0.444490939
7231,0.123567015
7232,0.450752169
7233,0.2039309
7234,-0.120593965
7235,-0.545681357
7236,0.028609239
7237,-0.523668468
7238,-0.485891759
7239,-0.43055293
7240,-0.51289463
7241,0.354398906
7242,-0.539315581
7243,0.209086403
7244,0.180117428
7245,0.347195506
7246,-0.454197854
7247,0.231108233
7248,-0.426843643
7249,0.502076507
7250,-0.545638084
7251,-0.591840208
7252,-0.347610861
7253,-0.411893606
7254,-0.00394541
7255,-0.577293158
7256,0.544247627
7257,0.351846337
7258,-0.290401101
7259,0.59799552
7260,-0.256823212
7261,0.328424096
7262,0.514792204
7263,0.553639889
7264,0.498807639
7265,-0.391716301
7266,-0.358648539
7267,-0.633015811
7268,0.04920873
7269,0.183314502
7270,0.349122643
7271,-0.16285333
7272,-0.404464781
7273,0.330203563
7274,-0.227683231
7275,0.241856247
7276,-0.558599353
7277,-0.044557624
7278,-0.183626533
7279,0.169547707
7280,-0.312644243
7281,-0.483084172
7282,0.350402951
7283,-0.217762232
7284,-0.325143576
7285,0.30235523
7286,0.507082224
7287,-0.570046067
7288,0.571941793
7289,0.544616699
7290,-0.279643238
7291,0.47748962
7292,0.643812776
7293,-0.115640581
7294,0.207953304
7295,-0.110022739
7296,0.128887802
7297,-0.442207426
7298,0.230875492
7299,-0.450634599
7300,0.49188602
7301,0.083864361
7302,0.453450352
7303,0.141626343
7304,0.164253831
7305,-0.21808143
7306,-0.402490258
7307,0.375911266
7308,-0.084189847
7309,0.117997885
7310,0.267671317
7311,0.284086049
7312,-0.046081252
7313,0.195082381
7314,0.433440804
7315,0.26596719
7316,-0.43522051
7317,-0.275905609
7318,0.363288134
7319,-0.445434183
7320,0.156866208
7321,-0.076335393
7322,-0.007815864
7323,-0.294923723
7324,0.354706705
7325,0.351740062
7326,0.4319821
7327,0.415935934
7328,0.317720503
7329,0.215103626
7330,0.189386517
7331,-0.388230383
7332,0.518645883
7333,-0.089245498
7334,-0.574894786
7335,0.671334386
7336,0.007302584
7337,0.064062126
7338,-0.001107566
7339,0.374655604
7340,-0.549267888
7341,0.270507514
7342,0.400482893
7343,-0.231240615
7344,-0.466420829
7345,0.130908012
7346,-0.194331646
7347,-0.137680933
7348,0.4230645
7349,0.323101342
7350,0.175351515
7351,-0.471732467
7352,-0.606023073
7353,0.461339355
7354,0.394103259
7355,0.487252891
7356,-0.616895556
7357,-0.103260748
7358,-0.257948697
7359,-0.679007173
7360,-0.544325173
7361,-0.580483556
7362,-0.52273941
7363,0.430966079
7364,0.439122319
7365,0.359403521
7366,0.385945767
7367,0.344192922
7368,0.514313281
7369,0.507655978
7370,-0.599273801
7371,-0.31000948
7372,-0.395073891
7373,-0.581928492
7374,-0.732757449
7375,-0.503972173
7376,0.488732338
7377,0.281549633
7378,-0.010365695
7379,0.181963533
7380,0.47863996
7381,-0.500810206
7382,0.073491864
7383,-0.261986285
7384,0.102154315
7385,0.167844176
7386,-0.565274715
7387,-0.36269784
7388,-0.432192028
7389,-0.072770879
7390,-0.009025544
7391,0.65120244
7392,0.55853194
7393,-0.034394104
7394,0.558550298
7395,0.04499162
7396,-0.46486637
7397,-0.076426834
7398,0.358174652
7399,-0.056415305
7400,0.478184164
7401,-0.23724252
7402,-0.171666235
7403,0.09341006
7404,0.472295403
7405,0.58288002
7406,0.487841964
7407,-0.541478992
7408,0.217777476
7409,-0.401762158
7410,-0.376567006
7411,-0.576703906
7412,-0.485513747
7413,-0.269724727
7414,-0.333975673
7415,-0.209140286
7416,-0.445497513
7417,0.121353641
7418,-0.558585644
7419,0.058024459
7420,0.127560124
7421,-0.468461305
7422,-0.539690375
7423,-0.083062924
7424,0.010123488
7425,-0.424507707
7426,-0.450128824
7427,-0.046449065
7428,0.23351872
7429,0.344721735
7430,0.523769498
7431,0.620478392
7432,0.58008647
7433,0.091614798
7434,0.522366524
7435,0.408486038
7436,0.188652277
7437,-0.244791567
7438,-0.21676746
7439,0.108270094
7440,-0.391017199
7441,0.518978477
7442,-0.259722948
7443,-0.407766521
7444,-0.173591942
7445,-0.146098882
7446,-0.030682541
7447,0.410140276
7448,0.198434189
7449,0.364702284
7450,-0.350663126
7451,0.649891257
7452,0.257747978
7453,0.056997422
7454,-0.305128157
7455,0.079139873
7456,0.383269906
7457,-0.70266223
7458,-0.325096488
7459,-0.51910454
7460,-0.556982398
7461,-0.49573943
7462,-0.109821424
7463,-0.564306021
7464,0.662983179
7465,0.507620752
7466,0.359417409
7467,-0.187667996
7468,0.307182252
7469,-0.46392712
7470,0.580387712
7471,-0.133228451
7472,0.299965888
7473,0.271481454
7474,0.608367085
7475,0.437558472
7476,-0.288515836
7477,-0.562247097
7478,-0.225053757
7479,-0.478746623
7480,0.575226426
7481,0.027410755
7482,0.219503552
7483,-0.685981512
7484,0.42348516
7485,0.350381434
7486,0.174150959
7487,0.376839727
7488,-0.006216785
7489,-0.3514992
7490,-0.493488312
7491,0.429468662
7492,-0.625072718
7493,0.193073362
7494,-0.009100065
7495,0.422490567
7496,0.393078268
7497,-0.160761297
7498,-0.508279681
7499,-0.314169228
7500,-0.497170627
7501,0.347893775
7502,-0.225329638
7503,0.080241971
7504,0.445845217
7505,-0.468896866
7506,0.311775714
7507,-0.306310177
7508,
7509,
7510,-0.076287046
7511,0.248897076
7512,0.581287026
7513,0.475255787
7514,0.459313124
7515,0.470167994
7516,-0.541373014
7517,-0.344049811
7518,-0.493671924
7519,-0.422167063
7520,0.146294594
7521,0.696337581
7522,0.324021548
7523,-0.100819334
7524,-0.328173935
7525,0.023519635
7526,-0.432824314
7527,0.179637894
7528,0.604183793
7529,0.156280324
7530,-0.456924409
7531,-0.646188974
7532,-0.112141393
7533,-0.413036525
7534,0.465054035
7535,0.03499436
7536,0.607284188
7537,-0.27518186
7538,0.624601424
7539,-0.012344111
7540,-0.397028327
7541,-0.517643213
7542,-0.398238033
7543,-0.446535677
7544,0.259199321
7545,0.562476754
7546,0.380594552
7547,0.169184372
7548,0.233694389
7549,-0.216548875
7550,-0.410641581
7551,0.486888826
7552,-0.483509064
7553,0.425812185
7554,0.562831759
7555,0.41927731
7556,0.096040569
7557,0.500557065
7558,0.360606909
7559,0.528590918
7560,0.444059283
7561,0.24524349
7562,-0.12365561
7563,-0.497101367
7564,-0.378784209
7565,-0.439727813
7566,-0.488496304
7567,0.483484924
7568,0.065698877
7569,-0.348431081
7570,0.320157975
7571,-0.261244953
7572,-0.362740159
7573,-0.454719961
7574,-0.372526526
7575,-0.089065403
7576,0.484283537
7577,0.46010226
7578,-0.393413842
7579,-0.586926579
7580,-0.085771993
7581,0.12420921
7582,0.352282733
7583,-0.486627549
7584,-0.567100525
7585,0.643913507
7586,0.213900417
7587,-0.554294646
7588,0.213919029
7589,0.030295677
7590,-0.427687645
7591,-0.584224939
7592,0.461400062
7593,0.305336922
7594,0.047764253
7595,-0.414515316
7596,0.185306445
7597,-0.50113982
7598,-0.514916599
7599,-0.201771304
7600,0.222116873
7601,0.587857127
7602,0.112452962
7603,-0.281581074
7604,0.509895861
7605,0.28050369
7606,-0.084916115
7607,0.125299498
7608,-0.214037731
7609,-0.169300288
7610,0.033513755
7611,0.108256266
7612,0.400185943
7613,0.228742883
7614,0.457005441
7615,0.566092968
7616,0.429554045
7617,0.595043898
7618,0.139818728
7619,0.567662358
7620,-0.659494221
7621,-0.380569577
7622,-0.660899162
7623,0.133897066
7624,0.286592871
7625,0.184797779
7626,0.607518435
7627,-0.32099852
7628,-0.380774409
7629,0.621400237
7630,0.644282699
7631,-0.218481362
7632,0.248725474
7633,0.178434685
7634,0.471255064
7635,-0.100477889
7636,0.419671923
7637,-0.332386047
7638,0.548467994
7639,0.637160182
7640,0.476415873
7641,-0.292236537
7642,-0.54009676
7643,-0.498908073
7644,-0.667689681
7645,-0.667875528
7646,-0.126935929
7647,0.154357195
7648,-0.249818146
7649,-0.282070816
7650,-0.062228359
7651,-0.309121192
7652,0.465215445
7653,-0.393020451
7654,0.60606581
7655,-0.414453506
7656,-0.319917619
7657,-0.450303972
7658,0.609882712
7659,-0.273627311
7660,-0.566780567
7661,-0.394313574
7662,-0.510041714
7663,-0.284157693
7664,-0.639969826
7665,-0.440238088
7666,-0.068815425
7667,0.523634911
7668,0.321205884
7669,0.347937763
7670,0.50888586
7671,0.379528821
7672,0.145005465
7673,-0.630669057
7674,-0.56216073
7675,-0.15631479
7676,-0.387025356
7677,-0.122744836
7678,-0.230391517
7679,0.018451221
7680,0.159051299
7681,-0.504142344
7682,-0.222407579
7683,-0.03335578
7684,-0.519237518
7685,-0.357684344
7686,-0.357003987
7687,-0.522495627
7688,-0.340069801
7689,0.568201661
7690,0.547755778
7691,-0.155752078
7692,-0.118226647
7693,-0.446316957
7694,0.125586465
7695,0.425346136
7696,-0.407648057
7697,-0.388302743
7698,0.553406596
7699,-0.172305375
7700,0.549411297
7701,0.564165354
7702,-0.433012128
7703,0.483379096
7704,0.407485813
7705,0.461382151
7706,0.452529252
7707,-0.433217883
7708,0.486188024
7709,0.393172503
7710,0.376939654
7711,0.389248371
7712,0.657537699
7713,0.465129614
7714,0.489434421
7715,0.351354867
7716,0.527045965
7717,0.292670161
7718,0.157703713
7719,0.119880751
7720,0.238864079
7721,0.521616042
7722,-0.550763607
7723,0.327802598
7724,-0.22413452
7725,-0.487341046
7726,-0.310494572
7727,0.093911789
7728,-0.631051898
7729,-0.117594771
7730,0.120111339
7731,-0.31322816
7732,-0.099063762
7733,0.472245753
7734,0.571608126
7735,-0.502297103
7736,-0.211649835
7737,-0.59347719
7738,0.556910038
7739,0.515318871
7740,-0.583115757
7741,0.341529578
7742,0.369895637
7743,0.368525803
7744,-0.082108513
7745,-0.220799282
7746,0.568740666
7747,0.10632506
7748,0.1144187
7749,0.610738158
7750,0.351656914
7751,0.617318571
7752,0.59904933
7753,-0.321705759
7754,0.208101988
7755,0.299353421
7756,0.099688597
7757,-0.00497428
7758,-0.3714661
7759,-0.456116736
7760,0.219236627
7761,-0.372688085
7762,-0.359904468
7763,0.205740646
7764,-0.498161256
7765,-0.609360933
7766,-0.362252712
7767,-0.180427939
7768,0.32478261
7769,0.231979012
7770,0.429609388
7771,-0.356549799
7772,0.136808306
7773,0.017206416
7774,-0.181107879
7775,-0.577965498
7776,-0.023434376
7777,0.537097991
7778,-0.608890533
7779,-0.585666656
7780,-0.600111246
7781,-0.581472754
7782,-0.507288814
7783,-0.484107703
7784,-0.356911063
7785,-0.057504669
7786,-0.487163365
7787,-0.393241197
7788,0.333635151
7789,0.392117769
7790,-0.359399348
7791,0.122962184
7792,0.535752177
7793,0.464045882
7794,0.403952003
7795,0.303665251
7796,0.564663291
7797,-0.489874959
7798,0.461716473
7799,-0.547165275
7800,0.462294579
7801,0.652825356
7802,0.36944437
7803,-0.553528726
7804,-0.024163589
7805,0.139804184
7806,-0.274073243
7807,-0.22954312
7808,-0.347981453
7809,-0.1029578
7810,0.021245569
7811,-0.319042683
7812,-0.562837124
7813,-0.028196191
7814,0.301039428
7815,0.501456499
7816,-0.28886199
7817,0.515226364
7818,-0.270020008
7819,-0.138137296
7820,-0.389080316
7821,-0.491944373
7822,-0.060105294
7823,0.4047364
7824,-0.49311614
7825,-0.160359591
7826,-0.357561767
7827,0.523616195
7828,-0.399815351
7829,-0.375192881
7830,0.119217679
7831,-0.007342273
7832,-0.353495121
7833,-0.104876675
7834,-0.399398506
7835,-0.180330396
7836,-0.401652783
7837,0.048744489
7838,-0.157354563
7839,0.500551522
7840,0.132398963
7841,-0.131742239
7842,-0.105446532
7843,-0.546980619
7844,-0.27629739
7845,-0.311233014
7846,-0.24122563
7847,-0.323378205
7848,-0.040011756
7849,-0.018343657
7850,-0.113973342
7851,-0.562703133
7852,-0.391300321
7853,0.195675313
7854,-0.405512452
7855,0.401207954
7856,-0.216790587
7857,0.453603804
7858,-0.328172594
7859,0.013816718
7860,0.41572088
7861,0.530213952
7862,0.450403541
7863,0.318373859
7864,-0.005203795
7865,0.403990299
7866,-0.53427422
7867,0.535687089
7868,0.279666722
7869,0.372260511
7870,-0.347515762
7871,0.038004093
7872,-0.186408848
7873,-0.495648235
7874,0.541541696
7875,-0.554746151
7876,-0.498593539
7877,-0.337341368
7878,-0.556651652
7879,0.430109978
7880,0.145301089
7881,-0.461683273
7882,-0.474381804
7883,-0.186265558
7884,0.102841735
7885,0.394028902
7886,-0.545586765
7887,0.256055295
7888,-0.421563923
7889,-0.386921167
7890,0.634490132
7891,0.632513404
7892,0.478149414
7893,0.463015139
7894,-0.507658839
7895,0.119715214
7896,0.575674891
7897,0.066873781
7898,0.557433367
7899,0.550981641
7900,0.273870707
7901,-0.527653277
7902,0.376922667
7903,-0.545004368
7904,0.575840592
7905,0.43031466
7906,0.620584548
7907,-0.155978799
7908,0.411824524
7909,0.363071054
7910,0.336602062
7911,-0.351253092
7912,0.453789771
7913,0.022562804
7914,-0.545783579
7915,0.261658967
7916,-0.449188948
7917,-0.013587488
7918,0.319655359
7919,-0.26995486
7920,0.36570394
7921,-0.022633687
7922,-0.601517081
7923,-0.192030996
7924,0.271488965
7925,0.460381418
7926,0.677814364
7927,-0.271287024
7928,-0.078640491
7929,-0.586777449
7930,-0.502955437
7931,0.218870729
7932,0.54025054
7933,0.520616055
7934,0.238471478
7935,0.301529288
7936,-0.436264515
7937,-0.538327456
7938,0.087784871
7939,-0.01555508
7940,0.485877454
7941,0.586313009
7942,-0.430178046
7943,-0.518826485
7944,0.190734297
7945,-0.187469095
7946,-0.473252594
7947,-0.391325623
7948,-0.583660603
7949,-0.00727275
7950,0.275612056
7951,0.544799447
7952,-0.514909387
7953,0.198334217
7954,-0.371431708
7955,0.132741719
7956,0.442877144
7957,0.136922687
7958,0.46200344
7959,-0.493673623
7960,0.003465358
7961,0.451213598
7962,-0.401142061
7963,0.549001992
7964,0.553192973
7965,0.667854786
7966,-0.438560635
7967,0.17512399
7968,-0.409540832
7969,-0.409793019
7970,-0.526949525
7971,-0.15044117
7972,-0.527359486
7973,0.447027415
7974,-0.523534358
7975,-0.259230793
7976,-0.299278647
7977,-0.041738521
7978,0.384616494
7979,-0.475053847
7980,-0.392012388
7981,0.303540796
7982,-0.433482558
7983,0.329570293
7984,0.23183915
7985,-0.07807903
7986,-0.518061996
7987,0.088009775
7988,0.434930116
7989,0.425548434
7990,0.153156206
7991,0.373440504
7992,0.495226383
7993,-0.363767862
7994,0.541814268
7995,0.453846306
7996,0.484190702
7997,0.421683073
7998,-0.304905891
7999,0.467935383
8000,-0.42861256
8001,0.044036403
8002,-0.416221738
8003,0.469963312
8004,-0.293821096
8005,-0.332655847
8006,-0.44458124
8007,-0.419074953
8008,0.534980893
8009,0.307467222
8010,0.271240562
8011,-0.489799738
8012,-0.463635117
8013,-0.233104765
8014,-0.525639176
8015,-0.422034442
8016,-0.138237834
8017,-0.300799906
8018,0.339579821
8019,-0.406571686
8020,0.516882956
8021,0.528097212
8022,0.475230038
8023,-0.294003725
8024,-0.51591146
8025,-0.089875489
8026,0.089755647
8027,-0.11320404
8028,-0.008661129
8029,0.002682574
8030,0.102953345
8031,0.456334949
8032,0.576481283
8033,-0.17994152
8034,0.350544393
8035,0.301182687
8036,-0.589843988
8037,0.309670925
8038,-0.270124316
8039,0.059778519
8040,-0.475751698
8041,0.304633826
8042,0.305847615
8043,-0.283571899
8044,0.193517312
8045,-0.552493572
8046,-0.100040384
8047,0.003361698
8048,-0.50075984
8049,0.185961366
8050,0.315042078
8051,0.22798717
8052,-0.392614841
8053,0.058617391
8054,-0.146571487
8055,-0.150717497
8056,-0.377895713
8057,-0.254538953
8058,-0.583172083
8059,0.628213048
8060,0.307328403
8061,0.502892673
8062,-0.322867244
8063,-0.367248416
8064,-0.430601418
8065,0.113063678
8066,0.345555753
8067,0.33829841
8068,0.011940829
8069,-0.290716529
8070,-0.159162939
8071,-0.43073082
8072,0.053079076
8073,0.34030959
8074,-0.389430106
8075,-0.173887134
8076,-0.482950449
8077,0.432172775
8078,0.12781179
8079,0.281312317
8080,0.439534724
8081,-0.333270073
8082,-0.518154621
8083,0.429676175
8084,0.396481723
8085,-0.491065234
8086,-0.297124654
8087,0.729385138
8088,0.302280337
8089,0.138574898
8090,0.499948204
8091,-0.426201582
8092,-0.60763824
8093,-0.308676988
8094,-0.483036965
8095,-0.501838803
8096,-0.664524078
8097,-0.122368276
8098,-0.176207289
8099,0.013844877
8100,-0.568280995
8101,0.383610904
8102,-0.234341145
8103,0.087029234
8104,-0.19362627
8105,0.543088198
8106,0.562116086
8107,-0.455439091
8108,-0.021916322
8109,0.488231838
8110,-0.568425119
8111,0.009149612
8112,-0.209784269
8113,0.077326074
8114,-0.464708805
8115,-0.008935932
8116,-0.264757633
8117,-0.264384925
8118,-0.246198669
8119,0.459355891
8120,0.280980796
8121,0.280366957
8122,-0.538453102
8123,-0.412451446
8124,0.226606607
8125,-0.434859753
8126,-0.310562611
8127,0.60889554
8128,0.662115216
8129,0.472791731
8130,0.560481668
8131,0.284085661
8132,0.612568021
8133,0.604036331
8134,-0.190005809
8135,0.488254219
8136,0.011347177
8137,-0.458607554
8138,-0.382465422
8139,-0.342203677
8140,0.545659184
8141,-0.181370869
8142,-0.477955967
8143,0.020188875
8144,-0.284635693
8145,-0.500310659
8146,-0.636906147
8147,0.230750203
8148,-0.486852407
8149,-0.252261817
8150,0.54931891
8151,-0.432147026
8152,-0.256308675
8153,-0.476182163
8154,0.31549117
8155,0.435818046
8156,-0.150494933
8157,-0.299581289
8158,-0.335737407
8159,-0.185169637
8160,-0.344552457
8161,-0.453712136
8162,-0.569245756
8163,-0.566632867
8164,0.163981408
8165,-0.153095424
8166,0.400946856
8167,0.337467134
8168,0.449748278
8169,0.388292074
8170,0.022204004
8171,0.285183907
8172,-0.216383711
8173,-0.501603484
8174,0.14208129
8175,0.20226115
8176,0.298031658
8177,0.614863157
8178,0.590990424
8179,-0.105708897
8180,0.274718076
8181,0.466983169
8182,0.20024845
8183,-0.081409961
8184,-0.514054179
8185,-0.093249545
8186,0.374391526
8187,-0.333710581
8188,-0.316577435
8189,0.516436517
8190,-0.279721171
8191,-0.509466767
8192,-0.181815028
8193,0.538530052
8194,0.35186854
8195,0.08500351
8196,-0.576614857
8197,-0.427849054
8198,0.537772298
8199,0.29462105
8200,-0.257799566
8201,0.55844152
8202,0.00212016
8203,0.481678367
8204,0.302589238
8205,0.492024601
8206,-0.572396576
8207,-0.641237497
8208,0.193230629
8209,0.583486199
8210,0.09172599
8211,0.380737007
8212,-0.121201888
8213,-0.130829707
8214,0.350559622
8215,0.375887096
8216,0.264900565
8217,-0.082714379
8218,-0.384991109
8219,0.413463116
8220,-0.389091969
8221,-0.16857107
8222,0.544526219
8223,0.603976607
8224,0.37260288
8225,0.341088235
8226,0.347944289
8227,0.300295532
8228,-0.425971806
8229,0.405435622
8230,0.565242648
8231,-0.653310239
8232,0.132197678
8233,0.247109458
8234,0.429011554
8235,-0.376394898
8236,0.321042418
8237,0.483523786
8238,0.138717413
8239,0.276743352
8240,-0.522796929
8241,-0.135517344
8242,0.404441684
8243,0.116488621
8244,0.513054013
8245,-0.508716702
8246,0.65061295
8247,0.602516592
8248,-0.604536176
8249,0.304982007
8250,0.107759967
8251,-0.173212066
8252,0.00509578
8253,-0.066871762
8254,-0.089674756
8255,-0.623026371
8256,-0.557622552
8257,-0.29014647
8258,-0.291621894
8259,-0.239058971
8260,-0.741201162
8261,-0.441664696
8262,-0.104536489
8263,-0.103037171
8264,-0.47343269
8265,-0.623620152
8266,-0.246982053
8267,-0.121418528
8268,-0.597015679
8269,0.620058358
8270,0.431660533
8271,0.570020616
8272,0.499114513
8273,-0.368236661
8274,-0.546358526
8275,-0.488185942
8276,0.098000966
8277,0.295113385
8278,0.061004318
8279,0.030011036
8280,0.432555854
8281,-0.513954759
8282,-0.31453985
8283,0.10943456
8284,0.552139521
8285,-0.399271429
8286,0.543977439
8287,0.058318142
8288,-0.030286025
8289,-0.0080477
8290,0.282125264
8291,-0.468616128
8292,-0.054288223
8293,-0.363983601
8294,0.193022072
8295,0.317333013
8296,0.491665125
8297,0.336310834
8298,0.280791819
8299,-0.275482267
8300,-0.432038009
8301,-0.063345142
8302,0.453781486
8303,0.40950951
8304,-0.349654883
8305,0.371346742
8306,0.338786811
8307,0.656804204
8308,-0.201124296
8309,0.611156523
8310,0.232411802
8311,0.028411932
8312,0.217297062
8313,0.005034529
8314,-0.464981139
8315,-0.404138923
8316,-0.222031265
8317,0.149037063
8318,0.136527121
8319,-0.512439072
8320,-0.645467699
8321,-0.048953384
8322,-0.140584022
8323,-0.366216749
8324,-0.340218693
8325,0.016887672
8326,-0.444535673
8327,0.26622802
8328,-0.445937932
8329,-0.418706238
8330,-0.572230995
8331,-0.101366743
8332,-0.510825396
8333,-0.212439761
8334,-0.095527031
8335,0.299430549
8336,0.234137952
8337,-0.275879204
8338,0.28286469
8339,0.00885956
8340,-0.445838362
8341,-0.118210018
8342,-0.139378726
8343,0.32157743
8344,0.607198954
8345,0.382388651
8346,0.357553065
8347,0.40776509
8348,-0.468340456
8349,-0.574979186
8350,-0.550820112
8351,-0.006571934
8352,0.389017135
8353,0.581798315
8354,-0.593100667
8355,0.390210927
8356,-0.263587236
8357,-0.230303347
8358,-0.052031308
8359,0.385804236
8360,0.560474157
8361,-0.410967886
8362,0.501594663
8363,0.45672974
8364,0.391375035
8365,0.037751555
8366,-0.505186439
8367,-0.356359184
8368,-0.382756233
8369,0.459982336
8370,-0.517477632
8371,-0.472357273
8372,0.172827989
8373,-0.264138669
8374,-0.435536712
8375,0.288564771
8376,0.398157626
8377,0.504857779
8378,0.622988343
8379,-0.364363521
8380,0.0389404
8381,-0.13012448
8382,-0.208117068
8383,-0.377235919
8384,-0.581985712
8385,-0.420691013
8386,-0.409053534
8387,0.398557216
8388,0.418812275
8389,0.065243632
8390,-0.497967094
8391,-0.478817612
8392,0.619978189
8393,-0.529328942
8394,0.536722779
8395,-0.345264286
8396,-0.641967595
8397,-0.546220005
8398,-0.540911496
8399,0.300539672
8400,0.728878856
8401,0.330553561
8402,0.368710279
8403,0.219246298
8404,0.420449764
8405,-0.513726354
8406,0.345651388
8407,-0.359222442
8408,-0.570777714
8409,-0.507785559
8410,0.123419821
8411,-0.584994435
8412,0.153603584
8413,0.257371306
8414,0.141620681
8415,0.560393691
8416,0.323897868
8417,-0.125548124
8418,0.451962203
8419,0.500701487
8420,0.549434066
8421,0.215391934
8422,-0.359907746
8423,-0.465308249
8424,-0.627670467
8425,-0.370093822
8426,0.397051215
8427,0.504922211
8428,0.265050828
8429,0.429785907
8430,0.127590418
8431,-0.511838078
8432,-0.159194916
8433,-0.193516761
8434,0.347974062
8435,0.480004162
8436,-0.42398119
8437,-0.214424461
8438,-0.116561733
8439,0.045908075
8440,0.603898704
8441,0.53313911
8442,-0.233160883
8443,0.633036852
8444,-0.112106577
8445,0.28727138
8446,0.231250718
8447,0.442400217
8448,-0.512899995
8449,-0.582855701
8450,-0.49845314
8451,0.030155644
8452,0.057729222
8453,0.382343948
8454,0.165565267
8455,0.529907823
8456,-0.415620685
8457,-0.024253041
8458,0.381971538
8459,-0.440994471
8460,-0.304671586
8461,-0.245819941
8462,-0.396190941
8463,-0.314119935
8464,0.137049377
8465,0.390539587
8466,-0.343545198
8467,-0.713153005
8468,-0.311644554
8469,0.611194551
8470,-0.186731756
8471,-0.194784194
8472,-0.275869101
8473,0.321925074
8474,-0.194977343
8475,-0.616951942
8476,0.324895263
8477,0.282831937
8478,-0.476920187
8479,-0.12647438
8480,-0.317438364
8481,0.572563291
8482,-0.535107017
8483,0.612145483
8484,-0.533911228
8485,-0.363894761
8486,-0.210910201
8487,-0.397542894
8488,-0.636037946
8489,-0.498104334
8490,0.322239578
8491,0.606684089
8492,0.252323091
8493,-0.026266024
8494,-0.462592125
8495,0.221620798
8496,0.159669757
8497,0.264603049
8498,0.109910443
8499,0.281342715
8500,-0.397057295
8501,0.485367537
8502,-0.148256689
8503,-0.328551948
8504,0.284264773
8505,-0.31932205
8506,0.591250181
8507,0.205656663
8508,0.56946969
8509,0.386447906
8510,0.534435153
8511,0.236039817
8512,0.495905668
8513,0.247574642
8514,0.393628895
8515,0.58658874
8516,0.537104309
8517,0.413537085
8518,0.240811914
8519,0.331214488
8520,-0.186329961
8521,-0.063954167
8522,0.045423344
8523,-0.339184672
8524,-0.538884699
8525,-0.044074796
8526,0.383976698
8527,0.627237916
8528,0.327373505
8529,-0.153087884
8530,0.387731671
8531,-0.404776394
8532,-0.016493753
8533,-0.35106191
8534,-0.285587192
8535,-0.001500435
8536,-0.424159169
8537,0.525221229
8538,-0.037354589
8539,-0.038907554
8540,-0.609593809
8541,-0.549090624
8542,-0.344602287
8543,-0.4275662
8544,0.376190782
8545,0.419826865
8546,0.39345783
8547,0.453644633
8548,-0.534902334
8549,-0.111221895
8550,-0.233579934
8551,0.253209829
8552,-0.348332494
8553,0.254477888
8554,-0.624544144
8555,-0.448952824
8556,-0.335949063
8557,0.538231492
8558,-0.256478727
8559,0.102223322
8560,-0.286068231
8561,0.368985295
8562,-0.091130294
8563,0.012243869
8564,-0.599855781
8565,0.184296906
8566,0.516976058
8567,0.360650271
8568,-0.520030379
8569,0.351793677
8570,0.437157154
8571,-0.554716945
8572,0.488247812
8573,0.381618261
8574,-0.470111072
8575,-0.096817508
8576,-0.441599309
8577,-0.109174825
8578,0.375821292
8579,0.490237087
8580,-0.155881435
8581,0.279193997
8582,0.044633232
8583,0.171632782
8584,0.420442581
8585,0.482562184
8586,-0.457161188
8587,-0.211937115
8588,0.360547513
8589,0.385617286
8590,-0.199879065
8591,-0.018859761
8592,0.473760992
8593,-0.517664075
8594,0.304653168
8595,-0.123014249
8596,0.473976195
8597,0.174031377
8598,0.242397636
8599,0.398013145
8600,0.325789243
8601,0.491297275
8602,0.582893848
8603,-0.439950585
8604,0.248125777
8605,0.083293006
8606,-0.342679977
8607,-0.601223528
8608,0.412136257
8609,-0.249450609
8610,-0.009802934
8611,0.42064333
8612,-0.056775078
8613,-0.601688027
8614,-0.590841532
8615,-0.456412435
8616,0.697232008
8617,0.54942745
8618,0.570534766
8619,-0.574136198
8620,-0.021652129
8621,0.232074589
8622,0.204495013
8623,0.117089748
8624,0.560705543
8625,0.436997145
8626,0.409152418
8627,0.01165011
8628,0.645491123
8629,0.195692822
8630,0.421028942
8631,0.444045007
8632,-0.472307861
8633,-0.574713528
8634,-0.454131484
8635,0.094254963
8636,-0.354300261
8637,0.069784179
8638,0.023790643
8639,-0.270371407
8640,0.085212231
8641,-0.139466494
8642,0.552916884
8643,0.326111674
8644,0.055499762
8645,0.168986186
8646,-0.695115447
8647,0.404907018
8648,0.534423828
8649,-0.635236025
8650,-0.518040001
8651,-0.256417871
8652,-0.446264863
8653,-0.362492204
8654,-0.072498828
8655,0.477927983
8656,0.414206445
8657,0.262133837
8658,-0.364801913
8659,-0.298205823
8660,-0.497586936
8661,-0.561091185
8662,-0.515507877
8663,0.359770238
8664,-0.622000456
8665,-0.273482263
8666,-0.103892528
8667,-0.544650137
8668,0.470698804
8669,-0.150597408
8670,-0.289254487
8671,-0.258539677
8672,0.465432793
8673,0.564790606
8674,-0.010372918
8675,-0.306268215
8676,-0.573903143
8677,-0.69603765
8678,-0.455237269
8679,-0.077166252
8680,0.465635538
8681,-0.050708972
8682,0.060420576
8683,0.510572851
8684,-0.565782666
8685,-0.469489157
8686,-0.508734167
8687,0.365103841
8688,0.49643147
8689,0.098905027
8690,0.306972623
8691,0.660786629
8692,0.169856101
8693,-0.303090215
8694,0.131459147
8695,-0.293113559
8696,-0.410835028
8697,-0.106175527
8698,-0.553454518
8699,-0.474600852
8700,-0.456318736
8701,-0.324934304
8702,-0.49575603
8703,-0.602038085
8704,0.06682419
8705,-0.490835696
8706,-0.267386556
8707,-0.39546895
8708,-0.175118312
8709,-0.468588412
8710,-0.494181931
8711,-0.450258434
8712,-0.130208462
8713,-0.181974262
8714,-0.348564357
8715,-0.361298561
8716,-0.745557547
8717,-0.41987294
8718,0.379667193
8719,0.023241691
8720,-0.577374995
8721,-0.08639957
8722,0.600170434
8723,0.57254827
8724,0.349467963
8725,0.022348762
8726,0.426048279
8727,0.256987065
8728,0.557882369
8729,-0.452987075
8730,0.501357794
8731,0.387852907
8732,0.488151878
8733,0.450293005
8734,0.555585802
8735,0.491385341
8736,0.342348963
8737,-0.596752524
8738,-0.3745386
8739,-0.541138053
8740,0.496756434
8741,0.100115068
8742,-0.503012896
8743,0.377394348
8744,-0.293478668
8745,0.451868266
8746,0.469202131
8747,0.690393925
8748,0.383624852
8749,0.563685596
8750,-0.38928014
8751,-0.464621782
8752,0.376488298
8753,-0.421600699
8754,-0.391923845
8755,0.467801243
8756,-0.510925531
8757,-0.486814201
8758,0.036777016
8759,
8760,
8761,0.52046001
8762,-0.489937007
8763,-0.368917376
8764,0.039903972
8765,0.187291831
8766,0.106232338
8767,0.432884991
8768,-0.29054752
8769,-0.401990414
8770,-0.355846792
8771,-0.49884817
8772,-0.374526471
8773,-0.611277938
8774,-0.559110045
8775,-0.330671489
8776,-0.227927595
8777,0.340031743
8778,-0.398582369
8779,0.16389063
8780,-0.385127306
8781,0.44642508
8782,0.069997564
8783,0.564938426
8784,0.370319784
8785,-0.506774545
8786,0.449459583
8787,0.473863691
8788,0.517147958
8789,0.13686882
8790,0.522506773
8791,-0.7554847
8792,-0.007641457
8793,-0.241639048
8794,-0.02341165
8795,0.395853341
8796,0.563891232
8797,0.551185131
8798,-0.491426617
8799,0.455515683
8800,-0.24034816
8801,-0.112024218
8802,-0.119182087
8803,0.522282898
8804,0.184909776
8805,0.37144345
8806,-0.088213518
8807,0.328283787
8808,-0.371625721
8809,-0.531221628
8810,0.086127318
8811,-0.024891101
8812,0.41019547
8813,0.414904743
8814,0.07666944
8815,0.431430578
8816,-0.504702687
8817,-0.360374868
8818,-0.482931614
8819,-0.483821869
8820,-0.595599949
8821,-0.12311063
8822,-0.489914685
8823,-0.572613239
8824,-0.416251391
8825,-0.334464192
8826,0.145285934
8827,0.367045581
8828,0.433516622
8829,-0.148728102
8830,-0.259930789
8831,-0.517270327
8832,-0.15380536
8833,0.233853608
8834,-0.321935326
8835,-0.442637026
8836,-0.009958655
8837,-0.554965258
8838,0.318355113
8839,0.594487309
8840,0.455703795
8841,-0.457373291
8842,-0.262126505
8843,-0.560464084
8844,-0.191223145
8845,-0.219170913
8846,0.123488195
8847,0.35994342
8848,0.455087721
8849,0.574280083
8850,0.571788847
8851,0.143677235
8852,0.306773096
8853,0.498197317
8854,0.619498551
8855,-0.380615383
8856,-0.517002583
8857,-0.203445315
8858,0.161868185
8859,0.590387225
8860,0.050640672
8861,-0.372918963
8862,-0.164693996
8863,-0.386605471
8864,0.49371168
8865,-0.001875259
8866,-0.388905883
8867,-0.369587898
8868,-0.390658319
8869,-0.584229827
8870,0.45934993
8871,0.553942442
8872,0.419905812
8873,0.52823174
8874,0.425833255
8875,0.459073573
8876,0.453968227
8877,0.343382478
8878,-0.428076446
8879,-0.580182612
8880,0.091570958
8881,-0.242719889
8882,-0.418838441
8883,0.262340039
8884,0.605466962
8885,0.362089396
8886,0.543584406
8887,-0.180285722
8888,-0.428263068
8889,-0.32395035
8890,0.610759318
8891,0.268200099
8892,-0.517869592
8893,-0.195932359
8894,0.139584541
8895,0.390024781
8896,0.601177335
8897,-0.266745865
8898,0.35030365
8899,0.451277405
8900,0.597979486
8901,-0.027188294
8902,-0.179465577
8903,-0.135471046
8904,0.422153473
8905,0.56999135
8906,0.420877278
8907,0.181058407
8908,0.477333069
8909,-0.406606555
8910,0.429785967
8911,0.332699955
8912,-0.416960746
8913,0.326711327
8914,0.280156016
8915,-0.375070721
8916,-0.179967955
8917,-0.333945155
8918,-0.175005004
8919,0.13574402
8920,0.190642178
8921,-0.065472446
8922,-0.549632549
8923,0.473636806
8924,-0.275680602
8925,0.508234262
8926,0.279440612
8927,-0.423013419
8928,0.460548908
8929,-0.099361986
8930,-0.425210685
8931,-0.295081377
8932,-0.320668876
8933,-0.206123412
8934,-0.470329762
8935,-0.114081226
8936,-0.634889841
8937,-0.40773648
8938,-0.359978437
8939,0.125680029
8940,-0.166820109
8941,0.020097449
8942,0.572106481
8943,0.40639025
8944,-0.073949412
8945,-0.519406378
8946,-0.609846652
8947,0.326768219
8948,0.586984277
8949,0.709043145
8950,-0.540927887
8951,0.257381201
8952,-0.561662674
8953,-0.295349717
8954,-0.255384862
8955,0.224897861
8956,0.504120708
8957,0.197341636
8958,0.24606891
8959,0.352915347
8960,0.163257837
8961,0.180733353
8962,0.34365496
8963,0.003830083
8964,-0.257334888
8965,-0.226685777
8966,0.634079874
8967,-0.596059144
8968,-0.065119959
8969,-0.122734852
8970,0.170756042
8971,0.438625425
8972,0.202598348
8973,-0.389267564
8974,0.371334255
8975,0.442366332
8976,0.599219441
8977,0.43465361
8978,0.027130436
8979,-0.453605443
8980,0.2205358
8981,-0.233840212
8982,0.345978856
8983,-0.300726891
8984,0.197970986
8985,0.1035721
8986,0.100867763
8987,0.261838973
8988,-0.083924577
8989,0.001637302
8990,-0.297006965
8991,0.527927041
8992,-0.113497242
8993,0.589733422
8994,0.386508882
8995,-0.662783861
8996,0.447506905
8997,0.259068906
8998,-0.255655855
8999,-0.092744775
9000,0.363705099
9001,0.53237772
9002,0.045688137
9003,0.530908465
9004,0.472468197
9005,0.141814053
9006,0.253044426
9007,-0.050825424
9008,-0.38558048
9009,-0.312726676
9010,-0.601669192
9011,0.497771978
9012,-0.18330583
9013,-0.47302565
9014,-0.266507864
9015,-0.019342206
9016,-0.344590783
9017,-0.093420893
9018,0.297626644
9019,-0.106566347
9020,-0.58686924
9021,0.26552248
9022,-0.026124716
9023,0.374271631
9024,0.508783758
9025,-0.018327247
9026,0.373668998
9027,0.385240108
9028,-0.513285756
9029,0.523043036
9030,0.509413719
9031,0.548238993
9032,0.241640627
9033,-0.442447424
9034,-0.278787792
9035,0.161289975
9036,0.313473165
9037,-0.139757559
9038,0.439284861
9039,0.402596503
9040,-0.020674091
9041,0.637159467
9042,0.263727367
9043,0.197126538
9044,0.532670319
9045,0.204978496
9046,0.2290335
9047,-0.05633549
9048,0.442241102
9049,0.598447442
9050,-0.485383034
9051,0.099360734
9052,-0.425110996
9053,-0.374585569
9054,-0.02488514
9055,0.304462314
9056,0.17829822
9057,0.347144544
9058,0.179988533
9059,0.029996477
9060,0.21111694
9061,0.524161577
9062,-0.069809213
9063,0.428206623
9064,0.522653699
9065,0.196364105
9066,-0.003301594
9067,-0.434752941
9068,-0.028108206
9069,-0.047486052
9070,-0.17272909
9071,-0.181026131
9072,-0.25908953
9073,0.351504534
9074,0.526454329
9075,0.116552785
9076,-0.051854543
9077,0.491718054
9078,-0.653069377
9079,0.217595115
9080,0.521500707
9081,0.442139745
9082,0.279497504
9083,-0.418398023
9084,0.260591358
9085,0.571413636
9086,-0.361727953
9087,-0.175311446
9088,0.084924959
9089,-0.260232925
9090,0.574134648
9091,0.454784274
9092,0.405959457
9093,0.308383167
9094,0.285331935
9095,-0.367468476
9096,0.586712241
9097,-0.434950709
9098,0.029321939
9099,-0.278285295
9100,-0.236464828
9101,0.117236011
9102,-0.111963868
9103,-0.596564353
9104,-0.577323198
9105,0.088714048
9106,0.138904601
9107,0.136807352
9108,0.377927363
9109,0.536135614
9110,0.521103263
9111,0.662735343
9112,-0.006497435
9113,-0.364132047
9114,-0.627505541
9115,-0.555109859
9116,0.117439575
9117,0.336340219
9118,0.478324205
9119,-0.035293676
9120,0.501895547
9121,0.259775311
9122,0.435439497
9123,0.382109404
9124,0.619230509
9125,-0.166306794
9126,-0.321128368
9127,-0.315938175
9128,-0.234894037
9129,-0.198805749
9130,-0.268336356
9131,-0.419427037
9132,-0.329290092
9133,-0.431061774
9134,-0.545492232
9135,-0.364746481
9136,-0.465931833
9137,-0.39925611
9138,0.522796392
9139,0.288620532
9140,-0.555945873
9141,-0.412152648
9142,-0.374018401
9143,-0.552928448
9144,-0.391574174
9145,-0.182368666
9146,-0.437963665
9147,-0.376489699
9148,-0.050076589
9149,-0.505655587
9150,0.377620816
9151,0.56071645
9152,0.506283343
9153,0.088194057
9154,-0.278838605
9155,-0.669511378
9156,0.220516145
9157,-0.006427109
9158,0.584799469
9159,-0.316000044
9160,-0.190344244
9161,-0.251971602
9162,-0.510553539
9163,0.321080536
9164,0.351328135
9165,0.611275792
9166,0.493882716
9167,-0.213166311
9168,-0.21781899
9169,-0.124178544
9170,-0.167893559
9171,-0.612448156
9172,-0.119473442
9173,-0.270694673
9174,0.48686108
9175,0.427917302
9176,0.445356131
9177,-0.415727049
9178,-0.612539887
9179,-0.565135121
9180,0.503846884
9181,0.11432381
9182,-0.532972932
9183,-0.480246961
9184,-0.34650597
9185,0.153484195
9186,0.433898926
9187,0.545710206
9188,0.250864983
9189,0.196561962
9190,0.201357201
9191,0.277387321
9192,0.392555088
9193,0.03125561
9194,-0.022017952
9195,-0.401083112
9196,0.554820657
9197,0.270549834
9198,0.33691439
9199,0.555333018
9200,0.173717082
9201,0.323322207
9202,0.418656886
9203,0.465831161
9204,0.389876395
9205,0.333520651
9206,-0.053278781
9207,0.318482041
9208,0.084158882
9209,0.043515906
9210,0.043215834
9211,0.134007931
9212,0.377449632
9213,0.029888805
9214,0.091225021
9215,-0.336411774
9216,0.074922621
9217,0.029366195
9218,-0.039686657
9219,-0.528940439
9220,-0.496853292
9221,-0.071593858
9222,0.32048744
9223,-0.379446089
9224,-0.437238723
9225,0.259810746
9226,-0.318517238
9227,0.244086415
9228,-0.094864026
9229,0.25462079
9230,0.244286016
9231,-0.164748654
9232,0.502211034
9233,-0.323613703
9234,-0.047413617
9235,-0.303272724
9236,-0.577769399
9237,0.564629078
9238,-0.172219977
9239,0.446193963
9240,0.317344368
9241,-0.177933723
9242,-0.532961428
9243,0.217475459
9244,-0.315565228
9245,-0.188405856
9246,-0.249009609
9247,-0.114383198
9248,0.579453588
9249,0.331717253
9250,0.467167377
9251,-0.201208338
9252,-0.530980945
9253,-0.505118251
9254,-0.216695517
9255,-0.555886745
9256,-0.242785096
9257,-0.317398399
9258,0.149664447
9259,0.498282969
9260,-0.5194453
9261,0.471221596
9262,-0.352008164
9263,-0.561039209
9264,-0.505674839
9265,-0.452810466
9266,0.25183925
9267,-0.094460964
9268,0.034136929
9269,-0.450160325
9270,0.604132414
9271,0.003903273
9272,0.364251077
9273,-0.006819576
9274,-0.481761873
9275,-0.429217249
9276,-0.571243703
9277,-0.532773316
9278,-0.035852384
9279,-0.258540988
9280,-0.107881665
9281,-0.397188663
9282,-0.518790483
9283,-0.06190186
9284,0.314988434
9285,0.243258968
9286,0.442309171
9287,0.187596023
9288,-0.449893802
9289,-0.535570145
9290,0.304583579
9291,0.103207588
9292,0.246442899
9293,0.596982241
9294,0.560108423
9295,-0.571297765
9296,0.323389947
9297,-0.402573317
9298,-0.321355462
9299,0.532778502
9300,-0.534559727
9301,-0.595119178
9302,0.059772268
9303,-0.177384779
9304,-0.28788054
9305,-0.430762112
9306,-0.358383417
9307,0.066345461
9308,-0.273677647
9309,-0.637277782
9310,-0.177966282
9311,0.482363492
9312,-0.244609877
9313,-0.579878807
9314,-0.038285747
9315,0.493379384
9316,0.345781505
9317,0.242249995
9318,-0.122384623
9319,0.337287247
9320,-0.135440201
9321,0.455957115
9322,-0.236601695
9323,0.431881517
9324,-0.101011552
9325,-0.320341527
9326,-0.176893145
9327,0.544402897
9328,-0.122142017
9329,-0.49214071
9330,-0.523391843
9331,-0.336040854
9332,-0.443547398
9333,0.461977661
9334,0.073283143
9335,0.501175165
9336,0.146645188
9337,-0.282000303
9338,-0.443684936
9339,-0.441846907
9340,-0.067338303
9341,0.36794287
9342,0.248432904
9343,0.145572513
9344,0.089910939
9345,0.427514017
9346,0.560471594
9347,0.447472721
9348,0.3519952
9349,0.545619488
9350,-0.248997822
9351,-0.352433562
9352,-0.598258853
9353,-0.205222979
9354,0.567480922
9355,0.041607887
9356,0.011174472
9357,0.625692785
9358,0.415674478
9359,-0.538993597
9360,0.479165643
9361,0.42218709
9362,0.32523796
9363,0.466932535
9364,0.32020402
9365,0.524974585
9366,-0.249249369
9367,-0.024049455
9368,-0.003734836
9369,-0.325619847
9370,0.014767107
9371,0.63552016
9372,0.618555427
9373,0.261625648
9374,0.499333471
9375,0.551177442
9376,-0.574964285
9377,-0.125710264
9378,-0.446264505
9379,-0.327766597
9380,0.500980675
9381,0.232497752
9382,0.40307349
9383,-0.385257542
9384,-0.383985668
9385,0.089353733
9386,0.161696061
9387,-0.446882844
9388,0.304580986
9389,0.18706283
9390,-0.210799575
9391,0.1782161
9392,-0.556499898
9393,-0.209395885
9394,-0.247943461
9395,0.207298636
9396,-0.579672813
9397,-0.324410439
9398,-0.265973806
9399,0.519062519
9400,0.340591848
9401,0.386804104
9402,0.451537907
9403,-0.408197522
9404,-0.5661695
9405,-0.477877259
9406,-0.482370168
9407,-0.284042954
9408,-0.070472926
9409,0.13973999
9410,-0.548204243
9411,-0.064552225
9412,-0.2950221
9413,0.138553247
9414,-0.15295881
9415,-0.334421456
9416,-0.074275889
9417,-0.542805076
9418,-0.352524191
9419,0.102517888
9420,0.117335662
9421,-0.125286341
9422,-0.355221242
9423,-0.12898919
9424,-0.029310536
9425,0.029986773
9426,-0.676838934
9427,-0.242447868
9428,0.501196861
9429,-0.179187462
9430,0.211920947
9431,-0.36130178
9432,-0.166897863
9433,0.166250065
9434,0.358183622
9435,0.534139276
9436,0.507792354
9437,0.549934268
9438,0.254867822
9439,0.029286146
9440,-0.363423765
9441,0.135838956
9442,-0.506989717
9443,0.321119487
9444,0.195092648
9445,-0.084835857
9446,-0.498654366
9447,-0.248314857
9448,-0.399465442
9449,-0.285171628
9450,0.171596766
9451,-0.22638765
9452,-0.332178146
9453,-0.355433196
9454,0.216477424
9455,-0.144497484
9456,-0.116951555
9457,-0.505808949
9458,-0.370321214
9459,-0.54098165
9460,-0.419256479
9461,0.083260447
9462,-0.338597596
9463,-0.084357552
9464,0.307538629
9465,-0.537099838
9466,0.398408055
9467,-0.406520963
9468,-0.187096298
9469,-0.070392057
9470,-0.164085433
9471,0.458590835
9472,0.288487732
9473,0.595029235
9474,0.205516666
9475,-0.554956079
9476,-0.279366404
9477,0.026073836
9478,-0.289258152
9479,-0.387362659
9480,-0.291023046
9481,0.506851733
9482,-0.290688962
9483,0.178981528
9484,0.568224669
9485,0.58558476
9486,0.550399601
9487,0.567516804
9488,-0.505862832
9489,0.230397344
9490,-0.367161185
9491,-0.598378062
9492,-0.576110125
9493,0.130597457
9494,0.591055214
9495,0.639456987
9496,0.452707529
9497,0.192751348
9498,-0.521544456
9499,0.254307359
9500,-0.387343466
9501,0.316800386
9502,0.371272862
9503,0.537296057
9504,0.425055236
9505,-0.200035721
9506,0.144319057
9507,-0.273242444
9508,-0.121257648
9509,0.139168411
9510,-0.560708463
9511,0.081857413
9512,0.461270064
9513,0.332432091
9514,-0.297146499
9515,0.174354702
9516,-0.508642256
9517,-0.484193504
9518,-0.265234977
9519,0.278704613
9520,0.215062916
9521,-0.149529174
9522,-0.234955087
9523,0.104685642
9524,-0.294423461
9525,-0.140554696
9526,-0.321789056
9527,0.022104098
9528,0.041217964
9529,0.016820006
9530,0.025306858
9531,0.45765242
9532,0.13382116
9533,-0.528093398
9534,-0.521593571
9535,0.0925688
9536,-0.483697295
9537,0.358219624
9538,-0.426041991
9539,-0.350328386
9540,0.385400951
9541,0.300090969
9542,0.01955219
9543,0.313377172
9544,-0.477538228
9545,0.563984275
9546,-0.410390377
9547,-0.086515442
9548,-0.587306142
9549,0.162234485
9550,0.090395793
9551,0.292424679
9552,0.345202506
9553,-0.625176668
9554,0.56415683
9555,-0.452549279
9556,0.132393226
9557,0.386195272
9558,-0.44595477
9559,0.369389415
9560,-0.532152653
9561,-0.220978647
9562,0.419006854
9563,0.42458567
9564,-0.563955426
9565,-0.654672146
9566,-0.591915011
9567,-0.5621382
9568,-0.181874916
9569,-0.063653715
9570,-0.424650818
9571,-0.59821558
9572,-0.489326596
9573,0.543093085
9574,-0.538289368
9575,0.273417234
9576,-0.49599728
9577,-0.259031504
9578,-0.2114885
9579,-0.205760911
9580,0.573426485
9581,-0.540377021
9582,-0.565789342
9583,-0.602516055
9584,0.457256496
9585,0.424783587
9586,-0.221383929
9587,0.398818016
9588,-0.201831788
9589,-0.381584316
9590,0.02949959
9591,0.146125808
9592,-0.360611975
9593,-0.214434266
9594,0.47933954
9595,0.040231526
9596,-0.062911406
9597,-0.460843027
9598,-0.115637541
9599,-0.025453486
9600,0.455250263
9601,0.522557676
9602,0.366669863
9603,-0.407789528
9604,-0.581932902
9605,-0.477992475
9606,-0.397308081
9607,0.167345494
9608,0.226129785
9609,-0.454825461
9610,0.578404546
9611,0.315683126
9612,-0.420333534
9613,-0.342489779
9614,-0.402136892
9615,-0.421260655
9616,-0.014308322
9617,-0.44005841
9618,-0.60821104
9619,0.114471897
9620,-0.414557636
9621,0.323573172
9622,-0.56358254
9623,-0.475935102
9624,-0.071451724
9625,-0.651609182
9626,-0.023247294
9627,0.427810907
9628,0.450478226
9629,0.538344145
9630,0.256568789
9631,-0.546070337
9632,-0.634747207
9633,-0.568629622
9634,-0.4698596
9635,0.126239866
9636,-0.046071716
9637,-0.190839872
9638,-0.297105312
9639,-0.515323162
9640,-0.632429361
9641,-0.374195546
9642,0.731105328
9643,0.326152384
9644,0.44965741
9645,-0.438401967
9646,-0.25147143
9647,-0.468775153
9648,-0.018244121
9649,-0.351870209
9650,-0.565136075
9651,-0.455394894
9652,-0.282009453
9653,0.429329216
9654,0.21512495
9655,0.545866191
9656,0.345043331
9657,-0.502068996
9658,-0.467879683
9659,0.087115027
9660,-0.431997001
9661,0.174142987
9662,0.354007602
9663,0.155418426
9664,0.301952243
9665,-0.293336421
9666,-0.635677457
9667,-0.438141733
9668,0.46973753
9669,0.572356105
9670,-0.624634147
9671,0.658643723
9672,-0.369984478
9673,-0.016893586
9674,0.605416417
9675,-0.402335405
9676,-0.55333972
9677,0.356018662
9678,-0.374271095
9679,0.597727895
9680,0.593047023
9681,0.587657332
9682,-0.632941008
9683,0.161170632
9684,-0.28159225
9685,-0.45482561
9686,-0.509678721
9687,-0.524427176
9688,-0.33769998
9689,-0.127337426
9690,-0.329066873
9691,0.518382668
9692,-0.589296103
9693,0.077154189
9694,0.069451839
9695,0.559610844
9696,-0.429694086
9697,-0.598374724
9698,-0.206933156
9699,0.342794299
9700,-0.107002944
9701,-0.272719741
9702,-0.513026595
9703,-0.508119464
9704,0.073844269
9705,0.071504086
9706,0.466190457
9707,0.572629094
9708,0.266269028
9709,0.012039773
9710,-0.579899549
9711,-0.63985616
9712,-0.556702971
9713,0.595630169
9714,0.313561708
9715,0.630919218
9716,0.389076889
9717,0.430261672
9718,-0.120576382
9719,-0.430351257
9720,0.186754465
9721,0.263356537
9722,0.068678938
9723,0.359890699
9724,-0.270374835
9725,-0.499702811
9726,-0.441779703
9727,-0.27153486
9728,0.395794958
9729,0.451516867
9730,-0.563328624
9731,0.50951618
9732,0.047479797
9733,-0.422433376
9734,0.433367193
9735,0.002959274
9736,0.54110992
9737,0.419893175
9738,-0.245673537
9739,-0.389533967
9740,-0.137274534
9741,-0.566640794
9742,-0.304245353
9743,-0.477289498
9744,0.576615632
9745,0.271877468
9746,-0.399151444
9747,-0.553761601
9748,-0.430738181
9749,0.369646162
9750,0.306316376
9751,-0.514417052
9752,0.208042845
9753,-0.580969036
9754,-0.560257852
9755,-0.467659414
9756,-0.58438015
9757,-0.479560852
9758,0.018551782
9759,-0.372359991
9760,0.12781617
9761,0.081360668
9762,-0.612429798
9763,-0.535981834
9764,-0.573163331
9765,-0.10455896
9766,-0.507122159
9767,-0.622208893
9768,0.184084415
9769,0.355154186
9770,-0.341993392
9771,0.030297607
9772,0.38786304
9773,0.505602121
9774,0.284398377
9775,0.042449199
9776,0.37558347
9777,0.305691004
9778,0.470280945
9779,-0.399302125
9780,-0.1394106
9781,0.056274641
9782,0.512135506
9783,0.583890796
9784,0.103040978
9785,0.047947764
9786,-0.088390529
9787,0.469938874
9788,0.34636724
9789,0.366749495
9790,0.315152049
9791,0.178102791
9792,0.296386749
9793,0.022752365
9794,0.343811929
9795,-0.237138778
9796,0.508748829
9797,0.701519966
9798,0.205013245
9799,-0.086447939
9800,0.420822054
9801,0.517891347
9802,0.564818978
9803,-0.498451471
9804,0.072312251
9805,-0.364837289
9806,0.605554581
9807,0.473923802
9808,0.508218169
9809,-0.490936816
9810,0.503769577
9811,-0.109468102
9812,-0.286111176
9813,-0.485486448
9814,-0.502402365
9815,-0.504714131
9816,0.700214922
9817,0.560684383
9818,0.593064904
9819,-0.036768779
9820,-0.558937609
9821,0.508095384
9822,-0.355793118
9823,-0.061801322
9824,0.448788792
9825,0.468733132
9826,0.374863327
9827,0.554558754
9828,0.496751517
9829,0.219295412
9830,0.421219051
9831,0.55517292
9832,-0.279521167
9833,0.463575274
9834,0.192319483
9835,0.14022699
9836,0.336774528
9837,-0.4461025
9838,0.107810371
9839,0.388071448
9840,-0.080703869
9841,-0.386885464
9842,-0.507800341
9843,0.443199545
9844,0.364492983
9845,-0.212991521
9846,0.402103752
9847,0.307038039
9848,0.248199478
9849,-0.341640294
9850,0.08086504
9851,0.116322786
9852,0.651521206
9853,-0.473575294
9854,-0.021974668
9855,-0.237354025
9856,-0.654252887
9857,-0.252580851
9858,0.197007746
9859,-0.512571692
9860,-0.575579643
9861,-0.302221179
9862,-0.283787668
9863,0.161355317
9864,-0.196421385
9865,-0.257337391
9866,0.452007353
9867,-0.477257848
9868,0.242556483
9869,-0.023795815
9870,-0.260131896
9871,-0.579439521
9872,-0.532060266
9873,0.299031883
9874,0.451156646
9875,-0.22164236
9876,-0.076895289
9877,-0.19212009
9878,0.599461496
9879,-0.339860708
9880,0.364707649
9881,0.470747173
9882,0.25089246
9883,0.537393272
9884,0.469629765
9885,-0.622740924
9886,-0.02000715
9887,-0.566984713
9888,0.203933671
9889,0.16385217
9890,-0.468657315
9891,-0.601415873
9892,-0.429457664
9893,0.145571366
9894,-0.136295199
9895,-0.196413934
9896,0.065103173
9897,0.287638962
9898,0.582620502
9899,0.480941474
9900,-0.36463353
9901,-0.046403788
9902,0.475781709
9903,-0.363222659
9904,-0.477939963
9905,0.524842322
9906,0.661635339
9907,0.513429105
9908,-0.596513808
9909,0.339919031
9910,-0.147066087
9911,-0.310604185
9912,0.498262167
9913,0.370070398
9914,0.071305797
9915,-0.310839981
9916,-0.412721694
9917,-0.379898965
9918,-0.409776866
9919,-0.446678668
9920,0.530969203
9921,0.399698257
9922,-0.370723248
9923,-0.44403851
9924,0.446208477
9925,0.390750468
9926,-0.781484544
9927,-0.341671467
9928,-0.568977833
9929,0.081218243
9930,0.056949891
9931,-0.473764062
9932,-0.480770141
9933,-0.48751387
9934,0.03480313
9935,0.366373718
9936,-0.386054039
9937,0.106392272
9938,0.109897487
9939,0.423693091
9940,0.336616009
9941,0.024972703
9942,0.403457493
9943,0.344533384
9944,-0.305054963
9945,0.471937835
9946,0.404896557
9947,-0.052757204
9948,-0.358117998
9949,0.287652612
9950,-0.19399479
9951,0.316289544
9952,0.532592952
9953,0.55418098
9954,-0.498341262
9955,-0.416159779
9956,-0.405078679
9957,-0.436631918
9958,0.343306839
9959,-0.416931659
9960,-0.523826718
9961,-0.222572178
9962,-0.431920379
9963,0.450324833
9964,0.397092313
9965,0.49899745
9966,-0.613391757
9967,0.543680906
9968,-0.043959364
9969,-0.281049073
9970,-0.410311639
9971,0.301508784
9972,-0.383647293
9973,-0.328864872
9974,0.054737616
9975,0.287467331
9976,-0.469021142
9977,0.50315547
9978,-0.327042729
9979,0.252633661
9980,0.193050742
9981,0.463227451
9982,-0.233009011
9983,-0.492876947
9984,-0.082868196
9985,0.324935317
9986,-0.325081438
9987,0.50802362
9988,0.397635341
9989,-0.351718903
9990,0.541447163
9991,-0.344201654
9992,-0.569044292
9993,-0.573878407
9994,-0.594538808
9995,0.099226497
9996,0.320552737
9997,0.328709632
9998,0.520271897
9999,0.244820595
10000,0.186958641
10001,0.557862759
10002,0.516063213
10003,0.346421897
10004,-0.489332348
10005,-0.404675812
10006,-0.53382504
10007,-0.202148959
10008,-0.44738245
10009,0.406088769
10010,-0.179452628
10011,
10012,
10013,0.324076891
10014,0.447091103
10015,0.379488528
10016,0.454864204
10017,0.430969119
10018,-0.175317332
10019,0.22169885
10020,-0.35920006
10021,-0.414476365
10022,-0.364666879
10023,-0.353304088
10024,-0.318620056
10025,-0.412570834
10026,0.565215826
10027,0.483910024
10028,0.525936425
10029,0.48471117
10030,-0.163507953
10031,0.525261104
10032,0.43298611
10033,-0.560585976
10034,-0.053052105
10035,-0.408643365
10036,0.154390782
10037,0.397826254
10038,0.399787217
10039,0.530845881
10040,0.068609267
10041,0.147472754
10042,0.131643012
10043,-0.212444052
10044,-0.254476875
10045,-0.351308346
10046,-0.074472085
10047,0.405418992
10048,0.444714367
10049,0.394135147
10050,-0.440248728
10051,0.469241738
10052,0.295034766
10053,-0.428310096
10054,-0.075209826
10055,0.569928944
10056,0.445227414
10057,-0.061571095
10058,0.601555586
10059,0.142911121
10060,-0.157065898
10061,-0.649309158
10062,-0.261655033
10063,0.422899216
10064,0.387950897
10065,0.252641976
10066,-0.397605181
10067,-0.376606405
10068,-0.708355784
10069,-0.309349179
10070,-0.364353806
10071,-0.605966926
10072,0.379687339
10073,-0.262057573
10074,0.355585575
10075,0.034780771
10076,-0.541426837
10077,-0.134698436
10078,-0.332687676
10079,-0.200441808
10080,-0.169436216
10081,0.151701868
10082,0.539758146
10083,-0.046547104
10084,0.292459607
10085,-0.512268782
10086,-0.002441147
10087,-0.282537222
10088,-0.462179363
10089,0.69555819
10090,0.541206837
10091,0.74308008
10092,0.602889359
10093,0.304710537
10094,-0.232092962
10095,-0.558413923
10096,-0.285115033
10097,0.444012046
10098,-0.372781873
10099,0.353814155
10100,0.245264128
10101,-0.126225591
10102,0.245779768
10103,0.05919423
10104,-0.105529033
10105,0.27513811
10106,-0.1166915
10107,-0.359514892
10108,0.237339303
10109,-0.088374838
10110,0.212565735
10111,0.369879365
10112,-0.385613263
10113,-0.274392962
10114,-0.416801572
10115,-0.547335029
10116,-0.458367437
10117,0.57540828
10118,0.092719659
10119,0.338286102
10120,0.553728282
10121,-0.548022389
10122,0.540803134
10123,0.543449581
10124,-0.210674167
10125,0.578110099
10126,0.43021071
10127,0.331719756
10128,0.325750917
10129,0.37977916
10130,-0.145673335
10131,0.100110054
10132,0.229177117
10133,0.212632984
10134,-0.387378722
10135,0.181471869
10136,0.40907526
10137,0.108926833
10138,0.064846307
10139,-0.159572721
10140,0.513515174
10141,-0.069552049
10142,0.556565046
10143,0.438124776
10144,0.622618735
10145,-0.22284995
10146,-0.513638139
10147,-0.103626706
10148,-0.523193717
10149,-0.162401259
10150,-0.50235045
10151,-0.229605049
10152,0.445008695
10153,0.046035599
10154,0.526224017
10155,0.447076529
10156,0.434311002
10157,-0.763921618
10158,-0.590495467
10159,0.018311165
10160,-0.322684944
10161,0.131545216
10162,0.077230155
10163,0.433403313
10164,-0.620183766
10165,0.271956027
10166,0.502856493
10167,0.266212344
10168,0.627683997
10169,0.333194017
10170,-0.207255363
10171,0.476630151
10172,-0.396972179
10173,0.490054876
10174,0.546567023
10175,0.124247804
10176,-0.329399586
10177,0.558099508
10178,0.372142345
10179,0.2034612
10180,-0.482131749
10181,-0.311448216
10182,-0.678111315
10183,-0.020960875
10184,0.177608266
10185,0.272742212
10186,-0.277768016
10187,0.39725858
10188,-0.756497025
10189,0.578143895
10190,-0.437772155
10191,-0.515072823
10192,0.270763576
10193,-0.509269655
10194,0.661378324
10195,-0.266468674
10196,-0.524852276
10197,-0.139064938
10198,0.666586161
10199,0.319750637
10200,0.440188885
10201,0.580309331
10202,-0.516954184
10203,-0.563087583
10204,-0.589853168
10205,-0.507213414
10206,-0.231055185
10207,-0.267270446
10208,0.288294584
10209,0.527941346
10210,-0.431864023
10211,0.472120553
10212,0.639423966
10213,0.024305727
10214,-0.428038895
10215,-0.175852805
10216,0.410129756
10217,-0.115766466
10218,0.184153378
10219,0.223579943
10220,-0.44835493
10221,-0.61095053
10222,0.574778438
10223,-0.566668928
10224,0.47753346
10225,0.633456409
10226,0.006810591
10227,0.370655805
10228,0.613072574
10229,-0.510020733
10230,0.322009265
10231,-0.472169101
10232,-0.419189692
10233,-0.354204416
10234,-0.213185698
10235,-0.412524074
10236,-0.278151304
10237,0.07232897
10238,0.088640794
10239,-0.199660733
10240,-0.48347646
10241,0.145360082
10242,0.560610414
10243,-0.32712552
10244,-0.392913431
10245,0.410199791
10246,0.398074329
10247,0.419968724
10248,0.427150577
10249,-0.524751782
10250,-0.466330498
10251,-0.144006506
10252,-0.419017047
10253,-0.475864768
10254,-0.426064551
10255,0.652251303
10256,-0.258321255
10257,-0.615440488
10258,-0.385659397
10259,0.057609372
10260,-0.097862914
10261,0.585062265
10262,0.049418181
10263,-0.320584774
10264,-0.302182108
10265,0.305873215
10266,0.560659111
10267,-0.175033167
10268,-0.543189585
10269,-0.049328048
10270,-0.395707369
10271,-0.539385736
10272,0.208904028
10273,0.381767303
10274,0.289604902
10275,0.157200217
10276,-0.05883944
10277,0.278312594
10278,0.351880342
10279,0.301401794
10280,0.350677878
10281,-0.021475933
10282,-0.075907096
10283,0.429093122
10284,0.297338665
10285,-0.115756154
10286,0.266183943
10287,-0.542750835
10288,0.332005024
10289,-0.607656002
10290,0.43037504
10291,0.560825884
10292,0.560569346
10293,0.051675737
10294,0.569402874
10295,0.151166737
10296,0.564950049
10297,-0.017357942
10298,-0.689335287
10299,0.535717666
10300,0.5698753
10301,-0.283943892
10302,-0.270443499
10303,0.373515069
10304,-0.394017696
10305,0.165760681
10306,-0.360818028
10307,0.067863859
10308,0.435929358
10309,-0.374046743
10310,-0.395539463
10311,-0.540454865
10312,-0.106483355
10313,0.519744575
10314,0.404904246
10315,-0.586165845
10316,0.147514299
10317,-0.498780698
10318,0.128885001
10319,0.386241704
10320,-0.538957953
10321,-0.150034279
10322,-0.435705483
10323,0.299834967
10324,-0.548823118
10325,0.177095056
10326,0.426192492
10327,-0.274042666
10328,0.003425974
10329,-0.218741804
10330,0.297354639
10331,-0.316487312
10332,-0.501851678
10333,0.59875381
10334,-0.133378357
10335,0.406454265
10336,0.098279074
10337,0.47849679
10338,-0.316564202
10339,-0.549958348
10340,0.29992494
10341,-0.401917875
10342,-0.048599306
10343,-0.438887477
10344,-0.523698568
10345,-0.619028449
10346,0.2763004
10347,-0.273608178
10348,-0.574073792
10349,0.402872771
10350,-0.392214388
10351,0.395978242
10352,0.207008377
10353,-0.429394603
10354,-0.597049236
10355,-0.609517217
10356,-0.313080668
10357,0.106528841
10358,0.411520869
10359,0.106976375
10360,0.088008419
10361,0.466830105
10362,0.142715335
10363,0.414836228
10364,0.564963937
10365,0.592956066
10366,0.106056407
10367,0.248998374
10368,0.255683392
10369,-0.494718879
10370,-0.36849755
10371,0.05863636
10372,0.438977361
10373,0.415013462
10374,0.527424395
10375,0.45183605
10376,-0.458716005
10377,-0.056561898
10378,-0.605891347
10379,0.079426691
10380,0.414105117
10381,0.366103172
10382,0.58663547
10383,-0.273426116
10384,0.090680405
10385,-0.229388416
10386,-0.20299314
10387,0.488231838
10388,0.441165447
10389,-0.583957911
10390,0.541734338
10391,-0.029896658
10392,-0.387509406
10393,-0.031346805
10394,-0.52336657
10395,-0.311301947
10396,0.441814154
10397,-0.030445665
10398,0.425601244
10399,0.014363751
10400,-0.32601729
10401,-0.433724076
10402,-0.368773311
10403,0.347692966
10404,0.588618517
10405,-0.303054333
10406,0.378513634
10407,0.628385782
10408,-0.332137793
10409,-0.13455525
10410,0.094893754
10411,0.560484052
10412,0.535645366
10413,-0.433247834
10414,-0.469753474
10415,0.180991828
10416,-0.34018895
10417,0.473536313
10418,-0.558749199
10419,-0.083937719
10420,-0.63030982
10421,-0.394413531
10422,-0.761719644
10423,-0.440710932
10424,-0.510015666
10425,-0.146995097
10426,-0.262299031
10427,0.257730007
10428,0.23985514
10429,-0.405447155
10430,-0.308607519
10431,-0.298592031
10432,-0.452432573
10433,0.287882864
10434,-0.153575152
10435,0.331856042
10436,-0.09196116
10437,-0.26065129
10438,0.521249175
10439,0.145139664
10440,-0.478256196
10441,0.187155545
10442,-0.341089725
10443,-0.298874229
10444,-0.520914257
10445,0.3555246
10446,0.524706483
10447,-0.045854017
10448,0.023125976
10449,-0.2523157
10450,-0.023987446
10451,-0.35754925
10452,-0.449972242
10453,0.51523602
10454,0.135519505
10455,-0.535900891
10456,-0.408911943
10457,-0.161185771
10458,0.126204938
10459,0.289555967
10460,0.544510245
10461,0.206623137
10462,-0.371118307
10463,-0.161073908
10464,-0.448830336
10465,-0.259669423
10466,-0.432200074
10467,-0.13124232
10468,0.368496686
10469,0.628040791
10470,0.22943604
10471,-0.036949035
10472,0.214596584
10473,0.459700108
10474,0.547174454
10475,0.401053548
10476,0.029957186
10477,0.345459223
10478,0.324707747
10479,0.215616047
10480,0.063592941
10481,-0.404670775
10482,0.251795173
10483,-0.417976439
10484,0.421693534
10485,0.581103206
10486,0.391373575
10487,-0.491470814
10488,-0.55435884
10489,0.372577816
10490,0.398973078
10491,0.530056119
10492,0.480699539
10493,-0.030514099
10494,0.609310687
10495,0.58052367
10496,0.15808472
10497,-0.149495631
10498,0.109838463
10499,0.436460495
10500,-0.674928606
10501,-0.320218086
10502,0.331828296
10503,0.247911334
10504,-0.445978642
10505,-0.254311264
10506,0.252034247
10507,0.398917377
10508,-0.192328691
10509,-0.059580483
10510,-0.308104128
10511,0.176159084
10512,0.615797102
10513,0.649803817
10514,0.328929663
10515,0.53354764
10516,0.345557421
10517,0.234942049
10518,-0.101476267
10519,-0.710452139
10520,0.422065705
10521,0.391539276
10522,-0.63582623
10523,-0.182660565
10524,0.183908015
10525,-0.187589541
10526,-0.302740097
10527,0.282588869
10528,-0.215513378
10529,0.422922105
10530,0.581978083
10531,0.316571265
10532,-0.339977443
10533,0.450559199
10534,-0.405170023
10535,0.448076457
10536,0.301811278
10537,-0.319998324
10538,0.522390962
10539,0.249688238
10540,0.231974617
10541,-0.273876637
10542,0.047626562
10543,-0.624099493
10544,-0.145268083
10545,-0.485333741
10546,0.519250333
10547,0.527722239
10548,0.41977036
10549,0.628777146
10550,-0.264742851
10551,0.008690508
10552,0.339941025
10553,-0.495090187
10554,0.475985616
10555,0.382944196
10556,0.264268696
10557,-0.397152066
10558,-0.033205181
10559,-0.459528655
10560,0.58383286
10561,0.338996768
10562,0.086092129
10563,0.037288789
10564,0.060996011
10565,-0.492104143
10566,-0.372149467
10567,0.228156179
10568,0.582726479
10569,0.151653513
10570,0.413696051
10571,0.551583529
10572,-0.138502255
10573,-0.429431498
10574,-0.472182184
10575,-0.087390333
10576,-0.294282526
10577,0.00539171
10578,0.539340496
10579,0.191762477
10580,-0.535805285
10581,0.194539458
10582,-0.469685733
10583,0.045570523
10584,-0.678498447
10585,0.562258542
10586,-0.379563868
10587,-0.124608368
10588,-0.182019055
10589,0.311930865
10590,0.566176414
10591,0.466042429
10592,0.6082623
10593,0.07342568
10594,0.189386874
10595,-0.049126007
10596,0.391372442
10597,-0.461712718
10598,0.389212817
10599,0.218878523
10600,-0.508630216
10601,-0.265507787
10602,0.426905781
10603,0.386541337
10604,-0.508574605
10605,-0.345086336
10606,0.502124727
10607,-0.347109914
10608,0.257757932
10609,0.385561347
10610,-0.118736736
10611,0.585703135
10612,-0.477000535
10613,0.012167975
10614,-0.405892789
10615,-0.628862321
10616,0.514004827
10617,0.194192842
10618,0.163310498
10619,-0.309801459
10620,0.426751316
10621,0.338045478
10622,-0.232624888
10623,0.138537154
10624,0.148289546
10625,0.092317946
10626,0.589607477
10627,0.447100103
10628,0.619450331
10629,-0.159493744
10630,0.204483598
10631,-0.466298103
10632,-0.463143706
10633,-0.582171381
10634,-0.562169015
10635,-0.519204736
10636,-0.015393265
10637,0.248699129
10638,0.454819828
10639,0.324134648
10640,0.008931383
10641,-0.089912742
10642,-0.380160242
10643,0.464707851
10644,0.35382849
10645,0.327833354
10646,0.068897076
10647,0.131987482
10648,-0.335524857
10649,0.060079575
10650,-0.459343165
10651,0.113631725
10652,0.349431753
10653,-0.530801654
10654,0.426496595
10655,0.011038177
10656,0.341252178
10657,-0.471246421
10658,-0.56510663
10659,0.426099956
10660,0.489448398
10661,-0.258160889
10662,0.268370688
10663,-0.123814084
10664,0.101002924
10665,0.158381879
10666,0.133170187
10667,0.156704977
10668,0.260876179
10669,0.360553026
10670,0.183991969
10671,0.357337981
10672,-0.1815072
10673,-0.369957685
10674,-0.212592691
10675,-0.486014038
10676,-0.325545549
10677,-0.569396496
10678,0.392695636
10679,0.523096979
10680,-0.508770168
10681,0.46993503
10682,-0.282910794
10683,-0.503400385
10684,0.02377858
10685,0.23508817
10686,0.562764406
10687,-0.422901958
10688,0.237125993
10689,0.532147467
10690,-0.509726048
10691,-0.233437955
10692,-0.353732407
10693,-0.390817255
10694,0.426043391
10695,0.532297492
10696,0.46166122
10697,0.186283678
10698,0.032251082
10699,-0.411993623
10700,0.124856502
10701,-0.260956824
10702,-0.628183722
10703,-0.581019044
10704,-0.367054135
10705,-0.298970342
10706,-0.673636436
10707,0.068197116
10708,0.551743269
10709,0.540061772
10710,-0.191624075
10711,0.429821074
10712,0.595434308
10713,0.500447869
10714,0.645304024
10715,0.538753211
10716,-0.441235244
10717,-0.446567297
10718,-0.23060514
10719,-0.420779526
10720,-0.357682586
10721,-0.38408035
10722,0.492932379
10723,-0.368178248
10724,0.45181495
10725,0.354114234
10726,0.476047486
10727,0.233018905
10728,-0.092771828
10729,-0.129276007
10730,0.190409005
10731,0.26377213
10732,0.496411741
10733,0.379908025
10734,-0.470894754
10735,0.164813086
10736,-0.422881246
10737,-0.345188141
10738,0.320218682
10739,0.60488385
10740,-0.333741963
10741,-0.272159219
10742,-0.418289691
10743,-0.636094689
10744,0.212893039
10745,0.152780682
10746,0.383076489
10747,0.426263839
10748,-0.512026191
10749,-0.045639783
10750,0.327263445
10751,0.357024759
10752,0.530428469
10753,-0.100497365
10754,-0.465388358
10755,-0.489921927
10756,-0.186427072
10757,0.305992782
10758,-0.466125578
10759,-0.316926003
10760,-0.542182684
10761,-0.351251364
10762,0.060053524
10763,0.053930178
10764,-0.378904432
10765,-0.42670995
10766,-0.587028384
10767,0.066468723
10768,0.164984137
10769,-0.327698052
10770,0.347073436
10771,-0.38779062
10772,0.558032453
10773,-0.154506564
10774,-0.379267514
10775,-0.110938348
10776,0.117289789
10777,0.395595133
10778,0.421286792
10779,0.584106088
10780,-0.248598337
10781,-0.216282651
10782,-0.158919841
10783,-0.260110348
10784,0.52940923
10785,0.494903564
10786,0.477151096
10787,0.474341214
10788,0.511053085
10789,0.199731126
10790,0.34094578
10791,0.265289307
10792,0.519027829
10793,0.224402741
10794,0.072932377
10795,-0.298855245
10796,0.391370893
10797,0.458556026
10798,0.41446358
10799,0.547754169
10800,0.085520595
10801,-0.355753839
10802,0.445739388
10803,-0.36708352
10804,0.538878262
10805,-0.129481971
10806,0.05315201
10807,0.383429646
10808,0.557470322
10809,-0.466578543
10810,-0.282114804
10811,0.087382436
10812,-0.374576509
10813,-0.088399202
10814,0.726804852
10815,0.133476913
10816,0.140753165
10817,0.533562243
10818,0.357254118
10819,-0.034102194
10820,0.441420913
10821,0.54869467
10822,0.529201627
10823,-0.36784187
10824,0.227131635
10825,-0.143887609
10826,-0.366853148
10827,0.231002361
10828,-0.372663856
10829,-0.080680758
10830,-0.415863872
10831,0.504234254
10832,0.019209202
10833,-0.086046398
10834,0.346042216
10835,-0.133630738
10836,0.244316876
10837,0.302983999
10838,-0.421398878
10839,-0.399188727
10840,-0.300520271
10841,-0.43629694
10842,0.615437686
10843,-0.603154182
10844,0.370993823
10845,0.386752546
10846,0.189796284
10847,0.437366128
10848,0.088133901
10849,-0.681507826
10850,-0.469870239
10851,-0.526848316
10852,0.488144517
10853,0.520072341
10854,0.408126414
10855,-0.137100354
10856,-0.437431723
10857,-0.519628525
10858,-0.595096171
10859,0.518121243
10860,0.58234936
10861,-0.047790989
10862,0.055128694
10863,0.450029641
10864,-0.587577701
10865,-0.33671847
10866,-0.204666391
10867,0.364945322
10868,0.1838485
10869,0.54009366
10870,-0.405181706
10871,0.454878241
10872,0.599537194
10873,0.042034954
10874,0.238952547
10875,0.57473731
10876,-0.379222453
10877,-0.543146729
10878,-0.63955009
10879,0.144368142
10880,-0.068503141
10881,0.588966846
10882,0.525795817
10883,0.313602716
10884,0.352859974
10885,-0.501886845
10886,-0.259211838
10887,0.598989248
10888,-0.288969755
10889,0.062383138
10890,0.547495782
10891,-0.404070973
10892,-0.450274885
10893,-0.116495356
10894,-0.489082068
10895,-0.45323965
10896,-0.129600227
10897,-0.066184655
10898,-0.451731324
10899,-0.210122466
10900,-0.416718721
10901,0.451034129
10902,0.28785032
10903,-0.473250508
10904,-0.341236413
10905,0.053700522
10906,0.107089832
10907,-0.066189528
10908,0.581581175
10909,-0.219628349
10910,0.111217365
10911,-0.317279756
10912,0.44279474
10913,0.508055091
10914,0.551926017
10915,-0.311164349
10916,0.122371078
10917,0.497875482
10918,-0.438869417
10919,-0.344106853
10920,-0.636549711
10921,0.336115122
10922,0.335668564
10923,0.15320453
10924,-0.582153738
10925,-0.424971193
10926,-0.333013296
10927,0.437093228
10928,0.085270122
10929,-0.032374136
10930,-0.318354338
10931,0.50270313
10932,-0.687934756
10933,-0.613031507
10934,0.432852447
10935,-0.588004053
10936,0.388885856
10937,0.671007276
10938,0.233006001
10939,-0.271133602
10940,-0.12936002
10941,0.435249746
10942,0.472189128
10943,0.365375578
10944,-0.543313265
10945,-0.4856444
10946,-0.219985604
10947,-0.432578683
10948,-0.432494164
10949,-0.189815998
10950,-0.146935001
10951,0.306677461
10952,0.359333098
10953,0.103459448
10954,-0.41804862
10955,-0.44767642
10956,-0.536402047
10957,-0.520828605
10958,0.344162524
10959,-0.31015712
10960,-0.553402066
10961,0.598533869
10962,0.208778888
10963,-0.504861951
10964,0.540869236
10965,0.333644688
10966,-0.565379977
10967,0.556981742
10968,0.398355454
10969,0.216041774
10970,-0.459552437
10971,0.728923082
10972,-0.201120853
10973,0.157590419
10974,0.184904277
10975,-0.520456195
10976,0.306650996
10977,0.175903872
10978,-0.535953879
10979,0.478702128
10980,0.418302894
10981,-0.547723293
10982,0.062897369
10983,-0.356593966
10984,0.270015121
10985,0.415140927
10986,-0.469200701
10987,-0.009162404
10988,-0.115016215
10989,-0.467601776
10990,0.381110311
10991,0.290221244
10992,0.347427368
10993,-0.041883912
10994,0.414317369
10995,0.226011127
10996,-0.198043406
10997,-0.626705885
10998,-0.392885983
10999,-0.447766006
11000,-0.536251426
11001,0.193480253
11002,0.391561717
11003,0.253541559
11004,0.444104671
11005,-0.49174583
11006,0.542798042
11007,-0.538704753
11008,-0.570666313
11009,-0.39926672
11010,0.099736914
11011,0.479276419
11012,0.522978544
11013,-0.314217567
11014,-0.527952135
11015,-0.411257178
11016,-0.140112922
11017,0.461465955
11018,-0.259019405
11019,-0.475574374
11020,-0.459496856
11021,-0.033931538
11022,-0.126384318
11023,-0.211781785
11024,0.358964682
11025,0.208975077
11026,0.231194377
11027,0.094368935
11028,0.491348147
11029,0.643866062
11030,-0.02830983
11031,-0.326584905
11032,0.251141727
11033,0.275313854
11034,0.173057228
11035,-0.125888333
11036,0.51589334
11037,-0.098377451
11038,0.488360584
11039,-0.491737843
11040,-0.01848815
11041,-0.326685458
11042,-0.674390554
11043,-0.473600477
11044,-0.309188724
11045,0.280301094
11046,-0.489253581
11047,0.224555314
11048,-0.115774773
11049,0.252994806
11050,0.445171356
11051,0.299028695
11052,-0.562408924
11053,-0.678221107
11054,-0.161604166
11055,-0.429646701
11056,0.426011026
11057,0.518672109
11058,0.507846355
11059,0.269164562
11060,-0.199778974
11061,0.096818164
11062,-0.128208071
11063,0.553874254
11064,-0.189378768
11065,-0.563492537
11066,-0.449523538
11067,-0.419090569
11068,-0.100413963
11069,-0.46379745
11070,0.266023874
11071,-0.121401541
11072,-0.425874174
11073,0.064056277
11074,0.031363189
11075,-0.317781091
11076,-0.485607088
11077,0.014463678
11078,-0.341266245
11079,0.047211066
11080,0.321137846
11081,0.120469265
11082,0.419675589
11083,0.513152599
11084,0.461624026
11085,0.242974162
11086,-0.2411865
11087,0.41021201
11088,-0.310941517
11089,-0.564586997
11090,0.574375749
11091,0.53797853
11092,0.047302175
11093,0.433451116
11094,-0.299480408
11095,-0.489888579
11096,0.386788875
11097,0.358901113
11098,0.161082536
11099,0.292881548
11100,0.524815083
11101,0.55914098
11102,0.185969651
11103,-0.495749176
11104,0.267985493
11105,0.353071839
11106,0.632891417
11107,-0.675349712
11108,-0.035209119
11109,0.246072888
11110,-0.408546805
11111,-0.327808708
11112,-0.034249529
11113,-0.32309413
11114,0.58670193
11115,-0.335538507
11116,-0.324399233
11117,0.177727297
11118,-0.498909503
11119,0.088015661
11120,-0.288119018
11121,0.443801522
11122,-0.151916668
11123,0.009118795
11124,0.188058078
11125,0.23445037
11126,-0.271335185
11127,-0.269869894
11128,-0.641721725
11129,-0.329542369
11130,0.478467494
11131,0.118015036
11132,0.585475028
11133,-0.432924241
11134,-0.555050135
11135,0.402642488
11136,0.4943344
11137,-0.195978105
11138,-0.126738578
11139,-0.381584346
11140,0.326865792
11141,0.357956827
11142,-0.230551481
11143,0.458983839
11144,-0.167188108
11145,0.387708783
11146,-0.236356467
11147,0.471955478
11148,0.593072891
11149,0.193061277
11150,0.298733026
11151,0.516409159
11152,0.538743973
11153,-0.384720981
11154,-0.34816283
11155,-0.657724619
11156,0.141355872
11157,-0.453924626
11158,0.084050603
11159,0.411269486
11160,-0.077634118
11161,-0.523408771
11162,-0.569904685
11163,-0.491580307
11164,-0.447320223
11165,0.541691422
11166,-0.750109076
11167,0.166617081
11168,0.418692708
11169,0.318096846
11170,0.710878611
11171,0.309134245
11172,-0.52577889
11173,-0.459058821
11174,-0.527276814
11175,-0.343377233
11176,-0.05999285
11177,0.61749959
11178,0.320595086
11179,-0.435233504
11180,-0.249073148
11181,0.381819248
11182,-0.409829527
11183,0.461428791
11184,-0.452433378
11185,0.30149895
11186,-0.479280531
11187,0.009424187
11188,0.124403924
11189,-0.229900002
11190,0.230498016
11191,0.614112198
11192,0.452620566
11193,-0.117086247
11194,0.238531232
11195,-0.325345755
11196,-0.473378241
11197,0.405845046
11198,-0.460616231
11199,0.553087592
11200,0.238035858
11201,0.259803206
11202,-0.543471277
11203,-0.106884502
11204,0.513876498
11205,-0.389187485
11206,0.511313319
11207,-0.032125708
11208,-0.292502284
11209,0.169862196
11210,0.228984296
11211,0.306000471
11212,0.243373871
11213,0.299277663
11214,0.36976552
11215,0.406673461
11216,0.370972604
11217,0.078133442
11218,0.119706951
11219,-0.473297536
11220,0.403188407
11221,-0.133756012
11222,-0.113622911
11223,-0.323121846
11224,0.107361346
11225,-0.497000217
11226,-0.179773077
11227,0.549769282
11228,0.435629845
11229,0.021264784
11230,0.317927271
11231,-0.007920887
11232,0.432567358
11233,-0.586986542
11234,0.243974671
11235,0.272711515
11236,0.478602856
11237,-0.034348492
11238,0.412147343
11239,-0.319842696
11240,-0.433145404
11241,0.359502852
11242,-0.58357048
11243,0.086371124
11244,-0.16971156
11245,-0.379063785
11246,-0.381507993
11247,0.328147203
11248,0.439287066
11249,0.2410869
11250,-0.025045685
11251,0.17942664
11252,0.447428286
11253,-0.225136667
11254,-0.096739508
11255,-0.55408299
11256,0.241132289
11257,-0.094005734
11258,-0.504754901
11259,-0.317220986
11260,0.482181698
11261,0.26087445
11262,
11263,
11264,0.563444078
11265,0.438850671
11266,-0.078387491
11267,0.08554469
11268,-0.401237875
11269,-0.503792167
11270,-0.406145632
11271,0.144940168
11272,0.506221056
11273,-0.510345817
11274,-0.243112668
11275,0.251542985
11276,0.316437542
11277,-0.607322395
11278,0.365991354
11279,-0.142024398
11280,-0.438761711
11281,0.148524821
11282,0.3193084
11283,-0.313663632
11284,0.059187636
11285,0.315896273
11286,-0.187149644
11287,0.171535194
11288,0.243674338
11289,-0.611353695
11290,-0.049745433
11291,0.509465992
11292,0.335219681
11293,0.055365868
11294,0.570885777
11295,0.353015244
11296,-0.312134624
11297,0.172372788
11298,-0.345613599
11299,-0.335390031
11300,0.372422576
11301,0.280196905
11302,-0.053893626
11303,0.566271067
11304,0.429765075
11305,-0.405447006
11306,-0.051947754
11307,-0.040812828
11308,-0.250095487
11309,-0.502232671
11310,0.60463655
11311,-0.503205597
11312,-0.550690055
11313,-0.244059622
11314,-0.20864439
11315,0.04835951
11316,0.16554001
11317,-0.308814406
11318,0.016055904
11319,0.373968095
11320,0.440407842
11321,0.103355147
11322,-0.48898381
11323,0.0866616
11324,-0.419700027
11325,0.254589021
11326,0.126121938
11327,0.087069072
11328,-0.261910409
11329,0.474813521
11330,0.410573065
11331,-0.704206228
11332,0.15376088
11333,0.129767865
11334,0.501727462
11335,0.436056733
11336,-0.556598842
11337,-0.188400239
11338,0.352832526
11339,-0.540413499
11340,-0.175032347
11341,-0.26103124
11342,0.363308609
11343,0.465134323
11344,0.362092137
11345,0.083809383
11346,-0.139189065
11347,-0.130427971
11348,-0.560460448
11349,-0.430865467
11350,-0.47725606
11351,-0.30679065
11352,-0.293438256
11353,-0.164184079
11354,-0.350530505
11355,-0.281874597
11356,-0.506294489
11357,-0.380008101
11358,-0.181271419
11359,0.378160328
11360,-0.272475809
11361,0.34836328
11362,-0.383987844
11363,0.489747882
11364,0.190353587
11365,0.008986773
11366,0.022990234
11367,0.105583847
11368,0.377423078
11369,0.610939741
11370,-0.610439897
11371,-0.438069582
11372,-0.514377952
11373,-0.406688333
11374,0.012631699
11375,0.145374298
11376,0.518255472
11377,-0.5170663
11378,0.352693319
11379,0.506193161
11380,0.577090979
11381,0.091999821
11382,-0.124220282
11383,-0.395821273
11384,-0.510674655
11385,0.277790308
11386,0.333926141
11387,-0.463244319
11388,-0.230582014
11389,-0.33019489
11390,-0.122271873
11391,0.450375885
11392,0.28636694
11393,0.473249227
11394,0.429234356
11395,0.334214956
11396,-0.118980646
11397,0.459124148
11398,-0.206920713
11399,0.55033797
11400,0.425701141
11401,-0.229118183
11402,-0.520048141
11403,0.299673498
11404,-0.230636537
11405,-0.06845507
11406,0.463229418
11407,-0.284885734
11408,0.582317114
11409,0.289531112
11410,-0.395615786
11411,0.196984857
11412,-0.311378181
11413,-0.144528151
11414,0.316974282
11415,0.081455961
11416,0.581390977
11417,0.080688447
11418,0.133907035
11419,0.423685491
11420,-0.177939579
11421,-0.039612588
11422,-0.437410891
11423,0.164265096
11424,0.377887011
11425,0.453684956
11426,-0.275634348
11427,-0.342537105
11428,-0.362123251
11429,-0.326346576
11430,-0.528487742
11431,-0.484448314
11432,-0.07812421
11433,-0.545513272
11434,-0.173765674
11435,-0.603664696
11436,0.316409349
11437,-0.210301772
11438,-0.171041012
11439,0.203354239
11440,0.567825615
11441,0.582784653
11442,0.129001856
11443,-0.533142686
11444,0.008404821
11445,0.381374657
11446,0.209417686
11447,0.250999063
11448,-0.218492985
11449,0.410143793
11450,0.499076933
11451,-0.12193004
11452,0.300296843
11453,-0.524197578
11454,-0.447208226
11455,0.025800075
11456,-0.354835272
11457,-0.425717592
11458,0.473374695
11459,0.201438904
11460,-0.182961464
11461,-0.29531908
11462,-0.17055352
11463,-0.371254086
11464,0.275271535
11465,0.487825304
11466,0.332039177
11467,0.64466393
11468,-0.596848667
11469,-0.491997004
11470,0.024099251
11471,0.533882201
11472,-0.341613889
11473,0.102556109
11474,-0.304763436
11475,0.620642126
11476,0.338973939
11477,0.4234249
11478,0.441778392
11479,0.591738582
11480,-0.192860961
11481,0.241756707
11482,-0.565973639
11483,-0.551529408
11484,-0.101885073
11485,-0.324023843
11486,-0.10646005
11487,-0.541055799
11488,-0.229523107
11489,0.092215151
11490,-0.125752747
11491,0.106758289
11492,-0.461162031
11493,-0.052974384
11494,0.241727084
11495,-0.223359123
11496,0.120758146
11497,0.532669067
11498,-0.002570696
11499,0.240703121
11500,-0.424410343
11501,0.126243502
11502,0.08252582
11503,-0.64609623
11504,-0.178854376
11505,0.48162061
11506,0.601193488
11507,-0.418849498
11508,-0.37789166
11509,-0.045550797
11510,-0.37649259
11511,-0.570333242
11512,0.238185346
11513,-0.326695204
11514,0.396910906
11515,0.046865746
11516,0.432544291
11517,-0.267648667
11518,0.245352745
11519,-0.234516203
11520,0.449172825
11521,0.394935697
11522,0.570938587
11523,0.299585879
11524,-0.553829074
11525,-0.339161158
11526,-0.486016691
11527,-0.628050089
11528,-0.608098269
11529,0.126184717
11530,0.419779867
11531,0.285168558
11532,0.552625179
11533,0.484813869
11534,-0.554478228
11535,-0.478213042
11536,0.03704346
11537,-0.407807827
11538,-0.415841311
11539,-0.218148679
11540,0.565248311
11541,-0.421362817
11542,-0.288150132
11543,-0.338049173
11544,-0.511305928
11545,0.208640501
11546,0.575192928
11547,-0.526874423
11548,-0.557592094
11549,0.506308973
11550,0.457330346
11551,-0.021391254
11552,0.40002355
11553,-0.401457429
11554,0.417787492
11555,-0.145511389
11556,0.475851774
11557,0.538527191
11558,-0.096241176
11559,-0.104981422
11560,0.0687695
11561,-0.440142095
11562,0.318936169
11563,0.390729696
11564,0.101339914
11565,0.549583733
11566,0.314059377
11567,0.296376586
11568,0.523219287
11569,0.549272299
11570,-0.43273592
11571,-0.411423624
11572,0.268379927
11573,-0.356463969
11574,-0.489000618
11575,-0.161576509
11576,0.016392559
11577,0.322432131
11578,-0.453127503
11579,0.351722658
11580,-0.088060647
11581,0.32933569
11582,0.159962118
11583,0.135216966
11584,0.432201982
11585,0.133090734
11586,-0.00781153
11587,-0.367723286
11588,-0.434021622
11589,-0.420787632
11590,0.548868299
11591,0.473507613
11592,0.464942634
11593,0.260030985
11594,-0.297036588
11595,0.163499653
11596,-0.543853819
11597,-0.565333843
11598,-0.553969264
11599,0.401164472
11600,-0.198582485
11601,0.024675485
11602,0.040101178
11603,-0.391765267
11604,-0.401973844
11605,0.539691448
11606,0.456690341
11607,0.234785855
11608,-0.240912795
11609,-0.462925434
11610,-0.554651856
11611,-0.403085172
11612,0.234473169
11613,-0.549482882
11614,0.191430956
11615,0.047657691
11616,-0.124971576
11617,0.382031858
11618,-0.47525385
11619,-0.417300254
11620,-0.540556073
11621,-0.474048138
11622,-0.299993217
11623,-0.498927236
11624,0.360409021
11625,-0.010367706
11626,-0.345018625
11627,-0.468810856
11628,-0.271946639
11629,0.482178181
11630,0.375933677
11631,0.249815047
11632,0.393585026
11633,0.433298767
11634,0.251581013
11635,-0.592262924
11636,-0.512528062
11637,-0.234857455
11638,-0.008364428
11639,0.346762538
11640,-0.057328969
11641,0.42145741
11642,0.596620023
11643,-0.591883481
11644,0.352574348
11645,0.418430626
11646,0.405171156
11647,0.405804157
11648,0.210002661
11649,0.167637169
11650,-0.06654536
11651,0.585478187
11652,0.404213846
11653,0.310871273
11654,0.506178021
11655,0.472798288
11656,-0.022697382
11657,0.340351045
11658,-0.216836348
11659,-0.187753081
11660,0.399280965
11661,0.171005815
11662,0.604131222
11663,-0.542024255
11664,-0.032042503
11665,0.38138479
11666,-0.48896569
11667,-0.531271696
11668,0.139756426
11669,0.543711424
11670,0.431870073
11671,0.373168439
11672,0.41486448
11673,0.371040136
11674,-0.111016922
11675,-0.255385101
11676,0.452765524
11677,-0.380414367
11678,-0.114201456
11679,-0.338464737
11680,-0.268464744
11681,-0.343125582
11682,0.092295527
11683,0.461680204
11684,0.297210425
11685,-0.160824224
11686,-0.07641048
11687,0.385832429
11688,-0.521412611
11689,-0.477489859
11690,0.029305901
11691,0.448559016
11692,0.376288772
11693,0.424151719
11694,0.389219046
11695,0.26819697
11696,0.019192588
11697,-0.430969298
11698,0.242452651
11699,0.47997582
11700,0.389164478
11701,0.375231177
11702,0.512319565
11703,0.16951099
11704,-0.219762325
11705,-0.232310548
11706,-0.473001182
11707,-0.598859787
11708,0.318075478
11709,-0.251012743
11710,-0.262740284
11711,-0.118292391
11712,-0.477598608
11713,-0.223786205
11714,-0.427607626
11715,-0.286370188
11716,-0.429565012
11717,-0.432207584
11718,0.558983922
11719,0.417619526
11720,-0.084658273
11721,0.145992726
11722,-0.445874572
11723,-0.551712275
11724,-0.441485882
11725,0.615906417
11726,0.228272855
11727,0.079147682
11728,-0.491054773
11729,-0.376020759
11730,0.688400269
11731,0.028794631
11732,-0.434712797
11733,-0.400698602
11734,0.085087553
11735,0.13599664
11736,-0.193492204
11737,0.106418133
11738,0.513529837
11739,0.525880456
11740,-0.658179402
11741,0.431520402
11742,0.613798022
11743,0.178960428
11744,0.571278691
11745,0.450806022
11746,-0.696755528
11747,0.494508743
11748,0.341542333
11749,-0.052873775
11750,0.502711117
11751,-0.201419786
11752,0.431888461
11753,0.662023067
11754,0.118374616
11755,0.683266997
11756,0.377037048
11757,0.456933707
11758,-0.404955536
11759,-0.439632118
11760,0.242993787
11761,-0.331020057
11762,-0.563348055
11763,0.536167145
11764,-0.442994624
11765,0.485151142
11766,-0.047061849
11767,0.559852123
11768,-0.027373465
11769,0.460171402
11770,0.035792127
11771,0.265193701
11772,0.517956495
11773,-0.06671419
11774,0.253237545
11775,-0.524203897
11776,0.42069909
11777,0.295538545
11778,-0.523133516
11779,-0.18130146
11780,-0.66615957
11781,0.48231554
11782,0.466242552
11783,-0.34700197
11784,-0.453719854
11785,-0.260792017
11786,-0.17825985
11787,0.449338764
11788,0.389627904
11789,0.531125724
11790,0.264817268
11791,0.494434893
11792,-0.043026842
11793,-0.576430082
11794,-0.502898097
11795,-0.130676702
11796,0.634230971
11797,0.50060451
11798,-0.253213227
11799,0.321430862
11800,-0.487238407
11801,-0.030465359
11802,0.03720466
11803,-0.536401689
11804,0.463849247
11805,-0.339961648
11806,0.131711587
11807,-0.219837651
11808,-0.301314712
11809,-0.206878811
11810,-0.184296995
11811,0.00624755
11812,0.491168767
11813,-0.276205093
11814,-0.10339129
11815,0.235880986
11816,-0.456997544
11817,-0.037119545
11818,-0.194519639
11819,0.518300295
11820,0.5731107
11821,-0.140623599
11822,0.039007314
11823,0.114285566
11824,0.114629932
11825,0.198847026
11826,0.399716198
11827,0.39660114
11828,-0.007737964
11829,0.301323742
11830,-0.646629095
11831,-0.164212644
11832,-0.53774327
11833,0.28847608
11834,0.491968751
11835,0.513070822
11836,0.450573385
11837,0.270189255
11838,-0.545674443
11839,-0.692160249
11840,-0.445159733
11841,-0.213087827
11842,-0.538015246
11843,0.544489205
11844,-0.579987764
11845,-0.006729677
11846,-0.457384437
11847,0.530044317
11848,0.547904968
11849,0.452804029
11850,0.18239893
11851,-0.354881108
11852,-0.21667996
11853,-0.520864844
11854,-0.575367093
11855,-0.267820001
11856,0.057188325
11857,-0.68682301
11858,-0.326829791
11859,0.223229676
11860,0.152731553
11861,0.066706814
11862,-0.529964864
11863,-0.203453526
11864,-0.609434962
11865,-0.230885908
11866,-0.590209961
11867,-0.682976604
11868,-0.241974413
11869,0.472717404
11870,0.475289911
11871,-0.121115297
11872,-0.446397454
11873,-0.114533491
11874,-0.262616277
11875,0.037914276
11876,0.239721075
11877,-0.281145692
11878,-0.348499477
11879,-0.06628444
11880,-0.097796932
11881,-0.453305304
11882,0.538541079
11883,0.090397313
11884,0.565324664
11885,-0.639569879
11886,-0.567428231
11887,-0.539485335
11888,-0.221919119
11889,0.345684558
11890,0.027409099
11891,0.487209439
11892,0.399364561
11893,0.388742089
11894,0.568785846
11895,0.350491583
11896,0.149919987
11897,0.185819089
11898,0.417344034
11899,0.372635841
11900,-0.163543463
11901,-0.286841244
11902,-0.184670329
11903,0.335370064
11904,0.102476493
11905,-0.219119459
11906,-0.249314725
11907,0.14787519
11908,0.538968801
11909,0.611636639
11910,-0.347472847
11911,-0.400782347
11912,-0.47610718
11913,0.439959168
11914,0.477992386
11915,-0.601759613
11916,0.202403069
11917,0.604653656
11918,0.629852891
11919,0.316124916
11920,0.59424907
11921,0.349034399
11922,0.269981563
11923,0.108126394
11924,0.485610098
11925,0.490144819
11926,-0.115428276
11927,-0.590729713
11928,0.561180234
11929,-0.603117168
11930,0.495299369
11931,0.697789133
11932,-0.356961966
11933,-0.163290948
11934,0.397491783
11935,0.185262859
11936,0.025679138
11937,-0.424385488
11938,-0.144986749
11939,0.186515987
11940,0.207062185
11941,0.315917403
11942,-0.090632841
11943,0.417272329
11944,0.513390362
11945,-0.249644741
11946,0.554088175
11947,0.175118238
11948,0.397105366
11949,-0.217754334
11950,0.207511857
11951,0.147181571
11952,0.427091837
11953,-0.471452624
11954,-0.290480137
11955,0.315062702
11956,0.125894129
11957,-0.054149326
11958,0.7329005
11959,-0.071244992
11960,-0.401634872
11961,0.249023512
11962,-0.542860985
11963,-0.437148511
11964,-0.125252962
11965,0.33375296
11966,-0.182304412
11967,0.294421613
11968,-0.531645298
11969,-0.572136879
11970,-0.449874461
11971,0.13451384
11972,-9.27E-05
11973,0.233152762
11974,-0.146911904
11975,-0.297670245
11976,0.34471342
11977,0.310992867
11978,0.389561325
11979,0.399137914
11980,0.416794062
11981,-0.206949934
11982,-0.427422315
11983,0.115423024
11984,0.251752794
11985,-0.38563478
11986,-0.005383782
11987,0.20826596
11988,-0.076340668
11989,-0.425431579
11990,-0.607429385
11991,0.294982612
11992,0.293612093
11993,0.500702322
11994,-0.430026948
11995,-0.413886547
11996,-0.472260237
11997,0.130479053
11998,0.464443386
11999,-0.325168043
12000,0.021638837
12001,-0.469958127
12002,-0.381061316
12003,-0.575122476
12004,0.38179478
12005,-0.494298458
12006,-0.601932168
12007,0.484027386
12008,0.590528011
12009,0.500059128
12010,0.295776099
12011,-0.147583172
12012,0.004621014
12013,0.551325321
12014,0.209490061
12015,0.324983716
12016,0.221720457
12017,-0.158333749
12018,-0.408118248
12019,-0.508650303
12020,0.391540349
12021,0.43306604
12022,0.35979259
12023,-0.329374343
12024,0.508970857
12025,-0.621608555
12026,-0.562753439
12027,-0.570413291
12028,-0.285564005
12029,0.535293996
12030,-0.298915297
12031,-0.056943126
12032,-0.250134349
12033,0.554050148
12034,0.504991055
12035,0.599371254
12036,0.053087052
12037,0.443072379
12038,-0.583994567
12039,0.30276975
12040,-0.296602249
12041,0.514850855
12042,0.349813461
12043,0.530287385
12044,0.409406036
12045,0.129962802
12046,-0.434655786
12047,-0.574552953
12048,-0.091738999
12049,-0.252816021
12050,0.456573516
12051,-0.513300717
12052,-0.285176456
12053,0.4456819
12054,0.17875576
12055,-0.205339447
12056,0.25968495
12057,-0.652582407
12058,-0.477286607
12059,0.600923598
12060,-0.319292665
12061,0.462907195
12062,-0.446896255
12063,0.189890102
12064,-0.393605471
12065,-0.374995053
12066,-0.194050759
12067,-0.395335406
12068,-0.41242528
12069,0.342071801
12070,0.174348906
12071,-0.013093285
12072,-0.505827069
12073,0.557958424
12074,0.244078889
12075,0.374711305
12076,0.090552442
12077,0.47860688
12078,-0.085794225
12079,0.389460683
12080,-0.585203052
12081,-0.372595787
12082,-0.577707767
12083,0.383200347
12084,-0.02544035
12085,0.571062982
12086,-0.344597757
12087,-0.557061732
12088,0.486198187
12089,0.607797623
12090,-0.192364484
12091,-0.428090841
12092,0.021369085
12093,-0.223075479
12094,0.492406785
12095,-0.147562206
12096,-0.329186201
12097,-0.615207314
12098,-0.282232344
12099,-0.170720756
12100,0.39233011
12101,-0.480778962
12102,0.133714095
12103,-0.534781873
12104,0.444277734
12105,0.488437593
12106,-0.114470676
12107,0.436016262
12108,0.590483308
12109,-0.215660602
12110,-0.397016972
12111,-0.211865425
12112,0.040111385
12113,-0.40490979
12114,-0.283077687
12115,0.114498094
12116,0.414076179
12117,0.472328186
12118,0.240237311
12119,-0.191277057
12120,-0.320153534
12121,0.506767631
12122,-0.45581013
12123,-0.404967248
12124,-0.490035295
12125,-0.002675746
12126,-0.110785812
12127,-0.538758039
12128,0.303832054
12129,-0.163563684
12130,-0.469984591
12131,-0.505973339
12132,-0.511141062
12133,0.328978628
12134,0.183415815
12135,0.153661042
12136,0.115855597
12137,-0.23158437
12138,0.200494856
12139,0.3083947
12140,0.484493405
12141,0.314920604
12142,-0.213751182
12143,-0.541584849
12144,0.397708297
12145,-0.306161731
12146,-0.464125514
12147,-0.271737337
12148,-0.436172456
12149,-0.503123522
12150,-0.530624509
12151,0.407607615
12152,0.519167542
12153,-0.371681482
12154,0.560612321
12155,-0.085525982
12156,0.444494903
12157,-0.355164945
12158,0.559192181
12159,-0.364662886
12160,-0.157555401
12161,-0.492690861
12162,0.437617481
12163,-0.420269608
12164,-0.049266152
12165,0.003415423
12166,-0.357017487
12167,0.29002586
12168,0.576586723
12169,0.201682314
12170,0.434495747
12171,0.225033939
12172,0.181002557
12173,-0.638150334
12174,0.300985903
12175,0.087273531
12176,0.069355279
12177,0.555567443
12178,0.375255108
12179,0.586799026
12180,-0.594642043
12181,-0.114181064
12182,-0.419123501
12183,0.257594168
12184,-0.104148753
12185,0.492802829
12186,0.43135041
12187,0.526761115
12188,-0.586116672
12189,-0.385155857
12190,-0.476318121
12191,-0.318396389
12192,-0.3438012
12193,-0.581309199
12194,-0.031860761
12195,-0.144109532
12196,0.601486325
12197,-0.175542742
12198,0.132719621
12199,0.635768175
12200,-0.575499773
12201,0.310552597
12202,0.10201291
12203,-0.33101511
12204,-0.451729506
12205,0.080125496
12206,-0.126437396
12207,0.083664946
12208,0.580806732
12209,0.160217091
12210,0.485989958
12211,-0.433990687
12212,-0.526202559
12213,0.13118121
12214,0.456278801
12215,0.514254451
12216,-0.45822221
12217,-0.236675322
12218,-0.452921987
12219,-0.571341872
12220,0.104654334
12221,-0.147129342
12222,0.408919573
12223,0.589198709
12224,0.105189025
12225,0.190596387
12226,0.330582678
12227,-0.447124004
12228,0.55771029
12229,-0.558067381
12230,0.341952622
12231,0.345252424
12232,-0.175956756
12233,-0.173001125
12234,-0.532094121
12235,0.279657423
12236,-0.118033141
12237,-0.191359997
12238,0.506053925
12239,0.193801627
12240,0.560100555
12241,0.383691549
12242,-0.520410895
12243,-0.47159487
12244,0.191791207
12245,0.525801778
12246,0.464550376
12247,-0.47878921
12248,0.065149352
12249,0.509401798
12250,0.083779365
12251,0.227154464
12252,-0.517500937
12253,0.107221343
12254,-0.379392475
12255,0.412966013
12256,0.331810653
12257,0.08810249
12258,-0.338979155
12259,-0.46206373
12260,0.325944066
12261,0.445650101
12262,0.094601534
12263,0.397087961
12264,-0.324339181
12265,0.356286943
12266,0.527217388
12267,-0.479374886
12268,0.538523793
12269,0.041139651
12270,-0.001974177
12271,0.478727102
12272,0.35798043
12273,0.491934687
12274,0.306993425
12275,0.452481031
12276,0.643766284
12277,0.200740233
12278,0.160577759
12279,-0.072824143
12280,-0.334952325
12281,-0.414141536
12282,-0.085751444
12283,0.407114565
12284,0.201310337
12285,-0.331166327
12286,-0.394874722
12287,-0.431095243
12288,-0.096712396
12289,0.53685379
12290,0.08842697
12291,-0.031147607
12292,0.303337693
12293,-0.302786946
12294,-0.407974958
12295,-0.388890386
12296,-0.569570959
12297,-0.099018082
12298,-0.038092613
12299,-0.395438492
12300,0.488442838
12301,-0.311781973
12302,0.659566522
12303,-0.66857487
12304,-0.533114552
12305,-0.508461475
12306,0.126774251
12307,-0.257259786
12308,0.185144007
12309,0.210920453
12310,-0.062311426
12311,0.580469012
12312,0.565376997
12313,0.481616467
12314,0.424541265
12315,-0.544057369
12316,-0.448729515
12317,-0.523405313
12318,0.404700488
12319,0.235806659
12320,-0.433317691
12321,-0.033487685
12322,-0.517085314
12323,0.346964061
12324,0.231735349
12325,-0.537417769
12326,-0.391346157
12327,-0.608852923
12328,0.277972698
12329,0.535951734
12330,-0.426455915
12331,0.289325625
12332,0.592951179
12333,-0.480023652
12334,0.137763828
12335,-0.353517771
12336,0.419884145
12337,-0.451616436
12338,0.423655152
12339,0.134272799
12340,0.042521372
12341,0.437956989
12342,-0.316459358
12343,-0.214475036
12344,0.317755818
12345,-0.394818515
12346,0.540814996
12347,0.339139223
12348,0.106229857
12349,0.22285524
12350,0.347786635
12351,0.318225682
12352,0.163133323
12353,-0.379668474
12354,-0.449208677
12355,-0.23617059
12356,0.285417765
12357,0.292773366
12358,0.628864586
12359,-0.399096906
12360,0.379368424
12361,-0.47120294
12362,-0.256403387
12363,-0.270970225
12364,-0.522033095
12365,0.512661695
12366,0.174106658
12367,0.343990147
12368,-0.260374129
12369,-0.473790854
12370,-0.360149264
12371,-0.266760409
12372,0.57591939
12373,-0.472523421
12374,-0.236808538
12375,0.186414853
12376,-0.416497499
12377,-0.448991269
12378,0.063382924
12379,-0.34251076
12380,-0.131084844
12381,-0.303565085
12382,-0.418427587
12383,0.460543424
12384,-0.440886199
12385,-0.278354406
12386,-0.175237089
12387,-0.51247555
12388,-0.218709737
12389,0.188498214
12390,0.602017641
12391,-0.344104886
12392,0.100021854
12393,-0.524991393
12394,-0.451578349
12395,-0.65517199
12396,0.563971579
12397,-0.153729349
12398,-0.082234077
12399,0.631032467
12400,0.568805575
12401,0.548568249
12402,-0.467149705
12403,-0.418003947
12404,-0.197429508
12405,0.631558359
12406,-0.051584508
12407,0.332122982
12408,0.602312326
12409,-0.148595601
12410,-0.515168667
12411,0.39395225
12412,-0.408446789
12413,0.389157653
12414,0.132685333
12415,-0.422580481
12416,-0.316291064
12417,-0.362690717
12418,0.250959665
12419,0.305976242
12420,0.46391654
12421,0.168508425
12422,0.346970379
12423,0.275988638
12424,0.039281912
12425,-0.582157373
12426,0.539117813
12427,-0.560066044
12428,-0.530010462
12429,0.047424994
12430,-0.22372967
12431,-0.442857087
12432,-0.358964562
12433,-0.451769948
12434,0.30314973
12435,-0.477453172
12436,0.125555009
12437,0.379882127
12438,-0.488586009
12439,0.145272404
12440,0.464048177
12441,0.573795855
12442,-0.439073145
12443,0.486373544
12444,-0.07363759
12445,-0.214375511
12446,-0.498433709
12447,-0.278217554
12448,-0.410704374
12449,-0.041330032
12450,0.564878285
12451,-0.29093492
12452,0.457856596
12453,-0.363636225
12454,0.494454265
12455,0.02201077
12456,-0.437623918
12457,-0.138059825
12458,0.111627102
12459,0.209754527
12460,-0.458109617
12461,0.584748149
12462,-0.093178943
12463,-0.503304124
12464,-0.576615453
12465,0.152546167
12466,0.123463199
12467,0.209910169
12468,0.114113249
12469,0.149847507
12470,-0.555895567
12471,-0.403441519
12472,-0.418440521
12473,-0.314099729
12474,0.220801905
12475,-0.141491383
12476,-0.337069213
12477,-0.382734627
12478,-0.345066547
12479,0.485652715
12480,-0.314117461
12481,0.107914597
12482,0.499886394
12483,0.5286659
12484,0.478050262
12485,-0.486649334
12486,-0.386480391
12487,-0.299500495
12488,-0.552862883
12489,-0.479748249
12490,-0.500693619
12491,0.139895797
12492,0.439728498
12493,-0.501946092
12494,0.367842287
12495,-0.522719502
12496,0.143804759
12497,-0.568968236
12498,-0.409151077
12499,0.474381238
12500,0.621117115
12501,-0.342343688
12502,-0.137461036
12503,-0.032320239
12504,-0.234753892
12505,0.416599274
12506,0.505246818
12507,0.490887493
12508,0.278576851
12509,0.580823421
12510,-0.385352194
12511,-0.429660946
12512,-0.643654287
12513,-0.209973916
12514,
12515,
12516,0.515325785
12517,0.264641345
12518,-0.020125564
12519,-0.527054191
12520,-0.194170535
12521,-0.503238797
12522,-0.473964155
12523,0.289968908
12524,0.547219872
12525,-0.250734478
12526,0.430359513
12527,-0.341892362
12528,0.220055357
12529,0.564843059
12530,-0.432410032
12531,-0.663461804
12532,-0.326453358
12533,-0.659155309
12534,0.049595919
12535,-0.312212765
12536,0.387773752
12537,0.567663431
12538,0.524478674
12539,-0.521893859
12540,0.102146648
12541,-0.245325521
12542,-0.443385065
12543,-0.297925413
12544,-0.306278378
12545,0.233053982
12546,0.167772919
12547,0.186947107
12548,0.108538121
12549,-0.345799357
12550,0.463491797
12551,0.539117932
12552,0.217550769
12553,-0.137805104
12554,0.079800569
12555,-0.288595736
12556,-0.144306377
12557,0.550534964
12558,-0.172089696
12559,0.216615736
12560,0.570824683
12561,0.201348275
12562,-0.48974216
12563,-0.330465049
12564,-0.61929667
12565,-0.436828434
12566,-0.256586909
12567,0.21106863
12568,-0.363565028
12569,-0.32771647
12570,-0.090494826
12571,-0.568154156
12572,-0.379878819
12573,0.346757323
12574,0.464860082
12575,0.563022494
12576,0.424253285
12577,-0.161282092
12578,0.407390803
12579,0.51237458
12580,-0.123228699
12581,-0.427325726
12582,-0.307605833
12583,-0.052437384
12584,-0.478815407
12585,0.340389192
12586,0.224079251
12587,-0.522975922
12588,0.33573097
12589,-0.06894514
12590,-0.397141516
12591,0.065323912
12592,0.554884195
12593,0.518986046
12594,0.334355265
12595,-0.581352472
12596,-0.474908113
12597,-0.221983343
12598,0.354474187
12599,-0.234530509
12600,-0.570386529
12601,-0.418746233
12602,-0.347805977
12603,-0.305531621
12604,-0.354008555
12605,0.272720486
12606,0.413592696
12607,-0.574431479
12608,-0.335080802
12609,-0.433504462
12610,0.553494453
12611,0.490191281
12612,-0.116848245
12613,-0.158320963
12614,-0.271299332
12615,-0.092504397
12616,-0.533666611
12617,-0.398747772
12618,-0.370356619
12619,-0.262716472
12620,-0.160503894
12621,0.073783949
12622,0.477617443
12623,0.692169964
12624,0.615748525
12625,0.510890007
12626,0.289964646
12627,0.492305696
12628,-0.39382121
12629,-0.225562513
12630,-0.522377551
12631,0.204738438
12632,0.456499249
12633,0.22770527
12634,-0.512509584
12635,-0.026304539
12636,-0.442696095
12637,-0.142612964
12638,0.003376968
12639,-0.469728827
12640,0.01587639
12641,0.442151636
12642,0.503768921
12643,-0.470590889
12644,0.428631544
12645,0.397515625
12646,0.510752499
12647,-0.363620639
12648,0.27301234
12649,0.090624772
12650,0.555894911
12651,0.06651099
12652,-0.475706577
12653,-0.443199724
12654,-0.396401495
12655,-0.316383213
12656,-0.346978396
12657,-0.48116222
12658,-0.300330013
12659,0.113532871
12660,0.429132283
12661,-0.271651894
12662,0.479623079
12663,0.062925227
12664,0.419446588
12665,0.419496953
12666,-0.323140621
12667,0.28163597
12668,-0.116284616
12669,-0.46768707
12670,-0.523680925
12671,-0.32719928
12672,-0.365621865
12673,-0.577045679
12674,0.495419323
12675,0.426491052
12676,0.433187723
12677,0.134829506
12678,0.21744214
12679,0.096652523
12680,0.390975595
12681,-0.396388948
12682,-0.528143764
12683,-0.120981187
12684,-0.141181946
12685,0.040562525
12686,0.208803251
12687,0.576968491
12688,-0.23321566
12689,0.354090154
12690,-0.433266461
12691,-0.537407339
12692,-0.401040912
12693,0.41794014
12694,0.463390976
12695,0.220656052
12696,-0.329640031
12697,0.516080678
12698,0.584689915
12699,0.031838808
12700,0.532083511
12701,-0.060053065
12702,-0.534858584
12703,-0.424827218
12704,-0.410553515
12705,-0.370222062
12706,-0.094949707
12707,0.592965364
12708,-0.361830592
12709,-0.468812823
12710,0.121132977
12711,0.560069978
12712,-0.567357898
12713,-0.249125749
12714,0.258479774
12715,0.536759257
12716,0.257805675
12717,-0.128181696
12718,0.208515584
12719,0.437727779
12720,-0.161912799
12721,-0.517918587
12722,-0.224140078
12723,-0.479840875
12724,-0.308017761
12725,-0.425935686
12726,-0.294712067
12727,-0.390276551
12728,-0.496747494
12729,-0.517710686
12730,-0.567879796
12731,0.362551421
12732,-0.295778334
12733,-0.48436752
12734,-0.265450507
12735,-0.433383226
12736,0.311804622
12737,0.355238795
12738,-0.399987936
12739,0.349052787
12740,-0.140126541
12741,0.129149288
12742,0.501689911
12743,-0.313540429
12744,-0.46499157
12745,0.442321211
12746,-0.201280713
12747,-0.36615628
12748,-0.040238529
12749,0.507777572
12750,0.652870297
12751,-0.190369308
12752,-0.407645017
12753,-0.487355202
12754,0.52986896
12755,0.164663807
12756,-0.064477995
12757,-0.619592667
12758,0.444234937
12759,0.556002736
12760,0.495596558
12761,-0.60337317
12762,0.307837218
12763,0.200541079
12764,0.40403828
12765,-0.199851692
12766,-0.437370807
12767,-0.200992346
12768,-0.126528382
12769,0.388099909
12770,0.39108175
12771,-0.234826207
12772,0.299610615
12773,-0.423882663
12774,-0.183056206
12775,-0.435688496
12776,-0.532766163
12777,0.500653207
12778,0.108069859
12779,0.531977415
12780,-0.494932652
12781,-0.125638828
12782,0.463645458
12783,0.141679645
12784,-0.078111686
12785,-0.091252491
12786,-0.409708202
12787,-0.082668632
12788,0.129602388
12789,0.435172588
12790,-0.649610519
12791,0.162708521
12792,-0.361281037
12793,0.590322733
12794,-0.216415301
12795,0.473029017
12796,0.157282472
12797,0.078293078
12798,0.01937129
12799,-0.186177775
12800,-0.491902828
12801,-0.454357296
12802,0.40949899
12803,0.551836729
12804,-0.043386601
12805,0.101125769
12806,-0.152249292
12807,0.341562152
12808,0.248097956
12809,0.124710895
12810,0.003426097
12811,-0.055083431
12812,-0.208889633
12813,0.444342881
12814,0.222328663
12815,0.257738829
12816,-0.385094613
12817,-0.322017223
12818,-0.294036627
12819,0.11920391
12820,0.218352139
12821,0.493947029
12822,0.434152722
12823,-0.005506702
12824,0.420093447
12825,0.561604857
12826,0.564154387
12827,-0.263498783
12828,0.443295836
12829,-0.592995882
12830,-0.562513828
12831,-0.331721395
12832,-0.414659023
12833,-0.309625685
12834,-0.341111809
12835,0.564745545
12836,-0.448506653
12837,-0.401428044
12838,-0.442722201
12839,-0.501837969
12840,0.441835493
12841,0.294949085
12842,0.514397383
12843,0.467842162
12844,0.249793261
12845,0.346905529
12846,0.314228654
12847,-0.223577991
12848,-0.043049797
12849,0.091409683
12850,-0.326109648
12851,0.4742468
12852,0.5409531
12853,0.407579511
12854,0.510667205
12855,0.374731213
12856,-0.085034251
12857,0.314441562
12858,-0.128921181
12859,0.232927799
12860,-0.448212326
12861,-0.526833415
12862,-0.511816561
12863,-0.308787286
12864,-0.510447562
12865,0.109073669
12866,0.034835979
12867,-0.408917874
12868,0.331165969
12869,-0.470175385
12870,-0.295767069
12871,0.432485044
12872,0.319425881
12873,0.406863958
12874,0.244291231
12875,0.389275253
12876,-0.359476715
12877,-0.478718102
12878,-0.216504812
12879,-0.420425296
12880,0.091646537
12881,-0.174864888
12882,0.033148497
12883,0.294926167
12884,-0.099677153
12885,-0.555804908
12886,-0.402934253
12887,-0.326941848
12888,-0.030408319
12889,-0.163246155
12890,-0.525563836
12891,0.049455453
12892,0.559834957
12893,-0.447585225
12894,-0.138742924
12895,-0.293612897
12896,0.546714962
12897,-0.03350728
12898,0.479824871
12899,-0.60853672
12900,-0.059314094
12901,-0.271862477
12902,-0.157826692
12903,0.417535186
12904,0.609768271
12905,0.390666544
12906,0.378044099
12907,-0.54501307
12908,-0.465956867
12909,-0.38274014
12910,-0.540448308
12911,-0.516300082
12912,-0.546351969
12913,-0.511869729
12914,0.492893398
12915,-0.295938313
12916,-0.516658306
12917,0.519722164
12918,0.554251313
12919,0.613681912
12920,0.426206589
12921,-0.072039783
12922,-0.175564572
12923,-0.1550055
12924,-0.076579675
12925,0.388178915
12926,-0.456920564
12927,-0.540098727
12928,-0.285086185
12929,-0.193981916
12930,0.077010915
12931,0.487249732
12932,0.658075452
12933,-0.408407867
12934,-0.250582099
12935,0.45340398
12936,-0.592689097
12937,0.440813094
12938,-0.328747123
12939,0.401868045
12940,-0.333827943
12941,-0.630282164
12942,0.003858723
12943,0.414961398
12944,0.132623494
12945,0.306379378
12946,-0.226907909
12947,0.143086672
12948,-0.084007382
12949,-0.323267519
12950,-0.349064589
12951,0.433610737
12952,0.232367784
12953,0.221925914
12954,-0.58054769
12955,-0.63822937
12956,-0.504143059
12957,0.66001755
12958,0.061397307
12959,0.066421628
12960,-0.561872303
12961,0.517791808
12962,-0.381817132
12963,0.043708533
12964,-0.130241513
12965,-0.229969472
12966,0.497694582
12967,-0.341304421
12968,0.122341074
12969,0.114688762
12970,-0.418220639
12971,0.410171956
12972,0.417974293
12973,0.369783759
12974,0.45106408
12975,0.570617974
12976,0.360728562
12977,-0.290725321
12978,-0.211902574
12979,-0.353341341
12980,0.264895886
12981,0.436562151
12982,0.493413061
12983,-0.584750891
12984,-0.182220817
12985,0.558125377
12986,-0.44642204
12987,-0.493977189
12988,-0.063294046
12989,0.040053204
12990,-0.443781853
12991,-0.371160448
12992,-0.416214943
12993,0.382610559
12994,-0.338349402
12995,-0.561503887
12996,-0.461987495
12997,0.069804408
12998,0.585898042
12999,0.386179805
13000,-0.151303083
13001,0.294577003
13002,-0.109446324
13003,-0.283622503
13004,-0.239838481
13005,-0.615927815
13006,0.132112563
13007,-0.404666454
13008,0.398818314
13009,-0.536570191
13010,-0.585525155
13011,-0.120409749
13012,0.296194255
13013,-0.57194382
13014,-0.344473153
13015,-0.530041218
13016,0.43981415
13017,0.455082536
13018,-0.03931535
13019,-0.108271003
13020,-0.297890425
13021,-0.3437154
13022,-0.421024173
13023,0.476922452
13024,0.5431903
13025,0.423521638
13026,-0.575677812
13027,0.051933467
13028,-0.109404393
13029,0.463341534
13030,0.534432173
13031,0.043670427
13032,0.293445706
13033,0.126028359
13034,-0.54198128
13035,-0.422460437
13036,0.214520782
13037,0.002270333
13038,-0.460723996
13039,0.383096725
13040,0.554952502
13041,-0.075916752
13042,-0.476003051
13043,0.319880873
13044,0.498067439
13045,-0.12425296
13046,-0.557429731
13047,0.408810586
13048,-0.516461194
13049,0.350797474
13050,0.063677102
13051,0.106952406
13052,0.417402834
13053,0.506267011
13054,0.115077391
13055,0.378970742
13056,-0.594083488
13057,0.148314252
13058,0.2827636
13059,0.571536303
13060,0.523331106
13061,0.510022521
13062,0.048741862
13063,-0.339819551
13064,0.162356645
13065,-0.384201169
13066,0.003639877
13067,-0.056815438
13068,-0.103132464
13069,0.35503009
13070,-0.432359934
13071,0.544769704
13072,0.442806333
13073,0.310534805
13074,0.593851268
13075,0.450703889
13076,-0.426988542
13077,-0.607866824
13078,-0.306873769
13079,-0.603789568
13080,-0.323169172
13081,-0.658774555
13082,-0.445760161
13083,0.426878154
13084,-0.453824699
13085,0.118815847
13086,-0.46582067
13087,-0.528726101
13088,-0.538682342
13089,-0.375859141
13090,-0.078352168
13091,-0.442274928
13092,-0.679248333
13093,-0.158648908
13094,0.255090296
13095,0.608284116
13096,0.563867688
13097,0.299571335
13098,0.503960848
13099,0.403795421
13100,0.344138712
13101,-0.039875999
13102,-0.367111444
13103,-0.417633057
13104,0.084634647
13105,-0.645368695
13106,-0.414757758
13107,0.356241971
13108,0.088458218
13109,0.02510377
13110,-0.360664934
13111,0.500187159
13112,-0.416995972
13113,0.065469727
13114,-0.274464488
13115,0.475007117
13116,0.193977103
13117,0.343819559
13118,-0.580655336
13119,-0.133643746
13120,0.144731686
13121,0.447955042
13122,-0.272735834
13123,-0.169307277
13124,-0.554989338
13125,0.38613528
13126,-0.478494048
13127,-0.509403467
13128,-0.223201185
13129,0.164062545
13130,-0.05088051
13131,-0.055207744
13132,-0.479922652
13133,-0.406994373
13134,-0.763584375
13135,0.498331666
13136,0.496874899
13137,-0.400622398
13138,-0.288615495
13139,-0.519753098
13140,0.255531937
13141,-0.365870595
13142,0.483588666
13143,-0.451182008
13144,-0.300798088
13145,0.204238683
13146,-0.339458495
13147,-0.389973462
13148,0.545897961
13149,0.493384719
13150,0.360248566
13151,0.462536097
13152,-0.481495798
13153,-0.53605324
13154,-0.164467871
13155,-0.114718609
13156,-0.318139404
13157,-0.176645428
13158,-0.497390002
13159,-0.199799195
13160,0.103092678
13161,-0.567664385
13162,-0.095427066
13163,0.207714826
13164,0.300349772
13165,-0.385881424
13166,-0.532149553
13167,-0.447339356
13168,0.305874407
13169,-0.046684042
13170,-0.070646614
13171,0.547184706
13172,-0.311897576
13173,-0.034242362
13174,0.015806846
13175,0.519055188
13176,0.52652508
13177,0.549840808
13178,0.362569571
13179,-0.635669053
13180,-0.383191407
13181,0.423138082
13182,0.452190071
13183,0.186945125
13184,0.225405604
13185,0.32195574
13186,-0.304522812
13187,-0.330916584
13188,-0.214827523
13189,0.626104176
13190,0.157047182
13191,0.103706926
13192,0.595583856
13193,0.027604952
13194,-0.064505354
13195,-0.2308456
13196,0.533293605
13197,-0.234449446
13198,0.040361017
13199,-0.613108754
13200,0.303811908
13201,0.458177894
13202,0.659138978
13203,0.465474427
13204,0.482930064
13205,0.0498075
13206,-0.454012692
13207,0.135937363
13208,0.546550333
13209,-0.33524847
13210,0.327540338
13211,-0.21044679
13212,0.325853437
13213,-0.490778923
13214,-0.53972888
13215,0.526577711
13216,0.261649668
13217,-0.579891026
13218,-0.017011084
13219,-0.508325219
13220,0.52274859
13221,0.034669429
13222,-0.032109331
13223,0.436963618
13224,0.106881946
13225,-0.380331308
13226,-0.162636235
13227,-0.500334084
13228,-0.131432608
13229,0.415362328
13230,0.290323287
13231,-0.465518504
13232,-0.205380261
13233,-0.361862212
13234,-0.337572694
13235,-0.121586673
13236,-0.255065024
13237,-0.198214859
13238,0.12249022
13239,-0.474442184
13240,-0.546028733
13241,0.079465501
13242,0.344930828
13243,-0.264636517
13244,-0.394896418
13245,-0.678160071
13246,-0.514980435
13247,0.205046192
13248,-0.410324156
13249,-0.453268647
13250,-0.405846834
13251,-0.611791551
13252,0.340067059
13253,0.38415885
13254,0.469368756
13255,-0.385335743
13256,-0.514997542
13257,-0.314986914
13258,-0.615835547
13259,0.496771336
13260,0.419965148
13261,-0.48707217
13262,-0.007006295
13263,0.361254096
13264,-0.46805799
13265,-0.456097156
13266,0.089749411
13267,-0.396793514
13268,-0.380419731
13269,-0.228521675
13270,0.616050482
13271,0.323217183
13272,0.494566828
13273,-0.405949116
13274,0.449876845
13275,0.369572729
13276,-0.422715485
13277,-0.151552886
13278,0.313734531
13279,0.02092679
13280,0.261524975
13281,-0.196169034
13282,0.400061369
13283,0.235464156
13284,0.536440492
13285,0.265174508
13286,0.000233293
13287,-0.56666708
13288,0.205169573
13289,-0.489029467
13290,-0.423796713
13291,-0.513646305
13292,0.610016167
13293,0.36579147
13294,0.393302619
13295,0.430434585
13296,0.392603815
13297,-0.080111846
13298,0.610789299
13299,0.592050314
13300,0.473103106
13301,0.573212504
13302,-0.191479564
13303,0.104915217
13304,0.413348079
13305,0.444223583
13306,0.135017335
13307,-0.33530882
13308,0.247151047
13309,0.375694901
13310,-0.060770854
13311,0.144921035
13312,-0.465764701
13313,0.352982283
13314,0.675343394
13315,-0.05341959
13316,0.441344321
13317,0.365774095
13318,0.549391747
13319,0.4559955
13320,0.634323955
13321,-0.323020995
13322,-0.389628083
13323,-0.686274171
13324,-0.661996007
13325,0.285299271
13326,-0.255125344
13327,0.455307573
13328,0.44796133
13329,0.579653859
13330,0.340533137
13331,0.432443678
13332,-0.088608153
13333,-0.442144036
13334,-0.636536539
13335,-0.469587386
13336,0.319021463
13337,-0.301079094
13338,-0.351972818
13339,-0.606946588
13340,-0.268580616
13341,0.224741071
13342,-0.300917417
13343,0.131673232
13344,0.409441352
13345,-0.429864943
13346,0.454766273
13347,0.26875186
13348,0.484842151
13349,0.583879948
13350,-0.464048088
13351,0.683651447
13352,0.508662641
13353,-0.627399981
13354,0.241416797
13355,0.477012217
13356,-0.266853809
13357,0.467957377
13358,0.32448107
13359,0.450279593
13360,-0.346212327
13361,-0.523378551
13362,0.153509006
13363,0.541810751
13364,0.083775356
13365,0.324494302
13366,-0.212553352
13367,0.454759657
13368,0.412703186
13369,-0.004093662
13370,0.466420412
13371,0.218417257
13372,0.003818069
13373,-0.738881707
13374,-0.235146791
13375,-0.521653771
13376,0.095601283
13377,0.553393424
13378,0.033347614
13379,0.53215003
13380,0.093871124
13381,-0.104378223
13382,-0.079745039
13383,-0.329293221
13384,-0.361886322
13385,-0.337132543
13386,-0.023178652
13387,-0.138921767
13388,-0.503356576
13389,-0.019411787
13390,0.451255709
13391,0.606378019
13392,0.624200523
13393,-0.471589684
13394,-0.284287333
13395,0.268897891
13396,0.534640431
13397,0.060861487
13398,0.147613227
13399,-0.46343872
13400,-0.291563064
13401,-0.569427967
13402,0.253552854
13403,0.14280048
13404,0.205323905
13405,0.696464479
13406,0.081914261
13407,0.600625753
13408,-0.541445494
13409,-0.510269642
13410,0.490654588
13411,-0.489897758
13412,-0.591118574
13413,0.302635491
13414,0.599980831
13415,-0.518715918
13416,-0.213039622
13417,0.031605259
13418,0.26792711
13419,-0.055138189
13420,0.53762418
13421,0.365843594
13422,0.489365518
13423,0.144171491
13424,-0.427334309
13425,0.221969068
13426,-0.060608469
13427,-0.451624513
13428,-0.391033947
13429,-0.331916392
13430,0.532435298
13431,-0.198765308
13432,-0.209791869
13433,0.278331131
13434,0.346083313
13435,-0.618092537
13436,0.452441961
13437,0.266872108
13438,0.571543872
13439,-0.437618762
13440,-0.295027912
13441,-0.410980761
13442,0.315987378
13443,0.443079203
13444,0.611660719
13445,0.444416821
13446,-0.398222059
13447,0.017149359
13448,-0.599911928
13449,0.155870095
13450,0.045219902
13451,-0.039810285
13452,-0.456492215
13453,-0.667943597
13454,0.117480107
13455,0.574807048
13456,0.294106543
13457,0.441127151
13458,-0.392487228
13459,-0.622235775
13460,-0.37495181
13461,0.02345524
13462,-0.455075949
13463,0.371257901
13464,-0.228836432
13465,-0.463125378
13466,0.153381795
13467,0.539061248
13468,-0.389836669
13469,0.290578306
13470,0.567251623
13471,0.106497176
13472,-0.59853816
13473,0.200086594
13474,0.490582377
13475,0.514252663
13476,-0.175144851
13477,-0.372110993
13478,-0.284333676
13479,0.567739964
13480,-0.410618156
13481,-0.443434417
13482,-0.684740663
13483,0.529514253
13484,-0.456532925
13485,0.536313534
13486,0.204476327
13487,-0.187607586
13488,-0.169984728
13489,-0.136143118
13490,0.164343715
13491,-0.354182184
13492,-0.256498933
13493,-0.005310185
13494,-0.178477377
13495,-0.197578236
13496,0.454063803
13497,0.373634905
13498,0.402001202
13499,0.542971313
13500,-0.156064272
13501,-0.420776993
13502,-0.387343585
13503,-0.493555546
13504,-0.342635572
13505,0.331671119
13506,-0.158192694
13507,-0.206789836
13508,0.523070395
13509,0.44743228
13510,0.456043363
13511,0.410995185
13512,0.50485009
13513,0.462660223
13514,0.099546857
13515,-0.513404071
13516,-0.464043915
13517,0.325823665
13518,0.430751085
13519,-0.009690113
13520,-0.591172934
13521,0.440260649
13522,0.512638211
13523,0.463915765
13524,-0.231331855
13525,-0.174636185
13526,-0.426587164
13527,0.049256615
13528,-0.315416902
13529,-0.550051153
13530,-0.144584522
13531,-0.198735714
13532,0.638565421
13533,0.308986187
13534,0.441548198
13535,0.384922564
13536,-0.402090758
13537,-0.494511485
13538,0.486629546
13539,0.365319014
13540,0.37799111
13541,0.511114895
13542,-0.529988825
13543,-0.471531153
13544,0.374425232
13545,-0.17768836
13546,0.645999014
13547,-0.393848568
13548,0.345111072
13549,-0.308013737
13550,0.542894304
13551,-0.274633288
13552,-0.538543701
13553,-0.415531307
13554,-0.315953821
13555,0.04295307
13556,0.547842443
13557,0.64515233
13558,0.536079526
13559,-0.412780702
13560,0.533845961
13561,0.311368078
13562,0.652974546
13563,0.576762199
13564,0.285542369
13565,0.230109379
13566,0.187941954
13567,-0.212679505
13568,0.436811149
13569,0.518043816
13570,0.523482919
13571,0.568281412
13572,-0.097884841
13573,-0.405202866
13574,-0.593930006
13575,0.01958039
13576,-0.45827359
13577,0.60156846
13578,0.484394372
13579,0.227153316
13580,0.042586267
13581,0.325035036
13582,0.602898836
13583,-0.380711287
13584,-0.446166366
13585,-0.505659819
13586,0.151316315
13587,-0.275052756
13588,0.518570662
13589,-0.203732282
13590,-0.761207283
13591,0.581750631
13592,-0.195713848
13593,0.279344499
13594,0.113049306
13595,0.069463491
13596,-0.580928266
13597,-0.371919662
13598,0.488664508
13599,0.070228972
13600,-0.209955201
13601,-0.445248365
13602,0.42717582
13603,0.334740847
13604,0.27339077
13605,-0.420955181
13606,-0.000523536
13607,0.095791735
13608,0.568832457
13609,0.144073546
13610,0.203836247
13611,0.217537269
13612,0.330054879
13613,-0.180674523
13614,0.098710544
13615,0.162290201
13616,0.467657506
13617,0.462854832
13618,0.325589359
13619,-0.666917384
13620,0.361270696
13621,0.440595508
13622,0.480583668
13623,-0.485818088
13624,-0.599852324
13625,-0.008351766
13626,0.053633139
13627,0.334707052
13628,0.526004553
13629,-0.440102637
13630,0.01131776
13631,-0.639750004
13632,-0.229015142
13633,0.45629251
13634,-0.181406409
13635,0.057728577
13636,-0.566671729
13637,0.422154486
13638,0.28617236
13639,0.278657943
13640,-0.26186201
13641,-0.359778106
13642,-0.326788276
13643,-0.333722204
13644,-0.113898449
13645,-0.616419911
13646,-0.223659664
13647,-0.466185272
13648,-0.387156427
13649,-0.180504262
13650,-0.213347584
13651,-0.568498015
13652,0.00894564
13653,-0.34299475
13654,0.243422776
13655,-0.456842721
13656,0.221367896
13657,0.348638892
13658,0.411175549
13659,0.495513916
13660,-0.551791251
13661,0.348326117
13662,-0.714506328
13663,-0.297288537
13664,-0.33060652
13665,-0.395795614
13666,0.364342213
13667,0.5146842
13668,0.190671995
13669,0.184705168
13670,0.465960026
13671,-0.435259938
13672,-0.363496095
13673,-0.562870264
13674,0.489557028
13675,0.116181642
13676,-0.426549703
13677,0.562674999
13678,0.482401937
13679,0.387053519
13680,-0.227320805
13681,-0.25644356
13682,0.272909403
13683,0.586399913
13684,0.18715243
13685,-0.326524377
13686,-0.05642096
13687,0.383816302
13688,0.651191473
13689,0.471905529
13690,0.352984101
13691,0.397270262
13692,0.464696199
13693,-0.269360214
13694,0.61370337
13695,0.544863045
13696,0.124979213
13697,-0.171904877
13698,-0.313016891
13699,0.3187747
13700,-0.452332526
13701,-0.469907224
13702,-0.45541653
13703,0.187651724
13704,0.360940635
13705,0.099700674
13706,0.593329489
13707,-0.201817527
13708,0.122579128
13709,-0.01386106
13710,0.280438662
13711,0.33469373
13712,0.531252146
13713,-0.449187994
13714,0.237699211
13715,-0.627353549
13716,0.00618553
13717,0.325924128
13718,-0.278695524
13719,0.22371529
13720,0.363623738
13721,0.588767171
13722,0.04787486
13723,0.653538465
13724,-0.587623537
13725,-0.319706172
13726,0.072302952
13727,0.176506594
13728,-0.355913371
13729,-0.401184201
13730,-0.595856786
13731,-0.205723196
13732,-0.40343076
13733,-0.085604966
13734,-0.536175549
13735,0.234461367
13736,-0.177750945
13737,-0.51578474
13738,0.422587395
13739,0.119181223
13740,-0.577313423
13741,0.49880302
13742,0.032687165
13743,0.48108083
13744,-0.199165314
13745,-0.421769977
13746,0.098985009
13747,0.152721271
13748,-0.144646868
13749,0.399864972
13750,-0.519712687
13751,0.483025789
13752,-0.237869263
13753,0.209750742
13754,0.580633163
13755,0.678166986
13756,-0.574128151
13757,-0.384474635
13758,0.599492848
13759,0.450548112
13760,0.563447356
13761,0.083683521
13762,-0.354097188
13763,-0.02556555
13764,0.06729503
13765,
13766,
13767,0.376085937
13768,-0.080673486
13769,0.460471928
13770,-0.472420514
13771,-0.602150798
13772,0.051218893
13773,0.279417813
13774,0.526623249
13775,-0.148328304
13776,0.217247188
13777,-0.120089173
13778,-0.180864736
13779,0.029508237
13780,0.479284883
13781,-0.391190469
13782,-0.410921186
13783,0.477324963
13784,0.527795196
13785,-0.310976535
13786,0.36996004
13787,-0.48086679
13788,-0.502217114
13789,-0.362896591
13790,0.03550072
13791,0.194799542
13792,-0.533213258
13793,0.585582078
13794,-0.049897809
13795,0.494263738
13796,-0.688599467
13797,-0.105663314
13798,0.216092899
13799,-0.452237189
13800,0.400144517
13801,0.220273525
13802,0.354207516
13803,0.393947244
13804,0.566353798
13805,0.305375457
13806,0.580391467
13807,0.031877033
13808,0.065389164
13809,0.342548281
13810,0.057903815
13811,-0.357509255
13812,0.50507915
13813,0.222639412
13814,-0.540787399
13815,-0.563839495
13816,0.557389557
13817,-0.536137521
13818,0.088206068
13819,0.602487564
13820,0.417994857
13821,-0.258637935
13822,-0.657301486
13823,-0.494517744
13824,0.098999158
13825,-0.439155072
13826,0.688693821
13827,0.478183091
13828,-0.454312265
13829,-0.088574402
13830,-0.387070149
13831,-0.107358053
13832,-0.680701494
13833,-0.472470224
13834,-0.089082994
13835,-0.613056362
13836,-0.466936111
13837,0.21735099
13838,0.42433086
13839,0.678006411
13840,-0.555229306
13841,-0.293080419
13842,-0.258772552
13843,0.225032777
13844,0.076607697
13845,-0.621610641
13846,0.436577767
13847,-0.465634882
13848,0.175133944
13849,-0.26088655
13850,0.406212479
13851,-0.487702668
13852,-0.500750303
13853,-0.594260693
13854,-0.327533692
13855,0.384821653
13856,0.522601724
13857,0.487250865
13858,0.11994645
13859,-0.4862625
13860,-0.247667953
13861,0.616933286
13862,-0.511585176
13863,0.323800445
13864,0.592952073
13865,0.130314976
13866,0.556767225
13867,-0.403311551
13868,-0.487169981
13869,-0.491902232
13870,0.242237076
13871,-0.385807335
13872,0.693451047
13873,0.400120437
13874,-0.185335979
13875,-0.174396187
13876,0.296889901
13877,0.275375724
13878,-0.370303035
13879,0.464189291
13880,0.49468264
13881,-0.356052965
13882,0.655329883
13883,0.382777572
13884,-0.215967983
13885,0.620000064
13886,0.593546748
13887,0.166115046
13888,0.515007377
13889,-0.381507933
13890,-0.616179407
13891,0.097628519
13892,-0.406661272
13893,-0.323316336
13894,-0.109472603
13895,-0.286216289
13896,-0.464252591
13897,-0.418850422
13898,-0.421264172
13899,0.34973833
13900,0.610705137
13901,0.616518497
13902,0.545337319
13903,-0.089166343
13904,-0.045467876
13905,0.455470085
13906,0.420740932
13907,0.055021632
13908,0.487664074
13909,0.48274523
13910,0.131041169
13911,0.385652244
13912,-0.166760743
13913,0.450711042
13914,0.339694679
13915,-0.260700345
13916,-0.172289804
13917,-0.529071808
13918,0.096728832
13919,0.535986066
13920,0.581466675
13921,0.465662628
13922,-0.471435577
13923,-0.178186432
13924,0.235099092
13925,0.226312637
13926,0.012938354
13927,0.07785856
13928,-0.360537201
13929,0.418141335
13930,0.051434178
13931,0.154918045
13932,0.426616013
13933,-0.599260211
13934,-0.576306701
13935,0.303719819
13936,0.558361053
13937,-0.04787676
13938,-0.403605461
13939,0.419637173
13940,-0.690493345
13941,-0.505196214
13942,-0.511173725
13943,0.27996242
13944,-0.407658994
13945,0.517036438
13946,-0.599038124
13947,0.71568656
13948,-0.457244098
13949,0.566331863
13950,-0.604918778
13951,0.024267137
13952,-0.533297062
13953,-0.182821706
13954,-0.223014757
13955,0.26251018
13956,-0.025725283
13957,0.653883159
13958,0.382427722
13959,0.085607268
13960,0.355977237
13961,-0.380207539
13962,-0.229638785
13963,-0.758313179
13964,-0.277863503
13965,0.323908269
13966,0.506422043
13967,0.298227757
13968,0.108057946
13969,-0.56841588
13970,0.099996984
13971,-0.166410446
13972,-0.079953693
13973,-0.536961555
13974,-0.278609335
13975,-0.49874717
13976,-0.140890822
13977,0.37771371
13978,0.516906798
13979,0.506131232
13980,0.398560286
13981,0.344259143
13982,0.23697634
13983,0.245627463
13984,-0.265062779
13985,-0.327412486
13986,-0.016304169
13987,0.506736279
13988,-0.013237566
13989,0.417270154
13990,0.207839608
13991,0.401284158
13992,0.0589021
13993,-0.4811005
13994,-0.542421401
13995,0.073987529
13996,-0.394109875
13997,0.405523121
13998,0.513006806
13999,0.134951755
14000,0.551264048
14001,-0.058083896
14002,0.567314804
14003,0.364370883
14004,0.198211297
14005,0.606655121
14006,0.384247243
14007,-0.42137754
14008,-0.309034586
14009,0.191338807
14010,-0.130249083
14011,-0.228545293
14012,-0.035996847
14013,0.21859102
14014,-0.117066421
14015,0.502506018
14016,0.138150856
14017,-0.326279342
14018,0.208917364
14019,-0.353191167
14020,0.453846395
14021,-0.517497063
14022,0.50256902
14023,0.458521843
14024,0.547999322
14025,0.126165465
14026,-0.016303714
14027,0.249621391
14028,-0.375908464
14029,-0.493632555
14030,0.478559315
14031,0.23878023
14032,0.052466944
14033,0.174252838
14034,0.178120375
14035,0.166339844
14036,0.04072009
14037,0.394063205
14038,0.28699106
14039,0.516851485
14040,0.521785021
14041,-0.430005491
14042,0.217641771
14043,0.515518486
14044,0.479908347
14045,-0.351052046
14046,0.638186336
14047,0.41921711
14048,-0.021221638
14049,-0.401135564
14050,-0.406155914
14051,-0.593013644
14052,-0.358446598
14053,-0.483592123
14054,0.543397069
14055,0.587412834
14056,-0.383997977
14057,0.060830601
14058,-0.542107701
14059,-0.49865517
14060,0.083892956
14061,-0.565131068
14062,-0.008795921
14063,-0.095275752
14064,0.265812784
14065,0.578412294
14066,0.607419729
14067,-0.579620481
14068,-0.074675106
14069,-0.363011539
14070,-0.05526026
14071,-0.363534629
14072,0.456942976
14073,0.054638743
14074,-0.360543907
14075,-0.21928069
14076,0.210962623
14077,-0.520719588
14078,0.36800617
14079,0.569383025
14080,0.499362171
14081,-0.256113678
14082,-0.212393627
14083,-0.429158092
14084,-0.349219978
14085,-0.451200426
14086,0.277826101
14087,-0.420493484
14088,-0.353775531
14089,0.607499957
14090,0.038465805
14091,0.297466189
14092,0.003576279
14093,-0.519765139
14094,-0.040382609
14095,0.561975598
14096,-0.309387684
14097,-0.523502469
14098,-0.515930951
14099,-0.033328343
14100,-0.285260379
14101,-0.705517173
14102,0.211317942
14103,-0.336595178
14104,0.621033788
14105,0.360943228
14106,0.488409579
14107,-0.561221123
14108,-0.112898663
14109,0.057781179
14110,0.400212169
14111,-0.185686961
14112,-0.573228955
14113,0.185937434
14114,0.341995865
14115,0.051373314
14116,0.190522969
14117,-0.574836433
14118,0.259327471
14119,0.181527659
14120,-0.111112565
14121,0.508682787
14122,0.468523324
14123,0.025728095
14124,0.033339348
14125,-0.098638527
14126,0.324899346
14127,0.292286336
14128,-0.593128562
14129,-0.14163889
14130,-0.40227294
14131,-0.023917325
14132,0.530220509
14133,-0.567542434
14134,-0.572318912
14135,0.032874547
14136,-0.608847797
14137,-0.573888659
14138,0.421410114
14139,0.614460826
14140,0.270583034
14141,-0.240858287
14142,-0.561390221
14143,-0.054253466
14144,-0.594663799
14145,0.195756927
14146,-0.332433045
14147,0.600248218
14148,-0.075940236
14149,-0.29340753
14150,-0.254833877
14151,0.550917268
14152,0.358290881
14153,0.478806704
14154,0.219896644
14155,0.570528746
14156,0.686223745
14157,-0.059023842
14158,-0.472600818
14159,-0.244246244
14160,-0.492681503
14161,-0.152823478
14162,-0.390572846
14163,-0.524778962
14164,0.174206555
14165,0.638047338
14166,0.475400478
14167,-0.037381541
14168,-0.202306047
14169,-0.614452243
14170,0.366510332
14171,-0.158181936
14172,0.086408854
14173,0.160776377
14174,0.337656677
14175,0.377323031
14176,-0.016698662
14177,0.436057061
14178,-0.360958546
14179,-0.474088073
14180,0.457340777
14181,0.375631273
14182,0.1850788
14183,-0.655744076
14184,-0.184362203
14185,0.452842414
14186,0.687902689
14187,0.095626436
14188,0.026368516
14189,-0.309223294
14190,-0.106080376
14191,0.483685791
14192,0.321765959
14193,-0.351745069
14194,0.455563605
14195,0.353378117
14196,0.415871382
14197,0.381705761
14198,0.605307221
14199,-0.165583342
14200,0.372519463
14201,0.547524452
14202,0.242949396
14203,-0.706755817
14204,0.633355141
14205,-0.0630036
14206,0.238290176
14207,-0.024006702
14208,0.413889557
14209,0.338061869
14210,0.553708494
14211,-0.459144056
14212,-0.566050053
14213,0.203445777
14214,0.418615758
14215,-0.005328201
14216,-0.070286229
14217,-0.668020725
14218,-0.028054584
14219,-0.592705309
14220,-0.113621317
14221,-0.27349332
14222,-0.576164961
14223,-0.194118664
14224,0.340407133
14225,0.486633569
14226,0.170039773
14227,0.354764551
14228,0.331294417
14229,0.232157454
14230,0.035241358
14231,-0.08775641
14232,0.514849544
14233,0.374458671
14234,0.490379333
14235,0.469146609
14236,-0.515549898
14237,-0.284443766
14238,-0.35085085
14239,0.548034787
14240,0.48995623
14241,0.291955471
14242,0.337444872
14243,0.241325945
14244,0.366797507
14245,-0.272118688
14246,-0.307209104
14247,0.480040729
14248,-0.45929873
14249,-0.148989022
14250,-0.384134054
14251,0.470529795
14252,0.408308357
14253,-0.32316348
14254,-0.425384104
14255,-0.490805507
14256,0.043617278
14257,-0.413096189
14258,-0.03796858
14259,0.425558835
14260,0.570891857
14261,-0.468605936
14262,0.301390707
14263,-0.516627371
14264,-0.442547053
14265,-0.60946548
14266,-0.268258512
14267,-0.326864421
14268,0.456644773
14269,0.451032877
14270,0.048627686
14271,-0.245881215
14272,-0.547334135
14273,-0.381479919
14274,-0.511965036
14275,-0.442042321
14276,0.623402476
14277,0.345541447
14278,-0.123784766
14279,0.048818134
14280,0.128587589
14281,-0.520495653
14282,-0.406884402
14283,-0.236246735
14284,-0.635525525
14285,-0.293505907
14286,0.314089447
14287,-0.38496542
14288,-0.577113748
14289,-0.181196719
14290,-0.492371351
14291,0.028093114
14292,0.418867886
14293,0.19977887
14294,-0.263717622
14295,-0.234662727
14296,0.324836999
14297,0.595664978
14298,-0.019401388
14299,-0.217716008
14300,0.499566108
14301,0.495833188
14302,0.566631436
14303,0.054767519
14304,-0.063289568
14305,-0.191322118
14306,-0.505113065
14307,0.051350746
14308,-0.336861223
14309,0.526692331
14310,0.474919647
14311,0.089063011
14312,-0.26073283
14313,-0.253022969
14314,-0.629017949
14315,-0.601399958
14316,-0.520417631
14317,0.1281652
14318,0.46886465
14319,-0.175605297
14320,0.307791471
14321,-0.142961428
14322,-0.446527511
14323,-0.486142635
14324,0.257164478
14325,0.342214942
14326,-0.037071094
14327,0.460611612
14328,-0.436509848
14329,-0.486753196
14330,0.00192596
14331,0.20717518
14332,0.433954954
14333,0.469117731
14334,-0.216029868
14335,0.47461617
14336,0.064726532
14337,-0.635381103
14338,-0.284799874
14339,-0.596186817
14340,0.204572275
14341,0.083730906
14342,0.337287992
14343,-0.452684045
14344,-0.362167925
14345,0.460983723
14346,0.48096931
14347,0.297278106
14348,-0.361163974
14349,-0.273344129
14350,0.268072426
14351,0.464415371
14352,-0.376683593
14353,-0.331887007
14354,0.312826961
14355,-0.464751542
14356,-0.199751556
14357,0.417708814
14358,0.218027413
14359,0.476554215
14360,-0.308596343
14361,0.55632019
14362,-0.389434278
14363,-0.07789249
14364,0.459210157
14365,0.545444727
14366,0.38417691
14367,-0.046916768
14368,0.15061067
14369,0.186609417
14370,0.272569537
14371,0.402502835
14372,-0.359528005
14373,0.32537666
14374,0.409672707
14375,0.360615283
14376,0.488820642
14377,-0.283980638
14378,0.245368481
14379,0.173771471
14380,0.292547464
14381,-0.498905778
14382,0.143140435
14383,-0.286764115
14384,-0.421591282
14385,0.068213694
14386,-0.029476685
14387,0.248976648
14388,0.060917355
14389,0.27913934
14390,0.308571935
14391,-0.450123549
14392,0.169986784
14393,0.295389384
14394,-0.288829356
14395,0.526417732
14396,0.081896141
14397,-0.213107288
14398,0.529836178
14399,-0.380649269
14400,0.527042687
14401,0.239693731
14402,0.12771979
14403,0.38980782
14404,-0.015229605
14405,0.139832914
14406,0.416725159
14407,0.109118506
14408,0.335562766
14409,-0.437388808
14410,-0.334644616
14411,-0.286371142
14412,0.383844495
14413,0.033894695
14414,0.464276075
14415,-0.138522103
14416,-0.268076241
14417,0.426896214
14418,0.309432924
14419,-0.518605888
14420,-0.435011059
14421,-0.196274742
14422,-0.430907518
14423,-0.551962972
14424,0.450972974
14425,0.519918144
14426,0.350805521
14427,0.111914821
14428,-0.494835913
14429,-0.458395064
14430,-0.546027839
14431,-0.531714022
14432,0.418579608
14433,-0.257499754
14434,-0.593637586
14435,-0.376104295
14436,-0.37993902
14437,-0.035695001
14438,0.438203692
14439,0.133997083
14440,-0.510753274
14441,-0.395330727
14442,-0.106354833
14443,-0.134939283
14444,0.582500815
14445,0.531705916
14446,-0.178994477
14447,-0.346979022
14448,-0.519562006
14449,-0.631568193
14450,-0.441994727
14451,0.353062153
14452,0.129674375
14453,0.014048345
14454,-0.149293393
14455,-0.146994114
14456,-0.529585004
14457,-0.60103333
14458,-0.548894167
14459,0.622977436
14460,0.492390662
14461,0.129218727
14462,-0.425255924
14463,-0.575177491
14464,-0.071791597
14465,-0.118193433
14466,-0.437843084
14467,-0.299255073
14468,-0.339478731
14469,-0.45791477
14470,-0.091747627
14471,0.056144796
14472,-0.311959118
14473,-0.43810451
14474,-0.389567912
14475,-0.270249426
14476,0.058917351
14477,0.17515479
14478,-0.430185169
14479,-0.106617123
14480,-0.312590003
14481,0.561835766
14482,0.449889123
14483,0.376446843
14484,0.262336493
14485,0.006154388
14486,0.197807312
14487,-0.489182562
14488,-0.009725817
14489,-0.267122298
14490,0.447670579
14491,0.455897093
14492,0.186212301
14493,0.005045827
14494,0.326831967
14495,-0.366403699
14496,-0.037850194
14497,-0.425223827
14498,-0.469951868
14499,0.16019237
14500,0.405953079
14501,0.146033332
14502,0.471283823
14503,0.22365953
14504,-0.257399499
14505,-0.170953453
14506,0.648924112
14507,0.540108621
14508,0.449505061
14509,0.292714417
14510,0.160896853
14511,-0.429507285
14512,-0.690105677
14513,0.50501281
14514,0.283737153
14515,-0.043565415
14516,-0.211891711
14517,0.302719414
14518,-0.160561591
14519,-0.500232756
14520,-0.542844057
14521,-0.413744509
14522,0.331404567
14523,0.364034116
14524,0.401084125
14525,-0.155674711
14526,0.422298282
14527,0.459551364
14528,-0.305230498
14529,0.55726397
14530,-0.389294505
14531,-0.269306302
14532,-0.076807544
14533,0.284475833
14534,0.544527173
14535,-0.241668001
14536,-0.460567802
14537,0.255452514
14538,0.061357118
14539,0.208852738
14540,-0.408367634
14541,0.50768888
14542,0.325017303
14543,0.476740241
14544,-0.210337713
14545,0.152435958
14546,-0.240712911
14547,-0.019539475
14548,0.24558121
14549,-0.417771935
14550,-0.355801791
14551,0.44712621
14552,-0.111987159
14553,-0.414626867
14554,-0.521216571
14555,0.479604691
14556,-0.290083647
14557,0.492663503
14558,0.172082409
14559,-0.176398829
14560,-0.55523634
14561,0.281166434
14562,0.543433666
14563,0.438788921
14564,0.260192603
14565,-0.32403791
14566,0.584230423
14567,-0.57607758
14568,-0.488874525
14569,-0.595825672
14570,-0.234247476
14571,-0.15908584
14572,-0.459535897
14573,-0.498948872
14574,0.063750528
14575,0.057001542
14576,-0.346700162
14577,-0.437282652
14578,-0.507168055
14579,0.521966696
14580,0.391545713
14581,0.288821638
14582,0.513106465
14583,0.050833195
14584,0.074063264
14585,-0.488094181
14586,-0.23597236
14587,0.472784072
14588,-0.550321698
14589,-0.429202944
14590,0.194800898
14591,0.4261747
14592,-0.413844436
14593,-0.520869374
14594,-0.468317956
14595,0.582407415
14596,-0.199600145
14597,0.061853275
14598,-0.286401331
14599,-0.046883613
14600,0.068323895
14601,-0.316355228
14602,0.484391332
14603,0.068230808
14604,-0.443615705
14605,-0.461180121
14606,-0.465675205
14607,0.528157115
14608,0.199844509
14609,-0.220847934
14610,-0.474029571
14611,0.480183363
14612,-0.381600082
14613,0.282706231
14614,0.066410147
14615,0.422948062
14616,-0.197782844
14617,-0.571390867
14618,0.267754018
14619,0.337475955
14620,0.001316354
14621,0.556078076
14622,0.627292633
14623,0.551454365
14624,-0.556485355
14625,-0.528337479
14626,-0.112101369
14627,0.38827461
14628,-0.487358272
14629,-0.31803298
14630,-0.387202203
14631,-0.297383636
14632,-0.180513293
14633,-0.485790193
14634,-0.577407598
14635,-0.423189461
14636,0.453343034
14637,-0.238981664
14638,0.254250854
14639,-0.350260943
14640,-0.604863405
14641,-0.328030467
14642,-0.572753191
14643,-0.638897896
14644,-0.087546304
14645,0.248414561
14646,-0.469870836
14647,0.540757358
14648,0.160872415
14649,-0.157846093
14650,0.438544512
14651,0.599821925
14652,-0.501662195
14653,0.606985211
14654,0.339045405
14655,-0.165828794
14656,0.410835326
14657,0.517483473
14658,-0.378253818
14659,0.023653284
14660,0.069689207
14661,-0.024291418
14662,0.349856675
14663,-0.406806022
14664,-0.484139293
14665,-0.50275594
14666,0.239305928
14667,-0.507390201
14668,-0.532619238
14669,0.107410014
14670,0.484348029
14671,0.592367887
14672,0.598714709
14673,0.036521085
14674,-0.046898313
14675,0.389741719
14676,-0.212024942
14677,-0.508710027
14678,0.575741351
14679,0.618598461
14680,-0.432335645
14681,-0.030621175
14682,-0.282731682
14683,-0.34543705
14684,0.529328763
14685,0.21511656
14686,0.177795246
14687,-0.13815923
14688,0.066936731
14689,-0.705417752
14690,-0.526511133
14691,-0.141102389
14692,0.506132007
14693,0.313131243
14694,0.029437829
14695,-0.06650205
14696,0.353129625
14697,-0.226293325
14698,-0.112889744
14699,-0.33359161
14700,-0.211962461
14701,-0.364681035
14702,0.078864194
14703,-0.34812963
14704,-0.512827218
14705,-0.351850361
14706,-0.59550184
14707,0.523056686
14708,-0.179450035
14709,-0.493569225
14710,0.110407457
14711,0.539716721
14712,-0.407610416
14713,-0.189082861
14714,-0.376390219
14715,-0.42415604
14716,-0.120126039
14717,-0.414676607
14718,-0.441215783
14719,0.604813576
14720,0.41862008
14721,0.200518444
14722,0.170606285
14723,0.004768949
14724,-0.387919754
14725,-0.52688098
14726,-0.061238348
14727,0.037648663
14728,-0.241232812
14729,-0.534084857
14730,0.23967734
14731,0.234462649
14732,0.029706791
14733,0.335123241
14734,-0.354774773
14735,-0.485658407
14736,-0.060824178
14737,0.399769962
14738,-0.355579674
14739,-0.329547644
14740,-0.305256486
14741,0.073735312
14742,-0.559346557
14743,0.441447377
14744,0.384818524
14745,0.072860464
14746,-0.009369992
14747,0.230395317
14748,0.450773478
14749,0.487197161
14750,0.484179586
14751,-0.099627249
14752,-0.181330532
14753,0.511214256
14754,-0.420372903
14755,0.076931089
14756,0.212664872
14757,0.607003391
14758,-0.322494686
14759,0.203473285
14760,0.534515619
14761,0.081763402
14762,-0.214721292
14763,0.146401852
14764,0.404069215
14765,0.485012412
14766,0.271203637
14767,0.495610237
14768,0.482324958
14769,0.426448435
14770,0.408834606
14771,-0.341314554
14772,-0.052894466
14773,0.384773791
14774,0.20773156
14775,-0.46170029
14776,-0.230193019
14777,0.065025091
14778,-0.368604302
14779,-0.166715488
14780,-0.42763114
14781,-0.080578342
14782,-0.105400741
14783,0.432439685
14784,0.33460626
14785,-0.283912122
14786,-0.078920171
14787,-0.371901631
14788,0.319354355
14789,-0.145899892
14790,-0.038346719
14791,0.405061156
14792,0.510971367
14793,0.43261835
14794,-0.215710133
14795,-0.313523054
14796,-0.462400526
14797,0.195675403
14798,-0.031655043
14799,0.42263332
14800,0.278581321
14801,-0.029391468
14802,-0.453454971
14803,0.314342141
14804,-0.562513947
14805,-0.22321862
14806,0.46900937
14807,0.056705076
14808,-0.562619507
14809,-0.495987624
14810,0.563413858
14811,-0.305750936
14812,-0.47468102
14813,0.140308022
14814,-0.21898289
14815,-0.253959119
14816,-0.590161681
14817,-0.35958153
14818,-0.50527668
14819,-0.197125182
14820,-0.55316335
14821,-0.396511763
14822,-0.297136962
14823,0.27936548
14824,0.358837485
14825,0.462782562
14826,-0.464954674
14827,0.015399843
14828,-0.243570626
14829,-0.292011917
14830,0.052129425
14831,-0.357987016
14832,0.362336874
14833,-0.347307742
14834,-0.115744755
14835,0.395938307
14836,-0.026186053
14837,-0.567330241
14838,-0.527525663
14839,-0.291002452
14840,0.384149253
14841,-0.308297694
14842,0.393838167
14843,0.320962548
14844,-0.315703005
14845,-0.294761479
14846,-0.08724314
14847,0.431701392
14848,0.314075768
14849,0.082465388
14850,-0.239221141
14851,-0.336733758
14852,-0.429741442
14853,-0.346831143
14854,0.598513842
14855,0.60171032
14856,-0.59366703
14857,-0.481561959
14858,-0.58660543
14859,0.353157133
14860,-0.008990183
14861,-0.368004858
14862,0.201856956
14863,0.456784695
14864,-0.104383633
14865,-0.040661339
14866,0.448269129
14867,-0.367909193
14868,0.459806889
14869,-0.659380078
14870,0.490519285
14871,0.450807363
14872,0.63815546
14873,0.345294267
14874,0.478850842
14875,-0.284089506
14876,-0.185260147
14877,0.298837125
14878,0.37065053
14879,-0.108018115
14880,0.645215034
14881,0.129256383
14882,0.502355099
14883,0.088420257
14884,0.58194387
14885,-0.515144825
14886,-0.508340299
14887,-0.12870954
14888,0.485745192
14889,0.497502357
14890,0.678444862
14891,-0.556697726
14892,-0.320112139
14893,-0.042468451
14894,-0.167593494
14895,-0.589230418
14896,-0.491624147
14897,-0.235828787
14898,-0.296514183
14899,-0.473243654
14900,-0.016159272
14901,-0.510062933
14902,-0.643804252
14903,0.377752334
14904,-0.51830548
14905,0.330935359
14906,-0.119662508
14907,-0.463308543
14908,0.381136656
14909,-0.341605783
14910,-0.072788343
14911,-0.189626008
14912,0.446749389
14913,-0.459059596
14914,-0.423429459
14915,0.013145566
14916,-0.522079587
14917,-0.274990648
14918,0.020720325
14919,0.184865028
14920,0.10735248
14921,0.525102913
14922,-0.615931094
14923,-0.390265316
14924,-0.431922227
14925,-0.331580907
14926,0.452505291
14927,-0.394101232
14928,0.332474291
14929,0.566268444
14930,-0.179445297
14931,-0.407727063
14932,-0.335139751
14933,0.607590556
14934,-0.535987794
14935,0.599028826
14936,-0.435391247
14937,-0.480713457
14938,-0.300392628
14939,0.265193343
14940,0.071999341
14941,0.2555466
14942,0.345054209
14943,-0.065190181
14944,0.028729722
14945,-0.398784578
14946,-0.298702955
14947,-0.261326581
14948,0.600325584
14949,0.569088459
14950,-0.328787833
14951,-0.264439106
14952,0.355487376
14953,-0.49347803
14954,-0.525538206
14955,-0.394357353
14956,-0.284868717
14957,-0.447178483
14958,0.647617817
14959,0.128776997
14960,-0.384047538
14961,0.419296592
14962,-0.443261594
14963,-0.381848216
14964,0.31584242
14965,-0.019586798
14966,-0.391958237
14967,0.028839843
14968,0.055149984
14969,-0.297401965
14970,-0.496376604
14971,-0.00084573
14972,0.496952653
14973,-0.074830145
14974,0.111228883
14975,-0.322703898
14976,0.061414562
14977,0.426164001
14978,-0.433012307
14979,0.404709995
14980,-0.589053273
14981,-0.458807439
14982,0.120711841
14983,0.10919562
14984,0.450474262
14985,0.373812407
14986,0.350248158
14987,0.509381056
14988,-0.543997169
14989,-0.18897976
14990,0.61971128
14991,0.635499716
14992,0.301885992
14993,0.286927938
14994,-0.023255304
14995,0.159795806
14996,0.350859433
14997,0.309511244
14998,0.426954746
14999,0.582518101
15000,0.516514361
15001,0.649750352
15002,-0.008580551
15003,-0.468753725
15004,-0.527341485
15005,0.505549431
15006,0.06313017
15007,-0.210607022
15008,0.433214724
15009,0.290143579
15010,-0.32240361
15011,0.391307771
15012,0.642207026
15013,-0.556258023
15014,0.546739817
15015,0.371212333
15016,0.40375942
15017,
15018,
15019,0.214053988
15020,-0.047296137
15021,-0.399335653
15022,-0.639126182
15023,0.523628891
15024,0.426736593
15025,-0.622723222
15026,-0.337717175
15027,-0.3537862
15028,-0.589770198
15029,0.573261917
15030,-0.084621921
15031,0.189846963
15032,0.316972136
15033,0.396995842
15034,-0.137027025
15035,0.244542748
15036,0.480543554
15037,0.486932218
15038,-0.049983509
15039,0.370191932
15040,-0.442489505
15041,-0.027853057
15042,0.450409949
15043,0.309009135
15044,0.205192402
15045,0.508823693
15046,-0.279753774
15047,-0.182328463
15048,0.389534235
15049,-0.440480709
15050,0.385414451
15051,-0.536619961
15052,0.443135828
15053,0.531136394
15054,-0.518383324
15055,-0.422909051
15056,-0.567466795
15057,0.498174071
15058,0.349609166
15059,0.090248555
15060,-0.319927573
15061,0.594149113
15062,-0.442159593
15063,-0.346640259
15064,0.20045343
15065,0.568425238
15066,0.246362388
15067,-0.25007388
15068,0.063881107
15069,0.466299653
15070,0.033245333
15071,-0.41517967
15072,-0.627891004
15073,-0.073159292
15074,0.395380318
15075,0.160645261
15076,-0.271907687
15077,-0.427528739
15078,-0.366876483
15079,-0.432445765
15080,0.50814569
15081,0.515801668
15082,0.006856903
15083,-0.0109929
15084,-0.449160635
15085,0.319068134
15086,-0.355006248
15087,-0.531172335
15088,0.361679316
15089,0.309850991
15090,0.422991157
15091,0.177427173
15092,0.282559365
15093,0.685151875
15094,-0.389182448
15095,0.217361748
15096,0.127322301
15097,0.627672434
15098,0.388181627
15099,-0.443769395
15100,-0.503148556
15101,-0.415750176
15102,0.216544777
15103,-0.307750046
15104,-0.594768584
15105,-0.58171916
15106,0.111917116
15107,0.248246044
15108,0.431512922
15109,-0.445834935
15110,0.04391402
15111,-0.225664705
15112,-0.355871618
15113,0.198618367
15114,-0.094442181
15115,0.594262242
15116,-0.440897584
15117,-0.266227812
15118,0.48961693
15119,0.115406126
15120,0.451520026
15121,0.349950433
15122,0.449479699
15123,0.34025538
15124,-0.352286279
15125,-0.46597299
15126,-0.664823055
15127,0.592132449
15128,0.168576494
15129,0.408418059
15130,-0.28284663
15131,-0.298597604
15132,-0.199847296
15133,0.009105247
15134,-0.425558239
15135,-0.500793278
15136,-0.451072216
15137,-0.387050956
15138,-0.471930802
15139,-0.51236403
15140,0.011453189
15141,-0.264467657
15142,-0.126730382
15143,0.397279918
15144,-0.581165731
15145,0.100809194
15146,0.243041396
15147,0.605697632
15148,0.550790429
15149,0.532141924
15150,0.183490679
15151,-0.441640168
15152,-0.34101221
15153,-0.241044044
15154,-0.292811155
15155,-0.515128255
15156,-0.275480568
15157,0.3520661
15158,0.607263923
15159,-0.607248068
15160,-0.539014101
15161,-0.392947614
15162,0.264662951
15163,-0.036914557
15164,0.288975775
15165,0.552695215
15166,-0.068196408
15167,0.125591576
15168,0.3480407
15169,0.177319527
15170,0.268623114
15171,-0.443148971
15172,-0.363161802
15173,0.289411515
15174,-0.066082641
15175,-0.489590734
15176,-0.088007428
15177,0.075029366
15178,-0.478759289
15179,0.586405158
15180,-0.4445135
15181,-0.525669336
15182,0.552859545
15183,0.552351892
15184,0.015187971
15185,-0.270597517
15186,-0.164029524
15187,0.546165586
15188,-0.334134996
15189,0.310985148
15190,0.412938446
15191,0.314420849
15192,0.40290603
15193,0.580875278
15194,0.126095489
15195,0.399261266
15196,0.34100309
15197,-0.298940122
15198,-0.33709988
15199,0.327436209
15200,0.498636335
15201,0.065059379
15202,-0.37984699
15203,0.1044221
15204,-0.105869085
15205,0.443029881
15206,0.386567503
15207,0.697182417
15208,0.403692484
15209,-0.115817606
15210,-0.273636281
15211,0.016570393
15212,-0.404395342
15213,-0.550219774
15214,-0.616067171
15215,-0.358561993
15216,0.348054379
15217,-0.393496543
15218,-0.369215369
15219,0.076607578
15220,-0.558346629
15221,-0.388387978
15222,-0.244912684
15223,-0.51947248
15224,-0.289943606
15225,0.217814311
15226,-0.539119005
15227,-0.367051303
15228,-0.154054597
15229,0.530344486
15230,0.511522055
15231,0.325410545
15232,0.501681387
15233,-0.074437276
15234,0.225532174
15235,0.014754534
15236,-0.333867878
15237,-0.023172066
15238,0.024668425
15239,-0.450140655
15240,0.015248828
15241,-0.101087056
15242,-0.067641489
15243,0.42010206
15244,0.533663332
15245,-0.142552003
15246,-0.450675607
15247,-0.310373068
15248,0.468998402
15249,-0.529215574
15250,0.540480971
15251,-0.610211968
15252,-0.215650395
15253,0.227909118
15254,0.422987163
15255,0.519172013
15256,0.563009143
15257,0.397806406
15258,0.473029196
15259,0.235791355
15260,0.498082995
15261,-0.006938696
15262,-0.432797492
15263,0.544876516
15264,-0.469301105
15265,0.420840442
15266,-0.482177526
15267,-0.254289359
15268,-0.314265311
15269,-0.345991015
15270,-0.558062315
15271,0.459831208
15272,-0.069832578
15273,0.384745359
15274,-0.494166136
15275,0.45876658
15276,0.599222898
15277,0.478256017
15278,0.478462279
15279,0.104375236
15280,0.605806231
15281,0.234948561
15282,0.512666166
15283,0.300358355
15284,-0.518386722
15285,-0.15628022
15286,-0.491157442
15287,-0.296407342
15288,0.355243087
15289,0.451099873
15290,0.221830487
15291,0.374484181
15292,-0.345536321
15293,0.05825267
15294,0.278894931
15295,0.156179324
15296,-0.293952107
15297,-0.19367823
15298,-0.402479678
15299,0.533719838
15300,-0.577915788
15301,0.225654066
15302,-0.290791571
15303,0.575759292
15304,0.126684666
15305,-0.633219838
15306,-0.428438932
15307,-0.284041882
15308,0.432360649
15309,0.388533056
15310,0.266541004
15311,-0.315263808
15312,-0.465146571
15313,-0.446024179
15314,0.528591633
15315,0.387796909
15316,-0.618805289
15317,-0.364372522
15318,-0.523745775
15319,-0.190762132
15320,-0.468102545
15321,-0.058470923
15322,0.549085021
15323,0.183816478
15324,0.349048138
15325,-0.058169749
15326,-0.44895494
15327,0.104096271
15328,0.244880438
15329,0.001086261
15330,-0.237903699
15331,-0.510279477
15332,-0.071602836
15333,-0.563470304
15334,-0.004678108
15335,-0.671084285
15336,0.464606971
15337,0.384700328
15338,0.002535917
15339,-0.416986108
15340,0.266025394
15341,0.34232688
15342,-0.367494643
15343,-0.366486698
15344,-0.531448483
15345,-0.058834471
15346,0.282999545
15347,0.426439404
15348,0.399793804
15349,0.453930467
15350,-0.342017412
15351,-0.437585831
15352,-0.296454966
15353,-0.508550644
15354,-0.207575068
15355,0.270200968
15356,0.549103141
15357,0.401723206
15358,0.366799951
15359,-0.633694828
15360,-0.625317574
15361,-0.488844872
15362,0.336817086
15363,0.40624097
15364,0.514383256
15365,0.372781157
15366,0.487937301
15367,0.524021685
15368,-0.373402834
15369,-0.406160325
15370,-0.371153682
15371,-0.007068671
15372,-0.496617317
15373,0.316187024
15374,0.211823493
15375,0.110872254
15376,0.351139396
15377,0.091408178
15378,-0.630133212
15379,-0.485705197
15380,0.15043804
15381,0.489410937
15382,0.318609148
15383,-0.213811859
15384,0.588747859
15385,-0.436793089
15386,-0.695460737
15387,0.053703964
15388,0.351241112
15389,0.264978826
15390,-0.001599222
15391,0.078954175
15392,-0.039019212
15393,-0.166446522
15394,-0.390428126
15395,-0.263254881
15396,-0.196664333
15397,-0.049851589
15398,-0.617438614
15399,0.428340107
15400,0.181437224
15401,-0.192994252
15402,-0.391935766
15403,0.392171383
15404,-0.133172616
15405,0.0612083
15406,-0.528837025
15407,0.564907908
15408,0.611589551
15409,0.115180098
15410,0.520223379
15411,0.029912131
15412,0.259150624
15413,0.547669709
15414,-0.175656229
15415,0.469366491
15416,-0.356871188
15417,-0.308795691
15418,0.248438925
15419,0.444488049
15420,-0.555946767
15421,-0.128809452
15422,-0.431529462
15423,-0.699194729
15424,-0.24422577
15425,-0.384304941
15426,0.430472851
15427,-0.419142783
15428,0.653025985
15429,-0.56452775
15430,-0.469280928
15431,-0.512605667
15432,-0.601852417
15433,-0.284541965
15434,0.534733176
15435,-0.313554674
15436,0.155934125
15437,0.270225167
15438,0.190520927
15439,-0.1970153
15440,0.274821609
15441,-0.065340117
15442,-0.478218079
15443,-0.098532021
15444,-0.59116137
15445,0.421523631
15446,-0.253336161
15447,0.485075623
15448,-0.289856702
15449,-0.272921026
15450,-0.387723446
15451,-0.669800162
15452,-0.065239698
15453,0.501524329
15454,0.530190945
15455,0.335134208
15456,0.581328392
15457,-0.530443192
15458,0.401675165
15459,-0.469542205
15460,0.538115382
15461,0.445512712
15462,0.460053504
15463,-0.11230652
15464,0.30291149
15465,0.574734211
15466,0.140423715
15467,-0.021884412
15468,-0.479687303
15469,0.125363678
15470,0.250954568
15471,0.111693263
15472,-0.322186142
15473,-0.3159962
15474,-0.345232219
15475,-0.492428482
15476,0.130072564
15477,0.053431522
15478,-0.152548105
15479,-0.63343823
15480,-0.370943844
15481,0.450742543
15482,0.59069103
15483,0.339901596
15484,0.472673297
15485,0.188756227
15486,0.655485988
15487,0.564500511
15488,-0.168431699
15489,0.534623146
15490,-0.577323437
15491,0.007927205
15492,0.333938122
15493,0.079619676
15494,-0.402449787
15495,-0.073358282
15496,0.397052646
15497,0.030102663
15498,-0.492765039
15499,0.591474533
15500,0.480942637
15501,0.070008039
15502,-0.323015958
15503,-0.37135154
15504,-0.480219394
15505,-0.049360909
15506,0.484553754
15507,-0.493367434
15508,-0.007273778
15509,-0.437845767
15510,0.031509109
15511,-0.220508888
15512,-0.565587223
15513,-0.426081449
15514,0.365141302
15515,0.302317679
15516,0.257711917
15517,-0.35848403
15518,0.279459417
15519,0.283162504
15520,-0.07708399
15521,-0.257978439
15522,0.208663598
15523,-0.438791811
15524,-0.535177052
15525,-0.389933556
15526,-0.225941911
15527,-0.413955092
15528,-0.125770569
15529,0.409188032
15530,-0.539752126
15531,-0.53956598
15532,-0.461678267
15533,0.034885153
15534,0.267749071
15535,0.461474746
15536,0.57537663
15537,-0.602466404
15538,0.522078931
15539,0.116050199
15540,-0.159456849
15541,0.298460752
15542,0.530416608
15543,-0.524222136
15544,0.401252866
15545,-0.431094408
15546,0.242272079
15547,0.356869876
15548,0.420174986
15549,0.483463526
15550,0.53045249
15551,0.421841651
15552,-0.590446591
15553,0.244057238
15554,-0.395339787
15555,0.482213587
15556,-0.274516791
15557,-0.389912397
15558,0.535238385
15559,-0.28688997
15560,0.341450155
15561,-0.014336124
15562,0.459103644
15563,-0.614519835
15564,-0.460624099
15565,-0.134604961
15566,-0.242863372
15567,-0.095537826
15568,0.446253985
15569,0.410475284
15570,0.362080693
15571,-0.173864007
15572,0.223677799
15573,0.578831077
15574,0.062629655
15575,-0.386640787
15576,0.069784313
15577,0.370895982
15578,-0.003155686
15579,-0.035123229
15580,-0.546954393
15581,-0.29585284
15582,0.1466818
15583,0.26143533
15584,-0.407991916
15585,-0.472437024
15586,0.088838302
15587,-0.012333103
15588,0.234625354
15589,-0.443076998
15590,-0.362173617
15591,0.454921395
15592,0.257003188
15593,0.528023124
15594,0.333611906
15595,-0.513758421
15596,-0.386350363
15597,-0.46267277
15598,-0.135114789
15599,0.432317764
15600,0.531275749
15601,-0.227138728
15602,-0.566473603
15603,-0.124419898
15604,0.074402049
15605,0.347200543
15606,0.456607461
15607,0.468459904
15608,-0.452125669
15609,0.272817492
15610,-0.123218648
15611,-0.289417624
15612,-0.597631931
15613,0.49048838
15614,0.270623267
15615,-0.467633009
15616,0.474452406
15617,0.409969121
15618,0.383366168
15619,-0.192270711
15620,-0.527628601
15621,0.244136646
15622,0.507973671
15623,0.348865658
15624,-0.19641766
15625,-0.215357259
15626,-0.433746696
15627,0.036971655
15628,-0.093511388
15629,0.368430674
15630,0.507429242
15631,0.245745435
15632,0.434466571
15633,0.320046037
15634,-0.424722135
15635,-0.332427025
15636,0.546277404
15637,0.109419025
15638,0.261553377
15639,0.470767349
15640,0.075361095
15641,-0.171732813
15642,0.490089178
15643,-0.512021303
15644,-0.26356566
15645,-0.22968334
15646,0.432043314
15647,0.219944537
15648,-0.096662804
15649,-0.203302041
15650,-0.42145279
15651,-0.279057056
15652,0.331956208
15653,0.404579639
15654,-0.518093646
15655,-0.377055049
15656,0.285499841
15657,0.495584667
15658,0.261929899
15659,0.229362398
15660,0.282901943
15661,-0.389543861
15662,0.343192637
15663,0.444731027
15664,0.347289532
15665,0.49775669
15666,-0.63486588
15667,0.516061187
15668,0.566402078
15669,0.528532386
15670,0.361332536
15671,0.210483626
15672,0.144421399
15673,0.46424824
15674,-0.408994019
15675,-0.065221682
15676,-0.526594639
15677,-0.552078843
15678,-0.091312006
15679,0.47642675
15680,0.54070425
15681,-0.027177349
15682,0.348133087
15683,-0.231750727
15684,-0.390297264
15685,-0.114937752
15686,-0.263029367
15687,0.282851517
15688,-0.474110395
15689,0.560031414
15690,0.078636006
15691,-0.72624433
15692,-0.437813103
15693,-0.441499382
15694,-0.233089596
15695,-0.517282963
15696,0.287570924
15697,-0.066974148
15698,0.502369404
15699,-0.544677198
15700,0.540130854
15701,0.62164557
15702,0.33261162
15703,-0.581309676
15704,0.254002362
15705,0.498883188
15706,0.630429804
15707,-0.205896556
15708,0.172039211
15709,-0.43756333
15710,-0.439488053
15711,0.065639779
15712,-0.022373799
15713,-0.015223408
15714,-0.486930788
15715,0.378955126
15716,-0.060854003
15717,-0.030077962
15718,0.426446199
15719,-0.478679687
15720,-0.333857536
15721,-0.558191538
15722,-0.385254562
15723,-0.266957849
15724,-0.147045031
15725,0.44136095
15726,-0.599294066
15727,-0.430979073
15728,0.407968342
15729,0.34469083
15730,0.161326081
15731,-0.462721169
15732,-0.603817582
15733,0.611534536
15734,-0.135843128
15735,-0.034828857
15736,-0.161404118
15737,0.327433437
15738,0.220091611
15739,0.216751039
15740,0.209159091
15741,0.057568789
15742,0.149395451
15743,0.316390276
15744,0.457442522
15745,-0.704331636
15746,-0.355760634
15747,-0.05599568
15748,-0.287469923
15749,-0.255998313
15750,0.57383585
15751,0.221479341
15752,0.545586467
15753,-0.572640538
15754,-0.336306155
15755,-0.553174853
15756,-0.152564883
15757,-0.595796585
15758,-0.115730897
15759,0.046831999
15760,0.242715061
15761,-0.45403111
15762,0.09961509
15763,0.458949983
15764,0.243347526
15765,-0.514624298
15766,0.117003255
15767,-0.359241188
15768,0.038222611
15769,0.552917123
15770,0.585603952
15771,0.401245087
15772,-0.265846044
15773,-0.06432265
15774,0.143547982
15775,0.495488673
15776,-0.371965528
15777,-0.518435478
15778,-0.477070749
15779,-0.437478364
15780,-0.602754831
15781,-0.068494141
15782,-0.564418793
15783,0.30760473
15784,0.259192914
15785,-0.238280326
15786,0.410954028
15787,0.192724377
15788,-0.252716929
15789,-0.246420965
15790,0.366335303
15791,-0.383590728
15792,-0.227530003
15793,0.3364124
15794,-0.410039753
15795,0.38448
15796,-0.281686902
15797,-0.317493886
15798,0.507877648
15799,0.468433112
15800,-0.110377863
15801,-0.056310251
15802,0.663859248
15803,0.407716453
15804,-0.172724903
15805,-0.362369776
15806,-0.617344856
15807,0.464252293
15808,-0.353579581
15809,-0.252582252
15810,0.020332724
15811,0.588343561
15812,-0.374576986
15813,-0.517678857
15814,0.154969826
15815,0.328360766
15816,-0.280367494
15817,-0.08918412
15818,0.097094744
15819,-0.137716353
15820,-0.236516371
15821,0.180026188
15822,-0.331606716
15823,-0.426933914
15824,-0.021379536
15825,-0.394639045
15826,-0.429856896
15827,-0.441385567
15828,-0.331035197
15829,0.052005347
15830,0.480314255
15831,-0.366085052
15832,-0.399567306
15833,-0.232517421
15834,-0.464985818
15835,0.568451345
15836,0.264587969
15837,0.000562392
15838,0.282942176
15839,0.471700877
15840,0.41855666
15841,0.520428896
15842,0.460626543
15843,0.483073503
15844,0.075208113
15845,-0.125590831
15846,0.539485991
15847,0.093362205
15848,0.016680926
15849,0.24798426
15850,0.075642467
15851,0.031713277
15852,-0.61928606
15853,-0.599796653
15854,0.057805263
15855,0.541128695
15856,0.258300185
15857,0.539054513
15858,-0.103997782
15859,-0.357704341
15860,0.022214882
15861,0.453161001
15862,-0.041356958
15863,0.115433648
15864,0.126432091
15865,-0.389812469
15866,-0.563116193
15867,-0.034806654
15868,-0.312183738
15869,-0.265060067
15870,-0.587203264
15871,0.103164256
15872,-0.046464942
15873,0.03421155
15874,0.26988554
15875,-0.524411321
15876,-0.468123257
15877,0.38585639
15878,0.199244305
15879,-0.63490653
15880,0.569622517
15881,0.252103388
15882,0.39705047
15883,-0.154866189
15884,0.330481559
15885,-0.606870294
15886,-0.285169125
15887,0.28209573
15888,0.467277944
15889,-0.572755456
15890,-0.664463699
15891,0.321465433
15892,-0.44610399
15893,-0.39783603
15894,0.058542918
15895,-0.556264281
15896,0.403747559
15897,-0.290959537
15898,0.406331718
15899,0.130477309
15900,-0.409030855
15901,-0.449745119
15902,-0.444769442
15903,-0.402644575
15904,0.332098424
15905,-0.101819202
15906,0.419167548
15907,0.364450991
15908,0.494743586
15909,-0.554780304
15910,0.389330149
15911,0.467756033
15912,0.181673065
15913,0.438849568
15914,-0.349291861
15915,-0.135817006
15916,0.058361173
15917,0.296505481
15918,-0.548670292
15919,-0.515233517
15920,0.05443418
15921,0.581811905
15922,-0.001073401
15923,-0.452435106
15924,-0.344989091
15925,-0.135847509
15926,-0.12474028
15927,0.19538869
15928,0.470435709
15929,0.018072255
15930,-0.315426558
15931,0.462503493
15932,0.594461799
15933,0.476986557
15934,-0.009884495
15935,-0.379569262
15936,0.392721176
15937,-0.363276482
15938,0.285021901
15939,-0.070541888
15940,0.379875034
15941,0.428949416
15942,-0.465430468
15943,-0.241944
15944,0.367389888
15945,-0.031018704
15946,0.256743491
15947,0.114244223
15948,0.257508695
15949,-0.528455615
15950,-0.480257213
15951,0.711423159
15952,0.092664577
15953,-0.412523329
15954,-0.167054474
15955,-0.083256572
15956,0.511235714
15957,-0.051415667
15958,0.067759782
15959,-0.368087471
15960,-0.441291302
15961,-0.441999793
15962,-0.154543415
15963,-0.516389191
15964,-0.126525968
15965,-0.400484324
15966,-0.518269002
15967,0.515114307
15968,0.045412891
15969,0.097786538
15970,0.532344818
15971,0.538449287
15972,0.032249201
15973,0.181533754
15974,0.241252929
15975,-0.359853774
15976,-0.382065505
15977,0.154339761
15978,-0.52925539
15979,-0.143667117
15980,0.454827428
15981,0.194891691
15982,0.054884311
15983,-0.113633648
15984,0.551138222
15985,0.632301092
15986,0.268401235
15987,0.53484714
15988,-0.295935243
15989,-0.678970933
15990,-0.395062327
15991,-0.097325079
15992,-0.046010464
15993,0.245755792
15994,-0.604952157
15995,-0.191561416
15996,-0.591462314
15997,0.472527474
15998,-0.55216229
15999,0.462954521
16000,0.521204293
16001,-0.033993628
16002,-0.274170607
16003,-0.038990092
16004,0.245259285
16005,-0.484671921
16006,-0.628149033
16007,-0.360242546
16008,-0.557894588
16009,0.287024856
16010,-0.293690145
16011,0.103934884
16012,0.596130788
16013,-0.310965657
16014,-0.009949796
16015,0.373222709
16016,-0.294934332
16017,0.136334628
16018,0.691527009
16019,0.438223273
16020,0.53367579
16021,-0.452777386
16022,0.38188532
16023,0.270254374
16024,0.547228336
16025,0.416833401
16026,-0.135284692
16027,-0.612239599
16028,0.629849195
16029,0.067734346
16030,0.225745738
16031,0.495002866
16032,0.506622016
16033,-0.097289316
16034,-0.055055819
16035,-0.484112531
16036,-0.556215525
16037,-0.561216712
16038,-0.56093055
16039,-0.40307647
16040,0.314812392
16041,-0.268290907
16042,0.033064768
16043,0.036212809
16044,0.306550831
16045,0.312582314
16046,0.53159368
16047,0.618964553
16048,0.531401157
16049,0.172248065
16050,-0.129522488
16051,-0.416687965
16052,-0.415872931
16053,0.288790733
16054,-0.608736098
16055,0.183737248
16056,0.500965118
16057,0.10966289
16058,0.261662245
16059,-0.425819218
16060,-0.390267879
16061,-0.222782135
16062,0.426031172
16063,0.064280771
16064,-0.134773344
16065,0.588307321
16066,-0.514823794
16067,-0.552389562
16068,0.421227098
16069,0.429814398
16070,-0.038228672
16071,0.459720135
16072,-0.526074052
16073,0.099030063
16074,-0.486296803
16075,0.39257282
16076,-0.34681052
16077,-0.00436984
16078,-0.094126083
16079,0.201121658
16080,-0.503979325
16081,0.311607569
16082,-0.433681488
16083,0.374200225
16084,0.28367272
16085,0.159609661
16086,-0.410784066
16087,-0.194818616
16088,0.280016154
16089,0.626376987
16090,0.216250837
16091,0.236301377
16092,0.512679577
16093,-0.179987073
16094,0.583333433
16095,0.240218937
16096,-0.374292105
16097,0.137245059
16098,0.246739998
16099,0.535975337
16100,-0.403789431
16101,0.37086615
16102,0.165339977
16103,-0.29421559
16104,0.411431581
16105,-0.623503089
16106,-0.148515522
16107,0.425833791
16108,0.423736215
16109,-0.444006026
16110,-0.419144809
16111,0.014372077
16112,0.214713454
16113,-0.377442747
16114,-0.339993238
16115,0.37518543
16116,0.31888482
16117,0.473633409
16118,-0.385812759
16119,-0.31603846
16120,0.171435252
16121,-0.248536453
16122,-0.510466635
16123,0.316385031
16124,-0.185104862
16125,0.578197122
16126,0.122305185
16127,-0.065609708
16128,0.341845453
16129,0.169960931
16130,-0.146000281
16131,0.409332037
16132,0.607302308
16133,0.578282356
16134,-0.211218357
16135,0.428415447
16136,0.491540402
16137,0.31213814
16138,-0.193750829
16139,0.383898109
16140,-0.367731214
16141,-0.17129384
16142,-0.458684862
16143,-0.601181567
16144,0.170296043
16145,0.534462452
16146,0.159974903
16147,0.575612903
16148,-0.062507004
16149,0.704263806
16150,-0.23866488
16151,-0.595325351
16152,0.45051229
16153,-0.385795832
16154,-0.428707778
16155,-0.554377437
16156,-0.534249783
16157,-0.632377088
16158,0.504035294
16159,0.49511224
16160,-0.079502955
16161,-0.438720942
16162,-0.274421155
16163,0.760143161
16164,0.356244713
16165,0.078688234
16166,-0.048054561
16167,0.049317583
16168,0.022220545
16169,0.032956988
16170,0.308546156
16171,0.262358069
16172,-0.298105836
16173,-0.490175486
16174,-0.22566992
16175,-0.404687643
16176,0.350332856
16177,-0.355755448
16178,-0.540196717
16179,-0.391112804
16180,-0.579052269
16181,-0.262353837
16182,-0.393418521
16183,0.607771277
16184,0.408284068
16185,0.151207462
16186,-0.281766981
16187,-0.297962606
16188,-0.369008869
16189,-0.578732073
16190,0.309606224
16191,-0.51707691
16192,0.534875751
16193,-0.478056759
16194,-0.642095387
16195,-0.204932675
16196,0.571189761
16197,0.148325577
16198,-0.432274938
16199,-0.468777388
16200,0.196821854
16201,0.217812926
16202,-0.319863498
16203,-0.39423269
16204,0.419745773
16205,0.533852458
16206,0.387919605
16207,-0.54205066
16208,0.522086978
16209,0.549842358
16210,-0.558367729
16211,-0.44046396
16212,0.141899288
16213,0.324953258
16214,0.492628396
16215,0.300221771
16216,-0.335446596
16217,-0.421272933
16218,-0.480967373
16219,0.439936221
16220,-0.094035052
16221,-0.433307171
16222,-0.541735649
16223,-0.302790791
16224,0.441365272
16225,-0.214903146
16226,0.130270451
16227,0.003803797
16228,0.576819658
16229,0.262824237
16230,0.513032436
16231,-0.394411445
16232,-0.248899117
16233,-0.521590829
16234,0.289581418
16235,0.46943295
16236,0.063468546
16237,-0.331474602
16238,0.029893212
16239,0.237716347
16240,0.043522917
16241,-0.294638187
16242,-0.602956951
16243,0.236312136
16244,-0.494060695
16245,-0.160238087
16246,-0.209042847
16247,0.14208588
16248,-0.319228739
16249,0.421887755
16250,0.447387487
16251,-0.347805917
16252,0.099951699
16253,-0.453930467
16254,0.472249746
16255,0.570160389
16256,0.252130747
16257,-0.448586136
16258,-0.475168139
16259,-0.254096687
16260,-0.500042498
16261,-0.500697374
16262,-0.416172862
16263,0.406428456
16264,-0.004124744
16265,0.171252161
16266,-0.367741406
16267,0.585523784
16268,
16269,
16270,0.382879853
16271,0.281260967
16272,-0.016276468
16273,-0.341175288
16274,0.177558184
16275,0.227218211
16276,-0.042323038
16277,-0.591578484
16278,-0.370234072
16279,0.027079698
16280,0.424101651
16281,0.236604393
16282,-0.491429001
16283,-0.01159104
16284,0.068589821
16285,0.435833246
16286,0.221367389
16287,0.418682694
16288,0.176304668
16289,-0.622199178
16290,-0.521761537
16291,0.12273179
16292,-0.429123938
16293,-0.108853459
16294,-0.097198769
16295,0.163648069
16296,0.429020107
16297,-0.039140914
16298,0.334548473
16299,0.410128564
16300,-0.013261095
16301,0.492734194
16302,-0.468403697
16303,-0.607702911
16304,-0.251555294
16305,0.572353423
16306,0.331225634
16307,0.473826468
16308,-0.002375104
16309,-0.105102204
16310,0.533958733
16311,0.417773068
16312,0.524371147
16313,0.575800955
16314,-0.301573336
16315,-0.447410762
16316,-0.53330183
16317,0.47332105
16318,0.446206897
16319,0.425236553
16320,-0.576237917
16321,0.532834053
16322,-0.656128585
16323,0.334957957
16324,0.524069548
16325,0.541453004
16326,0.094469152
16327,-0.061528414
16328,-0.092978999
16329,0.103832692
16330,0.157563969
16331,-0.339513868
16332,0.515096366
16333,0.155820131
16334,-0.231063694
16335,-0.500475705
16336,0.040040031
16337,-0.356503189
16338,-0.226395816
16339,-0.469396293
16340,0.099501878
16341,0.342995167
16342,0.541072369
16343,-0.482223094
16344,-0.347327679
16345,0.063091241
16346,0.22079584
16347,-0.335169613
16348,-0.541647851
16349,0.021817375
16350,-0.154272079
16351,0.095971167
16352,0.162389308
16353,0.526621044
16354,0.424414575
16355,0.27131021
16356,0.30282855
16357,-0.299722701
16358,0.129874751
16359,0.016523592
16360,-0.560831726
16361,-0.044909202
16362,-0.415401101
16363,-0.561451316
16364,-0.515628695
16365,0.10671331
16366,-0.457497329
16367,0.254478097
16368,0.195003867
16369,-0.280860066
16370,0.474647343
16371,0.502511561
16372,0.354629189
16373,-0.469908774
16374,-0.387940496
16375,0.253798038
16376,0.473019421
16377,0.307584465
16378,0.074747644
16379,0.568388879
16380,-0.510625243
16381,-0.508408904
16382,0.274346411
16383,-0.289105564
16384,0.169093147
16385,0.650907397
16386,-0.135689378
16387,-0.330251485
16388,0.07366652
16389,-0.009646937
16390,0.278570324
16391,0.252580225
16392,0.009744771
16393,-0.345309675
16394,-0.476926267
16395,-0.513351083
16396,-0.185460284
16397,0.453648001
16398,-0.307665974
16399,-0.510068536
16400,0.498073071
16401,-0.057507604
16402,-0.345402032
16403,0.592537522
16404,0.207870871
16405,-0.10649965
16406,0.442473173
16407,-0.294395864
16408,0.381951153
16409,0.385393322
16410,-0.429094464
16411,0.27043134
16412,-0.416008413
16413,0.330435127
16414,0.578826964
16415,0.2444686
16416,0.515618384
16417,-0.157067895
16418,0.548712611
16419,0.620426118
16420,-0.289411426
16421,-0.510325968
16422,-0.28326422
16423,-0.559643209
16424,-0.067184389
16425,0.33075735
16426,-0.060047105
16427,-0.43023771
16428,-0.025762141
16429,0.435916841
16430,-0.426928818
16431,-0.658789515
16432,-0.212377056
16433,-0.490798533
16434,-0.17931886
16435,-0.506307304
16436,-0.213267982
16437,0.511584759
16438,0.285496265
16439,0.575987518
16440,0.570818305
16441,-0.541926384
16442,0.102413334
16443,-0.465750337
16444,-0.478942275
16445,-0.402943492
16446,0.191205055
16447,-0.36906448
16448,-0.333820224
16449,-0.566290498
16450,0.091940142
16451,-0.00930462
16452,-0.133857116
16453,0.443960667
16454,-0.424720228
16455,-0.391067982
16456,0.043250151
16457,0.486931264
16458,0.157098711
16459,-0.593928516
16460,-0.073157825
16461,0.303552836
16462,0.619510651
16463,0.128455922
16464,0.310819507
16465,-0.537528515
16466,0.396636248
16467,0.530348897
16468,-0.375261754
16469,-0.331582069
16470,-0.266644448
16471,0.433154613
16472,0.181554899
16473,0.289320856
16474,0.13122879
16475,-0.034615554
16476,0.392078757
16477,-0.209247887
16478,0.254131317
16479,-0.540415764
16480,-0.330268741
16481,-0.517906368
16482,-0.376813471
16483,0.298868269
16484,0.517219543
16485,0.518225193
16486,0.031685919
16487,-0.472167641
16488,0.295111269
16489,-0.308609605
16490,0.26214084
16491,-0.464416325
16492,-0.557144165
16493,-0.440867096
16494,-0.300314903
16495,0.287028939
16496,0.535345137
16497,0.545878053
16498,-0.24780944
16499,-0.299155384
16500,0.022908976
16501,-0.334482789
16502,-0.585021019
16503,-0.123578168
16504,0.08448752
16505,0.424082845
16506,-0.217888057
16507,-0.186499506
16508,-0.220169142
16509,0.552488565
16510,-0.531590223
16511,-0.342252165
16512,0.219447643
16513,0.33224678
16514,-0.026226085
16515,-0.440992117
16516,0.100613922
16517,-0.121786207
16518,0.611881316
16519,0.203352809
16520,-0.424448133
16521,0.038967807
16522,-0.112124547
16523,0.26799199
16524,-0.211858079
16525,-0.479125559
16526,0.485432386
16527,0.417499483
16528,0.19711107
16529,-0.411064923
16530,-0.536734462
16531,-0.355727524
16532,-0.190812498
16533,-0.422665119
16534,0.076323293
16535,0.323852658
16536,-0.140586227
16537,-0.464561224
16538,0.484672606
16539,0.315548092
16540,0.182504162
16541,-0.528026581
16542,-0.435457081
16543,0.277108192
16544,0.36908555
16545,-0.28493163
16546,0.238947421
16547,0.312306285
16548,0.281395793
16549,0.009796031
16550,-0.341420949
16551,0.267186344
16552,0.381547362
16553,-0.553424776
16554,-0.288340747
16555,0.432240039
16556,-0.175674796
16557,-0.425381869
16558,0.456627488
16559,-0.450075328
16560,0.31282559
16561,-0.335294664
16562,-0.412634373
16563,0.492260963
16564,0.368199617
16565,0.363074869
16566,0.531490564
16567,0.208485812
16568,0.106288299
16569,-0.275377303
16570,0.44077149
16571,-0.308333635
16572,0.369671047
16573,0.097176865
16574,0.594744146
16575,0.18089357
16576,0.057855092
16577,-0.283210039
16578,0.29939127
16579,0.419121534
16580,-0.183153853
16581,0.430360138
16582,0.37670064
16583,0.46512419
16584,-0.500736535
16585,-0.492286384
16586,-0.061506521
16587,-0.344195098
16588,0.366732568
16589,0.500165939
16590,-0.239971668
16591,-0.32250315
16592,-0.590970397
16593,-0.542287946
16594,-0.197899789
16595,-0.198299915
16596,-0.522241056
16597,0.103393786
16598,-0.309989184
16599,0.182446539
16600,-0.561784804
16601,-0.259650111
16602,0.258380473
16603,-0.212400526
16604,-0.032739539
16605,-0.380977929
16606,-0.452112734
16607,0.493782997
16608,0.383533031
16609,-0.413460881
16610,0.391716868
16611,0.505776405
16612,0.286678195
16613,-0.576007843
16614,0.340621054
16615,-0.623124719
16616,-0.224699125
16617,-0.425257951
16618,-0.055855419
16619,0.00911209
16620,0.35447675
16621,-0.313276589
16622,-0.404724151
16623,0.055858463
16624,-0.558915913
16625,0.116393521
16626,0.280548573
16627,0.242356449
16628,-0.423963159
16629,-0.546642065
16630,-0.430863798
16631,-0.482610524
16632,0.146281168
16633,0.001833487
16634,0.320889086
16635,-0.076518506
16636,-0.304722488
16637,0.508923531
16638,0.486733764
16639,-0.251841009
16640,-0.422632843
16641,-0.427265942
16642,0.273979187
16643,0.397258431
16644,-0.457682848
16645,0.435196012
16646,0.239943221
16647,0.339479536
16648,0.507613301
16649,-0.346195638
16650,-0.474282146
16651,-0.096961759
16652,-0.512283564
16653,0.095103994
16654,0.503436506
16655,0.53402555
16656,0.641984582
16657,0.558890939
16658,0.556396365
16659,0.447407663
16660,0.631617308
16661,-0.426922858
16662,-0.438663125
16663,-0.620522022
16664,0.337861866
16665,-0.561025143
16666,-0.373740852
16667,-0.211921647
16668,-0.294818163
16669,0.023784786
16670,0.085492522
16671,0.290115088
16672,0.189480588
16673,-0.406729937
16674,0.38822785
16675,-0.429053634
16676,-0.471520424
16677,0.150533795
16678,0.540759146
16679,0.402112871
16680,-0.465781629
16681,0.363596618
16682,-0.453221381
16683,-0.213157311
16684,0.403666347
16685,0.10322313
16686,-0.196952209
16687,0.574233055
16688,0.128025949
16689,0.388667583
16690,0.22846064
16691,0.363873065
16692,0.222845569
16693,0.524100304
16694,0.571041048
16695,0.542277992
16696,0.401483119
16697,0.595207572
16698,-0.236567169
16699,0.549979925
16700,0.14034903
16701,0.502280593
16702,0.431035817
16703,0.202171877
16704,0.231727809
16705,-0.016866758
16706,-0.562718213
16707,0.266133487
16708,-0.196646184
16709,0.619465232
16710,0.595616937
16711,-0.501245975
16712,0.136949316
16713,0.127316877
16714,-0.265215904
16715,-0.515132189
16716,0.562321424
16717,0.098712973
16718,-0.047154151
16719,-0.222091869
16720,0.380179346
16721,-0.237810284
16722,0.221404195
16723,-0.586308837
16724,0.442577004
16725,0.537768483
16726,-0.444281042
16727,-0.539524138
16728,0.143921554
16729,0.397114873
16730,-0.226294398
16731,0.516405225
16732,-0.315994263
16733,-0.573904395
16734,-0.45577985
16735,0.537447512
16736,-0.144443721
16737,-0.172048986
16738,0.378678977
16739,0.540816724
16740,0.175616995
16741,-0.251933336
16742,0.592325926
16743,0.316012621
16744,-0.450737804
16745,-0.265497357
16746,-0.546604812
16747,0.296166807
16748,0.366482675
16749,0.530731201
16750,0.501374125
16751,-0.064664632
16752,-0.502700388
16753,-0.047310416
16754,-0.459778816
16755,0.124073669
16756,0.59129101
16757,-0.53786844
16758,-0.574438632
16759,-0.579195976
16760,0.014658175
16761,-0.194459349
16762,-0.557403803
16763,0.217518508
16764,-0.41450271
16765,0.561714172
16766,-0.615239024
16767,-0.474534631
16768,-0.340814024
16769,-0.419115514
16770,0.254710257
16771,-0.369464278
16772,-0.404648006
16773,-0.524076581
16774,-0.036144465
16775,0.520644844
16776,0.652752042
16777,-0.668546975
16778,-0.481581539
16779,0.295259804
16780,-0.029936962
16781,-0.422277033
16782,0.002192184
16783,-0.376385063
16784,-0.406970441
16785,0.200714663
16786,0.527692318
16787,-0.348364919
16788,0.048726104
16789,-0.522909105
16790,0.369765341
16791,0.405866981
16792,-0.415223837
16793,0.025834404
16794,0.16138193
16795,0.275915027
16796,0.305790544
16797,-0.464381218
16798,0.178726926
16799,-0.075073868
16800,0.364074349
16801,0.252488792
16802,0.483467251
16803,0.382726014
16804,0.584767699
16805,0.149987534
16806,0.406394362
16807,-0.362131417
16808,0.273606747
16809,-0.452747136
16810,-0.512067139
16811,-0.587762713
16812,-0.220388919
16813,-0.333888888
16814,-0.048367828
16815,-0.341956288
16816,0.301950723
16817,0.226719037
16818,0.163983434
16819,-0.224849433
16820,0.125191793
16821,0.409904182
16822,-0.036657851
16823,-0.503849328
16824,-0.067372471
16825,-0.652930021
16826,-0.124310583
16827,0.677733243
16828,0.468044549
16829,-0.184507638
16830,-0.326920122
16831,-0.473567545
16832,0.114311367
16833,0.455243021
16834,-0.312560707
16835,0.314226329
16836,-0.007536069
16837,-0.553508639
16838,-0.62243855
16839,0.119773299
16840,-0.522438765
16841,-0.069615103
16842,0.547017574
16843,-0.298165917
16844,0.331771821
16845,0.437931299
16846,0.643208444
16847,-0.614352822
16848,-0.513054848
16849,0.035871506
16850,0.156217933
16851,-0.446321964
16852,-0.081501707
16853,0.441642821
16854,0.556935012
16855,-0.404024571
16856,-0.124620393
16857,0.521811545
16858,0.603718758
16859,0.654912531
16860,-0.085593566
16861,-0.42288357
16862,-0.563745141
16863,0.591585755
16864,-0.518750906
16865,-0.009857714
16866,-0.082218491
16867,0.180977374
16868,0.46270749
16869,-0.740315616
16870,-0.36779657
16871,0.064174563
16872,-0.392029464
16873,-0.364997894
16874,0.192961842
16875,0.699587762
16876,0.567158341
16877,-0.311321378
16878,0.575394869
16879,-0.568160415
16880,-0.470370054
16881,0.065922827
16882,-0.47647202
16883,0.225494027
16884,-0.212413236
16885,-0.249862954
16886,0.218615413
16887,-0.191736698
16888,-0.402534008
16889,-0.4009808
16890,-0.009968996
16891,-0.215281874
16892,0.173637614
16893,0.23992008
16894,0.23323524
16895,0.318303883
16896,-0.533947945
16897,-0.028358907
16898,0.517707527
16899,0.156213596
16900,0.137044936
16901,0.533999801
16902,-0.213964432
16903,0.419968933
16904,0.433004171
16905,-0.175207078
16906,-0.234193757
16907,-0.594586849
16908,-0.617766023
16909,0.054986119
16910,0.606466234
16911,0.337198615
16912,-0.494876266
16913,-0.307997465
16914,0.059123036
16915,-0.470100582
16916,0.125399917
16917,0.594653726
16918,-0.463755339
16919,-0.699012756
16920,0.168557584
16921,0.315373898
16922,0.455865324
16923,0.541619837
16924,-0.480237067
16925,0.493971229
16926,0.138075769
16927,-0.048641413
16928,0.28798303
16929,0.416814029
16930,0.268751532
16931,0.207862109
16932,0.144277722
16933,0.486864567
16934,0.145284534
16935,0.579887152
16936,0.343730986
16937,0.316960841
16938,-0.283655584
16939,0.106481299
16940,0.001527704
16941,0.566279829
16942,0.459837288
16943,0.00113917
16944,0.077339157
16945,-0.222140387
16946,-0.214526385
16947,-0.200544178
16948,-0.097456217
16949,0.515580416
16950,0.506265163
16951,-0.427078307
16952,-0.219852313
16953,-0.137198225
16954,0.290589333
16955,0.562681437
16956,0.617909193
16957,-0.561967015
16958,-0.554184556
16959,0.62001884
16960,0.29888612
16961,-0.424065411
16962,0.660032809
16963,0.137474447
16964,-0.573895693
16965,-0.384889662
16966,0.640334368
16967,0.377926201
16968,0.426765829
16969,0.581975281
16970,0.43314597
16971,0.399417013
16972,0.24290058
16973,-0.176841497
16974,0.004004024
16975,0.562081933
16976,0.131605104
16977,0.430507123
16978,-0.439693749
16979,-0.200407177
16980,0.426658154
16981,-0.252238303
16982,-0.118013158
16983,-0.131343067
16984,0.6676687
16985,0.425409347
16986,0.340950549
16987,0.502194107
16988,0.371878207
16989,-0.589154124
16990,-0.303379774
16991,0.739283502
16992,0.443136901
16993,0.27485323
16994,-0.466910124
16995,-0.045959942
16996,0.478023946
16997,0.577602863
16998,0.272987038
16999,-0.392802328
17000,-0.606492281
17001,0.482364535
17002,0.080498204
17003,0.53744024
17004,-0.04130489
17005,0.562461793
17006,0.479843378
17007,-0.082923599
17008,0.159539625
17009,0.212439418
17010,0.503569543
17011,-0.555659533
17012,-0.360975027
17013,0.372392625
17014,0.451037049
17015,-0.154270291
17016,-0.447101831
17017,0.17588751
17018,0.297128618
17019,-0.10052
17020,-0.197236285
17021,0.006548315
17022,0.301411569
17023,0.339721024
17024,0.474125087
17025,0.668659329
17026,-0.07660725
17027,0.411913574
17028,-0.508281231
17029,-0.041266464
17030,-0.072382793
17031,0.154806763
17032,-0.604013324
17033,0.097946458
17034,0.685729682
17035,0.307901919
17036,0.002279034
17037,0.221636176
17038,-0.149729311
17039,-0.547910333
17040,0.54858458
17041,0.517286897
17042,-0.344906241
17043,-0.367688656
17044,0.365399361
17045,-0.298962384
17046,-0.247289315
17047,-0.446187317
17048,0.359563589
17049,-0.081620194
17050,-0.13424015
17051,-0.54556179
17052,-0.551640153
17053,-0.561436355
17054,0.242690727
17055,-0.343173176
17056,-0.647471547
17057,-0.243000954
17058,0.476714551
17059,-0.143597916
17060,-0.281773388
17061,-0.268527985
17062,0.316196531
17063,-0.663690329
17064,-0.587824345
17065,-0.344399929
17066,0.162030727
17067,-0.482104629
17068,-0.561121225
17069,0.04030785
17070,-0.37406531
17071,0.576470733
17072,0.472427607
17073,-0.668849945
17074,-0.052523632
17075,-0.354337573
17076,-0.717954636
17077,0.027088623
17078,-0.386731863
17079,0.548062384
17080,0.506254673
17081,0.332283944
17082,0.059909381
17083,-0.329509974
17084,-0.26354605
17085,-0.560480952
17086,-0.213514805
17087,-0.012979943
17088,-0.38528496
17089,0.595964491
17090,0.061728116
17091,-0.539565086
17092,-0.416677833
17093,0.38125962
17094,-0.412581801
17095,0.436399341
17096,0.406555712
17097,-0.556474924
17098,-0.085084878
17099,-0.324492455
17100,0.067831524
17101,0.197578222
17102,-0.336406529
17103,0.066876791
17104,0.282386422
17105,-0.639925182
17106,-0.13934958
17107,-0.112403937
17108,0.551271021
17109,0.441374928
17110,-0.038941085
17111,0.537257373
17112,0.335924178
17113,0.457492828
17114,-0.440550983
17115,-0.378122628
17116,-0.597402751
17117,-0.224830851
17118,-0.023977097
17119,-0.580554485
17120,-0.583470225
17121,-0.339294642
17122,-0.059894267
17123,0.606170774
17124,0.509613633
17125,-0.348136365
17126,0.098826744
17127,0.360748708
17128,0.412984848
17129,0.355958283
17130,0.026912153
17131,-0.277235031
17132,0.078574613
17133,0.26618135
17134,0.004831329
17135,0.265003443
17136,-0.113288075
17137,0.401933849
17138,-0.346273363
17139,-0.4012779
17140,-0.347857535
17141,-0.653308928
17142,-0.604762077
17143,0.497503132
17144,-0.544350088
17145,-0.321445376
17146,-0.677091241
17147,0.092159338
17148,0.427769661
17149,0.563987017
17150,0.13058424
17151,-0.472826362
17152,-0.307845145
17153,-0.194917783
17154,-0.482774615
17155,-0.332852662
17156,0.618270874
17157,0.54667896
17158,-0.628376782
17159,-0.441776931
17160,0.454471469
17161,-0.499350786
17162,0.456652343
17163,0.503312469
17164,-0.245338783
17165,-0.131743133
17166,-0.247776121
17167,0.448459148
17168,-0.503378808
17169,-0.467858195
17170,0.444576889
17171,0.468345731
17172,0.304942608
17173,0.32096529
17174,0.679930985
17175,-0.063908398
17176,0.45394668
17177,0.386647344
17178,-0.48106873
17179,-0.282844126
17180,-0.126297042
17181,0.257259607
17182,0.623765707
17183,-0.287743181
17184,-0.590177834
17185,0.10476765
17186,0.479526758
17187,0.314347476
17188,0.309320301
17189,0.06176044
17190,-0.16948694
17191,-0.478883862
17192,-0.181092173
17193,-0.406724781
17194,-0.087227143
17195,-0.42036742
17196,0.413964033
17197,0.46591869
17198,0.414121658
17199,-0.430257678
17200,-0.087142378
17201,0.379597902
17202,0.573310733
17203,-0.204988658
17204,-0.657621086
17205,-0.398324907
17206,-0.5647434
17207,0.271884292
17208,-0.255642235
17209,-0.581011236
17210,-0.628237486
17211,0.627954006
17212,0.072355524
17213,0.046418946
17214,0.42297703
17215,0.184327185
17216,0.394943923
17217,0.610345244
17218,0.458821237
17219,-0.619663477
17220,0.434365302
17221,-0.481461138
17222,0.336528152
17223,0.564327002
17224,0.029101189
17225,-0.429633975
17226,-0.522147417
17227,0.181005612
17228,0.267300516
17229,0.248791277
17230,0.010266826
17231,0.58287257
17232,-0.608430386
17233,-0.537697971
17234,-0.210073605
17235,0.178063765
17236,0.459130168
17237,0.101586208
17238,0.307518184
17239,0.633952618
17240,-0.091444828
17241,0.109435916
17242,-0.316551864
17243,0.068052553
17244,0.332352191
17245,-0.265617013
17246,-0.602329493
17247,0.555793762
17248,-0.070299067
17249,-0.589975119
17250,0.528928578
17251,0.249390543
17252,0.257006139
17253,-0.036485091
17254,-0.504617572
17255,-0.059956174
17256,0.042687099
17257,0.28935945
17258,-0.60202682
17259,0.160265982
17260,-0.158493429
17261,-0.537540436
17262,-0.407229781
17263,-0.575165749
17264,0.338206172
17265,-0.420492232
17266,-0.044560321
17267,0.327473938
17268,0.418426394
17269,0.490709305
17270,-0.228974536
17271,0.604706168
17272,0.182921946
17273,0.47344926
17274,0.406482279
17275,-0.670769989
17276,0.130313069
17277,-0.485099256
17278,-0.491085947
17279,-0.302870393
17280,0.369049072
17281,-0.004478404
17282,0.495973468
17283,0.631419301
17284,0.310895264
17285,0.416659951
17286,-0.528267503
17287,-0.404565632
17288,0.409591764
17289,0.612355947
17290,-0.539288521
17291,0.049370192
17292,-0.346735656
17293,-0.552084923
17294,-0.101859942
17295,0.484071821
17296,-0.446367264
17297,-0.385543287
17298,-0.310005873
17299,-0.055275716
17300,-0.291185409
17301,0.165489763
17302,0.344959468
17303,-0.306715488
17304,0.052144229
17305,0.39225781
17306,0.123479739
17307,0.434003472
17308,0.203373402
17309,-0.381212801
17310,0.393466115
17311,-0.477291167
17312,-0.479021609
17313,-0.363975197
17314,0.355869174
17315,-0.427881539
17316,0.183637738
17317,-0.021630948
17318,0.215496153
17319,-0.393554181
17320,0.223169371
17321,-0.603534579
17322,0.360005379
17323,0.572490573
17324,-0.204794168
17325,-0.085574277
17326,0.24706994
17327,0.530438244
17328,-0.245222837
17329,0.506241322
17330,0.354160398
17331,-0.204855204
17332,0.501834273
17333,-0.315308452
17334,0.429278463
17335,0.446156621
17336,-0.467830837
17337,0.352690101
17338,0.11039611
17339,0.06866277
17340,-0.552078485
17341,-0.107743651
17342,0.407603085
17343,0.037409969
17344,-0.118504196
17345,-0.690112233
17346,-0.405234545
17347,-0.565136552
17348,0.50264895
17349,0.336034387
17350,0.104958825
17351,0.539884806
17352,0.232095301
17353,-0.470523864
17354,0.134808183
17355,-0.249267951
17356,-0.530513525
17357,-0.216848999
17358,-0.592772961
17359,0.202879012
17360,0.426290274
17361,-0.340715528
17362,-0.593649864
17363,0.352074742
17364,-0.037049644
17365,0.262402326
17366,-0.391141891
17367,0.327501893
17368,0.594998598
17369,0.158032507
17370,-0.556679964
17371,-0.488354802
17372,0.538927615
17373,0.21664837
17374,-0.457607865
17375,0.561255276
17376,0.048287757
17377,-0.189762622
17378,0.052531272
17379,0.045918897
17380,0.062668353
17381,0.575809896
17382,-0.516497612
17383,-0.553278327
17384,0.389457285
17385,-0.212396577
17386,-0.440047324
17387,0.214450315
17388,0.393991053
17389,-0.504740179
17390,0.205672055
17391,-0.0667312
17392,0.479169339
17393,0.137989849
17394,-0.32540828
17395,-0.450825065
17396,0.50350219
17397,0.006548591
17398,0.012073636
17399,0.681967676
17400,0.030970886
17401,0.118456855
17402,0.264330953
17403,-0.189009011
17404,0.10988038
17405,-0.562974751
17406,0.406477213
17407,0.456061363
17408,-0.594824553
17409,0.338613898
17410,0.465250283
17411,0.482999623
17412,0.329912156
17413,0.219914526
17414,0.207692921
17415,0.365607798
17416,0.469320476
17417,-0.595101237
17418,-0.386984706
17419,0.360648394
17420,0.426807463
17421,0.522160888
17422,0.45403403
17423,0.041087482
17424,0.023042634
17425,-0.421968192
17426,0.071310908
17427,-0.333166778
17428,0.215652764
17429,-0.177352935
17430,-0.196606159
17431,0.545301735
17432,-0.357667744
17433,-0.354708016
17434,0.282929987
17435,0.094048887
17436,0.098383449
17437,-0.540650487
17438,-0.130734995
17439,-0.453369081
17440,-0.382096201
17441,-0.696306109
17442,0.60291487
17443,-0.124628529
17444,-0.51272893
17445,0.530964792
17446,-0.135676563
17447,0.215002477
17448,-0.437353045
17449,0.292248249
17450,0.32262516
17451,0.558631659
17452,0.144697428
17453,0.544476151
17454,0.221405745
17455,0.218618199
17456,0.440928906
17457,-0.129833177
17458,0.48833105
17459,-0.225894123
17460,0.026874416
17461,-0.325911343
17462,-0.667483628
17463,0.260824978
17464,0.630412221
17465,0.335888714
17466,0.508157313
17467,0.533995032
17468,-0.15594551
17469,0.437841147
17470,0.497041583
17471,-0.416038275
17472,-0.404638708
17473,-0.48957938
17474,-0.346600294
17475,0.475370765
17476,0.473317266
17477,0.37766102
17478,-0.589658797
17479,-0.348177016
17480,0.471457213
17481,-0.347587943
17482,0.418749869
17483,0.262838364
17484,-0.403253376
17485,-0.113675699
17486,-0.226669803
17487,-0.440240324
17488,0.293282062
17489,0.084414668
17490,-0.514362156
17491,-0.580055654
17492,0.466754973
17493,0.266453266
17494,-0.423083216
17495,-0.669209599
17496,0.208119392
17497,-0.308113098
17498,0.258110344
17499,-0.048750855
17500,-0.090306208
17501,-0.406330407
17502,0.510980844
17503,0.574376464
17504,0.243405819
17505,0.505437136
17506,-0.329419732
17507,-0.447766751
17508,0.205923855
17509,0.167046681
17510,0.495107949
17511,-0.066262089
17512,0.077586107
17513,-0.465196759
17514,-0.407750189
17515,0.518898964
17516,-0.413333714
17517,-0.476529747
17518,0.371437669
17519,-0.243978083
17520,
17521,
17522,0.484483361
17523,0.431658536
17524,0.649035096
17525,0.285755932
17526,0.415569395
17527,0.425384015
17528,-0.06798856
17529,-0.29790616
17530,0.028288949
17531,0.260190338
17532,0.31825608
17533,0.463900149
17534,-0.093253873
17535,-0.071662754
17536,0.58604002
17537,-0.214262024
17538,0.399044931
17539,0.021152195
17540,-0.020116746
17541,0.323380202
17542,0.42569524
17543,0.113212228
17544,0.511414707
17545,0.453153163
17546,0.468091309
17547,-0.414937854
17548,0.214630455
17549,0.392226547
17550,0.562132955
17551,-0.341712534
17552,0.499198139
17553,0.357958019
17554,0.117216289
17555,0.545222282
17556,-0.192580402
17557,-0.540796041
17558,0.070187025
17559,-0.487522572
17560,-0.342576265
17561,0.338911384
17562,0.144848019
17563,0.549085021
17564,0.217051953
17565,0.525814652
17566,-0.30493021
17567,0.289089918
17568,0.336838305
17569,0.507520318
17570,-0.197849989
17571,-0.417762935
17572,-0.441412747
17573,-0.653588533
17574,0.37333703
17575,-0.588075399
17576,-0.406272292
17577,-0.186706036
17578,0.306302249
17579,0.544559956
17580,-0.480701149
17581,-0.414937139
17582,-0.398114711
17583,0.336879551
17584,0.309079885
17585,0.537869692
17586,0.482906222
17587,-0.446736127
17588,-0.254823565
17589,0.406045318
17590,-0.253768712
17591,0.48059535
17592,0.331876576
17593,0.089304283
17594,0.352618635
17595,-0.440596879
17596,0.38285315
17597,0.054562788
17598,-0.282034069
17599,-0.361955523
17600,-0.470082939
17601,-0.416426301
17602,-0.421359062
17603,0.616872251
17604,-0.626607895
17605,-0.282432675
17606,0.507461369
17607,0.399158537
17608,-0.309938282
17609,-0.500625432
17610,-0.197692379
17611,0.526617408
17612,0.457117558
17613,-0.356551051
17614,-0.515620112
17615,0.127716929
17616,0.525336504
17617,0.291780978
17618,-0.316693723
17619,-0.234769359
17620,0.34851259
17621,-0.501278639
17622,-0.538381696
17623,-0.380962372
17624,-0.6975348
17625,0.007025873
17626,-0.034572463
17627,-0.512260199
17628,0.106112212
17629,0.568280816
17630,0.018064089
17631,-0.666149139
17632,0.416398615
17633,0.556088746
17634,0.56937176
17635,0.326674134
17636,-0.518874884
17637,-0.065144263
17638,0.411195397
17639,-0.287407279
17640,-0.464986622
17641,0.461535484
17642,-0.347979128
17643,-0.174765855
17644,0.460450083
17645,0.112165391
17646,-0.102128841
17647,0.378839314
17648,-0.339185476
17649,0.398088276
17650,0.421515703
17651,-0.608759522
17652,0.081337839
17653,0.438428402
17654,0.466201514
17655,0.547955751
17656,0.355310053
17657,0.513177156
17658,0.393310875
17659,-0.028128374
17660,0.226481512
17661,0.50888139
17662,0.636308074
17663,0.36222887
17664,-0.501809239
17665,-0.180518419
17666,-0.228610024
17667,0.387096584
17668,0.544667602
17669,0.677572489
17670,0.332477659
17671,0.038528983
17672,0.054360047
17673,0.199803784
17674,0.545360684
17675,-0.518940806
17676,-0.473656297
17677,0.121414497
17678,0.552300096
17679,-0.429311782
17680,-0.078129768
17681,-0.332651883
17682,-0.501565576
17683,0.597165704
17684,0.020526282
17685,-0.261844873
17686,0.606184959
17687,-0.175931215
17688,0.027009681
17689,0.600783348
17690,0.229655534
17691,0.421421498
17692,-0.503063202
17693,-0.363937169
17694,0.189584419
17695,0.32691592
17696,-0.425986439
17697,0.253088653
17698,0.444727331
17699,-0.706197143
17700,0.448176324
17701,-0.611127138
17702,0.23072125
17703,-0.368745506
17704,0.01633282
17705,0.521333277
17706,-0.110207438
17707,-0.614130378
17708,0.463344276
17709,0.20620665
17710,0.52283895
17711,0.504923701
17712,0.37702629
17713,0.206629291
17714,-0.189601481
17715,0.184643805
17716,-0.411568046
17717,-0.207152873
17718,-0.410137326
17719,-0.504627228
17720,-0.259988576
17721,-0.049399585
17722,0.217209205
17723,0.407017767
17724,0.100869752
17725,0.396124065
17726,0.603911161
17727,-0.621424794
17728,0.028933138
17729,-0.356386542
17730,-0.530147433
17731,0.203074127
17732,0.479963124
17733,-0.216737688
17734,-0.547328174
17735,-0.102595009
17736,-0.275870293
17737,-0.12484356
17738,-0.500417233
17739,-0.573562384
17740,-0.500182748
17741,-0.211290926
17742,0.494268149
17743,-0.34290874
17744,-0.255188495
17745,-0.204745799
17746,0.47657311
17747,0.268907845
17748,0.528675735
17749,0.334457517
17750,-0.669948936
17751,-0.169638395
17752,0.063295387
17753,-0.134176657
17754,-0.40030849
17755,-0.171434775
17756,-0.331780434
17757,-0.001652803
17758,-0.174723908
17759,-0.489033818
17760,-0.506827354
17761,-0.380438209
17762,0.355204701
17763,0.565745175
17764,0.349455178
17765,0.030168548
17766,-0.408000082
17767,-0.185691595
17768,0.229549751
17769,0.316686213
17770,0.652022898
17771,0.658087492
17772,0.40640074
17773,0.506857693
17774,-0.396033734
17775,-0.341865271
17776,-0.050901938
17777,0.272823632
17778,-0.348749876
17779,0.482090503
17780,0.212863803
17781,-0.294578373
17782,-0.149097875
17783,-0.488016963
17784,-0.247234628
17785,0.259073079
17786,-0.440193236
17787,-0.633954942
17788,-0.301274478
17789,0.13384673
17790,-0.19936806
17791,-0.401685774
17792,-0.48186177
17793,0.032350093
17794,-0.081986442
17795,-0.185438976
17796,-0.215710104
17797,-0.043798599
17798,0.631822824
17799,0.395446718
17800,0.135712147
17801,-0.236765757
17802,-0.414024293
17803,0.239925668
17804,0.407134801
17805,0.329876304
17806,-0.414379805
17807,0.407721668
17808,-0.135776252
17809,-0.190072879
17810,-0.507753193
17811,-0.688615978
17812,-0.293283284
17813,-0.414433479
17814,0.557620525
17815,-0.272941053
17816,0.313682973
17817,0.532205999
17818,0.399544686
17819,0.330418378
17820,0.158192992
17821,-0.572227478
17822,0.724356174
17823,0.402372479
17824,-0.242842227
17825,-0.454586953
17826,-0.61858201
17827,-0.219019264
17828,0.559223115
17829,0.416689247
17830,0.4861992
17831,0.176816568
17832,-0.460873306
17833,0.527200997
17834,-0.261854351
17835,0.247701138
17836,0.449438572
17837,0.301508784
17838,-0.518441975
17839,0.141539782
17840,0.467053086
17841,-0.472065061
17842,0.594562888
17843,0.050763585
17844,0.573984087
17845,-0.33814016
17846,-0.441178322
17847,-0.358764291
17848,-0.455953419
17849,0.552383661
17850,0.539799452
17851,0.423023939
17852,-0.030446902
17853,-0.49997592
17854,-0.60859549
17855,-0.484442413
17856,0.644879878
17857,0.450009018
17858,0.351016849
17859,-0.431062996
17860,0.025803637
17861,-0.515518308
17862,-0.038568467
17863,0.60546577
17864,0.389492095
17865,0.60391897
17866,-0.273083508
17867,-0.593211472
17868,-0.015418975
17869,0.218340039
17870,0.393910646
17871,-0.278878093
17872,-0.122001886
17873,-0.510405004
17874,-0.267430007
17875,-0.346301317
17876,-0.140426323
17877,0.600590944
17878,-0.656134725
17879,-0.139718339
17880,-0.288275152
17881,-0.37790677
17882,0.412658632
17883,0.619718909
17884,0.369040519
17885,-0.527380347
17886,-0.59356159
17887,0.610615849
17888,0.255906373
17889,-0.427743018
17890,-0.298676342
17891,0.280496418
17892,0.100862898
17893,-0.668642938
17894,0.402246803
17895,-0.17975682
17896,-0.119429775
17897,0.511190891
17898,0.522192359
17899,-0.367188454
17900,-0.066006199
17901,0.421027303
17902,-0.491791695
17903,-0.08208435
17904,0.232673556
17905,-0.227144331
17906,0.457396537
17907,0.092863902
17908,0.572658718
17909,-0.619969368
17910,0.459629953
17911,-0.413902164
17912,-0.336718351
17913,-0.543221235
17914,0.529124618
17915,0.36768803
17916,0.463788778
17917,-0.052335504
17918,0.493091702
17919,0.493504643
17920,-0.260299921
17921,-0.491769969
17922,-0.455384135
17923,0.154012159
17924,-0.00672454
17925,0.23015596
17926,-0.331111729
17927,0.240400612
17928,0.147631928
17929,0.39843744
17930,0.453947663
17931,0.323679745
17932,0.609957278
17933,0.128149092
17934,0.16566664
17935,0.362216026
17936,0.660789192
17937,0.195018217
17938,0.084101118
17939,0.516940534
17940,-0.577168941
17941,-0.172815725
17942,0.198178649
17943,0.052010003
17944,-0.271394938
17945,-0.567359567
17946,-0.369360268
17947,-0.570622563
17948,0.417473167
17949,0.062651724
17950,-0.227130949
17951,-0.300754339
17952,-0.22659722
17953,-0.579466343
17954,-0.570738077
17955,0.32898736
17956,-0.38907057
17957,-0.526319027
17958,-0.286854625
17959,0.516799331
17960,0.035820954
17961,-0.470775962
17962,-0.395417869
17963,0.495234787
17964,0.4698672
17965,0.424816668
17966,-0.590427995
17967,0.409374118
17968,-0.18308264
17969,0.38931489
17970,0.237844318
17971,-0.260808527
17972,-0.516438842
17973,0.10224703
17974,-0.323338687
17975,-0.513071358
17976,0.222440243
17977,0.024259672
17978,0.358238339
17979,-0.460988343
17980,0.051648974
17981,0.214604348
17982,-0.516471505
17983,0.042846851
17984,-0.020538658
17985,0.562759638
17986,-0.291398287
17987,0.449435532
17988,0.359675348
17989,0.283534437
17990,-0.17715013
17991,0.220993191
17992,-0.221270591
17993,-0.324789286
17994,0.283326507
17995,-0.46890229
17996,-0.333546281
17997,0.446783394
17998,0.303580105
17999,0.639177561
18000,0.045337766
18001,-0.462895602
18002,0.273643017
18003,-0.217287302
18004,-0.226437464
18005,0.12786682
18006,0.573588252
18007,0.317945987
18008,-0.270212054
18009,0.415790409
18010,0.214367718
18011,0.464697957
18012,0.356078088
18013,-0.023194849
18014,-0.592036843
18015,0.089741416
18016,-0.144027621
18017,0.410384893
18018,-0.035226017
18019,0.437411189
18020,0.584545374
18021,-0.183859706
18022,-0.353488654
18023,-0.556222022
18024,0.580779195
18025,-0.522318423
18026,-0.545879304
18027,-0.377329826
18028,0.167593047
18029,0.437350392
18030,0.478602409
18031,0.474583566
18032,0.458314717
18033,0.24493131
18034,-0.276575089
18035,-0.273346871
18036,0.373160303
18037,-0.595674872
18038,0.188429072
18039,-0.726325572
18040,-0.431066632
18041,0.328844696
18042,-0.007351674
18043,-0.428312153
18044,0.301972032
18045,0.210447893
18046,-0.355227113
18047,-0.613461673
18048,0.458635628
18049,0.426755637
18050,0.478002191
18051,0.150300235
18052,-0.519889951
18053,0.50512594
18054,0.594136596
18055,-0.39794147
18056,0.293079436
18057,-0.451519728
18058,-0.391417861
18059,0.199458674
18060,-0.416228622
18061,-0.007540926
18062,-0.495336562
18063,0.437498182
18064,0.380595088
18065,-0.481548786
18066,-0.325638592
18067,0.057050053
18068,0.271439016
18069,-0.069211759
18070,0.52952379
18071,0.098138541
18072,-0.321730018
18073,0.419873416
18074,0.010769628
18075,-0.239389971
18076,-0.042068727
18077,0.327870786
18078,0.25077337
18079,0.351269603
18080,0.579133272
18081,0.588470399
18082,-0.033029947
18083,0.187646717
18084,0.676496029
18085,-0.275003105
18086,-0.49447149
18087,-0.442984283
18088,-0.494119793
18089,-0.529968858
18090,-0.477270007
18091,0.439587921
18092,0.313605309
18093,0.341084778
18094,-0.444967777
18095,0.524686038
18096,0.446343303
18097,-0.033051923
18098,-0.320276022
18099,0.1012851
18100,-0.012948185
18101,-0.552047849
18102,0.672340393
18103,0.442769468
18104,0.460675359
18105,-0.397335619
18106,-0.540566504
18107,-0.220381379
18108,0.289987892
18109,0.151468664
18110,-0.257068872
18111,0.158454254
18112,0.216639966
18113,0.388742536
18114,0.431421101
18115,0.0898204
18116,0.372440249
18117,-0.714457631
18118,0.15494062
18119,-0.623136401
18120,-0.1710435
18121,-0.086135149
18122,0.427309215
18123,-0.310398966
18124,-0.3804003
18125,0.109971642
18126,-0.473392665
18127,-0.574172199
18128,-0.33467859
18129,-0.128177345
18130,-0.312108159
18131,-0.02001477
18132,-0.087802909
18133,0.03273787
18134,0.136498451
18135,0.134096399
18136,0.538028479
18137,-0.411049604
18138,-0.319591641
18139,-0.597922802
18140,-0.27047655
18141,-0.186653137
18142,0.310692817
18143,0.316897035
18144,0.504836082
18145,0.549867809
18146,0.253608286
18147,0.114328235
18148,0.478300691
18149,0.429837525
18150,-0.185661629
18151,-0.133065104
18152,0.11872752
18153,0.308241606
18154,-0.589424014
18155,-0.627944112
18156,-0.447378784
18157,-0.032531578
18158,-0.444249928
18159,0.021834165
18160,-0.051448125
18161,-0.480471909
18162,-0.430244505
18163,0.422514617
18164,0.477777898
18165,0.118527189
18166,0.259394377
18167,0.099170886
18168,-0.460077345
18169,-0.430213332
18170,-0.530093551
18171,0.493321627
18172,-0.15956077
18173,0.303874046
18174,-0.421377748
18175,0.492512614
18176,-0.283391207
18177,0.419491589
18178,0.409750462
18179,0.428416073
18180,-0.607726336
18181,-0.09081012
18182,0.445338845
18183,-0.258492559
18184,-0.303830385
18185,-0.59471643
18186,-0.024792282
18187,-0.542467892
18188,0.032565255
18189,-0.347348154
18190,0.06882067
18191,0.537754297
18192,0.611230612
18193,0.475484043
18194,0.466826469
18195,0.224612266
18196,-0.438465297
18197,0.180273354
18198,0.486949921
18199,-0.014721453
18200,0.372634947
18201,-0.308087438
18202,0.538119912
18203,0.283463031
18204,-0.583732247
18205,-0.159574479
18206,0.261513084
18207,0.486239552
18208,0.491232574
18209,0.296039045
18210,0.316698223
18211,-0.58464849
18212,-0.411048591
18213,-0.220928073
18214,-0.277802438
18215,-0.033413853
18216,0.466478169
18217,0.25745371
18218,0.25846076
18219,-0.562855244
18220,0.121135212
18221,-0.099683717
18222,0.007413074
18223,0.57736659
18224,0.48318994
18225,0.1379603
18226,0.522281528
18227,-0.541049719
18228,0.469919473
18229,0.34932369
18230,0.508121789
18231,0.283872634
18232,0.125559211
18233,-0.223232687
18234,-0.542818785
18235,0.130779952
18236,0.461280882
18237,0.44514069
18238,-0.280267835
18239,-0.107891716
18240,-0.492858648
18241,-0.324263573
18242,0.60890305
18243,0.156130165
18244,-0.444143027
18245,-0.194101915
18246,-0.430334866
18247,-0.574292719
18248,-0.707374752
18249,-0.140523121
18250,0.394621938
18251,0.639248371
18252,0.149450138
18253,0.245353401
18254,0.454909086
18255,0.497231096
18256,0.652304173
18257,-0.643831551
18258,-0.453335464
18259,-0.464902729
18260,-0.518935919
18261,-0.294347525
18262,-0.462417305
18263,0.525985003
18264,0.534917474
18265,0.320962608
18266,0.408959121
18267,-0.200634897
18268,0.173773348
18269,0.145439506
18270,0.507480264
18271,0.460855782
18272,0.286208391
18273,-0.489453197
18274,-0.11178229
18275,0.359106451
18276,0.448465437
18277,-0.230406746
18278,-0.528085709
18279,-0.540407002
18280,-0.349511474
18281,-0.45907414
18282,0.396665275
18283,-0.375184387
18284,-0.32736814
18285,-0.235625058
18286,0.019062867
18287,-0.344312519
18288,0.006883996
18289,0.586011648
18290,0.068513229
18291,0.454146385
18292,-0.152716145
18293,0.136860192
18294,0.151132837
18295,0.541950345
18296,0.240106523
18297,0.457662165
18298,0.493390977
18299,0.298271507
18300,0.176696688
18301,-0.363969386
18302,-0.230123207
18303,0.224070728
18304,0.421473503
18305,0.50140065
18306,0.513742983
18307,0.182726875
18308,-0.482833654
18309,0.095691219
18310,-0.377310485
18311,0.250645846
18312,0.477493644
18313,0.495226979
18314,-0.258566409
18315,0.553065419
18316,-0.087276049
18317,-0.443364054
18318,0.381284028
18319,0.266617864
18320,0.44400838
18321,0.211793721
18322,-0.124181896
18323,-0.303420395
18324,-0.627731204
18325,0.196784675
18326,-0.603884339
18327,0.569029689
18328,0.091835357
18329,-0.438118786
18330,-0.052977987
18331,0.527951479
18332,0.152838588
18333,0.51555413
18334,-0.346556395
18335,-0.241769999
18336,0.25902918
18337,-0.274920136
18338,0.173592269
18339,-0.380074382
18340,-0.223308533
18341,0.442340255
18342,-0.087148339
18343,0.519534647
18344,-0.524028003
18345,-0.454412371
18346,-0.402599514
18347,-0.444110632
18348,-0.460608482
18349,0.62665236
18350,0.326007903
18351,0.526028097
18352,-0.332624674
18353,0.145192161
18354,0.436877519
18355,-0.173959434
18356,-0.390806139
18357,-0.396045923
18358,0.408442289
18359,-0.194197625
18360,0.133497447
18361,-0.548961818
18362,-0.111686051
18363,-0.539405942
18364,-0.324243724
18365,-0.255797267
18366,-0.473497063
18367,-0.402898043
18368,-0.26093179
18369,-0.457861066
18370,0.309058547
18371,-0.272687256
18372,0.401993155
18373,-0.34447813
18374,0.254712641
18375,-0.319908023
18376,-0.602359653
18377,-0.06643562
18378,0.354447156
18379,0.241061389
18380,0.397350162
18381,0.196984023
18382,-0.429781556
18383,-0.447230756
18384,0.424187839
18385,-0.44820413
18386,0.114108466
18387,0.126668662
18388,-0.37887305
18389,-0.42198962
18390,-0.335366398
18391,-0.439651072
18392,-0.350532651
18393,0.497384995
18394,0.456871778
18395,-0.407760292
18396,-0.310856938
18397,0.547481775
18398,-0.468838215
18399,-0.242893219
18400,0.213539481
18401,-0.164085358
18402,-0.346468508
18403,-0.391760737
18404,0.496484548
18405,0.359539032
18406,0.505531013
18407,-0.377599895
18408,0.133443058
18409,0.060798198
18410,0.318125635
18411,-0.544381082
18412,-0.179090843
18413,0.34015432
18414,0.106207199
18415,-0.350648701
18416,-0.5687356
18417,-0.370959401
18418,0.253891408
18419,0.300987691
18420,0.645356894
18421,0.274309337
18422,0.250772864
18423,0.46546936
18424,0.428061396
18425,-0.476541281
18426,-0.264657438
18427,-0.460871547
18428,0.389745563
18429,0.467722356
18430,0.318536162
18431,-0.223825738
18432,-0.504218578
18433,-0.013095487
18434,-0.398624033
18435,-0.525415838
18436,-0.049034826
18437,-0.192099094
18438,0.561846554
18439,-0.636604965
18440,-0.621162653
18441,-0.153196692
18442,0.501095295
18443,-0.396318018
18444,-0.315643072
18445,-0.140809566
18446,-0.421016663
18447,-0.554288089
18448,-0.511582732
18449,-0.530772924
18450,-0.3642658
18451,0.21739839
18452,0.558089018
18453,0.401040077
18454,-0.101738334
18455,0.349724948
18456,-0.265423298
18457,-0.063797548
18458,-0.015659831
18459,0.63229531
18460,-0.088003881
18461,-0.108143806
18462,-0.047436718
18463,0.553776503
18464,-0.069807723
18465,0.429849744
18466,0.278185725
18467,-0.560884893
18468,-0.405721843
18469,-0.342345834
18470,-0.433029264
18471,0.01593402
18472,0.074262992
18473,0.471499264
18474,0.55662787
18475,-0.431423277
18476,-0.223715365
18477,0.30766046
18478,0.501104891
18479,-0.134275764
18480,0.303252131
18481,-0.377347291
18482,-0.178039894
18483,0.280331552
18484,0.139003873
18485,-0.002679918
18486,0.582348287
18487,-0.451319814
18488,0.050794095
18489,-0.353503704
18490,0.651304245
18491,0.415183485
18492,0.200919107
18493,0.345852822
18494,-0.348253727
18495,-0.353602171
18496,-0.033094682
18497,-0.558021426
18498,0.316212893
18499,-0.516776204
18500,-0.346586823
18501,0.509400487
18502,-0.253651083
18503,0.498321056
18504,0.335440874
18505,0.344333589
18506,-0.565847218
18507,-0.502721488
18508,-0.447913826
18509,0.368303776
18510,-0.086608037
18511,0.449273914
18512,-0.554480672
18513,0.261198372
18514,0.222052097
18515,0.031852454
18516,0.039584521
18517,0.29284209
18518,-0.360176802
18519,-0.441492885
18520,-0.399620354
18521,0.21648404
18522,0.413701981
18523,-0.159527138
18524,0.164480656
18525,-0.501873612
18526,0.54067266
18527,0.19380109
18528,-0.493635744
18529,0.38820231
18530,0.558039844
18531,0.399580151
18532,-0.469266057
18533,0.43238008
18534,0.054930005
18535,-0.435328484
18536,-0.262076378
18537,-0.372411817
18538,-0.193937108
18539,-0.008807085
18540,-0.266173959
18541,0.764452338
18542,0.078019083
18543,0.020320576
18544,-0.372583568
18545,0.115212314
18546,0.681271315
18547,-0.570825398
18548,-0.681647778
18549,0.019344807
18550,0.57096225
18551,-0.361275971
18552,-0.386369407
18553,-0.316636831
18554,-0.390478671
18555,0.318326294
18556,0.096884347
18557,-0.469269425
18558,-0.236593157
18559,0.163765028
18560,-0.462728888
18561,0.512066841
18562,0.533520341
18563,0.453912437
18564,0.162712216
18565,0.389793754
18566,-0.451359093
18567,-0.233961999
18568,0.453138918
18569,-0.528829634
18570,-0.347743213
18571,0.043106474
18572,0.571139157
18573,0.431005239
18574,0.354505271
18575,0.059378564
18576,-0.070920035
18577,0.417407274
18578,-0.274827003
18579,-0.055222757
18580,-0.031219959
18581,-0.211889684
18582,0.374000549
18583,0.190936893
18584,0.579269826
18585,-0.03705008
18586,0.269001305
18587,0.350559056
18588,-0.136652574
18589,0.563559771
18590,0.299698561
18591,-0.018459581
18592,0.259367198
18593,0.55805552
18594,-0.438195676
18595,-0.446502805
18596,-0.215047389
18597,-0.407091737
18598,-0.535217047
18599,0.551196218
18600,0.290566564
18601,0.547059774
18602,0.452552915
18603,-0.121875733
18604,-0.092412598
18605,0.349528372
18606,0.416122675
18607,-0.456760705
18608,-0.277773917
18609,0.450366944
18610,0.376572639
18611,-0.424027681
18612,-0.439651012
18613,-0.165784568
18614,-0.519153476
18615,0.350542694
18616,0.112015069
18617,-0.384764075
18618,-0.257745475
18619,0.613154352
18620,0.017719265
18621,-0.537929356
18622,-0.480120093
18623,-0.034282196
18624,0.222767845
18625,-0.004299317
18626,0.547359467
18627,0.566601932
18628,-0.429461092
18629,-0.22266835
18630,0.393714011
18631,0.395120978
18632,0.464277178
18633,0.066112287
18634,0.560348868
18635,-0.414005995
18636,-0.264170408
18637,0.489441007
18638,0.473753214
18639,0.282069862
18640,-0.457131952
18641,-0.496526718
18642,-0.082601823
18643,0.332631946
18644,0.441209942
18645,0.235257849
18646,0.387262851
18647,0.059852228
18648,-0.270090818
18649,-0.402364463
18650,0.280179352
18651,-0.174061745
18652,-0.631063998
18653,-0.590158761
18654,-0.504759133
18655,0.081458375
18656,0.462531537
18657,-0.16295287
18658,-0.618123472
18659,0.073089212
18660,0.151329353
18661,0.358649194
18662,0.363076925
18663,-0.231442481
18664,0.616959155
18665,-0.171681151
18666,0.650777161
18667,0.136679545
18668,-0.531106949
18669,-0.218771979
18670,-0.417989582
18671,-0.405721366
18672,0.111481428
18673,0.507376075
18674,0.164253309
18675,-0.157382071
18676,-0.445029259
18677,0.149011165
18678,0.323644459
18679,0.522414327
18680,0.190474913
18681,-0.495101511
18682,0.446439713
18683,0.208707288
18684,-0.068571784
18685,0.131387249
18686,0.647557199
18687,-0.383233726
18688,0.077399075
18689,-0.04324013
18690,0.23126778
18691,-0.29953742
18692,0.589814842
18693,-0.408590883
18694,-0.5327425
18695,0.240727395
18696,-0.59859854
18697,0.501908064
18698,-0.592397749
18699,0.523979902
18700,0.28123337
18701,-0.41492644
18702,-0.626080036
18703,0.534502208
18704,-0.370933294
18705,-0.537264168
18706,-0.622369528
18707,0.038113151
18708,-0.061318994
18709,-0.594769359
18710,-0.450159192
18711,0.492807329
18712,-0.197311252
18713,0.148962379
18714,-0.237457901
18715,-0.522545993
18716,-0.314844191
18717,-0.537923813
18718,0.397901177
18719,-0.112385258
18720,-0.124401726
18721,-0.39390099
18722,-0.577781558
18723,0.589724183
18724,-0.130932063
18725,0.549461603
18726,0.614323437
18727,0.443749577
18728,-0.302769601
18729,-0.271151364
18730,0.080466226
18731,0.413209498
18732,0.270984024
18733,0.160758853
18734,-0.48425436
18735,0.536200345
18736,-0.498364389
18737,-0.264656097
18738,-0.45333311
18739,-0.540825248
18740,0.628064334
18741,0.610967636
18742,-0.050064851
18743,0.614344239
18744,0.456163615
18745,-0.251066804
18746,0.451078117
18747,-0.348245084
18748,0.392563432
18749,0.500427544
18750,0.443383068
18751,-0.373825639
18752,0.45038572
18753,0.253961056
18754,0.410936058
18755,0.495521545
18756,-0.608278036
18757,-0.041039985
18758,0.18390438
18759,-0.190322727
18760,0.536328435
18761,0.389259964
18762,0.601562858
18763,0.46356371
18764,-0.212688491
18765,0.740018785
18766,0.538639069
18767,0.014796391
18768,0.295805752
18769,0.251190901
18770,-0.294467121
18771,
18772,
18773,-0.543055058
18774,-0.244507
18775,-0.652848482
18776,-0.565140247
18777,0.223920047
18778,0.159009248
18779,0.41165027
18780,-0.422367036
18781,-0.178958505
18782,0.443094462
18783,0.472546518
18784,0.048990548
18785,-0.532920539
18786,0.481348127
18787,0.377250224
18788,-0.557143986
18789,-0.537500799
18790,0.231431633
18791,0.157102525
18792,-0.117080204
18793,0.312170476
18794,0.548949063
18795,0.361312211
18796,0.127711385
18797,0.525034428
18798,0.495327324
18799,-0.448867291
18800,-0.504160464
18801,0.172232315
18802,0.287710965
18803,0.337750524
18804,0.082851678
18805,-0.144126952
18806,-0.649564445
18807,0.08909595
18808,-0.009752758
18809,0.317726284
18810,-0.374083847
18811,-0.010339968
18812,-0.109143168
18813,-0.280966163
18814,-0.509889185
18815,-0.165368363
18816,0.147423416
18817,0.381734759
18818,0.397090018
18819,0.401640981
18820,-0.535618186
18821,0.035351314
18822,0.186068118
18823,-0.371594846
18824,-0.568593264
18825,-0.24629274
18826,0.121504948
18827,0.102589339
18828,0.399920881
18829,-0.32816875
18830,-0.368487418
18831,-0.590472043
18832,0.298812389
18833,0.557047367
18834,0.406991422
18835,-0.53183198
18836,0.482560754
18837,-0.336972535
18838,0.096487775
18839,-0.290812463
18840,-0.227903038
18841,-0.754323065
18842,0.456339657
18843,0.533765137
18844,0.139144927
18845,-0.363432229
18846,0.316762567
18847,0.31460923
18848,0.54945308
18849,-0.109181352
18850,-0.421379387
18851,-0.095733687
18852,0.530867755
18853,0.217532635
18854,0.600055754
18855,0.656273365
18856,0.467165917
18857,0.341309071
18858,0.428039253
18859,-0.505454659
18860,0.11866419
18861,-0.02354636
18862,0.560634494
18863,0.167986721
18864,-0.24117218
18865,0.031298641
18866,-0.541114628
18867,0.441738307
18868,0.334449232
18869,-0.262000084
18870,-0.486525565
18871,-0.22262311
18872,-0.439353824
18873,-0.377406299
18874,0.105545565
18875,0.434821516
18876,0.111540765
18877,-0.307378441
18878,-0.248525962
18879,0.169711098
18880,-0.325649798
18881,-0.550822258
18882,0.212322623
18883,0.194615647
18884,-0.605083227
18885,0.437965453
18886,0.418914318
18887,-0.56794101
18888,0.360824525
18889,-0.018562488
18890,-0.052487221
18891,-0.288370997
18892,0.208682552
18893,0.089989185
18894,0.089317523
18895,-0.358980089
18896,-0.468261123
18897,-0.48722899
18898,-0.257526428
18899,0.145343095
18900,0.640437007
18901,-0.135753274
18902,0.425310344
18903,0.328979373
18904,-0.626006007
18905,-0.37566489
18906,-0.669111252
18907,-0.129473776
18908,0.483867943
18909,-0.343256533
18910,-0.316778123
18911,0.348109663
18912,-0.164796859
18913,-0.425242513
18914,0.537181139
18915,0.124298625
18916,-0.375385106
18917,0.093499094
18918,-0.304724842
18919,0.557826161
18920,0.266902208
18921,-0.331599563
18922,-0.015644066
18923,0.189432919
18924,-0.04025761
18925,-0.084265292
18926,-0.182069898
18927,0.151260957
18928,-0.352956206
18929,0.032134555
18930,-0.635120869
18931,-0.395919383
18932,0.359416246
18933,-0.142710701
18934,-0.148889259
18935,0.290265262
18936,0.438278556
18937,0.193044782
18938,0.063946895
18939,-0.335624337
18940,-0.144395471
18941,0.476494074
18942,-0.360036433
18943,0.0027509
18944,0.274011165
18945,0.435910583
18946,0.162842467
18947,-0.416987658
18948,0.175211698
18949,-0.372005433
18950,0.341409862
18951,0.192778721
18952,-0.08398211
18953,-0.479186952
18954,-0.440851867
18955,-0.467370301
18956,-0.390945166
18957,-0.365166545
18958,0.120479338
18959,0.607900143
18960,0.441721827
18961,0.461332977
18962,0.188253671
18963,0.171634704
18964,0.502022803
18965,0.360030621
18966,0.165000871
18967,-0.14603135
18968,0.034523897
18969,-0.325958133
18970,0.080193356
18971,-0.26197806
18972,-0.30209285
18973,0.385673851
18974,-0.197709724
18975,-0.564299583
18976,-0.478723109
18977,0.518473566
18978,0.415925175
18979,-0.55155009
18980,-0.465712428
18981,-0.438196331
18982,0.090121388
18983,0.376647145
18984,0.138234496
18985,-0.451008141
18986,0.155118406
18987,0.567073286
18988,-0.45368737
18989,-0.534661651
18990,-0.031802379
18991,-0.528235793
18992,0.52660656
18993,0.500472367
18994,0.275693774
18995,-0.51470232
18996,0.471905977
18997,-0.122952372
18998,0.068716772
18999,-0.071857043
19000,-0.237580478
19001,0.594753563
19002,0.411379188
19003,0.052801289
19004,0.128978565
19005,0.57949549
19006,-0.198608667
19007,-0.536699116
19008,-0.542691052
19009,-0.443320543
19010,0.544771552
19011,0.659298241
19012,-0.370911598
19013,0.311077595
19014,-0.43366152
19015,-0.428816587
19016,-0.141167551
19017,0.210843086
19018,-0.229995489
19019,-0.325380683
19020,-0.141342014
19021,0.165275365
19022,-0.10964787
19023,-0.365232259
19024,0.033424206
19025,0.30465439
19026,0.234343171
19027,-0.430710912
19028,-0.246294037
19029,-0.478776038
19030,0.049082674
19031,0.255046546
19032,-0.412338048
19033,-0.245521635
19034,-0.006206995
19035,-0.388001263
19036,-0.491726518
19037,0.138828352
19038,0.487887353
19039,0.41024524
19040,-0.46591872
19041,0.518054187
19042,0.460080892
19043,0.499299586
19044,-0.102740481
19045,0.358958662
19046,-0.501681924
19047,-0.443291873
19048,-0.439338684
19049,0.390536845
19050,0.516578555
19051,0.604004741
19052,0.192932755
19053,0.332302064
19054,-0.398720831
19055,0.376800597
19056,0.043101944
19057,0.423489064
19058,0.17629993
19059,0.41362679
19060,-0.467908382
19061,0.419201761
19062,-0.219281062
19063,-0.13007018
19064,-0.384133816
19065,0.094362617
19066,0.237261951
19067,0.387752116
19068,-0.17157051
19069,-0.583173633
19070,0.37175402
19071,0.450085759
19072,-0.244269386
19073,0.31311506
19074,0.567418158
19075,-0.726601362
19076,0.114210382
19077,0.501865447
19078,0.376573116
19079,-0.386493504
19080,-0.087954372
19081,0.034549586
19082,0.553968668
19083,0.570178747
19084,0.526778817
19085,0.318349779
19086,-0.587694824
19087,-0.171137929
19088,-0.424139082
19089,-0.650552213
19090,-0.100430988
19091,-0.180743128
19092,-0.246510118
19093,-0.34962517
19094,-0.272759378
19095,0.708581507
19096,0.644021034
19097,0.570096612
19098,-0.555929542
19099,0.4116804
19100,0.329531729
19101,0.392363846
19102,-0.631208181
19103,0.5032565
19104,0.324971676
19105,0.17675893
19106,0.544645727
19107,-0.0015807
19108,-0.593364239
19109,-0.212581381
19110,-0.54202354
19111,0.278877109
19112,-0.290744245
19113,-0.362670779
19114,-0.199482799
19115,0.614186406
19116,0.321104497
19117,-0.611267567
19118,-0.361840516
19119,-0.092768244
19120,0.301530033
19121,0.392388314
19122,0.298190057
19123,0.157273769
19124,-0.001721542
19125,-0.44718951
19126,0.211666942
19127,0.477955043
19128,0.350039542
19129,0.055788547
19130,-0.03604582
19131,-0.05654515
19132,-0.149887368
19133,-0.130374879
19134,0.549476326
19135,0.322956443
19136,-0.316406518
19137,-0.475239277
19138,-0.163563728
19139,-0.081477463
19140,0.624658585
19141,-0.333740681
19142,-0.25985384
19143,0.509976625
19144,-0.508659124
19145,-0.099279881
19146,0.116173074
19147,-0.119580746
19148,-0.402152598
19149,0.062533163
19150,-0.466504335
19151,0.2097148
19152,0.308482945
19153,0.604059696
19154,0.575458646
19155,0.597961187
19156,0.149687201
19157,-0.14278467
19158,0.429846466
19159,-0.441864431
19160,-0.351830363
19161,-0.042830434
19162,0.033166971
19163,-0.133462891
19164,0.340499759
19165,-0.140395671
19166,0.219689399
19167,-0.563080192
19168,0.126961917
19169,-0.478779942
19170,-0.436497271
19171,0.011829764
19172,-0.669717014
19173,0.066823229
19174,0.109118417
19175,-0.507620275
19176,-0.512307525
19177,0.328714371
19178,0.38861686
19179,0.123261586
19180,-0.47735858
19181,-0.570908785
19182,0.007527264
19183,0.083473995
19184,-0.434120357
19185,0.208039954
19186,-0.608822346
19187,0.29688555
19188,-0.532651722
19189,-0.590880573
19190,0.281662911
19191,0.395119965
19192,-0.316011369
19193,-0.04832036
19194,0.165431559
19195,0.399622142
19196,-0.318582207
19197,0.476665646
19198,-0.292209446
19199,0.233959362
19200,0.55602628
19201,0.538940668
19202,-0.514923334
19203,-0.5580827
19204,-0.051414438
19205,-0.261167675
19206,-0.180456072
19207,-0.326893479
19208,-0.463073194
19209,-0.591274917
19210,-0.172282159
19211,0.215671375
19212,-0.103253931
19213,0.497294456
19214,0.698620379
19215,0.014521305
19216,0.360557228
19217,0.242804855
19218,-0.171204895
19219,-0.095789798
19220,-0.470744222
19221,-0.405627906
19222,0.534046531
19223,0.400706351
19224,-0.677946806
19225,-0.443794042
19226,0.025465917
19227,-0.21780473
19228,-0.395322293
19229,-0.44974646
19230,0.414493799
19231,-0.222573936
19232,0.391627014
19233,0.431577832
19234,0.183733895
19235,-0.547832429
19236,-0.486270338
19237,-0.534328818
19238,0.554260731
19239,-0.410635352
19240,-0.213519171
19241,0.611581564
19242,-0.437830865
19243,0.344099462
19244,0.157988936
19245,0.073364064
19246,-0.525286019
19247,-0.493018925
19248,-0.318970799
19249,-0.278794914
19250,0.01255342
19251,-0.403214246
19252,-0.538410544
19253,0.187979385
19254,0.122429922
19255,0.428219855
19256,0.530557513
19257,0.730747998
19258,-0.290064365
19259,0.292830884
19260,-0.029950246
19261,0.50648582
19262,-0.12158142
19263,0.593594968
19264,0.540925324
19265,0.585615933
19266,0.297595739
19267,-0.051961392
19268,0.410366893
19269,0.594547272
19270,-0.117178768
19271,-0.541266739
19272,0.209293902
19273,0.006335117
19274,0.106087781
19275,0.475129128
19276,0.388511896
19277,0.141675785
19278,0.594191134
19279,-0.544902563
19280,-0.652579248
19281,0.642313004
19282,-0.295897871
19283,0.365644276
19284,0.378259987
19285,-0.119450688
19286,-0.393919289
19287,0.361726671
19288,0.591207981
19289,-0.440769672
19290,0.233960986
19291,-0.027472548
19292,0.569116116
19293,0.236742586
19294,-0.564323306
19295,-0.407975584
19296,-0.199225068
19297,0.171108395
19298,-0.427129209
19299,-0.60390389
19300,0.498781353
19301,0.249326169
19302,-0.155354127
19303,-0.16864115
19304,-0.046542324
19305,-0.058364317
19306,-0.375306249
19307,0.428747088
19308,0.094144329
19309,0.489547968
19310,-0.452114403
19311,-0.324124664
19312,0.565674305
19313,0.490548849
19314,0.045954108
19315,-0.607975364
19316,-0.38412711
19317,0.496026069
19318,0.309277058
19319,0.258357257
19320,0.21331659
19321,0.687660098
19322,-0.290849537
19323,0.312047392
19324,0.406335652
19325,0.350222051
19326,-0.081397846
19327,0.299604982
19328,-0.058028184
19329,-0.494235486
19330,-0.211381704
19331,0.352343321
19332,0.406582773
19333,-0.337664038
19334,-0.167125091
19335,0.130722567
19336,0.389030278
19337,-0.518789768
19338,0.152050316
19339,0.546535611
19340,0.503463447
19341,-0.198188931
19342,0.025316857
19343,-0.479733229
19344,-0.553288817
19345,0.338308007
19346,0.261542499
19347,0.525146306
19348,-0.364801913
19349,0.639238358
19350,-0.233563632
19351,-0.02711533
19352,-0.47787416
19353,-0.346348405
19354,0.396782607
19355,-0.625057101
19356,0.584286034
19357,0.09617997
19358,-0.648450255
19359,-0.408317655
19360,0.376024008
19361,0.415377945
19362,-0.568465114
19363,-0.48055774
19364,0.373969495
19365,-0.503779709
19366,-0.214656711
19367,0.457846612
19368,0.537332177
19369,0.504207969
19370,-0.23583366
19371,-0.431502581
19372,0.275829434
19373,-0.382844716
19374,-0.10937836
19375,0.409092605
19376,0.465397537
19377,-0.096249856
19378,-0.504823089
19379,-0.521415472
19380,0.213461846
19381,0.162399426
19382,0.060615722
19383,-0.374729425
19384,-0.17582801
19385,0.069882043
19386,0.160077035
19387,-0.067453809
19388,0.427462518
19389,0.632824063
19390,-0.380140632
19391,-0.326042324
19392,-0.073986143
19393,-0.496957898
19394,0.230882436
19395,-0.207161382
19396,0.450655162
19397,0.222162277
19398,0.45705682
19399,0.310867667
19400,0.384538412
19401,-0.098522708
19402,0.106140934
19403,0.536818147
19404,-0.632335305
19405,-0.319896758
19406,0.384528637
19407,0.56149435
19408,-0.176840514
19409,-0.414586484
19410,-0.208357289
19411,0.045757018
19412,0.388423145
19413,0.277128905
19414,0.247238636
19415,-0.537166834
19416,0.589236617
19417,0.54477638
19418,0.304134041
19419,-0.477914363
19420,-0.153482467
19421,-0.12618807
19422,-0.342143774
19423,0.569973826
19424,-0.49009937
19425,0.346282631
19426,0.22868365
19427,0.072307989
19428,-0.497674346
19429,0.478305459
19430,-0.400880218
19431,-0.381009996
19432,-0.121216491
19433,0.005098566
19434,-0.607755184
19435,0.479963064
19436,-0.491632998
19437,-0.189553708
19438,-0.489525497
19439,0.189934283
19440,-0.476126373
19441,-0.328641534
19442,-0.510590196
19443,0.635517955
19444,-0.081186756
19445,-0.130471841
19446,0.201443672
19447,-0.219048828
19448,-0.370407611
19449,0.237197727
19450,-0.336622715
19451,-0.575304389
19452,-0.223024487
19453,0.143760696
19454,0.162987202
19455,-0.397349983
19456,0.142697468
19457,0.486244142
19458,0.594985664
19459,0.535702705
19460,0.644244134
19461,-0.418035358
19462,-0.221761584
19463,0.534182787
19464,-0.665760994
19465,-0.031519283
19466,-0.067227811
19467,-0.069352664
19468,-0.441176951
19469,0.12355943
19470,-0.547529697
19471,0.389237344
19472,0.263064653
19473,0.220969975
19474,0.359978676
19475,0.457866013
19476,-0.316487372
19477,0.52127713
19478,-0.264465868
19479,0.072708175
19480,0.348638356
19481,0.389751077
19482,-0.476764858
19483,-0.298275471
19484,-0.04290209
19485,-0.521274745
19486,-0.396980047
19487,-0.662684202
19488,-0.671339631
19489,-0.390589654
19490,0.58089906
19491,-0.172825724
19492,-0.075249784
19493,-0.606072783
19494,-0.381825894
19495,0.40828681
19496,0.452444196
19497,-0.184231311
19498,-0.228573397
19499,-0.584786952
19500,0.310173512
19501,0.325131863
19502,0.447076648
19503,0.065670088
19504,0.36462301
19505,-0.524230123
19506,-0.322036058
19507,-0.016486794
19508,0.455208004
19509,0.073774524
19510,0.673179805
19511,0.232719719
19512,-0.408287168
19513,-0.129884839
19514,0.485718012
19515,-0.380639046
19516,-0.532333732
19517,-0.191257179
19518,0.454898536
19519,0.358887136
19520,-0.048284858
19521,-0.207653195
19522,0.651949704
19523,0.19473429
19524,-0.415437639
19525,-0.495206147
19526,-0.470802754
19527,0.227289155
19528,-0.266524255
19529,0.097629413
19530,0.402644157
19531,-0.481384933
19532,-0.408055544
19533,-0.148538247
19534,-0.100621998
19535,0.077797547
19536,0.080629691
19537,0.102195665
19538,-0.41421926
19539,0.257916391
19540,-0.489171147
19541,-0.038295649
19542,-0.460540235
19543,0.225707367
19544,-0.453506351
19545,0.333567977
19546,0.467015117
19547,0.518018961
19548,-0.552703619
19549,-0.434404194
19550,-0.494785368
19551,-0.537787318
19552,0.246933162
19553,0.266109675
19554,0.669516563
19555,0.531158268
19556,-0.304448158
19557,0.300691038
19558,0.249988258
19559,-0.51480037
19560,-0.550652623
19561,0.40031302
19562,0.482379258
19563,0.029729035
19564,-0.311876386
19565,-0.062114283
19566,0.214899659
19567,0.260017574
19568,-0.306580782
19569,-0.601295471
19570,0.616800487
19571,0.202355534
19572,-0.289876223
19573,-0.253107518
19574,-0.648634613
19575,0.546523571
19576,0.520859122
19577,-0.403012007
19578,0.115554452
19579,0.010917127
19580,-0.152129412
19581,-0.227777869
19582,0.110937826
19583,0.430203378
19584,-0.570549607
19585,0.417181432
19586,0.518390894
19587,0.544059992
19588,-0.20325169
19589,0.233453333
19590,0.153917015
19591,0.176121026
19592,-0.635127187
19593,-0.536014557
19594,0.444586277
19595,-0.22403346
19596,-0.489018232
19597,0.357062578
19598,0.4592686
19599,-0.011265601
19600,0.379946709
19601,0.315519094
19602,-0.231377333
19603,-0.333745569
19604,0.315370083
19605,0.04610157
19606,0.284966826
19607,0.387150884
19608,-0.419434965
19609,0.293965876
19610,0.366912007
19611,-0.05737891
19612,0.366964698
19613,-0.577927232
19614,-0.276058286
19615,0.452012211
19616,-0.562813938
19617,0.31277281
19618,0.255102992
19619,0.424963504
19620,-0.52064383
19621,0.146403283
19622,-0.178798497
19623,-0.234144658
19624,0.18868959
19625,-0.664994299
19626,-0.460582465
19627,-0.642788887
19628,0.400705695
19629,-0.359778851
19630,-0.327794135
19631,-0.331960678
19632,-0.031911332
19633,0.022419713
19634,-0.551316738
19635,0.337283552
19636,0.139758512
19637,-0.214193791
19638,0.409962118
19639,0.501375318
19640,-0.210172951
19641,-0.169088513
19642,0.274521202
19643,-0.420916408
19644,0.43403405
19645,-0.203298554
19646,-0.481227368
19647,0.079698063
19648,0.053584933
19649,-0.516836822
19650,-0.671167791
19651,-0.372778326
19652,0.070401706
19653,0.233353972
19654,0.616306067
19655,-0.39797771
19656,-0.148720339
19657,-0.416952997
19658,-0.548776031
19659,-0.214930132
19660,0.459635079
19661,-0.555839181
19662,-0.386345953
19663,-0.503163576
19664,-0.069439083
19665,0.509492576
19666,0.460772038
19667,0.426693469
19668,0.184068352
19669,-0.520868599
19670,-0.319485188
19671,-0.295618594
19672,-0.381792784
19673,-0.013297379
19674,0.215005592
19675,0.211653382
19676,-0.036844485
19677,0.031475894
19678,0.055150587
19679,-0.294983715
19680,-0.570635557
19681,0.126952484
19682,0.408750713
19683,0.100266039
19684,-0.594022989
19685,-0.469819844
19686,0.524269938
19687,0.288852274
19688,0.471589804
19689,0.111168645
19690,0.642521679
19691,-0.207943469
19692,-0.287674695
19693,0.395460933
19694,0.55139327
19695,0.269129515
19696,0.462753236
19697,-0.599017978
19698,-0.056619853
19699,0.107964434
19700,0.356239617
19701,0.478060931
19702,-0.073980018
19703,0.565686584
19704,0.519983292
19705,0.555616498
19706,0.480652034
19707,-0.707247853
19708,0.448893964
19709,-0.198104307
19710,-0.268340051
19711,0.322420597
19712,-0.666593075
19713,0.460664213
19714,-0.273536503
19715,0.509293556
19716,0.421307325
19717,-0.213441223
19718,-0.098813012
19719,0.168821782
19720,0.398163408
19721,0.503580332
19722,0.243667394
19723,-0.104045331
19724,-0.059945434
19725,-0.203292221
19726,-0.212963015
19727,0.045704044
19728,0.633099854
19729,0.203474343
19730,0.4724814
19731,0.219222322
19732,0.217232272
19733,-0.286163837
19734,-0.061069831
19735,-0.434514165
19736,0.416870952
19737,0.589909554
19738,0.538701415
19739,-0.206812263
19740,0.310804427
19741,-0.479853719
19742,-0.603769064
19743,-0.025636762
19744,0.341061831
19745,-0.057717666
19746,-0.624511182
19747,-0.506893754
19748,0.369146049
19749,-0.504734099
19750,-0.356112003
19751,0.262277544
19752,-0.427646458
19753,-0.366651386
19754,-0.284501016
19755,0.032148108
19756,0.489202142
19757,0.186582521
19758,-0.37946856
19759,0.384046197
19760,-0.086112179
19761,0.005675592
19762,-0.381816149
19763,0.032238457
19764,0.497469574
19765,-0.178723246
19766,-0.290808558
19767,-0.444126278
19768,-0.161800772
19769,0.48135519
19770,0.516340733
19771,0.328176349
19772,-0.307130694
19773,0.47322154
19774,-0.527668238
19775,-0.262159675
19776,-0.311993539
19777,-0.158461303
19778,0.444812
19779,-0.635405123
19780,-0.302490562
19781,-0.443754017
19782,0.581913352
19783,0.567702949
19784,0.526329517
19785,0.046049122
19786,-0.305087358
19787,-0.390429527
19788,0.338988364
19789,-0.559654236
19790,0.580885887
19791,0.579772949
19792,0.647805929
19793,-0.145644456
19794,0.487127662
19795,-0.117968127
19796,0.25633803
19797,0.399692237
19798,-0.381708175
19799,-0.399386704
19800,-0.477774978
19801,-0.427296877
19802,0.556550503
19803,-0.64345026
19804,0.520105004
19805,0.131010458
19806,-0.521625459
19807,-0.130575478
19808,0.415388525
19809,-0.022976227
19810,-0.301524878
19811,0.424038351
19812,-0.076810375
19813,-0.619326413
19814,0.358087271
19815,0.570812762
19816,-0.32274425
19817,-0.751268804
19818,-0.462063164
19819,0.751142085
19820,-0.60742712
19821,-0.439417541
19822,0.330857158
19823,0.424613535
19824,-0.537294745
19825,-0.311204374
19826,-0.651965499
19827,0.144682154
19828,-0.265720516
19829,-0.525867522
19830,-0.217055172
19831,-0.452002704
19832,-0.203461945
19833,0.460749596
19834,0.530604959
19835,-0.588779509
19836,-0.577044785
19837,-0.12077485
19838,0.590365767
19839,-0.165149003
19840,-0.031017385
19841,0.282667309
19842,-0.63818109
19843,-0.581578493
19844,0.579140306
19845,0.482122838
19846,-0.210125208
19847,0.419698685
19848,0.541668296
19849,-0.509050012
19850,0.126642138
19851,0.220379815
19852,0.582935333
19853,-0.15724349
19854,0.006659307
19855,0.033230856
19856,0.626694918
19857,-0.258874178
19858,0.294673532
19859,-0.16113168
19860,0.163684323
19861,-0.32458359
19862,0.157192171
19863,-0.282999158
19864,0.174381256
19865,0.293213546
19866,-0.251544803
19867,0.275365859
19868,0.021056496
19869,0.341524184
19870,0.396252751
19871,0.243913442
19872,0.410853684
19873,-0.298793375
19874,-0.365972936
19875,-0.39586848
19876,-0.405492753
19877,0.51997149
19878,0.20316714
19879,0.076576114
19880,0.589636147
19881,0.1799348
19882,-0.430807859
19883,-0.192858934
19884,-0.411388785
19885,-0.253644615
19886,0.360941589
19887,0.289051473
19888,0.330254585
19889,-0.107616767
19890,0.301082581
19891,-0.348369718
19892,-0.47882992
19893,0.491129756
19894,0.355203718
19895,-0.339078009
19896,-0.38676998
19897,0.036697581
19898,-0.371354967
19899,0.170342594
19900,0.354564786
19901,0.02677574
19902,-0.169578016
19903,0.570991814
19904,-0.339418232
19905,-0.224237174
19906,-0.507609129
19907,-0.422174335
19908,-0.558319807
19909,0.392311186
19910,0.373052776
19911,-0.241714984
19912,-0.200244337
19913,0.303254068
19914,0.460141659
19915,-0.572089553
19916,0.361611038
19917,0.427771509
19918,0.552734256
19919,0.246903196
19920,0.347540408
19921,0.453584015
19922,-0.01197939
19923,-0.01292114
19924,-0.342999786
19925,0.19054237
19926,-0.485512674
19927,-0.119046211
19928,0.460272133
19929,0.651851892
19930,-0.087241463
19931,0.277542889
19932,-0.232548326
19933,-0.519105673
19934,0.166690484
19935,0.317399323
19936,0.295106143
19937,-0.149237603
19938,0.513807058
19939,0.215588719
19940,0.257338464
19941,-0.34161979
19942,0.296996176
19943,-0.468913555
19944,0.267734826
19945,-0.314301848
19946,0.205452889
19947,0.410719395
19948,-0.378402472
19949,0.071010679
19950,-0.026911244
19951,0.07339137
19952,-0.33719936
19953,0.329462796
19954,-0.436521679
19955,0.027170993
19956,0.117667772
19957,-0.538515985
19958,-0.498027921
19959,-0.559121847
19960,-0.474461079
19961,0.034201503
19962,-0.104517326
19963,0.459731609
19964,-0.461088747
19965,-0.489373505
19966,0.135365516
19967,-0.107033089
19968,-0.51229924
19969,0.213711172
19970,-0.511310458
19971,0.420951545
19972,0.487610817
19973,0.560674071
19974,0.020952038
19975,-0.144948617
19976,-0.169783428
19977,0.283957869
19978,0.047070578
19979,-0.332212746
19980,-0.537640929
19981,0.61010778
19982,-0.133298531
19983,0.138898954
19984,-0.127073169
19985,-0.20447129
19986,-0.353937984
19987,-0.247922987
19988,0.370821208
19989,-0.118262909
19990,0.581254601
19991,-0.213672012
19992,-0.454409271
19993,-0.420911074
19994,0.341379046
19995,-0.62902987
19996,0.174952477
19997,0.027749367
19998,-0.102447115
19999,0.591701984
20000,0.539720893
20001,0.225798115
20002,0.177406892
20003,-0.397884578
20004,-0.367330015
20005,0.373634547
20006,-0.57221061
20007,-0.349124193
20008,-0.529651761
20009,-0.187502503
20010,0.319898516
20011,0.472823083
20012,-0.474478334
20013,-0.442525923
20014,0.454193801
20015,0.670777798
20016,-0.470678478
20017,0.256867051
20018,0.31477809
20019,-0.497612
20020,0.294971168
20021,-0.397464037
20022,-0.068027087
20023,
20024,
20025,0.644497037
20026,-0.354985863
20027,-0.258775175
20028,-0.361394167
20029,-0.341385692
20030,0.075173728
20031,0.464408696
20032,0.289696902
20033,0.512635827
20034,0.50557363
20035,-0.546229005
20036,-0.306388229
20037,-0.370481372
20038,0.525582314
20039,-0.424751252
20040,0.500110686
20041,0.544925809
20042,0.179010764
20043,-0.534629941
20044,0.606400251
20045,-0.599598765
20046,-0.366665006
20047,-0.051588427
20048,-0.645188808
20049,-0.579138637
20050,-0.316327363
20051,0.526440144
20052,-0.477084696
20053,-0.365414262
20054,0.466044545
20055,0.582878411
20056,-0.422705978
20057,-0.574368238
20058,-0.572268486
20059,0.203572065
20060,0.496858239
20061,0.452844203
20062,-0.405682266
20063,0.635836363
20064,-0.30862692
20065,-0.478916824
20066,0.318996847
20067,0.019260712
20068,-0.020040188
20069,0.4967134
20070,-0.153119594
20071,0.305315971
20072,-0.492716342
20073,-0.214198321
20074,0.449520707
20075,0.12502037
20076,0.115149103
20077,-0.503074169
20078,-0.152723134
20079,-0.058176346
20080,0.408801079
20081,0.287460804
20082,0.365691155
20083,-0.51305598
20084,-0.226651341
20085,0.249352798
20086,0.210462511
20087,-0.376574934
20088,-0.08981619
20089,-0.448693305
20090,0.096357904
20091,0.158389971
20092,-0.481209874
20093,0.49319452
20094,0.134194672
20095,0.230271727
20096,0.426896572
20097,-0.307186723
20098,-0.418362081
20099,0.174758241
20100,0.343777239
20101,0.586923659
20102,-0.355091512
20103,-0.295012712
20104,0.423787355
20105,-0.450015247
20106,-0.11904557
20107,0.661961794
20108,-0.238435045
20109,0.129535258
20110,-0.703361094
20111,0.512813926
20112,0.2170268
20113,-0.156026229
20114,-0.463232756
20115,-0.058950298
20116,0.524555206
20117,0.59282738
20118,-0.353738606
20119,-0.258161962
20120,-0.109749429
20121,0.05056661
20122,0.340530455
20123,-0.351513505
20124,0.450907409
20125,-0.044794053
20126,-0.253610432
20127,0.43374294
20128,-0.052083224
20129,0.369151473
20130,-0.192382634
20131,0.489089906
20132,-0.602745235
20133,-0.509762406
20134,0.560564101
20135,0.133025289
20136,-0.292775869
20137,0.334261835
20138,-0.132943124
20139,-0.647009969
20140,0.462505251
20141,0.380030155
20142,-0.667369485
20143,0.090674505
20144,-0.636704326
20145,-0.322884381
20146,0.617009282
20147,0.57514751
20148,0.573580623
20149,-0.302424252
20150,-0.487610221
20151,0.09996447
20152,0.576264501
20153,0.181054562
20154,-0.427324384
20155,-0.520004034
20156,0.417943835
20157,-0.50880909
20158,-0.491671294
20159,0.21119152
20160,0.007300317
20161,0.396988779
20162,0.611819863
20163,0.019925509
20164,-0.158251464
20165,0.127817631
20166,0.419485241
20167,-0.204847962
20168,0.259683967
20169,0.192081511
20170,-0.014824569
20171,0.312503189
20172,0.300292611
20173,0.457673758
20174,-0.192318499
20175,0.052087821
20176,-0.533732831
20177,0.136557296
20178,-0.203155473
20179,-0.353860199
20180,-0.240821928
20181,-0.480155826
20182,-0.073396005
20183,-0.179986581
20184,0.183098301
20185,0.314253539
20186,-0.605662465
20187,0.323104829
20188,0.503107667
20189,-0.51883769
20190,-0.740235686
20191,0.31936729
20192,0.581660867
20193,-0.203628615
20194,-0.403697729
20195,0.606499255
20196,0.61191529
20197,-0.092596516
20198,-0.653283894
20199,0.366019398
20200,0.488380432
20201,-0.354916245
20202,0.539729357
20203,0.305075616
20204,-0.527455807
20205,0.147122234
20206,0.162236899
20207,-0.057191595
20208,-0.271554828
20209,0.062209174
20210,0.531553328
20211,0.165317327
20212,-0.461505175
20213,-0.542658925
20214,-0.400023758
20215,0.072383314
20216,0.57970041
20217,0.317454517
20218,-0.254935443
20219,-0.313657731
20220,0.194402277
20221,0.390650511
20222,0.314809173
20223,0.580231786
20224,0.489781857
20225,0.172392637
20226,-0.187580496
20227,-0.124968395
20228,0.514788628
20229,0.001775652
20230,-0.457062662
20231,-0.32928437
20232,-0.613762975
20233,-0.261761367
20234,-0.296124756
20235,-0.155669585
20236,-0.5161376
20237,-0.477847785
20238,0.416000783
20239,0.184484869
20240,-0.19715032
20241,-0.468560219
20242,-0.087022275
20243,0.370118558
20244,0.59705174
20245,0.346401989
20246,0.506712317
20247,-0.217112929
20248,-0.467439055
20249,0.572908819
20250,0.451144934
20251,-0.414511353
20252,-0.315100551
20253,0.007099871
20254,-0.099767059
20255,-0.368575007
20256,-0.462987542
20257,0.298128039
20258,-0.396386147
20259,0.438584834
20260,0.3991189
20261,-0.57675904
20262,-0.146243885
20263,0.392061114
20264,0.552956343
20265,0.015561208
20266,0.160788268
20267,-0.212348446
20268,-0.402568102
20269,-0.041853953
20270,0.645002723
20271,0.436442196
20272,0.128960535
20273,0.362829983
20274,-0.249969542
20275,-0.476653576
20276,-0.484071165
20277,0.200577021
20278,-0.495961845
20279,-0.335508317
20280,0.348616213
20281,0.476046085
20282,-0.572636008
20283,0.035136234
20284,-0.520439863
20285,-0.388300121
20286,0.098197609
20287,0.515475869
20288,0.134827346
20289,-0.384993076
20290,-0.253445357
20291,-0.40436691
20292,-0.418722451
20293,-0.484383345
20294,0.407771587
20295,-0.327396244
20296,0.163771212
20297,-0.025914822
20298,0.010134444
20299,-0.01909747
20300,0.058304451
20301,0.063370533
20302,-0.071332365
20303,0.090541124
20304,0.360610396
20305,0.399024874
20306,-0.4758569
20307,-0.411079586
20308,0.19477804
20309,0.023652647
20310,-0.08534427
20311,-0.387933791
20312,-0.348716676
20313,-0.160558581
20314,0.460011661
20315,-0.611756325
20316,-0.117532857
20317,0.054411586
20318,0.462331653
20319,-0.002767486
20320,-0.269285053
20321,0.364340246
20322,0.496681273
20323,0.001824398
20324,-0.044487193
20325,-0.325236976
20326,-0.461649001
20327,-0.239680231
20328,-0.085194841
20329,0.576299369
20330,0.350861251
20331,-0.172997519
20332,-0.610006094
20333,0.502998769
20334,0.517087162
20335,0.229084983
20336,-0.209034339
20337,-0.363950074
20338,-0.432560146
20339,-0.509599626
20340,-0.510500193
20341,0.242092699
20342,-0.155971497
20343,0.399715066
20344,0.1363208
20345,-0.378558785
20346,0.125966966
20347,-0.577224612
20348,0.230720505
20349,-0.564539731
20350,-0.422624588
20351,-0.596171618
20352,-0.527739584
20353,0.297203094
20354,0.223819122
20355,0.471714944
20356,-0.292570472
20357,-0.589125633
20358,0.244186819
20359,0.17349425
20360,0.416621566
20361,0.395942628
20362,-0.354009748
20363,-0.487211496
20364,0.5149014
20365,0.147281468
20366,-0.474430263
20367,0.343146712
20368,0.063841976
20369,0.532347083
20370,0.286319554
20371,-0.55310154
20372,-0.62062645
20373,-0.454320043
20374,0.267745763
20375,-0.511566639
20376,-0.238673851
20377,-0.07814391
20378,-0.087441012
20379,-0.553477943
20380,-0.357916892
20381,-0.44958204
20382,-0.473512501
20383,-0.114956856
20384,0.60807687
20385,0.168980241
20386,0.248563707
20387,-0.582836688
20388,0.517635405
20389,-0.391643643
20390,-0.066700384
20391,-0.556115329
20392,-0.326831311
20393,-0.334692091
20394,0.576452434
20395,-0.251788259
20396,0.560441434
20397,0.516637921
20398,-0.511138201
20399,-0.065152362
20400,0.538249969
20401,-0.333110869
20402,-0.162916422
20403,0.4577654
20404,0.2785317
20405,0.383033663
20406,-0.328318834
20407,-0.245495439
20408,-0.246614128
20409,0.494154394
20410,-0.145071134
20411,-0.551564336
20412,0.176251888
20413,-0.207135618
20414,-0.131417245
20415,0.375444144
20416,-0.566498756
20417,-0.38840881
20418,-0.350213528
20419,0.095770411
20420,0.669257283
20421,-0.259201556
20422,-0.119122386
20423,-0.197991163
20424,0.649907708
20425,-0.228083283
20426,0.565389931
20427,-0.508308589
20428,-0.46214515
20429,0.235891864
20430,-0.177868038
20431,-0.163271472
20432,0.616412163
20433,0.382465571
20434,-0.061013333
20435,0.206567615
20436,0.31492725
20437,0.590727568
20438,-0.445730269
20439,-0.127906561
20440,0.58318007
20441,0.450105727
20442,-0.492550403
20443,-0.417913109
20444,-0.054086104
20445,-0.643672287
20446,0.114812247
20447,-0.320687979
20448,-0.268535376
20449,-0.419520497
20450,-0.119760193
20451,-0.295623034
20452,-0.34955126
20453,-0.315715581
20454,0.156104639
20455,-0.113054
20456,0.086722143
20457,0.454050094
20458,0.54499507
20459,-0.286392391
20460,-0.498373538
20461,-0.189807221
20462,-0.479626387
20463,-0.173478544
20464,-0.437532872
20465,-0.195717096
20466,-0.184449911
20467,0.450541437
20468,-0.033116579
20469,-0.119119063
20470,-0.243455231
20471,0.164702088
20472,0.379971296
20473,-0.488503903
20474,0.005584657
20475,-0.329019547
20476,-0.199079871
20477,-0.118087009
20478,-0.488194555
20479,-0.392072141
20480,-0.642535627
20481,-0.485928535
20482,-0.434873939
20483,0.289415807
20484,0.377040595
20485,-0.134775013
20486,-0.083696783
20487,-0.139471576
20488,0.634498239
20489,-0.322406352
20490,-0.370203942
20491,0.13000682
20492,-0.376065493
20493,-0.215340853
20494,-0.100352004
20495,0.376387089
20496,0.291549861
20497,-0.590058982
20498,-0.586523235
20499,0.243227914
20500,0.025481954
20501,-0.429704398
20502,-0.340858221
20503,-0.128724933
20504,-0.158008918
20505,-0.418711156
20506,-0.423446238
20507,0.654474676
20508,-0.595832527
20509,0.268827736
20510,0.050453983
20511,0.323408127
20512,-0.333711535
20513,-0.653589487
20514,0.509184003
20515,-0.07965681
20516,0.13360773
20517,-0.439520121
20518,-0.54725039
20519,0.023888268
20520,-0.52635169
20521,0.443068683
20522,-0.164546505
20523,-0.008150997
20524,-0.301225603
20525,0.42604351
20526,-0.349135518
20527,-0.513955235
20528,-0.266691089
20529,0.529091895
20530,0.053825736
20531,0.490246952
20532,-0.171782598
20533,0.330262929
20534,0.484155416
20535,-0.170637742
20536,0.590717673
20537,0.517885566
20538,-0.525636256
20539,-0.537331045
20540,-0.478918731
20541,0.089803457
20542,0.347477078
20543,-0.65705806
20544,0.551207125
20545,-0.572344542
20546,-0.618078113
20547,-0.210547566
20548,0.446461916
20549,0.506099105
20550,0.529236972
20551,-0.171089172
20552,0.369611621
20553,0.006747304
20554,0.599518061
20555,-0.127507836
20556,0.258244514
20557,0.320726514
20558,-0.544001997
20559,-0.035441965
20560,0.43311584
20561,0.42181474
20562,0.607273817
20563,0.337677777
20564,0.430924773
20565,-0.049975172
20566,-0.112139069
20567,0.494667828
20568,0.07864029
20569,0.339409828
20570,0.306583971
20571,0.263750404
20572,0.472844303
20573,-0.37666598
20574,0.331112623
20575,0.393842161
20576,0.503684282
20577,0.567004561
20578,0.208586007
20579,0.19235307
20580,0.342744231
20581,0.414508998
20582,0.529515684
20583,-0.399398386
20584,-0.612799525
20585,0.195104256
20586,0.405580342
20587,-0.051385414
20588,0.470674247
20589,0.278189868
20590,0.128410339
20591,-0.515654087
20592,-0.430707753
20593,-0.326585174
20594,0.358910739
20595,0.265652269
20596,-0.179700613
20597,0.434444785
20598,0.412101239
20599,0.566447377
20600,-0.373863608
20601,-0.539348364
20602,0.541886508
20603,0.592373729
20604,0.503460109
20605,0.338715225
20606,-0.627979755
20607,0.267259926
20608,0.305182099
20609,0.241053089
20610,0.464451998
20611,0.2113152
20612,0.629971743
20613,0.359830767
20614,-0.411069155
20615,-0.503121853
20616,-0.006990913
20617,-0.203081623
20618,0.645917535
20619,-0.116443284
20620,-0.244453162
20621,0.371021986
20622,-0.575953901
20623,0.490516007
20624,-0.306666195
20625,-0.590003252
20626,0.023749478
20627,0.291821927
20628,-0.320695043
20629,-0.295796216
20630,-0.282593489
20631,-0.386164695
20632,0.198748514
20633,0.377295613
20634,0.168449357
20635,0.192192554
20636,-0.367006004
20637,0.205943719
20638,0.332918465
20639,-0.034084234
20640,0.313704252
20641,-0.573857427
20642,0.609099269
20643,-0.082307614
20644,0.142146468
20645,-0.494926333
20646,0.479686409
20647,-0.577378392
20648,0.550644517
20649,-0.029090885
20650,0.381889403
20651,-0.433287144
20652,0.48911643
20653,0.233748257
20654,-0.537042618
20655,0.466947198
20656,0.424474597
20657,-0.079746291
20658,-0.349852175
20659,-0.481446147
20660,-0.45728296
20661,0.124967068
20662,0.151691765
20663,-0.052363984
20664,-0.368904114
20665,0.066803806
20666,-0.274110585
20667,0.228916749
20668,0.074955635
20669,-0.371504933
20670,0.525845647
20671,-0.452040017
20672,0.405539244
20673,0.568446398
20674,-0.469317228
20675,0.121881686
20676,0.342731714
20677,-0.413958967
20678,-0.344314814
20679,0.110480823
20680,0.270707875
20681,-0.110347345
20682,-0.045775328
20683,0.223065332
20684,-0.099858731
20685,-0.03254056
20686,0.52028966
20687,-0.283613741
20688,0.482015848
20689,0.150205821
20690,0.443902642
20691,0.121343158
20692,0.211564243
20693,-0.331463724
20694,-0.523617387
20695,-0.428770304
20696,0.546512723
20697,0.212596402
20698,0.383874774
20699,-0.368856162
20700,0.169511676
20701,-0.103446394
20702,0.510510862
20703,0.468157351
20704,-0.394165069
20705,-0.125540555
20706,-0.31370011
20707,0.426632673
20708,0.378944069
20709,0.273450673
20710,0.320860595
20711,0.419110596
20712,-0.364806771
20713,-0.400772214
20714,-0.056679387
20715,-0.484379858
20716,-0.032092944
20717,0.652253389
20718,-0.450340688
20719,-0.529952705
20720,-0.370881677
20721,-0.563112378
20722,0.187298536
20723,-0.413911164
20724,-0.162731215
20725,-0.646762013
20726,-0.497057348
20727,-0.624664605
20728,-0.562489748
20729,-0.476300538
20730,-0.278060466
20731,0.048117395
20732,0.488271952
20733,-0.179137528
20734,-0.709461093
20735,-0.421202421
20736,0.204430342
20737,0.045285955
20738,-0.41261372
20739,-0.476334989
20740,-0.475814342
20741,0.112267382
20742,-0.106288135
20743,-0.282960355
20744,-0.284931779
20745,-0.296753466
20746,0.39384532
20747,0.619154334
20748,-0.25194484
20749,0.282263398
20750,0.618516088
20751,-0.185356379
20752,-0.753257632
20753,-0.497558475
20754,0.565874815
20755,0.563148022
20756,0.434036463
20757,0.147543639
20758,-0.477549136
20759,0.356930703
20760,-0.164240479
20761,0.385641068
20762,0.442724735
20763,0.415834963
20764,-0.175509885
20765,-0.086777456
20766,-0.603305817
20767,0.347585201
20768,-0.152348936
20769,-0.058290571
20770,0.656121075
20771,-0.643460572
20772,0.280740261
20773,-0.16574043
20774,0.449100971
20775,0.553183794
20776,0.040928982
20777,-0.493025482
20778,-0.448165834
20779,-0.277212977
20780,-0.568438768
20781,0.500383615
20782,-0.469066083
20783,-0.466145158
20784,0.58714509
20785,0.438230097
20786,0.026223414
20787,0.210225865
20788,-0.546524167
20789,-0.484249532
20790,-0.495451033
20791,-0.537949502
20792,0.445304275
20793,0.179523319
20794,0.286453933
20795,0.527163625
20796,-0.442947865
20797,0.40750286
20798,0.355801404
20799,-0.476394773
20800,-0.554659784
20801,-0.493785352
20802,-0.070636854
20803,0.213968471
20804,-0.471548021
20805,-0.415520668
20806,-0.470579565
20807,0.293813348
20808,-0.074165717
20809,-0.594462156
20810,-0.483212113
20811,0.212597027
20812,0.282229155
20813,-0.3239007
20814,-0.257163078
20815,-0.300219774
20816,0.499042839
20817,0.1366207
20818,0.258669734
20819,-0.317675203
20820,-0.389495075
20821,-0.017767534
20822,-0.322550118
20823,-0.274577141
20824,0.364586562
20825,0.537642002
20826,0.354593217
20827,0.217582226
20828,-0.355934501
20829,-0.376743913
20830,-0.437289774
20831,-0.638699889
20832,0.489609778
20833,0.237417564
20834,-0.544537187
20835,0.123388998
20836,-0.481574923
20837,0.400085151
20838,0.58224237
20839,-0.572771788
20840,-0.540407538
20841,0.005119048
20842,-0.48295626
20843,-0.425722718
20844,-0.029264782
20845,-0.290877014
20846,0.163941711
20847,-0.519870698
20848,0.00105631
20849,0.432454675
20850,0.13978067
20851,0.486028731
20852,0.460922092
20853,-0.144739896
20854,-0.245440751
20855,0.403108776
20856,0.455507845
20857,-0.613241553
20858,-0.098076746
20859,-0.44038713
20860,-0.081114113
20861,-0.586972117
20862,0.293891072
20863,0.499100894
20864,-0.509239554
20865,-0.290786028
20866,0.157994092
20867,0.081616536
20868,0.354226708
20869,0.341204166
20870,-0.285198987
20871,-0.371586919
20872,0.390510887
20873,0.339072973
20874,-0.435345888
20875,-0.245920509
20876,-0.071548954
20877,0.230425984
20878,-0.13855052
20879,0.408299237
20880,-0.405518532
20881,-0.420800924
20882,0.315806866
20883,0.368338287
20884,0.437880635
20885,-0.635876119
20886,0.09924978
20887,0.601287782
20888,0.457498878
20889,-0.415199578
20890,-0.519136012
20891,-0.414515197
20892,-0.484078676
20893,0.467012525
20894,0.212688923
20895,-0.32252413
20896,0.59314549
20897,-0.584329367
20898,-0.365448534
20899,-0.230253547
20900,-0.472278178
20901,0.007290281
20902,0.389795601
20903,-0.350564182
20904,-0.043755535
20905,0.463024676
20906,-0.290054679
20907,-0.119585827
20908,-0.448185742
20909,-0.24922511
20910,0.272265434
20911,0.629470825
20912,0.045051564
20913,0.50453186
20914,0.363884717
20915,0.441587597
20916,-0.04126966
20917,0.33226192
20918,-0.271252424
20919,0.266786486
20920,0.496851683
20921,-0.203960925
20922,-0.292135835
20923,-0.274452507
20924,0.605849326
20925,0.297002465
20926,-0.451194435
20927,0.114111118
20928,0.201452196
20929,-0.327290773
20930,-0.038543366
20931,0.136440575
20932,0.112633757
20933,0.207297117
20934,0.498410106
20935,0.326706886
20936,0.108809225
20937,0.073897913
20938,0.341940016
20939,-0.16239062
20940,-0.283481479
20941,-0.433570951
20942,0.366121858
20943,0.372095793
20944,0.002524152
20945,0.401186705
20946,-0.228235751
20947,-0.494650722
20948,0.564694405
20949,0.371389091
20950,0.02603852
20951,-0.246106818
20952,0.259378403
20953,0.1614393
20954,0.561882675
20955,-0.515580773
20956,-0.018265594
20957,0.615817785
20958,0.047804177
20959,-0.055759616
20960,-0.260166854
20961,-0.298520356
20962,0.276182443
20963,0.11056596
20964,-0.447962791
20965,-0.135892719
20966,0.1470218
20967,0.504056871
20968,-0.370774329
20969,-0.157963693
20970,0.5670771
20971,0.460830957
20972,0.622134328
20973,0.416259766
20974,-0.30068332
20975,-0.60171777
20976,0.360073447
20977,0.607147157
20978,0.541453362
20979,0.291330844
20980,-0.528161287
20981,-0.469626576
20982,0.230913043
20983,0.548164964
20984,0.066163771
20985,-0.664705873
20986,-0.141496375
20987,0.562485754
20988,-0.051291648
20989,-0.458275408
20990,-0.052277103
20991,-0.076131672
20992,0.259139717
20993,0.397968292
20994,-0.078732304
20995,-0.0129558
20996,-0.182997733
20997,-0.310628414
20998,-0.44517079
20999,-0.062785879
21000,0.0565641
21001,-0.114353225
21002,-0.701093912
21003,-0.236124903
21004,0.468739986
21005,0.474916577
21006,0.549057841
21007,0.495458722
21008,0.289502054
21009,-0.100095741
21010,-0.222668827
21011,-0.026174918
21012,0.549821496
21013,-0.422948867
21014,-0.511319637
21015,0.512227595
21016,0.384925723
21017,0.102772087
21018,0.2966941
21019,0.358858705
21020,-0.289876014
21021,-0.576877475
21022,-0.251623362
21023,0.448262453
21024,0.027276192
21025,0.280684501
21026,0.419009835
21027,0.357845157
21028,0.549496531
21029,0.249103069
21030,0.022226859
21031,0.306398928
21032,0.501013637
21033,0.551450729
21034,-0.073744148
21035,-0.056063242
21036,-0.119130932
21037,0.063800603
21038,-0.1502776
21039,-0.403150499
21040,-0.085131019
21041,0.106560767
21042,0.221067101
21043,0.278478384
21044,-0.096990235
21045,0.124690868
21046,-0.410118103
21047,-0.587278306
21048,-0.402133137
21049,-0.475046068
21050,-0.427036434
21051,-0.128775865
21052,0.037474561
21053,0.013028242
21054,-0.049837902
21055,0.018245012
21056,-0.081291676
21057,-0.288059056
21058,0.479899257
21059,0.566214919
21060,-0.031785011
21061,-0.405846238
21062,-0.522104144
21063,-0.022131957
21064,-0.493761539
21065,-0.326359242
21066,0.528491616
21067,-0.118594244
21068,0.369995773
21069,0.580999374
21070,-0.203773409
21071,0.024039522
21072,-0.508585751
21073,-0.509743214
21074,-0.339960843
21075,-0.079329565
21076,0.014678977
21077,0.343814373
21078,0.508948028
21079,0.41637373
21080,-0.334205627
21081,-0.405712992
21082,0.543300688
21083,0.016107194
21084,0.341545075
21085,-0.395422757
21086,-0.101431742
21087,-0.556694031
21088,-0.240649179
21089,0.174248189
21090,0.517201424
21091,0.24628213
21092,0.215190023
21093,0.413040698
21094,0.484393895
21095,-0.138087764
21096,-0.291708529
21097,-0.021831162
21098,0.274965107
21099,-0.398245186
21100,-0.333530396
21101,0.169668883
21102,0.487480432
21103,0.218618259
21104,-0.586608648
21105,0.208375722
21106,0.171030819
21107,-0.374065071
21108,0.076431058
21109,-0.062500529
21110,0.435685158
21111,0.069128886
21112,-0.492085874
21113,-0.383643538
21114,0.500116348
21115,0.376283675
21116,0.266710997
21117,-0.091409057
21118,0.446516097
21119,0.36624223
21120,-0.416315019
21121,0.076766185
21122,0.418278694
21123,0.099654958
21124,-0.00786975
21125,-0.395298302
21126,0.029991083
21127,0.262869984
21128,0.234614104
21129,0.410327882
21130,-0.297152579
21131,-0.39817366
21132,-0.271350056
21133,-0.294609368
21134,0.413303316
21135,-0.551552892
21136,-0.179652497
21137,0.398398846
21138,0.377225578
21139,0.495420575
21140,-0.4966802
21141,-0.193237305
21142,0.223288313
21143,0.046963252
21144,0.21999447
21145,0.486079514
21146,-0.437333286
21147,-0.331239849
21148,0.226604044
21149,0.451156557
21150,0.250953376
21151,0.499858022
21152,0.034644604
21153,-0.117394276
21154,-0.568813801
21155,0.483493298
21156,0.538199306
21157,-0.259182692
21158,-0.5098387
21159,0.364599824
21160,0.56730485
21161,0.218010455
21162,-0.322113872
21163,-0.400117308
21164,-0.640455008
21165,-0.595580578
21166,-0.016052209
21167,-0.23262544
21168,0.710096836
21169,-0.513915896
21170,-0.53675735
21171,0.448454559
21172,0.431016892
21173,0.22057727
21174,0.409668148
21175,-0.42021969
21176,-0.116742834
21177,0.593639374
21178,0.435119569
21179,0.455409706
21180,-0.036852203
21181,0.284981668
21182,-0.630747795
21183,-0.493478239
21184,-0.61591363
21185,-0.176008493
21186,-0.260859221
21187,0.618381321
21188,-0.414498597
21189,-0.466109037
21190,0.400605202
21191,0.392470062
21192,0.382281601
21193,0.278554618
21194,-0.178853706
21195,-0.637379706
21196,0.020995846
21197,0.096706182
21198,0.264999866
21199,0.192060947
21200,-0.62156409
21201,-0.445335627
21202,-0.263083696
21203,0.57285279
21204,0.274376869
21205,-0.507531583
21206,-0.769034266
21207,-0.586984336
21208,0.622495055
21209,0.151634246
21210,0.580837607
21211,-0.530188859
21212,-0.411324799
21213,-0.478484243
21214,-0.425729781
21215,-0.501638174
21216,-0.431010425
21217,-0.629371703
21218,0.529111505
21219,0.452068686
21220,-0.128378272
21221,-0.328590691
21222,-0.470348179
21223,-0.618629515
21224,0.616068542
21225,0.319140732
21226,-0.348162591
21227,-0.573296666
21228,-0.525836825
21229,0.100736611
21230,-0.248736575
21231,-0.403821051
21232,0.242132753
21233,0.31564936
21234,-0.510766327
21235,-0.243918359
21236,-0.536670923
21237,-0.351436973
21238,0.455222607
21239,-0.541795552
21240,0.23477304
21241,0.067953959
21242,-0.620077074
21243,-0.556469798
21244,-0.392664492
21245,-0.495581537
21246,-0.361235201
21247,0.215509236
21248,0.537212968
21249,0.504391193
21250,-0.476768672
21251,-0.218217015
21252,-0.325245619
21253,-0.502067804
21254,0.080761433
21255,0.474136889
21256,-0.246020287
21257,-0.549210608
21258,0.215128019
21259,0.528553188
21260,0.443982184
21261,-0.45636791
21262,-0.483786285
21263,-0.195652694
21264,0.053392988
21265,0.395079195
21266,-0.36721015
21267,0.51044035
21268,0.381575465
21269,-0.569174767
21270,-0.450756967
21271,-0.439858556
21272,0.49335295
21273,0.566820443
21274,
21275,
21276,-0.079643548
21277,-0.568502665
21278,0.519555986
21279,-0.13465485
21280,0.430932581
21281,-0.079272576
21282,-0.232333004
21283,-0.049217187
21284,0.423734307
21285,-0.030996609
21286,-0.384917647
21287,-0.461952239
21288,-0.243029445
21289,0.197292984
21290,0.472714007
21291,0.01544974
21292,-0.202216387
21293,-0.408836603
21294,0.512907267
21295,-0.485333443
21296,-0.216671452
21297,-0.401720583
21298,-0.29952693
21299,0.096697234
21300,0.262111485
21301,-0.003894448
21302,-0.271431446
21303,-0.557308555
21304,0.392997772
21305,0.499748111
21306,0.353554964
21307,0.428872108
21308,0.550234795
21309,0.636553705
21310,-0.334612548
21311,-0.628449678
21312,0.300923735
21313,0.207859233
21314,-0.180392623
21315,-0.3207376
21316,-0.238127604
21317,-0.297224969
21318,0.454952955
21319,0.292487442
21320,-0.395103306
21321,-0.001915738
21322,0.477736712
21323,-0.040380403
21324,0.371451735
21325,0.325860381
21326,0.654202819
21327,-0.079026461
21328,-0.389374346
21329,-0.172844499
21330,0.588683367
21331,0.515424252
21332,-0.576516151
21333,-0.24083057
21334,-0.370121807
21335,-0.18176493
21336,-0.293377638
21337,0.485775828
21338,0.643047631
21339,-0.280811846
21340,-0.377291679
21341,0.410015285
21342,-0.530936003
21343,-0.753520429
21344,-0.068410404
21345,-0.116861843
21346,0.598973751
21347,-0.054733861
21348,-0.312032104
21349,0.471368998
21350,-0.167182639
21351,-0.106673799
21352,-0.239053816
21353,-0.300344646
21354,-0.423765182
21355,-0.140749231
21356,-0.307448626
21357,-0.303243577
21358,0.404721856
21359,0.441812813
21360,0.397167146
21361,0.693716168
21362,0.296116203
21363,0.18496041
21364,-0.389191777
21365,-0.225716665
21366,-0.039777402
21367,-0.23939988
21368,-0.157943219
21369,0.298137158
21370,0.154432938
21371,0.384611785
21372,0.448734552
21373,-0.081447631
21374,-0.33711502
21375,0.201972216
21376,0.198569983
21377,-0.592260838
21378,0.455237389
21379,0.337233007
21380,0.246418461
21381,0.273268998
21382,0.456941903
21383,-0.009443878
21384,-0.466341257
21385,-0.145722389
21386,0.359421432
21387,-0.159515634
21388,-0.581634283
21389,0.565690517
21390,0.527713478
21391,-0.481158197
21392,-0.382379413
21393,0.507138431
21394,-0.029140875
21395,-0.084765233
21396,-0.585819721
21397,0.516513228
21398,-0.511008084
21399,-0.379056871
21400,0.57806319
21401,-0.411550373
21402,-0.423860013
21403,0.00042934
21404,-0.213250726
21405,-0.369821012
21406,-0.163328528
21407,-0.036080725
21408,-0.114369921
21409,0.122890346
21410,-0.075207472
21411,0.447479755
21412,0.355663627
21413,-0.061343897
21414,-0.565860391
21415,-0.586871445
21416,0.52000773
21417,0.21122618
21418,0.005977944
21419,-0.530576706
21420,0.510754645
21421,0.409100324
21422,-0.59333241
21423,0.504178822
21424,0.436332554
21425,-0.001060015
21426,0.270876795
21427,-0.294050813
21428,0.429536521
21429,-0.484009027
21430,0.659195721
21431,0.533890724
21432,0.041158453
21433,0.121371605
21434,0.054312542
21435,0.096500315
21436,0.261920005
21437,-0.567030311
21438,-0.207930684
21439,0.072335675
21440,0.564195275
21441,0.186969936
21442,0.447038531
21443,0.395181239
21444,-0.254952192
21445,-0.18381831
21446,-0.429124773
21447,-0.347745717
21448,-0.441112518
21449,0.575342178
21450,-0.095386378
21451,0.642313302
21452,-0.39402014
21453,-0.055639427
21454,0.388834774
21455,0.046415847
21456,-0.457079053
21457,-0.214463189
21458,-0.561302483
21459,0.036983557
21460,0.626918912
21461,-0.570573568
21462,0.3426328
21463,-0.074872814
21464,-0.449050605
21465,-0.096993476
21466,0.461087525
21467,-0.615175307
21468,-0.61809504
21469,0.409777522
21470,0.246749967
21471,0.335648894
21472,-0.500500619
21473,-0.53818953
21474,-0.292610645
21475,-0.404860675
21476,-0.617856324
21477,-0.561123967
21478,-0.220194787
21479,0.221855849
21480,0.628730774
21481,-0.206631899
21482,-0.560052276
21483,0.529186726
21484,0.487945288
21485,-0.200411379
21486,0.265381753
21487,0.591783464
21488,-0.32972765
21489,0.533889294
21490,-0.497538865
21491,0.203330964
21492,-0.431205958
21493,-0.164698169
21494,-0.662573338
21495,-0.330083132
21496,0.509676993
21497,0.305741012
21498,0.321222186
21499,-0.541994274
21500,-0.312451541
21501,0.574362874
21502,0.58621949
21503,0.259814262
21504,-0.302450716
21505,-0.074185312
21506,0.386380374
21507,-0.124955289
21508,-0.352822274
21509,-0.469275117
21510,0.305212408
21511,0.124154873
21512,0.393994451
21513,-0.113793075
21514,-0.638935924
21515,-0.069099195
21516,-0.147275373
21517,-0.215936095
21518,-0.438358992
21519,-0.378093004
21520,0.357165694
21521,0.152402624
21522,-0.2507146
21523,-0.435976684
21524,-0.207693398
21525,0.466797233
21526,0.098609522
21527,0.057665303
21528,-0.629414499
21529,0.499928534
21530,0.488805175
21531,0.179103047
21532,-0.501483023
21533,0.437899798
21534,0.460465819
21535,0.176217675
21536,-0.518707991
21537,0.229806617
21538,-0.543172121
21539,0.048532501
21540,0.651217401
21541,-0.651844859
21542,0.20993948
21543,-0.264111668
21544,-0.439202607
21545,-0.655627251
21546,0.125607565
21547,-0.011952968
21548,0.479351044
21549,-0.452805281
21550,0.079146072
21551,-0.289513499
21552,-0.133038968
21553,-0.545234621
21554,-0.419930935
21555,0.129204571
21556,0.490656912
21557,-0.514886141
21558,-0.414125472
21559,0.354062915
21560,0.496950954
21561,0.108214639
21562,0.059147332
21563,0.151767552
21564,0.508290172
21565,-0.054651581
21566,0.156301141
21567,0.607745409
21568,0.163528815
21569,0.444179982
21570,-0.189752713
21571,-0.541126668
21572,-0.028180227
21573,0.248801276
21574,0.492403775
21575,0.343738049
21576,0.588162959
21577,-0.327390075
21578,0.493016273
21579,-0.29893133
21580,0.485284984
21581,-0.067792892
21582,0.564790785
21583,0.233972892
21584,0.580239236
21585,-0.52736181
21586,-0.418854445
21587,0.453333646
21588,0.250713766
21589,-0.558686733
21590,-0.649991393
21591,0.638028145
21592,-0.253844351
21593,-0.084946379
21594,-0.303908944
21595,0.181721956
21596,-0.58104986
21597,-0.376623094
21598,-0.004841072
21599,-0.318325967
21600,-0.486151755
21601,0.666159391
21602,-0.223883763
21603,0.383057654
21604,-0.238713473
21605,-0.108523436
21606,0.229043633
21607,0.602535546
21608,-0.118243322
21609,-0.334992796
21610,-0.506262362
21611,-0.457778215
21612,0.373449445
21613,0.23207292
21614,-0.570194781
21615,-0.532919288
21616,-0.386705667
21617,-0.198542789
21618,-0.697222352
21619,-0.332604378
21620,0.163948372
21621,0.216711491
21622,-0.196238428
21623,0.021050256
21624,0.468346417
21625,0.297316074
21626,-0.188939616
21627,-0.110792674
21628,-0.410031557
21629,-0.616324782
21630,-0.16965057
21631,-0.535601676
21632,0.254356444
21633,0.620930672
21634,0.490454197
21635,-0.219417244
21636,-0.423543155
21637,0.000331152
21638,-0.509426832
21639,-0.225699529
21640,-0.13153109
21641,0.236240476
21642,-0.408723712
21643,0.403696299
21644,0.353760302
21645,0.299736977
21646,0.355092078
21647,0.507782102
21648,-0.051357955
21649,-0.19495371
21650,-0.604113698
21651,0.466458499
21652,0.451283991
21653,-0.167161778
21654,-0.247763783
21655,-0.384679854
21656,-0.186591998
21657,0.457806468
21658,-0.522531152
21659,0.332965493
21660,0.23889868
21661,0.469527185
21662,0.132084385
21663,0.623529792
21664,0.305395216
21665,-0.256030142
21666,0.515222788
21667,-0.071085423
21668,-0.398617119
21669,-0.595908523
21670,0.112966433
21671,-0.522565603
21672,-0.182701662
21673,0.278453857
21674,-0.07230372
21675,-0.406392366
21676,0.276106119
21677,-0.183863193
21678,0.207609147
21679,-0.444705844
21680,0.15847981
21681,-0.158120722
21682,0.550214887
21683,-0.255208433
21684,-0.313255519
21685,0.237595424
21686,0.542081833
21687,-0.511702895
21688,0.044305895
21689,-0.405037165
21690,0.310755998
21691,0.407198101
21692,0.299626529
21693,-0.39558655
21694,-0.095231742
21695,-0.052853942
21696,0.474404901
21697,-0.08761289
21698,-0.11514736
21699,-0.06224294
21700,0.143365026
21701,-0.006742954
21702,0.083573334
21703,0.0061206
21704,-0.599070907
21705,0.399001956
21706,-0.557651043
21707,-0.271288842
21708,-0.035751518
21709,0.019867383
21710,-0.531066179
21711,-0.164729103
21712,-0.079968326
21713,-0.479322612
21714,-0.238218814
21715,0.376010358
21716,-0.521335483
21717,-0.521106362
21718,0.182480946
21719,-0.004231622
21720,0.139858589
21721,0.314326882
21722,-0.426508546
21723,-0.302486211
21724,0.30341053
21725,-0.493741482
21726,0.22000812
21727,-0.111882813
21728,0.237263054
21729,-0.381617248
21730,-0.143102989
21731,-0.550961137
21732,-0.323772669
21733,0.250402987
21734,-0.045803033
21735,-0.297502905
21736,0.003692241
21737,0.449521244
21738,0.47941041
21739,-0.576364398
21740,0.111024097
21741,-0.509245634
21742,-0.166856706
21743,-0.087658465
21744,0.093288258
21745,0.565769017
21746,0.348302782
21747,-0.518357754
21748,0.328960329
21749,0.510894656
21750,0.354665905
21751,0.014589712
21752,-0.118333042
21753,-0.534159184
21754,-0.647128284
21755,0.384957701
21756,0.387191713
21757,-0.126987427
21758,-0.111677185
21759,-0.226343408
21760,-0.561718702
21761,-0.498857081
21762,-0.344266653
21763,-0.067333147
21764,0.284298062
21765,0.421099305
21766,0.59092623
21767,0.431122869
21768,0.385792613
21769,-0.106102884
21770,-0.228079736
21771,-0.44249168
21772,-0.50113678
21773,0.338935137
21774,0.445697844
21775,-0.092501901
21776,-0.340314031
21777,0.506105542
21778,0.519009709
21779,0.199694395
21780,-0.23211886
21781,0.350761324
21782,-0.588175237
21783,0.064331412
21784,-0.276954949
21785,-0.330336332
21786,0.185469955
21787,-0.529285431
21788,0.450753778
21789,0.445162088
21790,0.095619619
21791,0.318026006
21792,-0.436225533
21793,-0.256147742
21794,-0.491255552
21795,0.261528701
21796,0.388743401
21797,0.367132872
21798,0.154711366
21799,-0.569931149
21800,-0.413803607
21801,0.110555157
21802,0.534928262
21803,-0.427915722
21804,0.351088166
21805,-0.316098422
21806,0.362001359
21807,0.435280323
21808,-0.179363087
21809,0.186998248
21810,0.43359524
21811,0.44195652
21812,-0.334792763
21813,-0.465862632
21814,-0.425153404
21815,0.274265826
21816,0.04089731
21817,0.42844668
21818,-0.62724334
21819,0.280383348
21820,0.476556927
21821,0.137122393
21822,0.168457776
21823,0.139007464
21824,0.462492913
21825,0.178775191
21826,-0.27697596
21827,-0.209074289
21828,0.597733676
21829,-0.535048723
21830,0.463217527
21831,-0.35685423
21832,-0.09787406
21833,-0.186087459
21834,0.196101904
21835,0.217027217
21836,-0.58009392
21837,0.375064969
21838,0.488642693
21839,0.31925413
21840,-0.48215723
21841,-0.527996182
21842,0.513822794
21843,-0.407711357
21844,-0.557618499
21845,0.497532427
21846,0.382151514
21847,-0.447033107
21848,-0.414803207
21849,-0.35404247
21850,0.291329831
21851,0.50664556
21852,-0.453484654
21853,0.443806171
21854,0.041987494
21855,-0.468032777
21856,0.204700097
21857,-0.58087033
21858,-0.088390782
21859,0.109156504
21860,-0.009003766
21861,-0.204161465
21862,-0.652441025
21863,0.143664807
21864,-0.258654833
21865,-0.200106919
21866,-0.575740695
21867,0.018524058
21868,0.307794988
21869,0.119376451
21870,-0.423280835
21871,-0.358913213
21872,-0.049323522
21873,-0.421930611
21874,-0.403627902
21875,0.596795917
21876,-0.098127685
21877,-0.379536688
21878,0.340123832
21879,-0.206961721
21880,0.084198937
21881,0.482721806
21882,-0.357355893
21883,-0.411404312
21884,-0.366552532
21885,-0.464158773
21886,-0.362036705
21887,-0.291920096
21888,0.422004819
21889,0.110569254
21890,-0.480672508
21891,0.279624134
21892,-0.142230928
21893,0.267436802
21894,-0.135949746
21895,0.048672363
21896,-0.154924318
21897,0.216463894
21898,-0.218996301
21899,0.488673359
21900,-0.025791079
21901,-0.234906763
21902,-0.508740544
21903,-0.082676917
21904,-0.574917853
21905,-0.377267778
21906,0.381403357
21907,-0.410832852
21908,-0.583557606
21909,0.610059619
21910,0.362636209
21911,-0.572728455
21912,-0.301704258
21913,-0.290427476
21914,0.572121382
21915,-0.381971896
21916,-0.254584312
21917,-0.45093751
21918,-0.347276419
21919,-0.112426475
21920,0.272417814
21921,0.401679784
21922,0.192564994
21923,0.376045018
21924,0.055499233
21925,0.014994591
21926,-0.26910612
21927,-0.261871248
21928,-0.506237626
21929,0.572633624
21930,0.100868657
21931,0.220673442
21932,0.035922572
21933,-0.512757659
21934,0.442083776
21935,-0.016302675
21936,-0.393746048
21937,0.582323313
21938,0.37361154
21939,0.591285169
21940,-0.082676902
21941,-0.47559011
21942,-0.54990381
21943,0.578186452
21944,0.321207136
21945,-0.416128784
21946,0.251851112
21947,0.242119357
21948,-0.306969732
21949,-0.424741507
21950,-0.208049968
21951,0.267687947
21952,-0.078204274
21953,0.021670997
21954,0.602097273
21955,-0.107982412
21956,0.418015629
21957,0.424032509
21958,0.307257861
21959,-0.42322886
21960,0.427750051
21961,0.339117646
21962,0.194547907
21963,-0.31617713
21964,-0.43812418
21965,-0.469716221
21966,0.533117056
21967,-0.363709867
21968,0.397267342
21969,0.418699324
21970,-0.396695673
21971,0.651551247
21972,0.439429224
21973,0.485897034
21974,-0.1748465
21975,-0.245384127
21976,-0.429211438
21977,-0.210022241
21978,0.684415221
21979,-0.643118441
21980,0.540010333
21981,-0.323260844
21982,-0.328654945
21983,0.575697303
21984,-0.120063826
21985,0.139794782
21986,0.115462817
21987,-0.402845472
21988,0.178911865
21989,0.308383942
21990,0.358073175
21991,0.285346508
21992,0.419072181
21993,-0.016071964
21994,-0.272234589
21995,-0.496512443
21996,0.351268977
21997,-0.607380629
21998,-0.112508632
21999,0.36195153
22000,0.506328106
22001,0.143517435
22002,0.144823194
22003,-0.737723947
22004,0.093361206
22005,0.559624493
22006,0.204568848
22007,0.44800061
22008,-0.490963757
22009,-0.444580883
22010,0.398801744
22011,0.134599179
22012,-0.562598825
22013,0.151307985
22014,0.097070605
22015,-0.48443386
22016,-0.351979136
22017,-0.60052371
22018,-0.291322947
22019,0.159922361
22020,0.39917773
22021,0.575306177
22022,0.540773511
22023,-0.37029618
22024,-0.160106301
22025,0.424405456
22026,-0.466067374
22027,-0.002724171
22028,0.582981944
22029,0.27901563
22030,-0.195147887
22031,-0.101901919
22032,0.494096905
22033,0.159387946
22034,-0.604743183
22035,-0.626298785
22036,-0.378910661
22037,-0.161022067
22038,0.605366409
22039,0.59765023
22040,-0.073342994
22041,-0.59860599
22042,-0.564568043
22043,0.536331296
22044,-0.401158392
22045,0.730495453
22046,-0.570174336
22047,-0.175471157
22048,0.472144663
22049,0.121085882
22050,-0.39300704
22051,-0.555795014
22052,0.087136894
22053,0.170520797
22054,-0.50124222
22055,-0.29874298
22056,0.319450736
22057,0.034275196
22058,-0.4481619
22059,0.012910552
22060,0.419826984
22061,0.358452052
22062,0.144006416
22063,0.374275893
22064,0.482816905
22065,-0.214284763
22066,-0.392449081
22067,-0.445539623
22068,-0.575460374
22069,0.509573996
22070,-0.164105833
22071,0.410178035
22072,0.208791077
22073,-0.247833133
22074,-0.522263646
22075,-0.42740491
22076,0.458838791
22077,0.276796162
22078,0.514773488
22079,0.222215563
22080,0.001713805
22081,0.151551783
22082,-0.166490793
22083,-0.123153992
22084,0.511019766
22085,0.11958681
22086,-0.540579021
22087,0.539455652
22088,0.487843186
22089,-0.439544946
22090,-0.343548387
22091,0.009870261
22092,-0.436204463
22093,0.364544749
22094,0.377042592
22095,0.390887976
22096,-0.37943846
22097,0.431088209
22098,0.3320539
22099,0.393612921
22100,-0.094450764
22101,-0.42762357
22102,-0.493873775
22103,0.063407667
22104,0.12229
22105,0.138999626
22106,0.208437443
22107,-0.355150402
22108,-0.22031419
22109,0.478266478
22110,0.23839955
22111,-0.218274951
22112,-0.532778084
22113,-0.437245518
22114,0.186267838
22115,-0.562133551
22116,-0.274540156
22117,-0.089190677
22118,0.262050569
22119,-0.653479815
22120,-0.270894825
22121,-0.309295207
22122,-0.125894964
22123,-0.275826305
22124,-0.570383072
22125,-0.641952753
22126,-0.244525611
22127,-0.287637204
22128,-0.301433265
22129,-0.567475021
22130,-0.320667386
22131,-0.430091798
22132,-0.563994527
22133,0.038285665
22134,0.177932039
22135,0.53010577
22136,0.510808587
22137,-0.52576679
22138,0.13698107
22139,0.374455243
22140,-0.444836199
22141,-0.428471625
22142,0.159203157
22143,-0.361510068
22144,-0.476024151
22145,0.54807663
22146,0.499300122
22147,-0.260608137
22148,0.011882499
22149,-0.46620658
22150,-0.503753781
22151,0.235512316
22152,0.424162269
22153,0.427103102
22154,0.344004571
22155,-0.15547964
22156,-0.190368772
22157,0.277723432
22158,-0.387538552
22159,0.280280977
22160,0.352068841
22161,-0.163107425
22162,0.242560327
22163,0.367922902
22164,-0.492645323
22165,0.14325428
22166,0.027429547
22167,-0.039952993
22168,0.389111966
22169,-0.368241847
22170,0.476381302
22171,0.580616117
22172,0.631217003
22173,-0.546751559
22174,-0.570637882
22175,-0.197635949
22176,0.254644781
22177,0.438148528
22178,0.218791813
22179,-0.392369449
22180,0.074899569
22181,0.306365252
22182,0.208057657
22183,-0.358077168
22184,0.280909777
22185,-0.129755691
22186,-0.474340975
22187,0.207345009
22188,-0.386514753
22189,0.341998965
22190,-0.153433233
22191,0.097898297
22192,0.292966515
22193,-0.546501637
22194,0.422249734
22195,-0.50807935
22196,-0.197698504
22197,0.078779548
22198,-0.532061338
22199,-0.032331072
22200,0.224568427
22201,0.645123959
22202,-0.04012382
22203,-0.38275066
22204,-0.374465793
22205,0.061607566
22206,0.201552421
22207,0.437881351
22208,-0.053120852
22209,0.575713575
22210,0.059056856
22211,-0.236160159
22212,0.34700048
22213,-0.137665093
22214,-0.047120936
22215,0.596218407
22216,-0.244420066
22217,-0.568756342
22218,0.559078276
22219,-0.614254594
22220,-0.386000097
22221,-0.072282098
22222,0.223268822
22223,0.621103883
22224,-0.428260028
22225,-0.410327166
22226,-0.266105533
22227,-0.355575413
22228,0.091414317
22229,-0.436392158
22230,0.431548893
22231,-0.557610393
22232,0.062846072
22233,0.205525577
22234,0.40715459
22235,0.276432753
22236,-0.379643977
22237,0.644777715
22238,0.346764773
22239,-0.625179172
22240,0.656681538
22241,0.229106158
22242,0.372606635
22243,0.46444732
22244,0.001945373
22245,-0.37357825
22246,-0.42353934
22247,0.128721476
22248,0.276887476
22249,0.13406752
22250,0.160738915
22251,0.239120424
22252,-0.370462775
22253,-0.301161259
22254,-0.03210149
22255,0.062922403
22256,-0.437368721
22257,0.674288988
22258,0.342744827
22259,-0.51165843
22260,-0.456278384
22261,-0.540395379
22262,0.415280581
22263,0.249664158
22264,0.023208924
22265,0.158298656
22266,0.479244769
22267,-0.478220373
22268,-0.527826667
22269,0.109725378
22270,-0.568787456
22271,-0.591432154
22272,0.097501688
22273,-0.191350579
22274,-0.271198273
22275,-0.023436336
22276,0.496958524
22277,-0.336587965
22278,0.172109187
22279,-0.523665905
22280,-0.450659871
22281,-0.289376736
22282,0.413943887
22283,0.544949532
22284,0.122599125
22285,-0.247222275
22286,-0.372449815
22287,-0.04579293
22288,-0.512242377
22289,0.242203712
22290,0.441164196
22291,-0.340225488
22292,-0.400630891
22293,0.526411772
22294,0.239976197
22295,-0.090070672
22296,-0.445820928
22297,0.367599845
22298,0.137645125
22299,-0.439426005
22300,-0.387250602
22301,-0.423978776
22302,0.53263104
22303,0.257066995
22304,-0.376433611
22305,0.440790385
22306,0.481657654
22307,0.482324302
22308,0.089729205
22309,0.42376858
22310,-0.176622003
22311,0.371963352
22312,0.333937645
22313,0.370840251
22314,0.547285557
22315,0.545787573
22316,-0.585937023
22317,-0.435863525
22318,-0.188423112
22319,-0.630214453
22320,0.389023781
22321,-0.528859556
22322,0.074826077
22323,-0.041990686
22324,0.146133289
22325,0.084420957
22326,-0.186592415
22327,-0.240237623
22328,-0.133178726
22329,-0.103165209
22330,-0.567664862
22331,0.528878748
22332,0.066611566
22333,-0.146668017
22334,-0.497778356
22335,-0.353934646
22336,0.12405248
22337,-0.155969396
22338,0.572142184
22339,-0.112284794
22340,0.400959641
22341,-0.026681453
22342,-0.221500814
22343,0.226287454
22344,-0.009470306
22345,-0.268681198
22346,-0.492132694
22347,-0.211090684
22348,-0.358067453
22349,0.162931472
22350,-0.010957412
22351,0.258164346
22352,-0.485935628
22353,0.23465322
22354,0.411298811
22355,-0.566981137
22356,-0.535696208
22357,-0.441439658
22358,0.184320167
22359,0.396732897
22360,0.265056252
22361,-0.184826016
22362,0.411170185
22363,0.213055417
22364,0.382508814
22365,0.111481041
22366,-0.369823545
22367,-0.378325343
22368,0.247724146
22369,0.436255574
22370,0.491254687
22371,-0.214115813
22372,-0.318002015
22373,-0.354967475
22374,0.011285938
22375,0.028558649
22376,-0.472591937
22377,0.419206887
22378,-0.343896151
22379,-0.295651615
22380,-0.391916245
22381,-0.6203475
22382,-0.517077446
22383,0.011596993
22384,0.464346826
22385,-0.549664617
22386,0.519813538
22387,0.336466074
22388,-0.124460623
22389,0.462431401
22390,-0.44658187
22391,-0.347544432
22392,0.405577302
22393,-0.479883283
22394,0.485640347
22395,-0.573551714
22396,-0.04517575
22397,0.559566021
22398,0.273522735
22399,0.421811998
22400,-0.567242086
22401,-0.581690192
22402,-0.506092966
22403,0.469885528
22404,-0.255983382
22405,0.123252511
22406,-0.374881774
22407,-0.160303026
22408,0.45949322
22409,-0.364410162
22410,-0.457608312
22411,0.651347876
22412,0.458668381
22413,-0.522029698
22414,0.654999375
22415,0.60582912
22416,0.397266924
22417,-0.407765597
22418,-0.030558921
22419,0.319433212
22420,0.651322126
22421,-0.53027606
22422,-0.530382693
22423,0.582268357
22424,-0.594336092
22425,-0.29189533
22426,0.424481869
22427,-0.322050631
22428,0.503172517
22429,-0.418015033
22430,-0.195484042
22431,0.49616456
22432,0.268258691
22433,-0.44814533
22434,-0.195970237
22435,-0.148675129
22436,-0.000373498
22437,-0.124085724
22438,-0.252596885
22439,-0.372082472
22440,0.023014661
22441,0.560099363
22442,-0.087119609
22443,-0.332034796
22444,-0.312854975
22445,0.283020973
22446,-0.350861251
22447,-0.58062464
22448,0.246700376
22449,-0.458737254
22450,-0.607833683
22451,-0.510718226
22452,-0.12569578
22453,-0.37955004
22454,-0.509177744
22455,-0.469457448
22456,0.646144748
22457,0.574730754
22458,-0.265775681
22459,0.540427327
22460,0.413510621
22461,-0.567139268
22462,-0.379636914
22463,-0.518978119
22464,-0.446199149
22465,-0.226724997
22466,0.091033801
22467,0.352211595
22468,0.298445642
22469,0.35012427
22470,-0.326533854
22471,0.297943652
22472,-0.054909207
22473,-0.47685802
22474,-0.564454138
22475,-0.194492131
22476,-0.438571692
22477,0.665950894
22478,-0.150434822
22479,-0.514399171
22480,-0.458389938
22481,0.390989304
22482,0.027673844
22483,-0.32183826
22484,0.242932275
22485,-0.483226568
22486,-0.467722654
22487,-0.540019751
22488,0.041847654
22489,-0.654574573
22490,-0.476644278
22491,0.085422859
22492,0.236222804
22493,0.357248127
22494,-0.435330808
22495,-0.36475566
22496,0.576732635
22497,0.674383044
22498,0.552372336
22499,0.425790608
22500,0.029111965
22501,-0.070195921
22502,0.393679738
22503,0.044209719
22504,-0.502248645
22505,-0.183139205
22506,-0.422461629
22507,-0.605839968
22508,0.138303995
22509,0.564517379
22510,0.537227392
22511,-0.559643686
22512,-0.484971464
22513,-0.336332321
22514,-0.461907357
22515,-0.152337119
22516,0.248203993
22517,0.055557143
22518,-0.559971094
22519,-0.546769798
22520,-0.206636101
22521,-0.271007717
22522,0.501272142
22523,-0.260238379
22524,-0.478555501
22525,-0.417995006
22526,
22527,
22528,0.08868666
22529,-0.545587242
22530,-0.142856389
22531,-0.364144921
22532,-0.364043593
22533,0.467365086
22534,0.069612041
22535,-0.202420309
22536,-0.37100625
22537,0.533797085
22538,0.501136422
22539,0.353585124
22540,-0.275402039
22541,0.391530275
22542,-0.246187449
22543,0.107001156
22544,-0.308770329
22545,-0.105816327
22546,0.403891414
22547,-0.260459781
22548,-0.314996958
22549,-0.6770733
22550,-0.006341279
22551,-0.403636485
22552,-0.601604939
22553,-0.304207981
22554,-0.335108131
22555,0.434056401
22556,-0.343136489
22557,-0.339651167
22558,-0.47155726
22559,0.512517929
22560,-0.406746238
22561,0.57451129
22562,-0.51830399
22563,-0.72659862
22564,-0.073203832
22565,0.357793659
22566,0.166132301
22567,-0.422407568
22568,0.054672748
22569,-0.511529088
22570,-0.324473679
22571,0.20505622
22572,0.183471709
22573,-0.337457925
22574,-0.221671343
22575,0.459869802
22576,0.383612216
22577,0.170158416
22578,-0.389626324
22579,0.356530964
22580,0.381206602
22581,0.071082816
22582,0.332890451
22583,-0.118693896
22584,0.523914337
22585,-0.24552536
22586,0.583000422
22587,-0.615702748
22588,-0.21054484
22589,-0.091459669
22590,-0.172899082
22591,0.09498556
22592,0.424103677
22593,-0.473633975
22594,-0.329482138
22595,-0.470163703
22596,-0.376345247
22597,-0.42395848
22598,0.163204506
22599,0.102635294
22600,-0.074751928
22601,-0.100680359
22602,-0.22663255
22603,0.206759349
22604,0.555693388
22605,0.490582824
22606,-0.555116296
22607,0.30621314
22608,-0.031508841
22609,0.160770938
22610,0.135129601
22611,-0.136971042
22612,-0.552486181
22613,0.418926299
22614,0.575722098
22615,-0.257311463
22616,-0.461026341
22617,-0.016800374
22618,0.518612742
22619,0.589981019
22620,0.519133806
22621,-0.702903509
22622,-0.063517019
22623,0.101256996
22624,0.231765613
22625,-0.493558943
22626,0.172111839
22627,0.095031947
22628,-0.536802471
22629,-0.379442245
22630,-0.222435758
22631,-0.391178906
22632,-0.414747894
22633,-0.663918972
22634,-0.372470468
22635,-0.573087931
22636,-0.520066023
22637,0.317480177
22638,-0.00046869
22639,-0.378622502
22640,-0.477812201
22641,-0.062175278
22642,0.377188206
22643,0.370198637
22644,0.007153481
22645,-0.4186818
22646,-0.097496308
22647,-0.340621859
22648,0.011101857
22649,0.196218789
22650,0.567644238
22651,0.171606988
22652,0.458632886
22653,0.197233617
22654,-0.017742045
22655,0.171907723
22656,-0.197688609
22657,-0.195879966
22658,-0.446569324
22659,-0.388792634
22660,-0.61206615
22661,0.211556673
22662,-0.06587036
22663,0.215530485
22664,0.107702941
22665,0.509422898
22666,-0.191146955
22667,-0.486848384
22668,0.554008424
22669,0.490263283
22670,0.565041423
22671,-0.687553346
22672,-0.47511068
22673,-0.23484312
22674,-0.368825555
22675,-0.351651996
22676,-0.061441034
22677,-0.562378585
22678,0.387747645
22679,-0.469816983
22680,-0.493238419
22681,0.582159102
22682,0.215282932
22683,-0.443713963
22684,-0.58160615
22685,-0.4163225
22686,-0.603123665
22687,0.38122499
22688,-0.173455909
22689,0.561727524
22690,0.315944612
22691,0.434749335
22692,0.3201029
22693,-0.492482841
22694,-0.554919243
22695,0.39586255
22696,0.407988369
22697,0.489050686
22698,-0.548051178
22699,-0.383215904
22700,0.034722164
22701,-0.347329795
22702,-0.075716533
22703,-0.332246125
22704,-0.57661581
22705,0.013554506
22706,0.41326195
22707,-0.566587627
22708,0.678704679
22709,0.625562549
22710,0.539285064
22711,0.637017965
22712,-0.570148468
22713,0.505443931
22714,-0.487321317
22715,0.551045179
22716,0.482479006
22717,0.483859897
22718,-0.493401498
22719,-0.457411557
22720,0.38068819
22721,0.318739533
22722,-0.49384284
22723,-0.286573559
22724,-0.486716181
22725,-0.619453013
22726,-0.001614217
22727,0.366183609
22728,0.444866836
22729,-0.412239611
22730,0.003321059
22731,0.306510895
22732,0.44596681
22733,-0.562965035
22734,0.482218474
22735,0.520657957
22736,0.300608277
22737,-0.248063564
22738,0.312740147
22739,-0.598876536
22740,-0.346533328
22741,-0.0018255
22742,-0.234576583
22743,-0.256314367
22744,0.192033261
22745,0.063830659
22746,0.242275625
22747,0.004734792
22748,-0.356894463
22749,0.06905219
22750,-0.362787545
22751,-0.342867136
22752,-0.455420017
22753,-0.353624195
22754,0.098514035
22755,-0.113768592
22756,0.465832829
22757,0.52435267
22758,-0.586425781
22759,0.310473382
22760,0.550418437
22761,0.282696962
22762,-0.090043344
22763,0.18287167
22764,0.323663533
22765,0.188705042
22766,0.605580091
22767,0.178483486
22768,-0.428543508
22769,-0.50607264
22770,-0.45545128
22771,0.500756741
22772,0.606095135
22773,-0.394818187
22774,0.422453344
22775,-0.070896864
22776,0.370676726
22777,0.066480383
22778,0.418443531
22779,0.270586908
22780,0.386326998
22781,-0.263930708
22782,0.272989333
22783,0.405914277
22784,0.307202697
22785,-0.578722119
22786,-0.221585393
22787,0.17602244
22788,-0.541272581
22789,-0.519069791
22790,0.388336062
22791,-0.647561967
22792,0.048324645
22793,-0.262065232
22794,0.514143944
22795,-0.478328019
22796,-0.499322861
22797,0.416369408
22798,0.268380582
22799,-0.346079886
22800,-0.310833275
22801,0.091622621
22802,-0.127897829
22803,0.353624523
22804,-0.255357563
22805,-0.530735254
22806,0.314230323
22807,0.296011209
22808,-0.499419212
22809,-0.596869648
22810,-0.190603539
22811,-0.546010911
22812,-0.46315679
22813,-0.276913524
22814,0.632264137
22815,-0.022383537
22816,-0.082854792
22817,-0.453620583
22818,-0.320926607
22819,-0.363855183
22820,-0.439638227
22821,-0.436765581
22822,0.348856091
22823,0.264661252
22824,0.091801099
22825,0.139681727
22826,0.341079921
22827,-0.049614362
22828,-0.214606583
22829,0.062351674
22830,0.578043938
22831,-0.430688232
22832,0.248742074
22833,-0.437153578
22834,-0.124508075
22835,0.104878418
22836,0.169607177
22837,-0.026333243
22838,-0.125200778
22839,0.48469767
22840,-0.107332394
22841,-0.234387144
22842,0.505651236
22843,0.537790895
22844,0.458617836
22845,-0.011797249
22846,-0.257720709
22847,0.090880714
22848,-0.47603482
22849,-0.426987171
22850,0.423343629
22851,-0.445529222
22852,-0.590582311
22853,-0.449676305
22854,0.423276335
22855,-0.697766662
22856,-0.428665459
22857,0.098190375
22858,0.240829214
22859,0.01378274
22860,-0.52054745
22861,-0.211318463
22862,0.056652687
22863,0.414222598
22864,0.372169077
22865,-0.339042664
22866,-0.395035744
22867,0.291004777
22868,0.515076637
22869,0.686123252
22870,-0.498820931
22871,0.482815146
22872,-0.188895881
22873,-0.053434275
22874,0.619889379
22875,0.496877849
22876,-0.386391193
22877,-0.216994166
22878,0.291145027
22879,0.28053841
22880,0.372168958
22881,0.470349252
22882,0.144938305
22883,0.153254271
22884,0.357349992
22885,-0.144008487
22886,-0.159204006
22887,0.219889447
22888,0.002464637
22889,-0.145663247
22890,0.486294866
22891,0.309440762
22892,-0.133748129
22893,0.126393318
22894,-0.42648527
22895,0.640957952
22896,0.088544436
22897,-0.475186527
22898,0.662817001
22899,0.122094601
22900,0.375044584
22901,-0.13049829
22902,-0.385949194
22903,0.555194139
22904,0.413822353
22905,-0.616143823
22906,0.631935954
22907,0.399328351
22908,-0.154246494
22909,-0.298196465
22910,0.284904599
22911,0.560667932
22912,0.346909404
22913,-0.516259432
22914,0.027472891
22915,-0.438193202
22916,0.625391483
22917,-0.3730084
22918,-0.366297841
22919,0.602674067
22920,0.630199432
22921,-0.032471329
22922,-0.416239381
22923,-0.547929466
22924,-0.549154997
22925,-0.340260953
22926,0.073260248
22927,-0.305847645
22928,-0.589260697
22929,0.599333823
22930,-0.383411795
22931,0.492013186
22932,0.189642683
22933,-0.419215888
22934,-0.320941627
22935,-0.361660719
22936,-0.067006543
22937,0.369921803
22938,0.44545725
22939,0.033015199
22940,0.561792493
22941,0.537115157
22942,0.567212105
22943,-0.076042198
22944,-0.214956179
22945,-0.476425529
22946,0.392716169
22947,0.015320923
22948,-0.621367097
22949,0.550966024
22950,0.507202029
22951,0.323604703
22952,0.50064081
22953,0.454568923
22954,-0.317775428
22955,-0.257212758
22956,-0.272450328
22957,-0.275702804
22958,-0.071321443
22959,-0.545295179
22960,-0.14235723
22961,-0.765761197
22962,-0.006571207
22963,-0.388096362
22964,0.449988961
22965,0.053575762
22966,-0.234976545
22967,0.53630197
22968,-0.62674576
22969,0.53558296
22970,0.450962245
22971,0.037995264
22972,0.489849567
22973,-0.207818523
22974,-0.065654516
22975,-0.499888778
22976,0.426416159
22977,0.554815769
22978,0.388739169
22979,0.2913481
22980,-0.681435585
22981,-0.292524487
22982,-0.063027225
22983,0.540905774
22984,0.548045874
22985,-0.485993147
22986,-0.291937023
22987,0.572529137
22988,-0.470696151
22989,-0.236435413
22990,-0.431002527
22991,0.114661202
22992,0.491474539
22993,0.430421382
22994,0.400286317
22995,0.038178027
22996,0.639872909
22997,-0.330426693
22998,0.212460682
22999,0.219753399
23000,0.439644098
23001,0.344848603
23002,-0.517325759
23003,-0.44786799
23004,0.051396307
23005,-0.269370973
23006,-0.339960814
23007,0.24049443
23008,-0.529522061
23009,0.331740856
23010,0.206988096
23011,-0.423825353
23012,-0.010780694
23013,0.513523996
23014,0.519114971
23015,-0.565978587
23016,0.029422253
23017,-0.519272208
23018,-0.277989149
23019,-0.039096106
23020,0.109067552
23021,0.456349939
23022,-0.226780832
23023,-0.225049332
23024,-0.036465175
23025,0.220361441
23026,-0.596134424
23027,-0.572752833
23028,0.047248214
23029,0.238950163
23030,-0.033294834
23031,-0.157468796
23032,-0.007543415
23033,-0.453222066
23034,0.089138702
23035,-0.579222322
23036,0.031505086
23037,-0.326840103
23038,0.317570359
23039,0.278139412
23040,-0.355449378
23041,0.750313759
23042,-0.443403125
23043,0.591056108
23044,0.421856999
23045,0.65098691
23046,0.056439318
23047,-0.42884627
23048,0.522591531
23049,-0.22385934
23050,-0.462997377
23051,-0.52486819
23052,0.012363147
23053,-0.045368813
23054,0.099841684
23055,0.126928762
23056,-0.051690742
23057,-0.364554226
23058,-0.465777397
23059,-0.145560756
23060,0.383624315
23061,0.477702975
23062,-0.429509401
23063,0.366450548
23064,0.357007056
23065,-0.370322585
23066,-0.457625329
23067,0.470133215
23068,0.12150833
23069,0.130886585
23070,-0.222928256
23071,0.228513449
23072,0.346339256
23073,0.252763927
23074,-0.324376553
23075,-0.46380797
23076,0.188023195
23077,0.371064723
23078,0.216767564
23079,-0.216923416
23080,-0.389447331
23081,-0.23981154
23082,0.641421676
23083,-0.206409365
23084,-0.468776643
23085,0.064977407
23086,-0.390474916
23087,0.298159182
23088,0.408361971
23089,-0.302326024
23090,0.306609869
23091,0.150097981
23092,-0.368718743
23093,-0.457810342
23094,0.574743986
23095,-0.154332042
23096,-0.387569696
23097,-0.136042804
23098,-0.035034638
23099,0.525731921
23100,-0.461299539
23101,-0.635932922
23102,-0.105049014
23103,0.597071171
23104,-0.404347986
23105,-0.619389236
23106,-0.392994136
23107,-0.474019676
23108,-0.516954064
23109,0.350317597
23110,-0.425606251
23111,0.286540478
23112,-0.501978636
23113,-0.301485002
23114,-0.052655309
23115,-0.070365906
23116,-0.40946734
23117,-0.26410383
23118,-0.509019494
23119,0.586739659
23120,0.525985122
23121,0.355024278
23122,0.246214241
23123,-0.186825365
23124,0.430378705
23125,-0.38661924
23126,0.258668512
23127,0.20337759
23128,-0.369921088
23129,-0.003611375
23130,-0.589850783
23131,0.37024045
23132,0.191885456
23133,-0.536122203
23134,0.448107988
23135,0.376482785
23136,-0.331653565
23137,0.179599971
23138,-0.364816993
23139,0.451781332
23140,0.533682644
23141,-0.51723659
23142,-0.609198689
23143,-0.463388294
23144,0.561339676
23145,0.393447518
23146,-0.365686834
23147,0.571351767
23148,0.215382755
23149,-0.409971654
23150,0.17038089
23151,-0.115946457
23152,-0.615163326
23153,-0.257585168
23154,0.690166235
23155,0.479581028
23156,-0.495144993
23157,0.101490244
23158,0.045852561
23159,0.247300431
23160,0.628154397
23161,-0.370036989
23162,-0.427543223
23163,0.182640165
23164,0.216241777
23165,-0.33831799
23166,0.468979657
23167,0.386997938
23168,-0.518428445
23169,-0.446268678
23170,0.252985954
23171,0.342252314
23172,0.602143645
23173,-0.474173844
23174,-0.385867536
23175,0.535407126
23176,0.239710003
23177,-0.120323174
23178,0.522371888
23179,-0.397869527
23180,-0.009459421
23181,0.267824262
23182,0.510413766
23183,-0.658044457
23184,0.443005025
23185,0.306281358
23186,-0.3291623
23187,-0.497195244
23188,-0.406485587
23189,-0.27402842
23190,0.60467428
23191,0.509116471
23192,0.578344762
23193,0.299077988
23194,-0.09535633
23195,-0.391565025
23196,-0.544692755
23197,-0.72324574
23198,0.550572515
23199,0.634319186
23200,0.454210937
23201,0.209489167
23202,-0.171655118
23203,0.067789905
23204,0.572262049
23205,0.17740044
23206,0.36111778
23207,0.414179206
23208,0.414612532
23209,-0.285329163
23210,0.219926476
23211,0.565569103
23212,0.195906907
23213,-0.409676671
23214,-0.139131933
23215,0.535883904
23216,0.487269282
23217,0.48373884
23218,0.635106266
23219,-0.360797644
23220,0.239539906
23221,-0.676115215
23222,0.160290897
23223,0.518938661
23224,0.364025831
23225,-0.158315927
23226,0.32235387
23227,-0.007342156
23228,-0.124644801
23229,-0.516949832
23230,-0.376277566
23231,-0.594284177
23232,0.186546385
23233,-0.479651481
23234,-0.22057119
23235,-0.142199084
23236,-0.180062488
23237,0.167413488
23238,0.367117465
23239,-0.548214257
23240,-0.221855581
23241,0.283486038
23242,0.397598356
23243,0.110951222
23244,-0.04100265
23245,-0.376087666
23246,-0.56146276
23247,0.442880332
23248,0.482735097
23249,0.471421868
23250,-0.152018294
23251,0.008103073
23252,0.318529278
23253,0.689644456
23254,0.121298596
23255,-0.496964663
23256,0.242786378
23257,-0.39157322
23258,-0.093451098
23259,0.297075629
23260,0.330492258
23261,-0.125205308
23262,-0.369713724
23263,-0.35480541
23264,0.155636072
23265,-0.416541398
23266,-0.596296966
23267,-0.208654687
23268,0.421845168
23269,-0.401201367
23270,0.319596559
23271,0.444852471
23272,-0.270358622
23273,0.44400537
23274,0.370458424
23275,-0.41430217
23276,0.248143524
23277,-0.32459566
23278,-0.270665109
23279,-0.435363352
23280,-0.446569622
23281,-0.597321391
23282,0.143217117
23283,0.420862794
23284,-0.184557512
23285,0.028802447
23286,-0.160644382
23287,-0.310795516
23288,-0.080474056
23289,-0.23343271
23290,-0.52813077
23291,-0.357978642
23292,-0.509557962
23293,0.035462216
23294,-0.273533195
23295,0.548613429
23296,0.003830437
23297,-0.160810187
23298,-0.227424592
23299,0.182072133
23300,-0.656806886
23301,-0.532644749
23302,0.60362345
23303,0.555346668
23304,-0.501543641
23305,-0.304307967
23306,-0.034745477
23307,-0.131230384
23308,-0.215227157
23309,0.630477846
23310,-0.467520356
23311,-0.513650894
23312,0.260181159
23313,-0.346876562
23314,0.158718094
23315,-0.43816942
23316,-0.520183206
23317,0.059527323
23318,0.524546266
23319,0.117234103
23320,-0.763649583
23321,-0.401105374
23322,-0.19204317
23323,0.469652236
23324,0.711966097
23325,-0.312565237
23326,0.351172358
23327,-0.577491045
23328,-0.448041528
23329,-0.471999049
23330,-0.176310807
23331,0.702941656
23332,0.249387801
23333,-0.445594668
23334,-0.317991138
23335,-0.437665999
23336,-0.03666807
23337,0.096734397
23338,-0.438642204
23339,0.130098104
23340,-0.514207721
23341,0.293744177
23342,-0.134187996
23343,-0.558516741
23344,-0.189345181
23345,-0.372008801
23346,0.070021413
23347,0.612170219
23348,-0.245534182
23349,-0.123977467
23350,-0.188991129
23351,0.52265811
23352,0.534097195
23353,0.132979691
23354,0.297948927
23355,-0.487165928
23356,0.049758635
23357,0.638041496
23358,-0.053712532
23359,0.261165321
23360,0.32463783
23361,-0.342492223
23362,0.027489547
23363,-0.256459832
23364,0.167072237
23365,0.54754436
23366,0.481778085
23367,0.086644322
23368,0.154673085
23369,0.579795837
23370,-0.446418107
23371,0.581538916
23372,0.547436953
23373,0.482477546
23374,-0.480937421
23375,0.317082614
23376,-0.540806651
23377,-0.329963386
23378,0.655961752
23379,-0.438969165
23380,-0.376615196
23381,0.282705396
23382,0.584367514
23383,-0.4590832
23384,0.180804402
23385,0.21338816
23386,0.536732376
23387,0.054379098
23388,0.52511096
23389,-0.478363872
23390,0.38785544
23391,0.549916625
23392,0.30193314
23393,-0.267462015
23394,-0.426561892
23395,-0.297237664
23396,-0.27481553
23397,-0.29003486
23398,-0.440485865
23399,-0.469676077
23400,-0.173114762
23401,0.435828716
23402,-0.275403082
23403,-0.49019438
23404,0.154062852
23405,-0.236488611
23406,-0.361687899
23407,0.255010724
23408,0.488546669
23409,-0.611949325
23410,-0.657427907
23411,0.192833543
23412,0.450254023
23413,-0.496746302
23414,-0.53556776
23415,-0.547502875
23416,-0.397257507
23417,-0.000784215
23418,-0.440050036
23419,-0.387743354
23420,-0.125991076
23421,-0.22248365
23422,0.131932154
23423,-0.556101441
23424,-0.159121707
23425,0.135153323
23426,-0.383390307
23427,0.037905253
23428,-0.276624084
23429,-0.520048797
23430,-0.215963989
23431,0.093909666
23432,-0.49391827
23433,0.231687963
23434,0.471527636
23435,0.449932575
23436,-0.166064367
23437,0.618238449
23438,-0.086654
23439,-0.631406188
23440,-0.19506079
23441,0.203049004
23442,0.530159116
23443,0.088697173
23444,-0.543479919
23445,0.260932833
23446,-0.437924743
23447,-0.698301256
23448,0.580769897
23449,0.510445356
23450,0.118834451
23451,-0.590197146
23452,-0.071941145
23453,0.210699618
23454,-0.527827799
23455,-0.36234808
23456,0.258544058
23457,0.265162319
23458,-0.455483466
23459,-0.507876515
23460,-0.134380698
23461,-0.518055379
23462,0.629592776
23463,0.438313961
23464,-0.219896674
23465,-0.380420089
23466,0.656112194
23467,0.067833766
23468,0.549987078
23469,0.166470915
23470,-0.214307249
23471,0.356595397
23472,-0.252108991
23473,0.198609382
23474,-0.461791903
23475,-0.460689545
23476,-0.409502029
23477,0.288501799
23478,-0.649206221
23479,-0.249749362
23480,-0.548781157
23481,-0.377679378
23482,-0.472052842
23483,-0.189406976
23484,0.32188201
23485,0.504232645
23486,-0.498620838
23487,-0.128312707
23488,-0.436402917
23489,-0.067517526
23490,0.37633577
23491,0.031965904
23492,0.008916091
23493,0.152106985
23494,0.512252688
23495,-0.545230806
23496,0.533712626
23497,0.062019289
23498,0.585153461
23499,-0.121227369
23500,-0.340475768
23501,-0.481318623
23502,-0.536553144
23503,0.439100355
23504,0.439028442
23505,-0.57763207
23506,-0.410328358
23507,-0.357871622
23508,-0.608936608
23509,0.245278031
23510,0.378234327
23511,-0.523870826
23512,0.358889163
23513,-0.582830727
23514,0.229816988
23515,-0.473616064
23516,0.467200279
23517,0.386611819
23518,-0.427375793
23519,-0.540782213
23520,-0.230257004
23521,0.382981181
23522,0.322229743
23523,-0.235478982
23524,-0.577432156
23525,0.469545901
23526,-0.605429649
23527,-0.128874481
23528,-0.408254117
23529,-0.396350414
23530,-0.273557365
23531,0.18544738
23532,-0.636667967
23533,-0.356222987
23534,0.602832675
23535,-0.632371962
23536,0.475868851
23537,-0.072870068
23538,0.456213474
23539,-0.569389641
23540,-0.213402793
23541,-0.141422421
23542,0.24005191
23543,-0.547899067
23544,0.076979786
23545,0.440060616
23546,-0.281279147
23547,-0.203623414
23548,-0.214953482
23549,0.425662845
23550,0.013989072
23551,0.639983416
23552,0.329269946
23553,0.15582107
23554,-0.23281239
23555,-0.558117032
23556,-0.488164663
23557,0.389692485
23558,0.167093098
23559,0.480805784
23560,-0.527881563
23561,-0.3065027
23562,-0.632662892
23563,-0.22956726
23564,0.367075086
23565,-0.384354532
23566,0.375562608
23567,0.236661792
23568,0.541525364
23569,0.374454468
23570,0.143240243
23571,0.590476274
23572,0.09120445
23573,0.108469814
23574,0.484337419
23575,0.208323985
23576,-0.598220944
23577,0.226958558
23578,0.442191422
23579,0.31104511
23580,-0.34588787
23581,-0.016901881
23582,-0.000548787
23583,0.224962533
23584,-0.284059584
23585,-0.48560065
23586,0.454201341
23587,0.183678418
23588,0.277871966
23589,-0.207625806
23590,0.374208838
23591,0.264958948
23592,0.476085067
23593,0.454013526
23594,-0.020099718
23595,-0.503789186
23596,0.361423969
23597,0.33383593
23598,-0.031928696
23599,0.025798276
23600,0.44209075
23601,-0.463112831
23602,-0.167171419
23603,0.271719098
23604,-0.015441328
23605,0.410824567
23606,-0.49192816
23607,-0.554289877
23608,-0.089547388
23609,-0.076187596
23610,-0.611565351
23611,-0.325338721
23612,0.639270186
23613,0.232136518
23614,-0.477559954
23615,-0.322255671
23616,0.535508335
23617,-0.465602756
23618,-0.228258342
23619,-0.026209533
23620,-0.127949268
23621,0.206778497
23622,-0.517231524
23623,0.080646619
23624,-0.136520654
23625,-0.501606405
23626,-0.484330475
23627,-0.595202446
23628,0.425369948
23629,0.484880865
23630,-0.34957549
23631,0.080079556
23632,-0.141905382
23633,0.531767428
23634,0.226399139
23635,0.341304988
23636,-0.190803304
23637,0.417208403
23638,-0.284170687
23639,-0.569790244
23640,0.545591235
23641,0.345326781
23642,-0.034397583
23643,0.491682678
23644,-0.552660704
23645,0.01990743
23646,0.523673177
23647,0.513177395
23648,-0.112031639
23649,-0.644575834
23650,-0.608765364
23651,0.44205305
23652,-0.10090372
23653,-0.219462097
23654,0.238644794
23655,0.369551003
23656,-0.515074611
23657,0.516507149
23658,0.502331495
23659,-0.293884754
23660,0.099272281
23661,0.213636279
23662,0.186990261
23663,0.536922693
23664,-0.297225207
23665,0.229995564
23666,-0.431181848
23667,0.291258693
23668,-0.490800858
23669,0.434547544
23670,-0.590428472
23671,-0.568468988
23672,-0.358144403
23673,-0.529613733
23674,-0.491766691
23675,-0.287271619
23676,0.479848355
23677,0.287856787
23678,0.274330229
23679,0.307449996
23680,-0.079128161
23681,0.188802063
23682,-0.490626186
23683,-0.470272869
23684,-0.461569488
23685,-0.573579192
23686,0.129938826
23687,0.118874773
23688,0.536540806
23689,-0.089893013
23690,-0.227218837
23691,-0.639455736
23692,0.083667293
23693,-0.683023512
23694,-0.07345017
23695,-0.302954704
23696,-0.505654156
23697,-0.50534749
23698,-0.615299404
23699,-0.094235428
23700,0.275823593
23701,0.545527339
23702,-0.388660491
23703,0.140756726
23704,-0.020721711
23705,0.088317096
23706,0.205266267
23707,0.329295456
23708,0.412149191
23709,-0.441274673
23710,-0.362918645
23711,-0.292383224
23712,0.431490153
23713,0.600057364
23714,-0.109162375
23715,-0.427374572
23716,-0.556442797
23717,-0.304403424
23718,0.576465547
23719,0.208628178
23720,-0.130979419
23721,-0.530122042
23722,-0.39912191
23723,-0.131470725
23724,-0.659932256
23725,0.680440426
23726,0.57156229
23727,0.139937624
23728,-0.553880811
23729,-0.459769368
23730,-0.041337792
23731,0.148827493
23732,-0.25038445
23733,0.372584939
23734,0.296480477
23735,-0.238154143
23736,-0.225746587
23737,0.30794999
23738,-0.112081602
23739,-0.322767377
23740,-0.419495881
23741,0.095255911
23742,0.027828369
23743,-0.128634989
23744,-0.523056388
23745,-0.350436568
23746,0.19641833
23747,0.594143629
23748,-0.118364222
23749,-0.563157737
23750,0.12697871
23751,0.327578485
23752,-0.368294001
23753,0.249950916
23754,0.377568424
23755,-0.038269594
23756,-0.251841277
23757,-0.250739753
23758,-0.167953625
23759,0.463380694
23760,0.64617753
23761,0.626156926
23762,0.19904761
23763,0.148123533
23764,-0.288161904
23765,0.41125077
23766,0.63166064
23767,0.457003683
23768,-0.005247675
23769,0.195210248
23770,-0.439101309
23771,-0.293834567
23772,-0.468760639
23773,0.257472575
23774,-0.379859507
23775,0.505151868
23776,0.44113037
23777,
23778,
23779,-0.029690087
23780,0.364706576
23781,0.064322576
23782,0.474316657
23783,0.47986269
23784,0.109687999
23785,-0.486949682
23786,-0.359844834
23787,0.298970073
23788,-0.017537016
23789,0.491333306
23790,0.430968851
23791,0.052330602
23792,0.395706207
23793,0.112629004
23794,0.014190579
23795,-0.385680199
23796,-0.557771921
23797,0.495808959
23798,0.504903734
23799,-0.489607275
23800,0.461448252
23801,0.071252987
23802,0.406639308
23803,0.449491531
23804,0.555247426
23805,-0.280922651
23806,0.397809982
23807,0.356099606
23808,-0.3216241
23809,0.372046173
23810,0.231057391
23811,0.466371775
23812,0.427215755
23813,-0.182362437
23814,0.052807048
23815,-0.399567306
23816,0.195715055
23817,0.342644006
23818,0.319805354
23819,0.532226682
23820,-0.580594718
23821,-0.188052326
23822,-0.504561424
23823,-0.395301878
23824,-0.678427815
23825,0.671206951
23826,0.041117154
23827,-0.510217309
23828,0.689437389
23829,-0.345729172
23830,0.540521622
23831,0.554978013
23832,-0.446404964
23833,-0.369879603
23834,0.419646531
23835,-0.497675389
23836,0.619148135
23837,-0.503309011
23838,-0.348929286
23839,0.322980434
23840,0.161899477
23841,0.225354671
23842,-0.31000945
23843,-0.461603969
23844,0.250193596
23845,-0.459214926
23846,0.269455403
23847,0.417560369
23848,0.602450252
23849,-0.421595037
23850,-0.69366163
23851,-0.485101193
23852,-0.37078765
23853,0.564146459
23854,-0.001157105
23855,-0.086637363
23856,0.399946511
23857,-0.363912225
23858,-0.664348722
23859,-0.216329515
23860,0.458057016
23861,0.511752069
23862,-0.364672363
23863,0.532220721
23864,0.279601157
23865,-0.304157704
23866,0.381630898
23867,-0.446651697
23868,-0.250905871
23869,0.341634661
23870,0.488736272
23871,-0.18354781
23872,-0.438340187
23873,-0.226693943
23874,-0.683110237
23875,-0.429238141
23876,0.212643087
23877,-0.501369715
23878,-0.516981959
23879,0.258506566
23880,-0.545636296
23881,-0.600662351
23882,-0.340299815
23883,-0.363676637
23884,0.341929883
23885,0.373193383
23886,0.326001823
23887,-0.5013991
23888,0.582067072
23889,0.43863672
23890,-0.38145721
23891,0.555844963
23892,0.516635776
23893,0.434381306
23894,-0.162061989
23895,-0.656898141
23896,0.12639983
23897,0.433793664
23898,-0.643707335
23899,0.441522986
23900,-0.08146973
23901,-0.395582229
23902,-0.624431014
23903,0.225166261
23904,0.547926068
23905,-0.01784908
23906,0.18867369
23907,0.456398547
23908,0.261827856
23909,-0.559087992
23910,-0.388022959
23911,-0.514797807
23912,-0.284509659
23913,-0.084527507
23914,-0.179162711
23915,0.36991775
23916,0.407416791
23917,0.115779459
23918,0.235985249
23919,-0.427993059
23920,-0.373006582
23921,-0.228335798
23922,0.31771934
23923,0.448778063
23924,-0.086833768
23925,-0.002835266
23926,-0.266960293
23927,-0.46484974
23928,0.278037578
23929,0.355194807
23930,-0.108293429
23931,-0.500194132
23932,0.311387718
23933,-0.100893378
23934,-0.291802377
23935,-0.416263759
23936,0.583128333
23937,-0.124378353
23938,0.071381293
23939,-0.010830037
23940,0.595679522
23941,-0.545336068
23942,0.542051256
23943,0.495814979
23944,-0.699837267
23945,-0.396737337
23946,0.41162324
23947,0.19759354
23948,-0.623689771
23949,0.369494587
23950,-0.406484902
23951,-0.163146719
23952,0.548488438
23953,0.007778995
23954,0.411598533
23955,0.065590255
23956,0.220144629
23957,-0.372447908
23958,-0.435927391
23959,0.41453886
23960,-0.322400391
23961,-0.480245471
23962,-0.413228154
23963,0.203008652
23964,-0.504434824
23965,-0.081379272
23966,0.572482765
23967,-0.457725942
23968,-0.560732722
23969,-0.102384157
23970,0.383202612
23971,0.136405706
23972,-0.216310531
23973,-0.289085269
23974,0.42813319
23975,0.603089809
23976,0.319511801
23977,-0.276082933
23978,0.11588756
23979,0.61793673
23980,0.467411637
23981,0.399125457
23982,0.079071417
23983,-0.478985667
23984,0.393594086
23985,0.252361089
23986,0.108800136
23987,-0.481585324
23988,0.33859095
23989,-0.507376134
23990,-0.104314178
23991,0.61586225
23992,0.345730543
23993,-0.429571956
23994,-0.443665385
23995,0.042574279
23996,0.508840084
23997,0.07468453
23998,-0.483714223
23999,-0.213047892
24000,0.001521476
24001,0.173941717
24002,-0.53668642
24003,-0.090737388
24004,0.202475145
24005,-0.28052336
24006,-0.61232847
24007,0.535126448
24008,-0.527432442
24009,0.592148066
24010,-0.324276149
24011,-0.482678771
24012,0.006876692
24013,0.162131965
24014,0.460744083
24015,0.3999753
24016,0.599785626
24017,-0.480588734
24018,-0.352804661
24019,-0.23773469
24020,-0.086710624
24021,-0.054742239
24022,-0.163556159
24023,-0.624024212
24024,0.252423704
24025,-0.023729779
24026,0.247967288
24027,0.405348897
24028,0.019140147
24029,-0.487796724
24030,0.066830307
24031,0.262332469
24032,0.320263326
24033,0.41593504
24034,-0.462509692
24035,0.609161615
24036,0.163934574
24037,-0.185021445
24038,-0.518584728
24039,0.678305686
24040,0.35025841
24041,0.192968011
24042,-0.573236108
24043,0.324937463
24044,-0.108936116
24045,-0.457306534
24046,0.659297466
24047,0.326352179
24048,-0.527074337
24049,-0.485373467
24050,0.301020622
24051,0.136289224
24052,0.478455395
24053,-0.297451168
24054,0.627090156
24055,0.366326213
24056,0.460685462
24057,-0.568062544
24058,0.175029904
24059,0.481613606
24060,0.560581148
24061,-0.499832809
24062,0.690959573
24063,0.475189507
24064,0.36593014
24065,-0.662639678
24066,-0.286102772
24067,-0.247924909
24068,-0.241907269
24069,0.541882217
24070,0.671211898
24071,-0.129649371
24072,0.114858575
24073,-0.40507555
24074,0.185354948
24075,-0.54544878
24076,0.291123778
24077,0.339162469
24078,0.453719288
24079,0.591989934
24080,0.430144161
24081,-0.056303281
24082,-0.418744862
24083,-0.090953112
24084,0.535764039
24085,0.379549444
24086,-0.109975159
24087,-0.202486306
24088,0.420561582
24089,0.430632144
24090,-0.513066053
24091,0.122758038
24092,0.203017011
24093,0.264218539
24094,0.492836595
24095,0.57553643
24096,-0.577972174
24097,-0.533311367
24098,0.540274262
24099,-0.421267301
24100,-0.258654177
24101,0.490262806
24102,0.551909506
24103,-0.526301026
24104,0.472135246
24105,0.539752722
24106,0.440920532
24107,0.628071427
24108,-0.133967072
24109,0.474318832
24110,-0.065675199
24111,0.404496938
24112,-0.484767109
24113,0.210993588
24114,0.715402544
24115,-0.286801636
24116,0.118666761
24117,-0.165184349
24118,0.53945756
24119,-0.367513329
24120,-0.316904724
24121,0.249253422
24122,0.505957007
24123,0.305463701
24124,-0.086380437
24125,-0.450895369
24126,-0.163923249
24127,-0.009133674
24128,-0.368208051
24129,-0.288705975
24130,-0.115528286
24131,-0.479273289
24132,-0.174515814
24133,-0.588419795
24134,0.539244056
24135,0.114656195
24136,0.440137208
24137,0.587520599
24138,0.328871846
24139,-0.474974424
24140,0.477378786
24141,0.502257109
24142,-0.599900782
24143,-0.389506191
24144,0.545109749
24145,0.249475464
24146,-0.294499755
24147,-0.59138608
24148,0.4521676
24149,-0.290512055
24150,-0.342681885
24151,0.573862135
24152,0.527214766
24153,0.490502059
24154,-0.435418248
24155,0.642328858
24156,-0.256097943
24157,0.478182971
24158,-0.348407567
24159,-0.59584403
24160,0.04965508
24161,0.388653547
24162,-0.510928988
24163,0.043838374
24164,0.585113168
24165,0.379517168
24166,-0.035700373
24167,-0.563179493
24168,-0.31160295
24169,-0.597195327
24170,-0.246991873
24171,-0.326951146
24172,0.394113004
24173,0.644878566
24174,-0.088802181
24175,0.241777122
24176,-0.073851451
24177,0.62480092
24178,0.510653615
24179,-0.001652241
24180,-0.014672477
24181,0.512206614
24182,0.457727671
24183,0.286303163
24184,-0.422946304
24185,0.47494489
24186,0.408356845
24187,0.46943897
24188,-0.437270284
24189,-0.367011607
24190,-0.02150923
24191,-0.56386888
24192,-0.450891674
24193,0.012963746
24194,-0.398058653
24195,0.512459636
24196,0.496242762
24197,0.136621326
24198,0.247758478
24199,0.464465052
24200,-0.349661708
24201,-0.351899117
24202,-0.217326015
24203,-0.314229816
24204,0.37265566
24205,-0.378359884
24206,-0.476536572
24207,0.026484922
24208,0.594551325
24209,0.233901441
24210,0.687533736
24211,-0.361425161
24212,-0.517295659
24213,0.435026169
24214,-0.177542478
24215,-0.539829135
24216,-0.555445433
24217,0.166498408
24218,0.034232091
24219,0.603935719
24220,0.091217652
24221,-0.428197473
24222,-0.424700052
24223,0.147440463
24224,0.66840744
24225,-0.077804394
24226,-0.307956576
24227,0.539999008
24228,-0.503583252
24229,-0.195297673
24230,0.183030128
24231,-0.186516628
24232,0.210781932
24233,0.502927601
24234,0.615620971
24235,-0.524715006
24236,0.229423434
24237,0.280500174
24238,0.230565682
24239,-0.302653015
24240,-0.458381355
24241,0.33562398
24242,-0.283014894
24243,-0.07144504
24244,-0.18894279
24245,0.219908103
24246,-0.573220372
24247,-0.243133217
24248,0.188251793
24249,0.400264293
24250,-0.467678219
24251,-0.432872742
24252,-0.322518557
24253,-0.026988894
24254,0.204092294
24255,0.402609259
24256,-0.48849842
24257,0.417752028
24258,-0.679014444
24259,0.398625702
24260,0.437668622
24261,0.156135052
24262,-0.469008237
24263,-0.169513777
24264,0.367698133
24265,0.047582068
24266,-0.19383736
24267,-0.28981477
24268,-0.108907357
24269,0.476554841
24270,0.685198903
24271,-0.390779167
24272,-0.533960044
24273,-0.163407192
24274,0.198610127
24275,-0.127121612
24276,-0.375077158
24277,0.322244555
24278,0.199527025
24279,0.643297434
24280,0.488521725
24281,-0.475807011
24282,0.590222895
24283,0.174455225
24284,0.404250562
24285,-0.041003898
24286,-0.32337442
24287,-0.095011666
24288,0.554113925
24289,-0.460706919
24290,-0.060808133
24291,0.593248367
24292,0.544519424
24293,0.555603504
24294,-0.391767472
24295,-0.454824507
24296,-0.346094787
24297,0.189978212
24298,0.539701045
24299,0.410479605
24300,0.134137973
24301,-0.338773072
24302,0.055698723
24303,-0.081339002
24304,0.595205069
24305,0.338214874
24306,0.324910581
24307,0.42543143
24308,-0.02362738
24309,-0.196499422
24310,-0.499365926
24311,-0.468045443
24312,-0.093837522
24313,0.103224702
24314,0.507978201
24315,-0.646208346
24316,-0.093817502
24317,-0.540744424
24318,-0.137526155
24319,-0.181764022
24320,-0.155396879
24321,0.043751292
24322,0.289018631
24323,0.428466797
24324,0.052152634
24325,-0.307467818
24326,-0.439415514
24327,0.595192075
24328,0.411408544
24329,0.205654249
24330,-0.50107193
24331,0.447513431
24332,-0.435840398
24333,-0.555489421
24334,0.144997776
24335,-0.235207856
24336,-0.325142235
24337,0.249984413
24338,-0.434731245
24339,-0.576015711
24340,-0.511268139
24341,0.579556048
24342,0.376179039
24343,0.457469881
24344,-0.423517227
24345,-0.173868418
24346,-0.193846554
24347,0.154786229
24348,-0.552809477
24349,0.51542902
24350,0.379116446
24351,0.074811153
24352,-0.258197546
24353,0.448149264
24354,0.436183631
24355,0.54024756
24356,0.356429815
24357,0.294911504
24358,0.50920397
24359,0.374551594
24360,0.224627286
24361,-0.585692644
24362,0.380310774
24363,0.385773778
24364,-0.41383931
24365,-0.576771736
24366,0.580856085
24367,-0.547379255
24368,-0.31702286
24369,-0.599496424
24370,-0.127957553
24371,-0.325942397
24372,0.232634708
24373,0.082612261
24374,0.52171123
24375,-0.646190166
24376,-0.53832984
24377,0.511313677
24378,0.206897795
24379,0.34425047
24380,0.112907566
24381,0.200629383
24382,0.046469413
24383,0.273435861
24384,0.052254956
24385,-0.029500991
24386,0.190365791
24387,0.455963999
24388,0.241253451
24389,0.433245003
24390,-0.290144801
24391,-0.519598126
24392,0.155902937
24393,0.532351732
24394,-0.35183689
24395,-0.283349305
24396,0.475783408
24397,-0.338322401
24398,0.551558018
24399,0.25189057
24400,-0.255179465
24401,-0.055774972
24402,0.436861336
24403,-0.299609363
24404,-0.603947937
24405,0.433627605
24406,0.217878699
24407,-0.455196857
24408,0.541649938
24409,-0.545642018
24410,-0.0178627
24411,-0.645787835
24412,0.058131777
24413,0.190707907
24414,-0.149040401
24415,0.463012636
24416,0.619640112
24417,-0.534459531
24418,-0.503903866
24419,-0.22160691
24420,-0.504710793
24421,0.454514146
24422,-0.367408156
24423,0.541920483
24424,0.4015899
24425,-0.355889708
24426,-0.245858297
24427,-0.021727648
24428,0.568167567
24429,0.347973168
24430,0.404926002
24431,-0.510883689
24432,-0.346891135
24433,-0.229946017
24434,0.055130631
24435,0.410519361
24436,-0.45114854
24437,0.012278102
24438,0.224477723
24439,0.422594637
24440,0.36929217
24441,-0.261558384
24442,-0.555748105
24443,-0.171693414
24444,-0.301505864
24445,0.086833194
24446,-0.372996181
24447,0.112196967
24448,0.657820582
24449,-0.652993977
24450,-0.604929864
24451,0.463793814
24452,0.215152398
24453,-0.499177217
24454,0.209009677
24455,0.300623655
24456,0.504938245
24457,0.326105177
24458,-0.526445389
24459,-0.560484529
24460,-0.035006676
24461,-0.026539855
24462,0.34211117
24463,0.000691436
24464,-0.183175594
24465,0.463416278
24466,-0.056662433
24467,-0.556733549
24468,-0.231655389
24469,0.289028168
24470,-0.48638922
24471,0.098346673
24472,-0.492599815
24473,0.392072886
24474,-0.349218845
24475,-0.168420881
24476,-0.250994921
24477,-0.366043121
24478,-0.471283972
24479,-0.19619073
24480,0.31940347
24481,-0.507414222
24482,-0.005720288
24483,0.425466955
24484,-0.668925583
24485,-0.450238526
24486,0.45030722
24487,-0.06114319
24488,0.421421409
24489,-0.520192385
24490,-0.589418888
24491,0.536103308
24492,-0.418910682
24493,-0.299012363
24494,0.099723697
24495,0.10827297
24496,-0.441290915
24497,0.236845925
24498,0.439028144
24499,-0.380812824
24500,-0.168007657
24501,-0.595469236
24502,-0.55826813
24503,0.519836664
24504,0.368017465
24505,-0.33577162
24506,0.527751923
24507,-0.009469993
24508,0.073621735
24509,0.44635281
24510,0.036957018
24511,0.33315587
24512,-0.377007067
24513,-0.448514104
24514,0.2833893
24515,-0.55034554
24516,0.21525909
24517,-0.18581374
24518,0.039014935
24519,-0.24479571
24520,-0.51305896
24521,0.375831604
24522,0.503703356
24523,-0.724576354
24524,0.536640167
24525,0.518588245
24526,0.201047868
24527,0.565543771
24528,-0.385696352
24529,-0.452179402
24530,0.250238836
24531,0.355362892
24532,-0.374564052
24533,0.368556082
24534,0.59869957
24535,0.39568758
24536,-0.155510843
24537,0.548579395
24538,0.21316573
24539,-0.0232618
24540,-0.443995953
24541,0.019951157
24542,-0.261914819
24543,0.110719785
24544,0.461557359
24545,-0.554346204
24546,0.157723501
24547,0.510087609
24548,-0.540085554
24549,-0.503381014
24550,0.25834471
24551,0.378222555
24552,0.089503706
24553,-0.124334544
24554,0.152306959
24555,0.341945112
24556,-0.260745347
24557,0.262038916
24558,0.524276733
24559,-0.224817529
24560,0.373289257
24561,-0.173761219
24562,-0.509929001
24563,-0.31544587
24564,0.558862448
24565,-0.38831991
24566,0.034814827
24567,0.539034963
24568,0.287160873
24569,0.19200407
24570,0.486241192
24571,0.451832205
24572,0.578630567
24573,-0.415288925
24574,0.386457741
24575,-0.2308608
24576,-0.48516053
24577,-0.197844312
24578,0.599054754
24579,0.571361661
24580,-0.17105487
24581,-0.031713758
24582,0.611749768
24583,0.427306533
24584,-0.152103677
24585,-0.308607697
24586,-0.255785525
24587,0.054309487
24588,0.488913834
24589,-0.090170465
24590,-0.024320852
24591,0.168658212
24592,-0.478287518
24593,-0.110086605
24594,-0.186287925
24595,-0.496137947
24596,0.612118483
24597,0.276191831
24598,-0.554878712
24599,0.527724266
24600,-0.565194726
24601,-0.071170039
24602,0.455432177
24603,0.209229469
24604,0.010941174
24605,0.449201822
24606,0.62440151
24607,-0.651857555
24608,0.550230265
24609,0.438458234
24610,-0.153111219
24611,0.099850371
24612,0.649456441
24613,0.567854404
24614,0.398782372
24615,0.12425223
24616,0.124952763
24617,-0.422799915
24618,-0.477527052
24619,0.478936285
24620,-0.037372001
24621,0.33636266
24622,0.519992888
24623,-0.567169964
24624,-0.176686317
24625,0.442444801
24626,0.120703705
24627,0.665076494
24628,-0.418735474
24629,0.407382429
24630,-0.512995958
24631,-0.364928395
24632,-0.24722895
24633,-0.280922264
24634,-0.311417162
24635,0.238914624
24636,0.166833371
24637,-0.067159116
24638,0.305331439
24639,0.260712445
24640,-0.191448823
24641,0.599304378
24642,0.48395884
24643,-0.035682827
24644,-0.519023895
24645,0.389880329
24646,-0.625604451
24647,0.006591808
24648,0.634675145
24649,-0.067183793
24650,-0.551269293
24651,-0.614242911
24652,-0.581324816
24653,0.024862129
24654,-0.128519356
24655,-0.462132841
24656,-0.630164981
24657,0.360529155
24658,-0.123595402
24659,-0.398632407
24660,-0.60893923
24661,0.050003558
24662,0.388608634
24663,-0.449028075
24664,-0.03351064
24665,-0.082306668
24666,-0.185939759
24667,-0.327753097
24668,-0.344332039
24669,-0.324031293
24670,0.390562892
24671,-0.074632041
24672,-0.266829431
24673,-0.260351151
24674,0.184877813
24675,-0.513052583
24676,0.195791468
24677,-0.491549551
24678,-0.563004255
24679,-0.100980632
24680,0.200443283
24681,-0.224986106
24682,0.271025836
24683,-0.126829281
24684,-0.679373384
24685,0.467928708
24686,0.431619108
24687,0.498868674
24688,-0.401255548
24689,0.092221901
24690,-0.133741111
24691,0.129524291
24692,-0.032777727
24693,0.412961543
24694,-0.678609133
24695,-0.254856288
24696,-0.356994778
24697,-0.508006752
24698,-0.302817702
24699,0.355920136
24700,0.166945875
24701,-0.274391264
24702,0.301334798
24703,-0.224837065
24704,-0.38721922
24705,-0.268549472
24706,0.492770791
24707,0.355344981
24708,0.035246611
24709,-0.034219958
24710,-0.368811339
24711,-0.479909867
24712,-0.183142304
24713,0.482302487
24714,0.441087544
24715,-0.539749384
24716,-0.371932328
24717,-0.212583542
24718,0.371721864
24719,-0.195283681
24720,0.52496624
24721,-0.482866138
24722,0.464934886
24723,0.146619499
24724,0.301351249
24725,0.023055781
24726,-0.169212535
24727,-0.559195459
24728,-0.106424615
24729,-0.073917627
24730,0.372072756
24731,-0.149302393
24732,-0.377106667
24733,-0.157096058
24734,0.480058402
24735,-0.280759394
24736,-0.182548419
24737,0.327334911
24738,0.50041461
24739,-0.442778677
24740,-0.251411736
24741,0.165385813
24742,-0.361150205
24743,-0.585581183
24744,0.480465084
24745,0.200551093
24746,-0.464468002
24747,0.011842884
24748,0.411319733
24749,-0.078385964
24750,0.232955351
24751,0.025670514
24752,-0.446982503
24753,-0.565089047
24754,-0.194901466
24755,-0.143768832
24756,0.103262641
24757,-0.607007325
24758,-0.051811486
24759,0.133615062
24760,0.549292207
24761,-0.513025343
24762,-0.666063547
24763,0.638815761
24764,-0.411134899
24765,-0.366978049
24766,0.264946699
24767,-0.219686255
24768,-0.248528138
24769,0.57113564
24770,-0.499828041
24771,-0.505529642
24772,0.494742244
24773,-0.510351837
24774,-0.592795432
24775,0.563726187
24776,-0.555485904
24777,0.413266033
24778,0.309289575
24779,-0.184274256
24780,-0.597481728
24781,-0.624388099
24782,0.67250514
24783,-0.326302171
24784,-0.536880851
24785,-0.356435865
24786,-0.586600304
24787,0.434599221
24788,0.6265468
24789,-0.014854377
24790,0.069180667
24791,-0.10215877
24792,0.136019006
24793,0.474435806
24794,0.603618383
24795,0.451969028
24796,-0.455423921
24797,0.150776222
24798,0.575172007
24799,-0.537937403
24800,0.4458552
24801,-0.190699071
24802,-0.686753035
24803,-0.209876657
24804,0.460909426
24805,-0.028702438
24806,-0.215740606
24807,-0.294946462
24808,0.38412717
24809,-0.64231497
24810,-0.57351172
24811,0.488776416
24812,-0.267622411
24813,0.377123535
24814,0.466790318
24815,0.621227384
24816,0.532565951
24817,0.355080545
24818,0.099550709
24819,0.45746389
24820,0.528781652
24821,-0.670236588
24822,-0.356709599
24823,0.439630866
24824,0.381672591
24825,-0.296110809
24826,0.091752037
24827,0.248124182
24828,0.274128079
24829,-0.128791809
24830,-0.274086356
24831,0.113527574
24832,0.447281063
24833,0.217132494
24834,0.529212117
24835,-0.068292335
24836,-0.369546413
24837,-0.229476765
24838,-0.377367854
24839,0.53647095
24840,-0.394253463
24841,0.476152241
24842,-0.326819271
24843,-0.483267993
24844,-0.476344645
24845,0.18899174
24846,-0.237800926
24847,-0.223525614
24848,0.545055151
24849,0.48291406
24850,0.035156101
24851,-0.42714119
24852,-0.44876945
24853,-0.496863663
24854,0.427947074
24855,-0.561005473
24856,-0.084534027
24857,-0.192198664
24858,-0.281702399
24859,-0.431616396
24860,0.330860555
24861,0.097555846
24862,-0.019751981
24863,0.049891934
24864,-0.54769814
24865,0.59014535
24866,-0.142694235
24867,-0.522933245
24868,-0.337225556
24869,0.110578857
24870,0.268748939
24871,0.639508724
24872,-0.554059863
24873,-0.147358835
24874,0.091912106
24875,0.520862818
24876,-0.042269122
24877,-0.264581054
24878,-0.548084438
24879,-0.470516682
24880,0.376289427
24881,0.410537004
24882,-0.487761199
24883,-0.210702613
24884,-0.45189929
24885,0.335909963
24886,0.210566223
24887,0.061720375
24888,-0.433511883
24889,0.442386568
24890,0.226949543
24891,0.654849768
24892,-0.340083241
24893,-0.492124498
24894,0.466003418
24895,-0.51928848
24896,-0.619563103
24897,0.579714537
24898,0.719868958
24899,0.555759788
24900,0.230701238
24901,0.274452329
24902,-0.587426543
24903,-0.463015437
24904,-0.008923672
24905,0.218173489
24906,-0.541469812
24907,0.642046094
24908,-0.262367666
24909,-0.471529037
24910,-0.418905884
24911,-0.265594542
24912,0.280788779
24913,0.500747442
24914,-0.285767883
24915,0.125797629
24916,-0.477731764
24917,-0.284603
24918,-0.35098058
24919,0.220636785
24920,-0.1424063
24921,0.159730688
24922,0.320253313
24923,-0.397772074
24924,-0.349686027
24925,-0.303316593
24926,-0.254535198
24927,0.12450771
24928,-0.683007896
24929,-0.111304536
24930,0.589067578
24931,0.154402256
24932,0.476379812
24933,-0.383311212
24934,-0.563560903
24935,0.396354377
24936,0.4762716
24937,-0.455125004
24938,-0.605413556
24939,0.084208161
24940,0.431710869
24941,0.464734137
24942,-0.558143497
24943,-0.453001142
24944,-0.336627364
24945,0.330709159
24946,-0.508665562
24947,-0.326142043
24948,-0.452588886
24949,0.363930762
24950,0.094198331
24951,-0.486896068
24952,0.293734461
24953,0.422301114
24954,0.512018085
24955,0.557914734
24956,0.236972213
24957,-0.509640932
24958,0.038911693
24959,0.331602961
24960,-0.488132626
24961,-0.266174257
24962,-0.495347947
24963,0.473163843
24964,0.110242993
24965,-0.285755873
24966,0.309759438
24967,-0.079761073
24968,0.262878507
24969,-0.462565243
24970,0.295045942
24971,0.12867634
24972,0.252169788
24973,-0.433754861
24974,0.399889827
24975,0.482337385
24976,-0.075800993
24977,-0.166625023
24978,-0.509944379
24979,0.570736349
24980,-0.208381131
24981,-0.244065121
24982,-0.54782933
24983,0.063497804
24984,0.562825859
24985,-0.471657634
24986,-0.404202521
24987,-0.124836452
24988,-0.435056508
24989,0.002913687
24990,0.448589593
24991,-0.203266427
24992,-0.453179032
24993,-0.699574947
24994,0.488026679
24995,0.646553397
24996,0.391833544
24997,0.360686064
24998,-0.477909654
24999,0.481809974
25000,-0.122076675
25001,-0.368849337
25002,-0.406413555
25003,-0.459653556
25004,0.098797008
25005,0.50016129
25006,-0.18413958
25007,-0.252174348
25008,-0.545972109
25009,-0.261910856
25010,0.477730989
25011,-0.074771874
25012,-0.574077606
25013,-0.548970938
25014,-0.231089979
25015,0.358018577
25016,0.198385566
25017,0.403313518
25018,-0.503471971
25019,-0.035891071
25020,-0.307483345
25021,0.168622226
25022,0.340283871
25023,0.254912376
25024,0.337596238
25025,0.562034607
25026,0.368220448
25027,-0.261107057
25028,0.158374086
25029,
25030,
25031,-0.229524285
25032,0.498046219
25033,-0.142603755
25034,-0.344218075
25035,-0.392790794
25036,0.159413978
25037,0.425405324
25038,0.261771977
25039,-0.245137781
25040,0.187818736
25041,-0.134020448
25042,-0.055362161
25043,0.034082603
25044,-0.504910946
25045,0.34462285
25046,0.369628757
25047,0.107102387
25048,0.502117753
25049,-0.553388357
25050,-0.667823017
25051,-0.17341572
25052,0.368413091
25053,-0.385466933
25054,-0.521884799
25055,0.333210766
25056,0.268491298
25057,0.320188701
25058,-0.520651221
25059,-0.287730992
25060,-0.355198324
25061,0.658223987
25062,0.664160609
25063,-0.493314803
25064,-0.280369639
25065,0.354322374
25066,0.156554669
25067,0.60702014
25068,-0.48826015
25069,-0.243756443
25070,-0.333454579
25071,0.193532646
25072,0.279720217
25073,-0.054379568
25074,-0.462618619
25075,-0.097154766
25076,0.215508312
25077,0.398481667
25078,0.06177935
25079,0.179499045
25080,0.386568487
25081,-0.004287889
25082,-0.525767148
25083,-0.349601448
25084,-0.453548789
25085,-0.268869102
25086,0.290518135
25087,-0.074083559
25088,-0.6587919
25089,0.109385528
25090,-0.596628189
25091,-0.493120909
25092,-0.068323247
25093,-0.371064663
25094,-0.361933529
25095,-0.18862623
25096,-0.376728296
25097,-0.04609824
25098,-0.476876765
25099,0.053819552
25100,0.50001061
25101,-0.086084202
25102,-0.042628631
25103,-0.172792271
25104,0.32788074
25105,0.439790547
25106,0.338583529
25107,0.133577317
25108,-0.466081083
25109,0.597855151
25110,-0.604703307
25111,-0.350662053
25112,0.481128544
25113,-0.585835934
25114,-0.68554616
25115,-0.583789349
25116,0.431059778
25117,0.547668695
25118,0.521320581
25119,-0.065242216
25120,0.123112336
25121,-0.476604819
25122,-0.107079379
25123,0.28394559
25124,0.12257161
25125,0.194682881
25126,0.414284468
25127,0.402834058
25128,0.530132294
25129,0.267330587
25130,-0.095659465
25131,-0.365248621
25132,0.587170541
25133,-0.534955621
25134,0.510694325
25135,0.330777407
25136,-0.158180818
25137,0.010111243
25138,-0.622492552
25139,-0.410779238
25140,0.262256801
25141,0.439999104
25142,0.547880769
25143,-0.607035041
25144,0.34757939
25145,-0.023335937
25146,0.464323521
25147,-0.450922817
25148,-0.67287159
25149,-0.427818775
25150,0.234244928
25151,-0.491121918
25152,-0.585977316
25153,-0.122647837
25154,0.145392656
25155,-0.60868144
25156,0.504713118
25157,-0.031066727
25158,0.408844382
25159,0.423871785
25160,-0.502436101
25161,0.428970128
25162,0.115168571
25163,-0.36628902
25164,0.565750301
25165,-0.514189422
25166,-0.261250675
25167,0.272140205
25168,0.184095323
25169,0.177032426
25170,0.592289686
25171,0.398739934
25172,-0.297209024
25173,-0.551478744
25174,-0.014736488
25175,0.162135601
25176,-0.701864541
25177,-0.593161464
25178,-0.454006255
25179,0.038851779
25180,0.449534476
25181,-0.423286349
25182,0.264203727
25183,-0.475331426
25184,-0.580898404
25185,0.524130225
25186,-0.046149984
25187,0.123479158
25188,-0.737457633
25189,-0.361893713
25190,0.435565025
25191,-0.371771574
25192,0.582300663
25193,-0.11195372
25194,-0.49291724
25195,0.459918737
25196,0.516036868
25197,-0.401994586
25198,0.215809107
25199,-0.276780456
25200,0.476440847
25201,-0.548406005
25202,-0.470501035
25203,0.648398995
25204,-0.408753216
25205,-0.559704781
25206,0.168209419
25207,-0.429676414
25208,-0.001431476
25209,0.160341933
25210,0.530440688
25211,-0.309582233
25212,0.68599391
25213,-0.329601526
25214,-0.354098499
25215,-0.354073346
25216,0.439308703
25217,0.699162662
25218,-0.515112877
25219,-0.601155281
25220,-0.264219105
25221,-0.057990201
25222,-0.108599111
25223,-0.222925216
25224,0.410111785
25225,0.526839614
25226,0.570117593
25227,0.450318873
25228,-0.226565927
25229,0.191105634
25230,0.117813669
25231,-0.623741865
25232,0.477073997
25233,0.586187363
25234,0.489350766
25235,-0.514105678
25236,-0.514881015
25237,0.074422225
25238,0.196584359
25239,-0.134980425
25240,0.033502538
25241,0.037634879
25242,-0.358092874
25243,0.001896229
25244,-0.133133531
25245,0.429706067
25246,0.442645907
25247,0.611195147
25248,0.457335144
25249,0.42103982
25250,-0.540661275
25251,0.526451349
25252,0.518296719
25253,0.455940008
25254,-0.542575836
25255,0.398998767
25256,0.202676773
25257,0.471804023
25258,0.26984632
25259,0.39998585
25260,0.20825918
25261,0.054692131
25262,-0.314706355
25263,-0.475666553
25264,-0.022896349
25265,0.329408526
25266,0.252754182
25267,0.579463482
25268,-0.560961187
25269,-0.543847978
25270,-0.571282089
25271,0.528612316
25272,0.602192044
25273,-0.51335907
25274,0.277495086
25275,0.126984462
25276,0.456130534
25277,-0.525297821
25278,0.038446888
25279,0.550827384
25280,0.386088699
25281,0.686701596
25282,-0.488626778
25283,-0.580562949
25284,-0.552579522
25285,-0.197747156
25286,-0.485561252
25287,-0.552226961
25288,0.472142994
25289,-0.231765196
25290,0.589040279
25291,0.202879906
25292,-0.416043997
25293,-0.481840372
25294,-0.318636924
25295,-0.071803428
25296,-0.358957529
25297,-0.326437443
25298,0.301914394
25299,-0.503821969
25300,0.332001537
25301,-0.342116416
25302,-0.545926571
25303,0.195861265
25304,0.333261639
25305,-0.351813793
25306,-0.3368752
25307,0.430907369
25308,0.350984097
25309,0.535771787
25310,-0.558843493
25311,0.611612856
25312,-0.013238356
25313,-0.225687116
25314,0.072966859
25315,-0.447677732
25316,-0.282590896
25317,-0.241150483
25318,0.181852847
25319,-0.666745603
25320,-0.109825365
25321,0.494255304
25322,-0.546666026
25323,0.407556832
25324,-0.275874615
25325,-0.150707528
25326,-0.377741396
25327,0.237699121
25328,0.050655548
25329,0.377015114
25330,0.0101813
25331,0.246685073
25332,-0.238156885
25333,0.489161551
25334,0.070024274
25335,0.397158533
25336,-0.443456948
25337,-0.282649845
25338,-0.339887857
25339,0.016816378
25340,0.288555324
25341,0.039628662
25342,0.46936816
25343,0.417549193
25344,0.139664114
25345,0.444388688
25346,-0.267661631
25347,-0.608288467
25348,0.343997121
25349,0.639067292
25350,-0.531509757
25351,-0.238781661
25352,-0.129670277
25353,-0.23891148
25354,0.396168888
25355,0.198756337
25356,-0.494504243
25357,0.193069398
25358,-0.570637703
25359,-0.218219832
25360,-0.539614618
25361,0.004203759
25362,-0.148565874
25363,-0.594260335
25364,0.067337662
25365,0.426985115
25366,0.616667271
25367,-0.333941162
25368,-0.087135643
25369,-0.402910233
25370,-0.170705065
25371,0.149700224
25372,0.068086594
25373,-0.319033742
25374,-0.409881681
25375,-0.177545339
25376,0.575691164
25377,0.605303764
25378,0.190023705
25379,-0.131348252
25380,0.469006568
25381,-0.35289973
25382,0.217555508
25383,0.349911273
25384,0.500662982
25385,-0.348774165
25386,0.603919625
25387,-0.483656347
25388,0.145799577
25389,-0.599026918
25390,-0.522457361
25391,0.135214761
25392,0.414993465
25393,0.375322133
25394,0.512763619
25395,0.317572385
25396,-0.411309659
25397,0.418058693
25398,0.321427792
25399,-0.037614696
25400,0.245655209
25401,-0.251827478
25402,0.54434371
25403,0.23852241
25404,-0.061068639
25405,-0.242037505
25406,0.548070371
25407,0.290800393
25408,0.568276763
25409,-0.134942919
25410,-0.495376348
25411,0.571967363
25412,0.216993943
25413,0.480271578
25414,0.06168896
25415,0.38166061
25416,-0.220910549
25417,-0.275226593
25418,-0.035316981
25419,0.644482255
25420,-0.13785857
25421,0.525982141
25422,-0.458704531
25423,-0.476492465
25424,0.080807723
25425,-0.572975218
25426,-0.547848344
25427,0.496729612
25428,0.158388972
25429,0.030353203
25430,0.310357153
25431,-0.570876122
25432,-0.398187369
25433,0.01161658
25434,0.584991097
25435,0.385739207
25436,0.129022256
25437,0.515165985
25438,-0.013705708
25439,0.496784151
25440,0.164011419
25441,-0.283089489
25442,-0.410812289
25443,0.284864187
25444,-0.47863245
25445,-0.189962715
25446,-0.418871701
25447,0.117172837
25448,0.098073289
25449,0.554381967
25450,0.144038379
25451,-0.342947721
25452,0.161751121
25453,-0.425541162
25454,-0.324467957
25455,-0.422986448
25456,0.593060136
25457,0.131973073
25458,0.312749624
25459,-0.392629057
25460,0.502722263
25461,0.096968308
25462,0.048764825
25463,0.226484507
25464,0.413971543
25465,-0.586566448
25466,-0.667844772
25467,0.564446688
25468,-0.268906683
25469,0.091714725
25470,-0.527255118
25471,0.124147058
25472,0.520906448
25473,0.472407788
25474,-0.559997082
25475,0.483244956
25476,0.319312751
25477,-0.408026516
25478,0.139137894
25479,-0.13975437
25480,-0.472975522
25481,0.313871503
25482,0.358831435
25483,-0.135327339
25484,-0.621575356
25485,0.299343646
25486,0.530603111
25487,-0.637201011
25488,-0.3522892
25489,-0.368083745
25490,0.007110693
25491,-0.091819316
25492,-0.299455106
25493,-0.541460514
25494,-0.325611413
25495,-0.024077423
25496,-0.256567657
25497,0.453173548
25498,0.445756555
25499,0.244312033
25500,-0.082994208
25501,-0.3796193
25502,-0.389783144
25503,0.220095009
25504,-0.590607941
25505,0.286626041
25506,0.507367015
25507,-0.616637349
25508,-0.566845059
25509,-0.099631429
25510,-0.145220831
25511,0.024593405
25512,-0.020535585
25513,0.667659044
25514,0.44628939
25515,-0.491943538
25516,-0.381771863
25517,-0.039977528
25518,0.041056283
25519,0.100704104
25520,0.437647223
25521,0.119461268
25522,-0.36278069
25523,0.388119638
25524,-0.448371828
25525,-0.435583979
25526,0.474920481
25527,0.459368706
25528,0.559190989
25529,-0.208194375
25530,-0.4219805
25531,0.251014411
25532,-0.223003507
25533,0.339206576
25534,-0.511636615
25535,-0.176604956
25536,-0.426258117
25537,0.124200344
25538,-0.226073235
25539,-0.499291837
25540,0.040098958
25541,-0.453259766
25542,0.498861164
25543,-0.044356238
25544,-0.476798385
25545,-0.362056762
25546,-0.267097116
25547,0.425558954
25548,-0.489953727
25549,-0.0716253
25550,0.040763166
25551,-0.081325956
25552,-0.247342736
25553,0.513058305
25554,0.083747238
25555,0.54913497
25556,-0.378926545
25557,0.497830123
25558,-0.08995229
25559,-0.198791325
25560,-0.381702065
25561,0.087481052
25562,0.237120807
25563,-0.390744925
25564,-0.461333811
25565,-0.219652116
25566,-0.39808923
25567,0.120087586
25568,0.325787097
25569,0.463619739
25570,0.238682777
25571,-0.623944461
25572,0.494495928
25573,0.272411525
25574,0.027135234
25575,-0.161424041
25576,-0.097626843
25577,-0.333552152
25578,-0.168465629
25579,-0.546281159
25580,0.27670455
25581,0.461492479
25582,0.397295773
25583,-0.104596995
25584,0.494658411
25585,-0.112377912
25586,0.507251441
25587,-0.354358166
25588,-0.372098386
25589,-0.489382476
25590,0.263693154
25591,0.612986207
25592,-0.457647681
25593,0.284787565
25594,-0.304490149
25595,-0.526345611
25596,0.543950498
25597,-0.015475675
25598,0.570284247
25599,-0.203490317
25600,0.323439837
25601,-0.532960534
25602,-0.110980049
25603,-0.53249079
25604,0.51682651
25605,-0.533180475
25606,-0.667292058
25607,0.033561341
25608,-0.439292461
25609,0.022367656
25610,-0.115138032
25611,-0.396839768
25612,-0.523386836
25613,-0.345870495
25614,-0.644486189
25615,0.56320554
25616,0.315514416
25617,-0.11292851
25618,-0.475079566
25619,0.298558414
25620,0.124971829
25621,0.378911078
25622,-0.625692248
25623,-0.455665827
25624,-0.316317201
25625,0.090602517
25626,0.650165319
25627,0.158753812
25628,-0.109161049
25629,0.423673749
25630,-0.025586922
25631,-0.502523541
25632,-0.453433454
25633,-0.40756318
25634,-0.10119471
25635,0.454453856
25636,-0.149415806
25637,0.404442728
25638,0.564691365
25639,-0.504713237
25640,0.51594615
25641,0.326000154
25642,-0.203949392
25643,-0.452176005
25644,0.587044954
25645,0.534812689
25646,-0.326058149
25647,-0.586891234
25648,0.544587135
25649,0.092252277
25650,-0.515742719
25651,-0.460678965
25652,0.412904799
25653,0.456468731
25654,0.361278057
25655,-0.360904992
25656,-0.485094458
25657,-0.495846748
25658,-0.530254006
25659,-0.381872535
25660,-0.338274032
25661,-0.467543274
25662,0.463330805
25663,-0.387502104
25664,-0.211370349
25665,0.268307805
25666,-0.378575057
25667,0.10146486
25668,0.504193544
25669,-0.34453854
25670,0.223462164
25671,0.442767501
25672,0.350233287
25673,-0.146237776
25674,-0.594868779
25675,0.265337139
25676,-0.605981052
25677,0.438311934
25678,0.656034172
25679,-0.502189875
25680,-0.444872439
25681,-0.438118279
25682,0.024807602
25683,-0.516608596
25684,-0.252295494
25685,0.016329844
25686,0.578802943
25687,0.213184118
25688,-0.37849617
25689,0.454210371
25690,-0.411651909
25691,0.427024275
25692,-0.456777155
25693,0.09870486
25694,-0.495489627
25695,0.424347699
25696,0.536740899
25697,-0.403870881
25698,-0.438664854
25699,0.171260267
25700,0.478544414
25701,-0.073118553
25702,-0.481282085
25703,0.526001334
25704,0.012372937
25705,-0.296291709
25706,0.318947643
25707,0.519139051
25708,0.368477374
25709,-0.50928688
25710,-0.500299394
25711,-0.396963745
25712,0.584704757
25713,0.505038261
25714,0.436674476
25715,0.458941698
25716,-0.457989961
25717,-0.538852394
25718,-0.026112866
25719,-0.145470619
25720,0.13575834
25721,-0.132890195
25722,-0.556297302
25723,-0.177341387
25724,-0.00399363
25725,-0.275719583
25726,0.425299108
25727,-0.052043028
25728,-0.426737696
25729,0.195605814
25730,-0.177448034
25731,0.127395362
25732,-0.065881081
25733,0.139078856
25734,-0.444224477
25735,0.09218917
25736,-0.50555712
25737,-0.249960229
25738,0.042495072
25739,0.507324994
25740,0.456749558
25741,-0.217215925
25742,0.629498959
25743,0.33510226
25744,-0.376454592
25745,-0.52541554
25746,-0.396369725
25747,0.389382064
25748,0.393647432
25749,-0.183061957
25750,0.435177088
25751,0.472326517
25752,-0.451758415
25753,-0.461612225
25754,0.190580502
25755,-0.49508363
25756,0.385801435
25757,0.312372506
25758,0.445204437
25759,0.06062552
25760,0.511122406
25761,0.319814235
25762,0.225854993
25763,-0.503860116
25764,-0.276927233
25765,-0.449884683
25766,0.316098899
25767,-0.018141747
25768,0.160047144
25769,0.481749624
25770,0.169108957
25771,0.46434176
25772,-0.578449726
25773,0.163599744
25774,-0.021784145
25775,0.065036133
25776,-0.497442812
25777,-0.370001554
25778,0.321822315
25779,-0.448879123
25780,-0.414561808
25781,-0.385504901
25782,-0.428048193
25783,0.507050395
25784,-0.026095189
25785,-0.305391759
25786,0.468299448
25787,0.268628836
25788,0.312719613
25789,-0.53610611
25790,0.418789387
25791,0.471398473
25792,-0.268448681
25793,-0.509297729
25794,0.321030825
25795,-0.134373873
25796,0.341158867
25797,0.391867369
25798,-0.389217764
25799,-0.339468688
25800,-0.04858841
25801,0.321969211
25802,0.528412461
25803,-0.269755781
25804,0.165754408
25805,-0.451553166
25806,0.468044102
25807,0.342467427
25808,0.155019492
25809,0.125575945
25810,-0.119438656
25811,-0.29168722
25812,-0.429855198
25813,-0.249689475
25814,-0.615726829
25815,0.030443966
25816,-0.325343341
25817,0.515989721
25818,0.455031693
25819,0.513737559
25820,0.001936339
25821,0.681990385
25822,-0.455773294
25823,-0.450343519
25824,0.622061729
25825,0.458282083
25826,-0.366941154
25827,-0.528543293
25828,0.281023264
25829,0.444438756
25830,-0.150205567
25831,-0.569887817
25832,0.523907304
25833,0.451263815
25834,-0.519401371
25835,-0.369755626
25836,0.220705464
25837,0.328851312
25838,-0.489532411
25839,0.622282624
25840,-0.576683402
25841,0.462386489
25842,0.412413299
25843,0.483911157
25844,-0.272341967
25845,0.385512799
25846,-0.167948112
25847,0.296167195
25848,-0.396740079
25849,-0.412921727
25850,0.421900094
25851,-0.470522404
25852,-0.354292512
25853,-0.212601438
25854,0.314458847
25855,-0.205630422
25856,-0.43491742
25857,0.25035429
25858,0.246492878
25859,0.481868535
25860,0.309354782
25861,-0.575581789
25862,0.223870546
25863,0.446137846
25864,-0.343583286
25865,-0.122500837
25866,0.186156332
25867,-0.489829242
25868,-0.331859201
25869,-0.090731382
25870,-0.277905792
25871,-0.481195092
25872,-0.419786185
25873,0.303844422
25874,0.629214764
25875,-0.024633653
25876,-0.309315503
25877,0.638323605
25878,0.420813382
25879,-0.391017765
25880,0.049989238
25881,-0.627620697
25882,-0.166166693
25883,0.493335187
25884,-0.403185427
25885,-0.16037488
25886,-0.140137941
25887,0.452161372
25888,0.561103404
25889,-0.095593899
25890,0.129943416
25891,0.199635595
25892,0.201991141
25893,0.533964515
25894,0.406911731
25895,-0.571200132
25896,0.36652565
25897,-0.098849088
25898,-0.214647055
25899,-0.106091976
25900,-0.349052072
25901,0.108007535
25902,-0.292028517
25903,-0.002567226
25904,0.483812928
25905,-0.426035792
25906,-0.635532498
25907,-0.208931983
25908,-0.384812415
25909,-0.262165308
25910,0.380994141
25911,0.676268339
25912,0.044282373
25913,0.634570181
25914,-0.414702713
25915,0.305252254
25916,-0.02484528
25917,-0.390572608
25918,-0.097637579
25919,0.445936382
25920,-0.096703738
25921,-0.045925759
25922,0.078545824
25923,0.093340956
25924,0.144433558
25925,0.480182111
25926,-0.025117069
25927,0.197494268
25928,0.286963433
25929,-0.580274701
25930,0.556251764
25931,-0.040369693
25932,0.354293734
25933,0.338300884
25934,0.51605165
25935,0.435502827
25936,-0.130498156
25937,0.338305235
25938,0.389909744
25939,-0.069242485
25940,0.566320658
25941,0.01387468
25942,-0.438247323
25943,0.001466602
25944,-0.141850263
25945,0.472719014
25946,0.543093562
25947,-0.286044419
25948,0.371442139
25949,0.276013523
25950,0.611056924
25951,-0.164278179
25952,0.354872435
25953,0.393955082
25954,-0.54210794
25955,-0.367475629
25956,0.396091819
25957,-0.180744618
25958,0.097100437
25959,-0.594262242
25960,-0.23778975
25961,0.457792342
25962,-0.394759893
25963,0.425043732
25964,0.440327764
25965,0.435296476
25966,-0.234899804
25967,0.515282273
25968,0.402154326
25969,-0.274462938
25970,-0.217698514
25971,0.390507311
25972,0.426872015
25973,-0.182545379
25974,-0.233099699
25975,0.48935324
25976,0.231908694
25977,0.432141423
25978,-0.05347589
25979,0.306887627
25980,-0.174597785
25981,0.27933386
25982,0.088027418
25983,-0.272884518
25984,-0.126530498
25985,-0.534912825
25986,0.092265904
25987,0.215015143
25988,-0.222562253
25989,-0.175096542
25990,0.007618684
25991,0.128410608
25992,-0.020769417
25993,-0.255139053
25994,0.549680889
25995,0.352078319
25996,0.469290614
25997,0.555182874
25998,-0.178473413
25999,-0.498225689
26000,0.351358265
26001,0.403970689
26002,0.11866951
26003,-0.576302886
26004,-0.250268638
26005,-0.374311805
26006,-0.168708041
26007,0.527518749
26008,0.052571237
26009,-0.383520186
26010,-0.571855307
26011,0.453333497
26012,-0.38963145
26013,0.387226313
26014,0.450921118
26015,-0.028830003
26016,-0.127767071
26017,-0.131030083
26018,-0.485097438
26019,-0.267221689
26020,-0.263229609
26021,-0.056733318
26022,-0.371662796
26023,0.487012386
26024,0.203264281
26025,0.033190075
26026,-0.567381024
26027,-0.403757334
26028,0.082187831
26029,-0.430253923
26030,0.318122447
26031,-0.530255675
26032,-0.507323265
26033,-0.413512588
26034,-0.463439763
26035,0.486746401
26036,0.457588404
26037,-0.520565033
26038,-0.372513384
26039,0.365116328
26040,-0.07373324
26041,0.481182605
26042,0.163514286
26043,-0.466751337
26044,0.280895889
26045,0.488301396
26046,0.039158963
26047,0.081333548
26048,-0.535477936
26049,-0.279312015
26050,-0.083594687
26051,0.057206549
26052,0.126232579
26053,-0.218668669
26054,0.521077037
26055,0.423228532
26056,-0.029469937
26057,-0.23701486
26058,0.59365356
26059,-0.271119446
26060,0.15429011
26061,0.050765432
26062,0.298864961
26063,0.457960337
26064,0.326218188
26065,0.582486212
26066,0.299956173
26067,-0.07577002
26068,0.129060447
26069,-0.089266077
26070,0.039675221
26071,0.488332897
26072,0.258713812
26073,-0.567295551
26074,-0.56801945
26075,0.735620737
26076,0.485474288
26077,0.089178652
26078,0.344874471
26079,-0.27743423
26080,-0.159072414
26081,-0.127737284
26082,-0.608525157
26083,-0.470355123
26084,0.480080962
26085,-0.384776622
26086,0.266269326
26087,-0.364610493
26088,0.039476186
26089,0.529634595
26090,0.313875735
26091,-0.29999733
26092,0.449217737
26093,0.387159914
26094,0.219869792
26095,-0.216894895
26096,0.422239184
26097,-0.340192586
26098,0.54737711
26099,0.503330588
26100,-0.629903793
26101,-0.438859701
26102,0.218420222
26103,-0.24718596
26104,0.228304699
26105,0.226651087
26106,-0.047379777
26107,-0.386832416
26108,0.369416356
26109,-0.300907612
26110,-0.531775236
26111,0.32468918
26112,0.321127892
26113,0.462924451
26114,-0.189244717
26115,-0.328956783
26116,0.59939599
26117,-0.487172991
26118,-0.335470289
26119,-0.29511416
26120,-0.467448831
26121,-0.364178568
26122,-0.315773338
26123,0.590133965
26124,-0.447766691
26125,-0.14141041
26126,-0.462020338
26127,-0.585367978
26128,-0.283813179
26129,0.668980479
26130,-0.076846942
26131,-0.464135587
26132,0.02653034
26133,-0.43625018
26134,0.149106577
26135,-0.170203447
26136,0.545627832
26137,-0.400281906
26138,-0.212854028
26139,0.432007015
26140,0.212289751
26141,-0.392865062
26142,-0.515891075
26143,0.59787935
26144,-0.496757269
26145,-0.26306814
26146,-0.310986429
26147,0.128494427
26148,0.404307336
26149,-0.557384193
26150,0.013526738
26151,0.455517709
26152,-0.590019941
26153,-0.441535741
26154,0.426830232
26155,-0.370937228
26156,0.317038566
26157,0.427426785
26158,-0.356947958
26159,-0.408438981
26160,0.447633386
26161,-0.10575857
26162,-0.113617994
26163,0.314377904
26164,0.369982302
26165,0.189457685
26166,-0.380535424
26167,-0.57185781
26168,-0.347714365
26169,-0.428132474
26170,0.168807521
26171,0.052300073
26172,-0.156231046
26173,0.295216739
26174,-0.259874612
26175,0.384699821
26176,0.638214409
26177,0.107657045
26178,-0.390075982
26179,-0.211230069
26180,-0.526373148
26181,0.475934744
26182,0.004571833
26183,-0.617910087
26184,-0.379931271
26185,0.357244313
26186,0.496941388
26187,0.274690866
26188,0.50545013
26189,-0.481005043
26190,-0.470302552
26191,0.131957367
26192,0.576125979
26193,-0.119632326
26194,0.585917354
26195,-0.516320229
26196,-0.293038368
26197,-0.267745435
26198,-0.249456882
26199,0.298811793
26200,-0.17435737
26201,0.551190495
26202,0.659539402
26203,-0.395027936
26204,0.006561784
26205,-0.196715713
26206,-0.3885957
26207,0.500609756
26208,0.14714694
26209,0.55006063
26210,-0.023118451
26211,0.32084626
26212,-0.623538971
26213,-0.135641977
26214,0.018994227
26215,-0.491069794
26216,-0.531746387
26217,0.278933257
26218,0.232048094
26219,-0.531208217
26220,-0.094659083
26221,-0.343317926
26222,0.434530258
26223,0.06357336
26224,-0.460345626
26225,-0.362883031
26226,-0.431434184
26227,0.291169792
26228,-0.559452415
26229,-0.485922575
26230,-0.239847511
26231,0.313498974
26232,0.401983678
26233,0.169128805
26234,0.16121456
26235,0.4965083
26236,0.180907577
26237,0.272323132
26238,-0.55050385
26239,0.260325432
26240,-0.415100276
26241,-0.069422916
26242,-0.554667234
26243,-0.178674966
26244,-0.483614385
26245,0.350299597
26246,-0.191628933
26247,0.405113608
26248,0.175294325
26249,-0.127968103
26250,0.491479754
26251,-0.225941837
26252,0.517990291
26253,0.635054648
26254,0.20398201
26255,0.469097853
26256,0.213106245
26257,-0.121258929
26258,-0.139238432
26259,0.209801689
26260,-0.241987765
26261,0.039138656
26262,0.653820276
26263,0.366892338
26264,0.470566332
26265,-0.271509856
26266,-0.346966565
26267,0.015122417
26268,-0.003927462
26269,-0.294000566
26270,-0.282136559
26271,-0.338099033
26272,-0.078543812
26273,-0.175991103
26274,0.58005023
26275,-0.313320935
26276,-0.446287155
26277,0.08200793
26278,0.570376754
26279,-0.439224601
26280,
26281,
26282,-0.230641618
26283,0.485771924
26284,-0.1896469
26285,0.529885054
26286,0.4233585
26287,-0.374467611
26288,-0.547164261
26289,0.320749044
26290,-0.16201061
26291,-0.456905067
26292,0.025174759
26293,0.521688938
26294,0.466151386
26295,0.541209102
26296,-0.217486441
26297,-0.009944618
26298,0.32931152
26299,0.044813976
26300,0.583455205
26301,0.264079809
26302,-0.229932547
26303,0.431077391
26304,0.614084125
26305,-0.432109952
26306,-0.455982268
26307,0.050230645
26308,0.605702937
26309,-0.392118067
26310,-0.621283233
26311,0.257095039
26312,0.567574978
26313,-0.478866458
26314,0.570131004
26315,0.097577319
26316,0.314687073
26317,0.280516863
26318,-0.416419119
26319,-0.353405684
26320,0.584582329
26321,0.607960761
26322,-0.412753046
26323,0.553475857
26324,0.228076816
26325,-0.199554235
26326,0.332102656
26327,0.106239729
26328,0.385791123
26329,0.173881888
26330,-0.506801009
26331,0.198321044
26332,0.44001627
26333,-0.473479211
26334,0.307905316
26335,-0.242046446
26336,-0.035865314
26337,-0.331585228
26338,0.428831875
26339,-0.608942926
26340,-0.312039912
26341,-0.290162563
26342,-0.467681825
26343,-0.188509196
26344,-0.128450781
26345,-0.317439318
26346,0.569950581
26347,-0.270252526
26348,0.304650009
26349,-0.411929131
26350,0.477560729
26351,-0.122441188
26352,0.160538509
26353,0.069650397
26354,-0.401665479
26355,-0.443691581
26356,-0.12104582
26357,-0.296300948
26358,-0.144182593
26359,-0.372735739
26360,-0.192627341
26361,-0.18938081
26362,0.550416708
26363,-0.06872534
26364,0.252763271
26365,0.540676713
26366,0.248489648
26367,-0.431983173
26368,0.415592909
26369,0.358463675
26370,0.011706367
26371,0.65844506
26372,0.357538819
26373,-0.098806173
26374,-0.437254071
26375,0.193420455
26376,-0.241130829
26377,-0.675214648
26378,-0.129177377
26379,-0.212608725
26380,0.365480542
26381,-0.474034607
26382,0.331225157
26383,0.495933592
26384,-0.570940077
26385,0.508713841
26386,-0.139780521
26387,-0.498560667
26388,0.557045996
26389,-0.413900524
26390,0.248771384
26391,-0.293278337
26392,0.412676483
26393,-0.508838952
26394,-0.421715677
26395,0.307607591
26396,0.09438362
26397,0.423502862
26398,-0.009434469
26399,-0.642034471
26400,-0.500534773
26401,-0.186171114
26402,0.222435027
26403,0.105657786
26404,0.097457655
26405,0.508865297
26406,-0.29621622
26407,-0.219486773
26408,-0.544472694
26409,-0.33371383
26410,-0.058377475
26411,-0.044297606
26412,0.585031033
26413,-0.48353222
26414,-0.011472255
26415,-0.155484796
26416,-0.084701136
26417,-0.163855851
26418,0.091754809
26419,-0.241924629
26420,0.296325713
26421,0.514062047
26422,-0.481178075
26423,0.409786224
26424,0.432896912
26425,-0.266978115
26426,-0.435406953
26427,-0.435999513
26428,-0.49894318
26429,0.080790445
26430,0.221477479
26431,0.380493611
26432,-0.325270325
26433,-0.492304981
26434,0.574995875
26435,-0.39073199
26436,-0.100929886
26437,0.563413978
26438,-0.142780557
26439,-0.449047893
26440,0.501032948
26441,0.270020843
26442,-0.333672643
26443,0.104482397
26444,0.504998982
26445,0.287826985
26446,0.079906769
26447,0.495871812
26448,-0.241348073
26449,-0.451605499
26450,-0.507202864
26451,0.445106924
26452,-0.354935288
26453,-0.435806394
26454,-0.291807801
26455,-0.543356895
26456,0.477535665
26457,-0.475300729
26458,-0.397116691
26459,0.448553592
26460,0.261729419
26461,0.154794052
26462,-0.367914915
26463,0.119556412
26464,-0.42896542
26465,-0.392940223
26466,-0.103323266
26467,-0.449287653
26468,0.153223366
26469,0.292598784
26470,-0.428613693
26471,-0.504289091
26472,0.124324769
26473,-0.393657684
26474,0.015017141
26475,0.468164086
26476,0.461515486
26477,-0.156815097
26478,-0.353459805
26479,-0.529468358
26480,-0.2210439
26481,-0.093448892
26482,-0.539827645
26483,-0.288280547
26484,0.164833903
26485,0.150139719
26486,-0.020362794
26487,-0.181324854
26488,0.139496312
26489,0.48961091
26490,0.538565278
26491,-0.117191099
26492,0.238479063
26493,0.36963892
26494,0.408595979
26495,0.218673497
26496,-0.578837335
26497,-0.07860209
26498,0.398467302
26499,-0.424762219
26500,-0.149929181
26501,0.422643363
26502,0.478657782
26503,0.39867717
26504,0.586559832
26505,-0.426556051
26506,-0.531309962
26507,-0.332120776
26508,-0.448731005
26509,0.581707716
26510,0.441476524
26511,0.426979184
26512,0.312498271
26513,-0.419794321
26514,0.210751474
26515,-0.331021219
26516,-0.044636909
26517,0.054800689
26518,-0.57554704
26519,-0.107874647
26520,-0.058823951
26521,-0.403104007
26522,0.116506532
26523,0.343443453
26524,-0.472717106
26525,0.310553461
26526,0.123796985
26527,-0.637885332
26528,-0.555194914
26529,0.540309191
26530,0.247594774
26531,0.40347594
26532,0.338790119
26533,0.493246555
26534,0.409213126
26535,0.569834948
26536,-0.496435165
26537,-0.217704579
26538,0.461280584
26539,0.390718818
26540,-0.584045827
26541,-0.465115219
26542,0.084306829
26543,-0.481454939
26544,-0.162360638
26545,-0.580132782
26546,0.365948558
26547,0.215405688
26548,0.473818004
26549,0.061222933
26550,-0.407010943
26551,-0.621956885
26552,-0.302324712
26553,0.625327826
26554,0.327932477
26555,0.541015029
26556,0.692374229
26557,0.571850657
26558,0.317485154
26559,0.590427935
26560,0.549298167
26561,0.067613974
26562,-0.593790412
26563,-0.099890329
26564,-0.604754686
26565,0.483959019
26566,-0.063420624
26567,0.068125606
26568,-0.332355052
26569,-0.382891238
26570,0.369644463
26571,0.187183604
26572,-0.579147458
26573,0.550437748
26574,0.42175281
26575,0.585577607
26576,0.495530218
26577,0.529449821
26578,0.539311647
26579,-0.617126882
26580,-0.501226902
26581,0.446187228
26582,0.260686219
26583,0.26439473
26584,-0.47314772
26585,0.235755309
26586,0.463321716
26587,-0.091451392
26588,0.577161968
26589,0.208598197
26590,0.53723222
26591,-0.296891242
26592,-0.060169786
26593,0.417116404
26594,-0.305618912
26595,0.150469884
26596,-0.241131902
26597,-0.266270876
26598,0.357856244
26599,0.392369092
26600,-0.664832652
26601,0.064273775
26602,0.53627336
26603,0.486846596
26604,0.527163446
26605,0.252180964
26606,0.521824419
26607,0.119889826
26608,-0.033610422
26609,-0.52480197
26610,0.537714779
26611,0.318179011
26612,0.527463734
26613,0.321330249
26614,-0.278040588
26615,0.126889706
26616,0.443707228
26617,0.437026888
26618,0.570051849
26619,0.348698258
26620,0.487899303
26621,-0.5154863
26622,-0.554294467
26623,-0.15717949
26624,0.592906237
26625,0.420962662
26626,-0.269849181
26627,0.48398149
26628,0.523050785
26629,-0.318617046
26630,-0.428310513
26631,0.739222825
26632,0.319572031
26633,-0.505365491
26634,0.361906469
26635,0.178543895
26636,-0.308662236
26637,-0.289983213
26638,-0.431706876
26639,0.165870667
26640,0.320775032
26641,-0.45339188
26642,-0.057435494
26643,-0.048922352
26644,0.200152561
26645,0.093408316
26646,0.430185974
26647,0.464143485
26648,0.454718113
26649,-0.433036804
26650,0.346112788
26651,-0.563002586
26652,-0.597040713
26653,0.379488051
26654,0.423644841
26655,-0.53642267
26656,-0.479424775
26657,0.021058735
26658,-0.541475832
26659,0.376122236
26660,0.654439926
26661,-0.639401913
26662,-0.07283996
26663,-0.17063877
26664,-0.182555914
26665,-0.035371233
26666,0.002499364
26667,-0.526908457
26668,-0.367533982
26669,0.532547116
26670,-0.115210719
26671,-0.114317596
26672,-0.208028734
26673,-0.567218244
26674,0.366003335
26675,-0.054421909
26676,0.075781405
26677,-0.121583
26678,-0.446084291
26679,0.417501509
26680,0.499003887
26681,-0.390284121
26682,-0.66216296
26683,-0.412300706
26684,0.266902953
26685,-0.621988893
26686,-0.362940103
26687,-0.28236106
26688,-0.573200047
26689,0.483792543
26690,0.13966988
26691,0.424898028
26692,0.422707886
26693,0.299486727
26694,-0.049591683
26695,0.086605579
26696,0.304441214
26697,0.104836762
26698,-0.571280718
26699,0.16770114
26700,-0.296725303
26701,-0.540866852
26702,0.538820863
26703,0.092693686
26704,-0.070832044
26705,0.011066113
26706,-0.054963417
26707,-0.369498014
26708,-0.513092101
26709,-0.327786058
26710,0.558156729
26711,-0.549085259
26712,-0.4673419
26713,0.503143966
26714,-0.637916207
26715,-0.59609592
26716,-0.048485532
26717,-0.407326996
26718,-0.252072513
26719,-0.660273254
26720,0.165159285
26721,-0.245135903
26722,-0.431952
26723,0.521625698
26724,-0.238598898
26725,-0.499132961
26726,-0.377605319
26727,0.369482189
26728,-0.23707287
26729,-0.37438339
26730,-0.381705761
26731,0.343400538
26732,-0.006717071
26733,-0.473240972
26734,0.022670018
26735,0.144889742
26736,0.36514467
26737,0.245668173
26738,-0.204474747
26739,-0.148764163
26740,0.059669428
26741,0.011516526
26742,-0.56622535
26743,0.09649644
26744,-0.62008208
26745,-0.458569288
26746,0.54498744
26747,0.359091073
26748,0.477857113
26749,0.49887985
26750,0.279587299
26751,-0.310084313
26752,0.199418113
26753,0.573346257
26754,-0.100089595
26755,0.661584377
26756,0.259025812
26757,0.597118616
26758,-0.475289136
26759,-0.507359982
26760,0.125076503
26761,0.314173847
26762,0.065400109
26763,0.638466775
26764,0.546820939
26765,-0.053629793
26766,0.415478051
26767,0.435886919
26768,-0.096800596
26769,0.459667325
26770,-0.094321653
26771,0.346359372
26772,0.529041409
26773,0.453385115
26774,-0.527997494
26775,-0.522897363
26776,0.486019909
26777,-0.437527239
26778,-0.437810302
26779,-0.595645726
26780,0.584538162
26781,-0.384375364
26782,-0.127732247
26783,-0.307324946
26784,0.406594366
26785,-0.236019135
26786,0.119197555
26787,0.381150782
26788,0.270612121
26789,-0.009250186
26790,-0.131149501
26791,-0.127793834
26792,-0.392505676
26793,-0.530992746
26794,0.154940426
26795,0.324211448
26796,-0.275351584
26797,-0.483622432
26798,-0.550426483
26799,0.297192365
26800,-0.05679328
26801,0.682850182
26802,0.281806856
26803,-0.186526388
26804,-0.430799514
26805,0.56280458
26806,0.45960784
26807,0.494851679
26808,-0.573880672
26809,-0.464320064
26810,-0.486239254
26811,-0.513666093
26812,0.15023911
26813,-0.057334922
26814,0.073629513
26815,0.269281447
26816,0.294651598
26817,-0.023256741
26818,0.432683587
26819,0.573452473
26820,0.576445937
26821,-0.31524539
26822,-0.419395685
26823,0.319608569
26824,-0.069132909
26825,0.128131062
26826,-0.513983488
26827,0.332499921
26828,-0.449886501
26829,-0.231911391
26830,0.171653107
26831,0.440945089
26832,0.213775501
26833,-0.419467568
26834,-0.224390954
26835,-0.575830579
26836,-0.316541702
26837,-0.245523646
26838,-0.339024723
26839,0.385807604
26840,-0.503426552
26841,-0.002073739
26842,0.215904996
26843,0.507138968
26844,0.038521789
26845,-0.368260145
26846,-0.311166853
26847,0.479256928
26848,-0.314282954
26849,0.545942307
26850,0.477207661
26851,-0.550020456
26852,-0.270701766
26853,0.186376736
26854,0.297726989
26855,0.472603023
26856,-0.092003897
26857,-0.21782209
26858,-0.618206978
26859,0.11236468
26860,-0.537573159
26861,-0.491184413
26862,0.55783397
26863,0.519896865
26864,-0.454119384
26865,-0.537541568
26866,0.522470176
26867,-0.430687904
26868,-0.353901595
26869,0.481138676
26870,-0.326202601
26871,0.153964683
26872,0.513814449
26873,0.495993078
26874,-0.39017567
26875,-0.41416344
26876,0.625943124
26877,-0.410872281
26878,-0.138840914
26879,-0.086284675
26880,0.055704761
26881,-0.591465354
26882,0.317798853
26883,0.507436872
26884,-0.23524788
26885,-0.063787282
26886,0.530365705
26887,0.504526973
26888,-0.501774669
26889,-0.521621585
26890,0.131465167
26891,0.248214856
26892,-0.551640689
26893,-0.420587659
26894,-0.202786922
26895,0.473556221
26896,-0.655724108
26897,-0.544384599
26898,-0.48420161
26899,0.074706331
26900,0.103139937
26901,0.52559489
26902,0.473428965
26903,-0.059475489
26904,0.288707793
26905,0.455589801
26906,0.319455773
26907,0.189191848
26908,0.468782067
26909,-0.453698456
26910,-0.147191867
26911,0.05702899
26912,0.626045108
26913,0.375087738
26914,-0.553895652
26915,-0.462869197
26916,0.166324332
26917,0.484541535
26918,-0.432665825
26919,-0.315037668
26920,-0.045513682
26921,-0.492436826
26922,-0.536405087
26923,-0.028236561
26924,0.616890907
26925,-0.499547184
26926,0.054975882
26927,0.567562342
26928,-0.150827408
26929,0.030316822
26930,0.203261331
26931,0.580018401
26932,-0.064659782
26933,-0.079242676
26934,0.413179845
26935,0.490715504
26936,0.486087501
26937,-0.404548287
26938,0.181685954
26939,0.586866856
26940,0.250173807
26941,-0.13857314
26942,-0.39964202
26943,-0.491127998
26944,0.620621681
26945,0.328572214
26946,0.255520344
26947,0.340118587
26948,0.396523356
26949,-0.420449138
26950,0.332555056
26951,-0.24532333
26952,-0.514288485
26953,-0.542273581
26954,0.530656576
26955,0.481824636
26956,0.474486202
26957,0.260446012
26958,-0.030699059
26959,-0.623595238
26960,-0.345117092
26961,0.498684645
26962,0.206932634
26963,0.095487535
26964,-0.279953212
26965,0.399897635
26966,0.561036348
26967,0.304048836
26968,-0.7077232
26969,-0.199822262
26970,0.201021373
26971,0.425680637
26972,0.516888678
26973,0.005518423
26974,-0.435176671
26975,-0.479069024
26976,-0.027641952
26977,-0.271213531
26978,0.590655506
26979,0.458999991
26980,0.644952655
26981,-0.280824929
26982,-0.013062626
26983,0.496367395
26984,-0.54760325
26985,0.380807817
26986,0.181607336
26987,-0.192267001
26988,-0.492744058
26989,0.397674233
26990,-0.267968804
26991,-0.38099575
26992,0.149869457
26993,0.622660697
26994,-0.325433075
26995,-0.488303304
26996,-0.250801027
26997,0.224104196
26998,-0.600877941
26999,0.492361814
27000,0.036986142
27001,-0.007931747
27002,-0.34611392
27003,0.350783497
27004,-0.032615334
27005,-0.47759667
27006,0.347912997
27007,-0.010397188
27008,-0.14136675
27009,-0.267608672
27010,0.136075407
27011,-0.53707552
27012,0.508024812
27013,-0.198592141
27014,-0.082135424
27015,-0.40484941
27016,-0.05135503
27017,0.456085026
27018,-0.374782503
27019,0.611815453
27020,-0.38391304
27021,0.52702713
27022,0.329670995
27023,-0.368726492
27024,-0.12580803
27025,0.274634987
27026,0.083196416
27027,-0.539357722
27028,-0.017286286
27029,0.535989046
27030,-0.566669405
27031,0.48541528
27032,0.073215388
27033,0.37926656
27034,-0.359259963
27035,0.00786487
27036,0.268584937
27037,0.40716815
27038,0.180579886
27039,-0.319351196
27040,-0.483397067
27041,-0.02129931
27042,-0.116197586
27043,0.447265804
27044,0.229152843
27045,-0.572208047
27046,0.02789345
27047,0.324573815
27048,-0.567522049
27049,-0.023429941
27050,0.502843976
27051,0.507649004
27052,0.296877682
27053,-0.177861571
27054,-0.324703217
27055,-0.337899208
27056,0.454489827
27057,0.402754456
27058,-0.13162294
27059,-0.334770739
27060,0.035439484
27061,0.123747706
27062,0.056315608
27063,-0.530391574
27064,-0.061113901
27065,0.132626593
27066,0.246412218
27067,-0.002631649
27068,-0.365296125
27069,0.196399659
27070,-0.534613073
27071,0.475699574
27072,0.403570235
27073,0.073388547
27074,-0.518049955
27075,0.338716894
27076,-0.437122315
27077,-0.248504326
27078,0.034994815
27079,0.435363114
27080,0.582197547
27081,0.412093222
27082,0.319847912
27083,-0.143592805
27084,-0.061372411
27085,0.1636132
27086,0.291552544
27087,-0.211087152
27088,0.119413413
27089,0.596385241
27090,0.178805992
27091,-0.106794178
27092,-0.523098946
27093,0.2752482
27094,0.591848135
27095,-0.405382395
27096,0.247303963
27097,-0.035374559
27098,-0.599853516
27099,-0.238600135
27100,-0.1306189
27101,0.382641017
27102,-0.517995119
27103,-0.529459238
27104,-0.261554897
27105,0.506991506
27106,-0.296946943
27107,-0.386566699
27108,0.39705959
27109,0.10379447
27110,0.122824378
27111,0.200196341
27112,0.334057301
27113,-0.223398596
27114,-0.301657468
27115,-0.482911885
27116,0.489596814
27117,0.317104101
27118,0.485808492
27119,0.161074907
27120,0.634621859
27121,-0.593943357
27122,0.377421319
27123,0.337687075
27124,-0.597659886
27125,-0.303884506
27126,0.117898203
27127,-0.399674118
27128,-0.561149061
27129,-0.071087129
27130,-0.347255588
27131,-0.103186823
27132,-0.524041057
27133,-0.339735478
27134,0.401557982
27135,0.584198892
27136,0.57749784
27137,-0.055968307
27138,-0.011195593
27139,0.089937337
27140,-0.569835782
27141,0.576563954
27142,-0.024385437
27143,-0.508779883
27144,-0.356747746
27145,-0.425926149
27146,0.302091449
27147,-0.275732905
27148,0.043235049
27149,-0.479602784
27150,-0.458565146
27151,-0.17032063
27152,-0.253252655
27153,-0.191160157
27154,0.500099421
27155,-0.446865439
27156,-0.486940205
27157,-0.605202973
27158,-0.053872734
27159,-0.479738235
27160,0.122545838
27161,-0.228205681
27162,-0.106705472
27163,0.44885543
27164,0.478175342
27165,0.447164893
27166,0.499147266
27167,-0.021489739
27168,0.157545507
27169,-0.046659075
27170,0.540155649
27171,-0.47986412
27172,0.373169541
27173,0.363898695
27174,0.288957834
27175,0.576265633
27176,0.018513806
27177,-0.411687732
27178,0.082054093
27179,-0.450590551
27180,-0.268595546
27181,-0.361750096
27182,-0.284441233
27183,-0.380836666
27184,0.374742925
27185,-0.021574423
27186,0.573125482
27187,-0.100967795
27188,-0.099093586
27189,-0.395268738
27190,0.419342458
27191,-0.415653855
27192,-0.627280712
27193,0.552100182
27194,-0.384970486
27195,0.027328029
27196,-0.383886486
27197,0.198465377
27198,0.445990503
27199,0.471277833
27200,-0.23760134
27201,-0.366388202
27202,0.466248542
27203,0.301267266
27204,-0.30564937
27205,0.142932966
27206,-0.224741608
27207,-0.260543913
27208,-0.022474341
27209,-0.553545833
27210,-0.314274341
27211,-0.200708941
27212,0.437583387
27213,0.549629927
27214,0.082106873
27215,0.363727391
27216,0.556202948
27217,-0.4458175
27218,0.302972406
27219,0.450451255
27220,0.486475796
27221,-0.579949021
27222,-0.538568258
27223,-0.402358741
27224,0.081332043
27225,0.062626004
27226,0.387125432
27227,0.46179074
27228,0.275739312
27229,-0.233831033
27230,0.220580161
27231,0.261413068
27232,0.339424133
27233,0.354633808
27234,0.509702444
27235,0.026269384
27236,0.342626959
27237,0.242124438
27238,0.38315478
27239,0.665959418
27240,-0.251977056
27241,0.544690013
27242,-0.187117338
27243,-0.142978042
27244,-0.527986586
27245,0.699062824
27246,-0.535996974
27247,0.518071532
27248,0.059626818
27249,-0.287632972
27250,0.357302785
27251,-0.360144675
27252,-0.444137633
27253,-0.468970835
27254,0.257833511
27255,-0.083592787
27256,0.493676126
27257,-0.642087936
27258,-0.066156924
27259,0.532944858
27260,0.491446704
27261,0.262664199
27262,-0.466712415
27263,-0.479024589
27264,0.083129391
27265,-0.44185093
27266,-0.204544842
27267,0.041565575
27268,-0.14957507
27269,0.426007271
27270,0.541196287
27271,0.183842272
27272,-0.528702855
27273,0.586214781
27274,0.301521361
27275,-0.51735425
27276,-0.453728855
27277,-0.057443976
27278,-0.25751105
27279,0.48306644
27280,0.587972045
27281,-0.22451207
27282,-0.603717268
27283,0.577287316
27284,-0.066563986
27285,0.095333487
27286,-0.318245888
27287,0.374648958
27288,0.272367895
27289,-0.238278687
27290,0.328654826
27291,0.439765215
27292,0.223243222
27293,-0.405258477
27294,-0.015046
27295,0.626679778
27296,-0.418141156
27297,0.230060548
27298,0.020664774
27299,0.620448649
27300,-0.617977023
27301,-0.324994087
27302,0.3806521
27303,0.378021598
27304,-0.001559526
27305,-0.249852061
27306,0.056629553
27307,-0.328665972
27308,0.511188865
27309,0.242200986
27310,0.108108424
27311,0.380059421
27312,0.190944642
27313,0.50488019
27314,0.351037979
27315,0.175001085
27316,-0.341133326
27317,0.396119893
27318,-0.664274037
27319,0.310582787
27320,-0.299515098
27321,-0.261105239
27322,-0.255179316
27323,0.164514065
27324,-0.040950738
27325,0.227981016
27326,-0.042320389
27327,0.373078346
27328,0.094352037
27329,-0.49710381
27330,-0.394073188
27331,0.500607014
27332,0.126720354
27333,-0.06539838
27334,0.322720021
27335,-0.057214424
27336,-0.095280051
27337,0.02931658
27338,-0.496722758
27339,-0.621266961
27340,-0.102947846
27341,-0.375812769
27342,0.189894736
27343,0.112075597
27344,-0.448172092
27345,-0.309458882
27346,-0.210561275
27347,0.435362518
27348,-0.127417952
27349,-0.547054529
27350,-0.062509015
27351,0.027423903
27352,-0.350247145
27353,0.500721633
27354,0.240298137
27355,0.544210494
27356,-0.202420473
27357,-0.307881624
27358,0.532886267
27359,0.347710848
27360,0.559929729
27361,-0.14296855
27362,-0.361331195
27363,-0.308057219
27364,0.171690136
27365,-0.417312622
27366,-0.282247484
27367,0.377134591
27368,-0.456339538
27369,-0.282775044
27370,0.475075722
27371,-0.2810781
27372,0.159004763
27373,0.577517629
27374,0.044324048
27375,0.423090816
27376,-0.291527778
27377,0.292614907
27378,-0.317344815
27379,0.522656083
27380,0.325120568
27381,0.044443324
27382,-0.374862164
27383,-0.458475232
27384,-0.14963989
27385,0.716515899
27386,0.120306045
27387,-0.286020458
27388,0.457961828
27389,0.53643465
27390,-0.548797846
27391,-0.042895213
27392,0.379609019
27393,0.204261422
27394,-0.071451448
27395,0.293243766
27396,0.152503192
27397,0.411532462
27398,-0.413226217
27399,-0.052755877
27400,0.359338135
27401,-0.481790215
27402,-0.431480646
27403,-0.065130718
27404,-0.553754508
27405,-0.39331761
27406,-0.181633249
27407,0.015247695
27408,-0.239695415
27409,-0.597364187
27410,-0.131203175
27411,0.375035137
27412,-0.060846321
27413,-0.561627507
27414,0.491455376
27415,0.102573812
27416,0.460553646
27417,-0.112731516
27418,-0.304577351
27419,0.59046036
27420,0.225772172
27421,-0.240801126
27422,0.049973771
27423,-0.509947598
27424,0.553998232
27425,0.345767319
27426,0.284901112
27427,-0.11589881
27428,0.611410022
27429,0.516086459
27430,0.128528714
27431,0.514810741
27432,0.183180302
27433,0.597885311
27434,-0.283267051
27435,0.547709346
27436,-0.215793908
27437,0.463530093
27438,-0.061101027
27439,-0.181024477
27440,-0.313307494
27441,-0.424435616
27442,-0.538469017
27443,-0.717474163
27444,-0.405328393
27445,0.509338796
27446,-0.149163932
27447,0.558385074
27448,-0.44347465
27449,0.685062289
27450,0.605745256
27451,-0.246553347
27452,0.426636279
27453,0.520117164
27454,0.066471681
27455,-0.568464398
27456,0.092378817
27457,0.302374303
27458,0.167715594
27459,0.089237541
27460,0.078685418
27461,0.268199444
27462,0.151590168
27463,-0.520789444
27464,0.123837247
27465,0.050106682
27466,-0.307141066
27467,-0.420526296
27468,0.201478764
27469,-0.227468386
27470,0.328934759
27471,-0.40871799
27472,0.486964673
27473,-0.648453414
27474,-0.291772127
27475,-0.144755036
27476,0.129806325
27477,-0.262531161
27478,-0.613706589
27479,-0.457509279
27480,0.014234968
27481,0.006479271
27482,-0.262477934
27483,-0.473400235
27484,0.000130981
27485,-0.171799257
27486,-0.366826624
27487,-0.408231795
27488,-0.249531552
27489,-0.546519279
27490,-0.353659987
27491,-0.033468187
27492,0.001508847
27493,0.537836492
27494,0.385251522
27495,-0.184639871
27496,0.196001321
27497,-0.100329317
27498,-0.204485714
27499,0.459751755
27500,-0.483884513
27501,0.085535571
27502,-0.092791468
27503,-0.111070283
27504,-0.543187916
27505,0.472117513
27506,-0.62301445
27507,-0.014375031
27508,0.420608252
27509,-0.110237807
27510,-0.43905434
27511,-0.499470621
27512,0.515676618
27513,0.39462021
27514,-0.129610151
27515,-0.376540422
27516,0.372957706
27517,-0.243084878
27518,-0.249246314
27519,0.346082211
27520,0.043611985
27521,-0.108015381
27522,-0.330139577
27523,0.251625508
27524,0.371005118
27525,-0.133617476
27526,0.426603705
27527,-0.552084446
27528,0.546019197
27529,0.488718808
27530,0.420768023
27531,-0.338550985
27532,
27533,
27534,-0.431392938
27535,-0.375767589
27536,-0.555768311
27537,-0.084334701
27538,0.473346323
27539,-0.419429064
27540,-0.236083955
27541,-0.362709343
27542,0.60498327
27543,0.228817433
27544,0.019691564
27545,-0.313949376
27546,-0.443533272
27547,-0.412283719
27548,-0.320140719
27549,0.231990516
27550,0.03068478
27551,0.189284965
27552,0.354295433
27553,0.236361578
27554,-0.038277887
27555,0.416396976
27556,0.522698939
27557,0.413272411
27558,0.561433673
27559,-0.407975376
27560,-0.75438869
27561,0.47240302
27562,0.446652323
27563,0.530347526
27564,0.280931145
27565,-0.326703936
27566,-0.356160969
27567,-0.12460424
27568,0.445421666
27569,0.410410762
27570,-0.532190025
27571,0.3768875
27572,0.561440587
27573,-0.358510673
27574,-0.360223591
27575,0.210507333
27576,-0.42152378
27577,-0.130172193
27578,-0.163173437
27579,0.430179775
27580,0.207506925
27581,-0.55691272
27582,0.537205875
27583,0.227933347
27584,-0.123186171
27585,-0.247023374
27586,0.550040841
27587,0.169399232
27588,-0.147457391
27589,-0.43169412
27590,0.093384191
27591,-0.53935492
27592,-0.486341953
27593,-0.108971886
27594,0.103651777
27595,0.349288285
27596,0.580359578
27597,-0.556639254
27598,-0.185713604
27599,0.447435796
27600,-0.029210627
27601,0.531022608
27602,-0.459173977
27603,-0.18268089
27604,0.326727629
27605,-0.249234632
27606,0.206972092
27607,0.36254099
27608,0.537359715
27609,-0.144790277
27610,0.445885897
27611,0.390580118
27612,0.089191124
27613,0.295036495
27614,-0.193279624
27615,-0.041955024
27616,0.492323697
27617,0.555454612
27618,-0.168732062
27619,-0.392813802
27620,0.209400654
27621,0.605611801
27622,0.546279252
27623,0.215449125
27624,0.363835007
27625,0.23900792
27626,0.296087801
27627,-0.585813165
27628,0.578677118
27629,0.599376082
27630,-0.117922917
27631,-0.123426579
27632,-0.619311333
27633,-0.369241208
27634,0.454655796
27635,-0.473798871
27636,-0.404924572
27637,-0.554383099
27638,0.604864001
27639,-0.555252314
27640,0.584555507
27641,0.395175636
27642,-0.519665122
27643,-0.550143182
27644,0.57812345
27645,0.547638953
27646,0.219604015
27647,0.408365071
27648,0.381728202
27649,0.150444895
27650,0.125354379
27651,-0.008856226
27652,0.655557036
27653,-0.077104896
27654,0.071767956
27655,-0.318594545
27656,-0.460980386
27657,-0.478790849
27658,0.109103926
27659,0.321002007
27660,-0.476450562
27661,-0.117315866
27662,-0.48932606
27663,0.287400037
27664,0.503423214
27665,-0.374766052
27666,0.203799635
27667,-0.102607742
27668,-0.504485011
27669,-0.309482127
27670,0.541120529
27671,-0.048188843
27672,-0.468222409
27673,-0.475833952
27674,-0.177823782
27675,0.437030137
27676,0.023846563
27677,-0.441601783
27678,0.37991178
27679,0.368264526
27680,0.383964539
27681,-0.116124235
27682,-0.539785147
27683,0.180952668
27684,0.523826718
27685,0.354968548
27686,0.315237224
27687,0.100063704
27688,0.551019549
27689,-0.010793127
27690,0.230004787
27691,0.173581004
27692,0.585541964
27693,0.557925463
27694,-0.348006845
27695,0.401972592
27696,0.383172244
27697,0.352136135
27698,-0.296739846
27699,0.435600221
27700,0.373342574
27701,-0.124971375
27702,0.588881493
27703,0.225193694
27704,0.095859066
27705,-0.404286146
27706,-0.567422271
27707,0.425689936
27708,-0.475534499
27709,-0.246548831
27710,-0.486690342
27711,0.523118615
27712,-0.543046117
27713,-0.294276655
27714,0.572936535
27715,-0.370121568
27716,-0.274012208
27717,-0.278359711
27718,0.553115726
27719,0.218627781
27720,-0.369897366
27721,0.013615146
27722,0.600319386
27723,-0.185549289
27724,-0.515197992
27725,0.44699049
27726,0.377296925
27727,-0.447158992
27728,-0.333434284
27729,0.290385365
27730,-0.117929272
27731,-0.557395339
27732,-0.426923752
27733,-0.304812849
27734,0.12836647
27735,-0.411269397
27736,0.289736569
27737,-0.488407105
27738,-0.36404103
27739,0.401719511
27740,0.414579839
27741,0.540805936
27742,-0.31244415
27743,0.136134803
27744,0.297856808
27745,-0.05117809
27746,-0.520962179
27747,-0.433220893
27748,0.388232678
27749,0.256941617
27750,-0.088021614
27751,-0.283025116
27752,-0.287001848
27753,-0.655508161
27754,-0.351282358
27755,-0.393838763
27756,-0.13055034
27757,-0.156597167
27758,-0.642378449
27759,0.346202254
27760,-0.154210597
27761,-0.592468619
27762,0.121759526
27763,0.104189247
27764,0.477138937
27765,0.587333083
27766,-0.054046154
27767,0.541611314
27768,0.564221442
27769,-0.25630787
27770,-0.450117916
27771,-0.431619823
27772,-0.385551453
27773,0.275115252
27774,0.291965604
27775,-0.36486274
27776,0.037232034
27777,0.129855275
27778,0.306216478
27779,-0.396737188
27780,-0.061406627
27781,-0.419943452
27782,0.483282477
27783,0.374545842
27784,-0.723112583
27785,-0.190720484
27786,-0.545705676
27787,0.080447584
27788,0.080309682
27789,0.493665844
27790,-0.409110785
27791,-0.086176217
27792,0.440619767
27793,-0.519342899
27794,-0.121266082
27795,0.557006001
27796,-0.034611423
27797,-0.26038599
27798,0.558107972
27799,0.545614123
27800,0.360649467
27801,0.494032294
27802,-0.178153589
27803,0.214568138
27804,0.569156647
27805,-0.496576428
27806,-0.396258712
27807,0.097332194
27808,-0.411259651
27809,0.518323123
27810,0.025343833
27811,-0.337554961
27812,0.412487328
27813,0.274126709
27814,-0.592659712
27815,0.392825186
27816,0.12872237
27817,-0.582962871
27818,0.505117059
27819,-0.561113715
27820,-0.287392616
27821,0.115053356
27822,0.085476749
27823,-0.128250524
27824,0.169540778
27825,0.319629192
27826,-0.332701504
27827,0.331686199
27828,0.353611231
27829,-0.214500308
27830,-0.581485927
27831,-0.532051206
27832,-0.247905314
27833,0.563503981
27834,-0.057301518
27835,-0.603079498
27836,-0.203802347
27837,-0.434526443
27838,-0.057873812
27839,-0.612419605
27840,0.097495779
27841,0.585434616
27842,-0.145330071
27843,-0.477092564
27844,-0.573023438
27845,-0.384656578
27846,-0.540648103
27847,0.685943067
27848,-0.310177535
27849,-0.665718198
27850,0.254612207
27851,-0.05909612
27852,-0.393411636
27853,-0.461260051
27854,0.304860562
27855,0.128714979
27856,0.294998646
27857,-0.015037023
27858,0.023749357
27859,-0.428594679
27860,-0.586747706
27861,0.40953511
27862,-0.460129559
27863,0.463707507
27864,-0.185339317
27865,-0.274557114
27866,-0.358503938
27867,0.638633788
27868,0.404433936
27869,0.159440473
27870,0.536305666
27871,-0.565391183
27872,0.127433479
27873,0.360812902
27874,-0.490118086
27875,-0.252784193
27876,0.394621313
27877,0.558902144
27878,0.528326809
27879,-0.017044015
27880,-0.019724101
27881,-0.208058178
27882,-0.500731945
27883,-0.09912616
27884,0.404901922
27885,0.42623359
27886,0.216467828
27887,-0.426447779
27888,0.071045339
27889,-0.452875018
27890,-0.364615709
27891,-0.195101216
27892,-0.042139705
27893,-0.363626719
27894,-0.331725717
27895,-0.363995105
27896,0.453174829
27897,0.261698604
27898,-0.541749597
27899,-0.489947975
27900,-0.106920943
27901,0.490692407
27902,-0.052548204
27903,0.425034881
27904,-0.264076948
27905,-0.232893705
27906,0.139404207
27907,0.427094817
27908,0.369851351
27909,-0.05999136
27910,-0.298962355
27911,-0.026898168
27912,-0.102918923
27913,0.560620546
27914,0.281172872
27915,0.574047387
27916,-0.577713966
27917,-0.133207619
27918,-0.533897877
27919,0.400512069
27920,0.631524324
27921,-0.141547188
27922,0.159708247
27923,0.307014167
27924,-0.589469552
27925,0.237507522
27926,0.387267232
27927,0.099015236
27928,0.180091381
27929,0.451392233
27930,-0.336834252
27931,-0.053181
27932,-0.288652569
27933,-0.599795103
27934,0.530815005
27935,-0.227188706
27936,0.16403316
27937,-0.507050395
27938,0.577066958
27939,0.552108407
27940,-0.398583323
27941,-0.346269965
27942,-0.613025069
27943,0.277237535
27944,-0.005681058
27945,-0.1210998
27946,0.038701832
27947,-0.27903834
27948,0.410879761
27949,0.536210656
27950,0.541913152
27951,-0.310140342
27952,0.461053431
27953,0.39489612
27954,-0.268706858
27955,-0.560615838
27956,0.446330458
27957,0.246319994
27958,-0.07361567
27959,0.078269348
27960,0.345396519
27961,0.396588862
27962,0.095636442
27963,-0.572702646
27964,-0.150399894
27965,-0.483820289
27966,-0.476399153
27967,-0.431794733
27968,0.567970991
27969,-0.46630463
27970,-0.120992266
27971,0.486741096
27972,0.558491945
27973,0.030738957
27974,0.415534884
27975,0.632732153
27976,0.582578421
27977,0.353761435
27978,-0.508551776
27979,-0.173127174
27980,0.389967859
27981,-0.639081717
27982,-0.516156912
27983,-0.466230482
27984,0.131674856
27985,0.54239738
27986,0.338901937
27987,-0.184365809
27988,-0.531065702
27989,0.610283554
27990,-0.564102709
27991,0.508392036
27992,0.471819818
27993,0.099836849
27994,-0.62245363
27995,0.549412131
27996,-0.267793059
27997,-0.350797266
27998,-0.103178427
27999,-0.443124115
28000,0.414655119
28001,0.141304225
28002,-0.168226108
28003,-0.396988958
28004,-0.56940186
28005,0.398829699
28006,0.39196825
28007,-0.483472586
28008,-0.555507302
28009,-0.024615571
28010,-0.11221242
28011,-0.345832765
28012,0.334265351
28013,-0.412767738
28014,0.506115675
28015,-0.314846694
28016,-0.121414825
28017,-0.542185187
28018,-0.46216768
28019,-0.54042846
28020,0.148032382
28021,0.495254785
28022,-0.338091075
28023,0.114397287
28024,-0.525221586
28025,-0.47066173
28026,-0.274383813
28027,-0.318066955
28028,0.382023871
28029,0.265597165
28030,-0.317859173
28031,-0.523709416
28032,0.552334785
28033,0.557045043
28034,-0.62424469
28035,0.425672293
28036,0.50577867
28037,-0.270244718
28038,-0.285837442
28039,-0.334179521
28040,0.312123626
28041,-0.146623269
28042,-0.452985168
28043,-0.184879437
28044,0.550171673
28045,0.280020297
28046,-0.355138361
28047,0.47730583
28048,-0.644657969
28049,-0.531880379
28050,-0.121687397
28051,-0.216930598
28052,-0.166113809
28053,-0.160347626
28054,0.406041116
28055,0.430100679
28056,0.43558237
28057,0.019662261
28058,-0.189748079
28059,-0.054534316
28060,0.51379472
28061,-0.073509023
28062,0.162268102
28063,-0.342047781
28064,0.065360025
28065,0.087800443
28066,0.359547019
28067,-0.341349781
28068,0.389286876
28069,-0.29751122
28070,0.309225917
28071,0.067939118
28072,-0.583184898
28073,-0.405045271
28074,0.221405715
28075,-0.316690981
28076,-0.21455051
28077,0.248651892
28078,0.003257364
28079,0.405589819
28080,0.382499665
28081,0.545881987
28082,0.152531013
28083,-0.383635044
28084,-0.498588979
28085,-0.609727383
28086,0.433262765
28087,0.376019597
28088,0.479305714
28089,0.380348444
28090,0.002221614
28091,0.621257722
28092,-0.168644607
28093,0.487324208
28094,-0.598438621
28095,0.280387461
28096,-0.372479469
28097,0.179195076
28098,0.286321819
28099,-0.040989421
28100,0.297200859
28101,0.270899773
28102,-0.242309734
28103,-0.66310817
28104,-0.204422921
28105,0.078169487
28106,-0.425292313
28107,0.081893966
28108,0.30707708
28109,0.330849856
28110,0.342708409
28111,-0.684568942
28112,-0.323864877
28113,0.538146853
28114,-0.222985148
28115,-0.463931441
28116,-0.548849583
28117,0.275333494
28118,0.542124867
28119,-0.083819412
28120,0.409268707
28121,-0.427723348
28122,-0.222632229
28123,-0.131392688
28124,0.120550871
28125,-0.08026848
28126,-0.073095441
28127,-0.266903937
28128,0.529605746
28129,0.126407921
28130,-0.333990395
28131,0.0093977
28132,0.342765927
28133,-0.461563975
28134,-0.53824079
28135,-0.441706538
28136,0.655315995
28137,-0.157886624
28138,0.194705337
28139,0.626640618
28140,0.35565111
28141,-0.503432095
28142,0.198137537
28143,0.076839685
28144,-0.50480181
28145,0.189840168
28146,0.031118885
28147,-0.331251025
28148,0.567642689
28149,-0.092796892
28150,-0.010382451
28151,0.053515427
28152,0.516131282
28153,0.035604998
28154,-0.557327211
28155,0.591986477
28156,0.003082197
28157,0.606544495
28158,-0.48540929
28159,-0.537044883
28160,-0.207186073
28161,0.453278244
28162,-0.587434649
28163,-0.20611307
28164,-0.595683575
28165,-0.267817825
28166,0.428934515
28167,-0.210481614
28168,0.266870022
28169,0.58409965
28170,0.498239398
28171,0.500236273
28172,-0.060404003
28173,0.592197776
28174,-0.292593867
28175,-0.299066722
28176,0.159951121
28177,-0.569010496
28178,-0.471104205
28179,-0.464877665
28180,-0.49567312
28181,0.421425521
28182,-0.096453227
28183,-0.485864699
28184,0.476583928
28185,0.157585353
28186,0.245895654
28187,0.371871591
28188,-0.296487808
28189,-0.455603957
28190,-0.158338621
28191,0.361091346
28192,0.165780708
28193,0.053205725
28194,-0.223958015
28195,-0.246529251
28196,-0.371397436
28197,0.477916062
28198,-0.267992258
28199,0.233999759
28200,-0.172318369
28201,0.386704504
28202,0.440162092
28203,-0.461631477
28204,-0.301766336
28205,-0.326897651
28206,-0.54221338
28207,-0.15400812
28208,0.283771068
28209,-0.35052371
28210,0.387531847
28211,-0.557499051
28212,0.463570386
28213,-0.600352407
28214,-0.154592872
28215,-0.427724838
28216,-0.254806668
28217,-0.37560305
28218,-0.591616869
28219,0.263999432
28220,-0.486271679
28221,0.169938922
28222,0.298782587
28223,-0.456749141
28224,-0.160643995
28225,0.052012932
28226,0.400277793
28227,0.14101924
28228,-0.111812688
28229,-0.32822746
28230,0.345321298
28231,0.415573239
28232,0.405232161
28233,0.540461838
28234,0.426171333
28235,0.388290256
28236,0.409744382
28237,0.20374766
28238,-0.111785352
28239,0.368131369
28240,-0.094098881
28241,-0.567968488
28242,-0.079398565
28243,-0.54480505
28244,0.605884314
28245,-0.014468897
28246,-0.521888733
28247,0.113918193
28248,0.486070931
28249,-0.086292446
28250,-0.414479196
28251,0.448240221
28252,-0.344535351
28253,-0.141732246
28254,0.460693002
28255,0.379561901
28256,0.56362009
28257,-0.450548708
28258,0.229555905
28259,-0.466386199
28260,0.105388917
28261,0.595920205
28262,-0.275824308
28263,-0.431637406
28264,-0.092159323
28265,-0.257602245
28266,0.626386642
28267,-0.443036705
28268,-0.259814024
28269,0.37831977
28270,-0.357752264
28271,-0.368835807
28272,-0.041145746
28273,0.445728183
28274,-0.179299876
28275,-0.533769369
28276,-0.64342773
28277,0.422418982
28278,0.687662959
28279,-0.576319098
28280,0.47467798
28281,-0.074989967
28282,-0.680320561
28283,-0.098217577
28284,-0.561854959
28285,0.230885088
28286,-0.319827557
28287,-0.507177114
28288,-0.293786973
28289,0.144370586
28290,0.372384548
28291,-0.181578279
28292,-0.538608313
28293,0.038708303
28294,-0.203387827
28295,-0.514263093
28296,0.248807281
28297,-0.418614894
28298,-0.11014083
28299,0.647658348
28300,-0.367792487
28301,-0.204505801
28302,-0.405797064
28303,-0.174374431
28304,0.175757796
28305,0.449284673
28306,-0.252687961
28307,-0.574400544
28308,0.457694858
28309,-0.34450832
28310,-0.518626988
28311,-0.500239968
28312,0.288769811
28313,0.612858474
28314,-0.289864182
28315,0.029943207
28316,-0.175465375
28317,-0.140725568
28318,-0.287758291
28319,-0.196715146
28320,-0.119379312
28321,-0.073836781
28322,-0.674904644
28323,0.57918334
28324,-0.325706571
28325,-0.173526734
28326,0.417758346
28327,0.576537073
28328,0.206623822
28329,-0.158385754
28330,0.417516291
28331,0.186307549
28332,-0.557575285
28333,0.074355111
28334,-0.527811885
28335,-0.397630662
28336,-0.33828944
28337,0.192935854
28338,-0.16781038
28339,-0.199923098
28340,-0.292752206
28341,0.099534385
28342,0.383345217
28343,0.341454238
28344,0.121497124
28345,0.091855019
28346,-0.405913293
28347,0.156069323
28348,-0.074343435
28349,0.250461549
28350,-0.433376074
28351,0.678821921
28352,0.316399962
28353,-0.595904946
28354,-0.109478101
28355,-0.480017722
28356,-0.408048928
28357,0.619947553
28358,0.31132704
28359,-0.2699413
28360,0.459537357
28361,0.501145005
28362,0.126869261
28363,0.269015163
28364,-0.118632406
28365,-0.438690126
28366,-0.385172009
28367,0.211660326
28368,0.346648604
28369,0.215961114
28370,0.398326278
28371,0.023793263
28372,-0.513312101
28373,-0.586123049
28374,0.382387578
28375,0.392616957
28376,0.421274692
28377,-0.557766199
28378,-0.300619543
28379,-0.040631756
28380,0.493418932
28381,0.097654797
28382,-0.550641418
28383,0.424319267
28384,0.243026018
28385,0.182915986
28386,-0.44757849
28387,0.643141866
28388,0.257656187
28389,-0.374922872
28390,0.172086984
28391,0.265660942
28392,0.499009162
28393,0.497313321
28394,0.002516478
28395,0.337313563
28396,-0.475133806
28397,0.451948643
28398,0.174499273
28399,0.530844092
28400,0.48960644
28401,0.19570905
28402,-0.334828794
28403,-0.479251266
28404,-0.626679897
28405,0.546718299
28406,-0.339741588
28407,-0.134269521
28408,0.314040124
28409,0.234068841
28410,0.266774297
28411,0.266219318
28412,-0.428998709
28413,0.068531469
28414,0.536855996
28415,-0.463953644
28416,-0.060668483
28417,-0.042812593
28418,0.52055043
28419,-0.36369884
28420,-0.272417545
28421,-0.424927056
28422,-0.517111778
28423,0.273647577
28424,-0.20564428
28425,0.09863238
28426,-0.472161949
28427,0.187360406
28428,0.499676228
28429,0.555528879
28430,-0.092609242
28431,0.111346513
28432,0.265465796
28433,0.245901212
28434,-0.40929082
28435,-0.47690025
28436,-0.211164311
28437,-0.395365357
28438,0.560437918
28439,0.050789125
28440,-0.237872288
28441,0.467935711
28442,0.321318626
28443,-0.330889493
28444,-0.02399601
28445,0.421790689
28446,-0.035342582
28447,-0.210414946
28448,0.360295027
28449,0.40930903
28450,-0.396957159
28451,-0.06611447
28452,-0.475506306
28453,-0.439035475
28454,-0.196644783
28455,0.595378935
28456,-0.147822022
28457,-0.419128418
28458,-0.50032109
28459,0.523575544
28460,-0.121375434
28461,-0.566395462
28462,0.476891369
28463,-0.034901798
28464,0.677332103
28465,-0.465273321
28466,-0.298670381
28467,0.225903213
28468,0.209696889
28469,0.344846427
28470,0.271441251
28471,0.496415734
28472,-0.06528607
28473,-0.542243004
28474,0.410015345
28475,-0.141798139
28476,-0.092020065
28477,0.43579787
28478,0.248940706
28479,-0.45982939
28480,0.582564473
28481,0.424647182
28482,0.480088621
28483,0.280185044
28484,-0.247526675
28485,0.119715177
28486,0.371155202
28487,-0.60348171
28488,-0.627440393
28489,0.606732845
28490,0.462851822
28491,-0.533912778
28492,0.03600191
28493,-0.50120908
28494,-0.545159936
28495,0.152951539
28496,-0.579398811
28497,-0.088258192
28498,0.621073723
28499,0.213956505
28500,0.286167592
28501,0.329415441
28502,0.246962965
28503,0.052645996
28504,0.522827148
28505,-0.182461128
28506,0.141095102
28507,-0.652731895
28508,-0.132214755
28509,-0.457473963
28510,0.263431698
28511,0.469587028
28512,-0.354727268
28513,-0.071398601
28514,-0.083677709
28515,0.469795346
28516,0.304547191
28517,0.030520827
28518,-0.569010973
28519,0.561964333
28520,-0.405447096
28521,0.014306098
28522,0.368864238
28523,0.352493376
28524,0.455572277
28525,-0.609900475
28526,-0.595325291
28527,-0.263691187
28528,-0.330117524
28529,-0.167965144
28530,0.327240646
28531,-0.387487918
28532,-0.380915999
28533,0.451507926
28534,-0.30370453
28535,0.011342345
28536,0.255752832
28537,-0.123119757
28538,0.418831825
28539,-0.169342622
28540,0.358429015
28541,-0.021853104
28542,0.240610853
28543,-0.495484114
28544,-0.239993513
28545,-0.474933684
28546,0.504456997
28547,0.513664722
28548,-0.30889976
28549,0.129844129
28550,0.16366303
28551,0.294959247
28552,-0.077096298
28553,0.462841541
28554,-0.062463071
28555,-0.472375453
28556,0.270694822
28557,0.351152301
28558,-0.135172054
28559,0.535237908
28560,0.439069152
28561,-0.434206128
28562,0.564316213
28563,0.530707955
28564,-0.410729289
28565,-0.537968457
28566,0.446035862
28567,-0.479226649
28568,0.103766233
28569,-0.470653653
28570,-0.280906975
28571,0.284423947
28572,-0.115924962
28573,0.032911971
28574,0.185193375
28575,-0.511546731
28576,0.327428043
28577,-0.592160285
28578,-0.259976327
28579,0.49080056
28580,-0.143936604
28581,-0.446407408
28582,-0.613908887
28583,-0.277781188
28584,0.314021349
28585,-0.536113918
28586,0.056130763
28587,0.233778417
28588,-0.035275593
28589,0.53987062
28590,0.094075024
28591,0.578162909
28592,-0.242897704
28593,-0.13993606
28594,0.331806809
28595,0.241843015
28596,-0.432136625
28597,0.478848517
28598,0.25922817
28599,0.321980119
28600,-0.346070528
28601,0.458140194
28602,-0.022790015
28603,-0.165178671
28604,-0.377553791
28605,-0.488248438
28606,-0.084811963
28607,0.482227474
28608,-0.509177923
28609,-0.21814695
28610,0.122619696
28611,-0.037598766
28612,-0.498133779
28613,-0.434713066
28614,-0.312850446
28615,-0.492456675
28616,-0.096004307
28617,0.57005626
28618,-0.231171459
28619,-0.445412934
28620,-0.390794873
28621,-0.574233949
28622,0.333116084
28623,0.294237196
28624,-0.551151693
28625,-0.095544994
28626,-0.40449217
28627,0.067322977
28628,0.257661343
28629,-0.109639436
28630,0.106386259
28631,0.447260559
28632,0.683447421
28633,-0.169584885
28634,-0.563388824
28635,0.62250042
28636,-0.115328148
28637,-0.239665002
28638,-0.48500371
28639,0.285361469
28640,0.604018927
28641,-0.171551347
28642,0.045781843
28643,-0.232695863
28644,0.023300156
28645,0.165227711
28646,-0.670988858
28647,0.146762013
28648,0.434592783
28649,-0.121181116
28650,-0.510994971
28651,0.625906706
28652,0.299505025
28653,-0.469887435
28654,-0.30784899
28655,-0.112945847
28656,0.512609363
28657,-0.455750704
28658,-0.442496121
28659,0.466718197
28660,0.393243343
28661,-0.541948378
28662,0.396856666
28663,0.021085732
28664,-0.506734788
28665,0.295651108
28666,-0.602459311
28667,0.537654042
28668,0.451561868
28669,-0.655887783
28670,-0.598880589
28671,-0.518933117
28672,-0.412662208
28673,0.311611295
28674,0.283570528
28675,-0.399673671
28676,-0.393317699
28677,-0.040095542
28678,-0.298545241
28679,0.11792545
28680,-0.391091079
28681,0.525273263
28682,0.44785431
28683,0.325826228
28684,-0.159413397
28685,0.414065719
28686,-0.076710626
28687,0.369565845
28688,-0.170904234
28689,0.00581374
28690,0.448298842
28691,-0.069214568
28692,-0.505694747
28693,-0.60143137
28694,0.489602804
28695,0.516402662
28696,-0.494965464
28697,-0.048620328
28698,0.250345796
28699,0.423222244
28700,-0.289403141
28701,0.309268802
28702,-0.43706423
28703,-0.483255714
28704,-0.492600203
28705,-0.42924574
28706,-0.496633261
28707,-0.129036546
28708,-0.581522703
28709,0.314740956
28710,-0.398196757
28711,0.267831445
28712,-0.181772798
28713,0.245034859
28714,0.325809717
28715,-0.526493847
28716,-0.584079504
28717,0.065740265
28718,0.052453771
28719,0.616507411
28720,0.527393997
28721,-0.050695471
28722,0.187484846
28723,0.075571366
28724,-0.088459834
28725,0.353836894
28726,-0.408050209
28727,0.307089806
28728,0.498222172
28729,0.206387803
28730,0.424672067
28731,0.142039806
28732,0.586086214
28733,0.469671488
28734,-0.011657469
28735,-0.148030117
28736,0.34717977
28737,-0.249652088
28738,0.186941311
28739,0.458244979
28740,-0.397493243
28741,0.304179013
28742,-0.533617556
28743,-0.505589485
28744,-0.020344079
28745,0.482421786
28746,0.086409375
28747,-0.146214008
28748,-0.076750025
28749,0.316069543
28750,-0.724901676
28751,-0.439635396
28752,0.403070331
28753,-0.201228306
28754,-0.372888297
28755,-0.650216758
28756,0.631289959
28757,0.468417883
28758,-0.611658037
28759,-0.085649244
28760,0.445480049
28761,-0.11248228
28762,0.286066532
28763,0.369583309
28764,-0.030672915
28765,-0.518175423
28766,-0.482069433
28767,0.445759296
28768,-0.457921684
28769,-0.384887993
28770,0.026770249
28771,0.148680046
28772,0.197373286
28773,-0.205869079
28774,-0.478279859
28775,0.487886786
28776,-0.454418808
28777,-0.204326898
28778,0.53012085
28779,-0.19433333
28780,-0.519375324
28781,0.15969725
28782,-0.364353836
28783,
28784,
28785,-0.197951764
28786,0.214944541
28787,0.464813977
28788,0.055056877
28789,-0.059464514
28790,-0.184292927
28791,0.58859098
28792,0.460476905
28793,0.433486342
28794,0.113540642
28795,-0.621151924
28796,-0.215466112
28797,0.330542237
28798,0.487021327
28799,-0.663032293
28800,0.375112742
28801,0.197786346
28802,-0.460967481
28803,-0.49935621
28804,0.478573322
28805,0.520659566
28806,0.32615453
28807,0.341451228
28808,0.049196899
28809,0.091755897
28810,-0.528914869
28811,0.454157382
28812,-0.461981237
28813,-0.140800118
28814,0.515322387
28815,0.073360354
28816,0.147919148
28817,-0.004564762
28818,0.411995649
28819,0.488001823
28820,-0.391743749
28821,-0.459815532
28822,-0.124700457
28823,-0.092846602
28824,-0.371635169
28825,0.395866901
28826,-0.587821722
28827,-0.415221453
28828,0.414221317
28829,0.416485667
28830,-0.11436744
28831,0.051433504
28832,-0.627011538
28833,0.669751763
28834,-0.137369275
28835,0.416132808
28836,-0.154638171
28837,0.625275373
28838,0.332813591
28839,-0.429321021
28840,0.029550955
28841,-0.515531778
28842,-0.062439967
28843,-0.194658175
28844,-0.336660415
28845,0.68008399
28846,0.400148869
28847,-0.438476235
28848,-0.327311516
28849,0.249118045
28850,-0.437189966
28851,0.527331114
28852,0.487194151
28853,-0.394526571
28854,0.297985196
28855,-0.352230519
28856,-0.1170654
28857,0.080103345
28858,-0.531458795
28859,0.470855594
28860,-0.05087065
28861,-0.543943822
28862,0.098940767
28863,0.48202455
28864,-0.560899973
28865,0.619763196
28866,0.247626901
28867,-0.353812397
28868,0.332386613
28869,-0.06081697
28870,-0.093692623
28871,0.454201132
28872,-0.547780812
28873,0.589589715
28874,0.38831526
28875,-0.017136129
28876,0.173244238
28877,-0.271606743
28878,-0.000511572
28879,0.460574836
28880,0.203937635
28881,0.369478434
28882,0.298692167
28883,0.034020863
28884,-0.246073917
28885,-0.256366968
28886,0.219750732
28887,-0.360637456
28888,-0.233097076
28889,0.534404039
28890,0.357227385
28891,-0.061530225
28892,0.172357246
28893,0.432853162
28894,-0.162729949
28895,0.445649266
28896,0.415525615
28897,0.531869113
28898,-0.533532143
28899,-0.452610493
28900,0.363919228
28901,0.092897519
28902,-0.533190846
28903,0.255361795
28904,0.197670519
28905,-0.544157803
28906,0.339873374
28907,0.175520897
28908,-0.392867804
28909,-0.190008789
28910,0.211352199
28911,0.386185765
28912,-0.294004381
28913,0.030489519
28914,-0.465897799
28915,-0.118378311
28916,-0.367573351
28917,-0.014100373
28918,0.019922644
28919,0.358744472
28920,0.584246278
28921,0.594446301
28922,0.013876587
28923,-0.276015162
28924,-0.426205099
28925,0.561782777
28926,0.226924852
28927,-0.209096
28928,-0.55170399
28929,0.248166412
28930,-0.336518198
28931,-0.545522571
28932,0.494987309
28933,0.513081431
28934,0.552934945
28935,-0.402265757
28936,0.306295782
28937,0.641952395
28938,0.185405031
28939,0.600892186
28940,0.097422831
28941,-0.30995518
28942,-0.450459421
28943,-0.150072142
28944,0.568349183
28945,0.19480738
28946,-0.545930624
28947,0.494940341
28948,0.315944552
28949,0.46831432
28950,0.195183709
28951,0.227822363
28952,0.544642925
28953,0.513985813
28954,0.420428216
28955,0.233722329
28956,-0.467668653
28957,-0.545017719
28958,0.316585004
28959,-0.192695752
28960,0.0754994
28961,-0.237131581
28962,-0.335209012
28963,-0.544685841
28964,0.365983903
28965,-0.352326691
28966,-0.446366191
28967,-0.366482377
28968,-0.237872347
28969,0.531991482
28970,-0.520412624
28971,0.56245923
28972,-0.180401012
28973,-0.538612962
28974,-0.101325341
28975,0.321480215
28976,0.060790896
28977,0.481853575
28978,-0.178947568
28979,-0.282538623
28980,-0.382234335
28981,-0.391167641
28982,0.377241492
28983,0.337532163
28984,0.134908825
28985,-0.38808012
28986,-0.158185035
28987,0.244661525
28988,-0.347734034
28989,-0.417733043
28990,0.47993347
28991,-0.2677176
28992,-0.658249199
28993,0.111578017
28994,0.326879025
28995,0.558610201
28996,-0.372091413
28997,-0.261708975
28998,0.251657546
28999,-0.490882874
29000,-0.522841394
29001,0.228398308
29002,0.328502536
29003,0.39027226
29004,0.440492034
29005,-0.558379173
29006,-0.515414596
29007,0.007016461
29008,0.226490468
29009,0.123149171
29010,0.16467461
29011,0.525046766
29012,-0.2477348
29013,0.130252898
29014,0.254942149
29015,-0.074695095
29016,0.214266405
29017,0.236742169
29018,0.266874731
29019,0.33672905
29020,0.124976411
29021,0.418189168
29022,-0.40721795
29023,0.254937232
29024,0.081188701
29025,-0.294818074
29026,0.189457268
29027,-0.422427058
29028,-0.168532461
29029,-0.449885994
29030,0.258935422
29031,0.120667212
29032,0.272548318
29033,-0.387242973
29034,0.20670709
29035,-0.614897013
29036,0.326844275
29037,0.055721395
29038,-0.458069742
29039,-0.260935932
29040,0.254303098
29041,-0.212105215
29042,-0.502692163
29043,0.245742604
29044,0.455391824
29045,0.177799836
29046,-0.226045758
29047,-0.057010278
29048,0.380742311
29049,0.156398475
29050,-0.683334112
29051,0.489325792
29052,-0.307317585
29053,-0.528227925
29054,0.227679059
29055,0.028114181
29056,0.558483899
29057,0.213177413
29058,-0.331030071
29059,0.169268191
29060,-0.346008271
29061,-0.41858229
29062,-0.470756948
29063,-0.40317601
29064,0.379074067
29065,0.681857586
29066,0.339989901
29067,0.380607814
29068,0.62918973
29069,-0.124597371
29070,0.224135414
29071,-0.522521496
29072,-0.552266061
29073,0.429406315
29074,0.354261428
29075,-0.475628853
29076,-0.149210334
29077,-0.303559721
29078,-0.443429828
29079,0.513037801
29080,0.485821486
29081,0.442547917
29082,0.098652072
29083,0.512347937
29084,-0.511320949
29085,0.428086638
29086,-0.123206273
29087,-0.607727528
29088,-0.138950542
29089,0.208666503
29090,0.632239163
29091,-0.148450211
29092,-0.506958008
29093,0.479631603
29094,0.574964046
29095,0.38815403
29096,-0.361425132
29097,0.511715293
29098,-0.373421907
29099,-0.176995248
29100,0.528627336
29101,0.412961125
29102,-0.464632213
29103,-0.534915805
29104,0.335274667
29105,0.459896266
29106,0.141488224
29107,0.501870155
29108,0.284674734
29109,-0.337132007
29110,-0.022472676
29111,-0.373961151
29112,0.55504483
29113,0.552803874
29114,-0.344770193
29115,-0.279612482
29116,0.232807547
29117,0.306855857
29118,0.310635865
29119,0.16573137
29120,-0.15414691
29121,0.413242996
29122,0.201422974
29123,-0.463208377
29124,0.141869947
29125,-0.296426594
29126,0.305899709
29127,0.40821296
29128,-0.031694736
29129,0.103452817
29130,0.065019593
29131,0.372077793
29132,0.298149049
29133,0.530566275
29134,0.515305281
29135,0.632443309
29136,-0.465031803
29137,0.090367816
29138,-0.021294668
29139,0.109554231
29140,0.422735572
29141,0.536275506
29142,0.537843585
29143,-0.413638294
29144,-0.321214855
29145,0.525724709
29146,0.080799222
29147,-0.418773323
29148,-0.196624175
29149,0.616673291
29150,0.639876902
29151,-0.244219691
29152,-0.585182548
29153,-0.357162178
29154,0.502955437
29155,0.606515646
29156,0.335822225
29157,0.383395672
29158,0.360623926
29159,-0.228912205
29160,0.26230675
29161,-0.457556009
29162,-0.693520308
29163,0.113023818
29164,0.002271391
29165,0.411450565
29166,-0.097471438
29167,0.567535758
29168,0.02833757
29169,-0.338666618
29170,-0.00875783
29171,-0.427622169
29172,0.433453709
29173,0.552989721
29174,-0.465086311
29175,-0.201820746
29176,0.453662753
29177,-0.285630047
29178,0.002736226
29179,0.487491518
29180,0.273796409
29181,-0.477478713
29182,-0.104945429
29183,-0.535210311
29184,-0.593371034
29185,-0.456786543
29186,-0.191325769
29187,0.191021442
29188,-0.051501602
29189,-0.092927516
29190,-0.080883726
29191,-0.162734404
29192,-0.412860632
29193,-0.533381522
29194,-0.400425047
29195,-0.576180875
29196,0.596758127
29197,-0.284443885
29198,-0.423342168
29199,0.500869751
29200,0.521870255
29201,0.430169821
29202,-0.176565453
29203,-0.539158702
29204,0.248308465
29205,0.390224755
29206,-0.516654551
29207,0.565319061
29208,0.152451292
29209,-0.537400484
29210,0.306924909
29211,-0.489494234
29212,0.520536661
29213,-0.494252026
29214,-0.361370653
29215,0.494554341
29216,0.558959007
29217,0.153849795
29218,-0.502434433
29219,0.565759957
29220,0.362957656
29221,-0.09942314
29222,-0.24082607
29223,-0.489919484
29224,0.675559044
29225,-0.02969557
29226,-0.597277939
29227,0.051820673
29228,0.094566196
29229,-0.690272868
29230,0.277732968
29231,0.249082372
29232,-0.352178007
29233,0.276243746
29234,0.091133252
29235,0.341302156
29236,-0.277017236
29237,0.115688205
29238,0.4402017
29239,-0.369849086
29240,-0.515018046
29241,-0.156508654
29242,-0.338272333
29243,-0.472249806
29244,0.496167213
29245,0.374474853
29246,-0.002379358
29247,0.665506542
29248,-0.520518959
29249,-0.450702101
29250,-0.270437151
29251,-0.405429661
29252,0.323266864
29253,0.061303087
29254,0.358523697
29255,-0.275112331
29256,-0.165030375
29257,0.057109341
29258,-0.38415277
29259,0.368368089
29260,-0.520559549
29261,0.222964451
29262,0.128344789
29263,-0.524720669
29264,0.393951595
29265,-0.068323061
29266,-0.555012822
29267,-0.374701828
29268,-0.593982697
29269,-0.303292632
29270,0.387597322
29271,0.035217702
29272,-0.462769657
29273,-0.125057951
29274,-0.077784151
29275,0.273078024
29276,0.477210879
29277,-0.28899473
29278,-0.525329411
29279,-0.107419699
29280,0.629936934
29281,0.541295469
29282,0.197023824
29283,0.354111075
29284,0.125764713
29285,0.235434309
29286,0.423874587
29287,-0.483133614
29288,0.504374802
29289,0.441482842
29290,0.147284478
29291,-0.571208596
29292,-0.477239728
29293,0.436555982
29294,0.360144168
29295,0.422798038
29296,0.138728142
29297,-0.423997879
29298,0.255181789
29299,-0.483880877
29300,-0.641563833
29301,-0.301351696
29302,-0.337009698
29303,-0.286554515
29304,0.27523613
29305,-0.1195032
29306,-0.361816406
29307,-0.2108877
29308,0.415225178
29309,-0.481452405
29310,0.680857897
29311,0.53753221
29312,-0.007209089
29313,-0.389939755
29314,-0.139343888
29315,0.099189714
29316,0.355461955
29317,0.223017022
29318,-0.140902042
29319,-0.127565235
29320,0.53189826
29321,-0.253012091
29322,0.668535948
29323,0.236060113
29324,0.022373449
29325,0.572843909
29326,0.344570041
29327,-0.086113602
29328,-0.290855527
29329,-0.281538844
29330,-0.040573608
29331,-0.086059608
29332,-0.379357278
29333,0.184960961
29334,-0.492541641
29335,-0.571923614
29336,-0.019044183
29337,0.555292845
29338,0.516339898
29339,-0.221668318
29340,0.080753565
29341,-0.503722429
29342,0.49645862
29343,-0.61737293
29344,0.05634176
29345,-0.409888655
29346,0.598090768
29347,0.383603096
29348,-0.363045931
29349,-0.245478347
29350,-0.445148885
29351,0.496688932
29352,0.235225707
29353,-0.235096499
29354,-0.368535578
29355,0.548205137
29356,0.004755232
29357,-0.604559302
29358,-0.31239146
29359,0.11783389
29360,0.611894965
29361,0.384803742
29362,0.278098226
29363,-0.480059534
29364,-0.115321487
29365,-0.504041433
29366,-0.22913447
29367,-0.589966178
29368,-0.505541682
29369,0.532431901
29370,0.431014895
29371,-0.321212471
29372,0.324025273
29373,0.498354524
29374,-0.512172878
29375,-0.398177564
29376,-0.478022009
29377,-0.164531797
29378,0.408565819
29379,0.643931091
29380,0.191329643
29381,0.018442854
29382,-0.135509655
29383,0.132887691
29384,-0.388056368
29385,0.49420619
29386,0.059547409
29387,0.317453444
29388,0.3788324
29389,0.043659389
29390,-0.582294822
29391,-0.123755127
29392,0.454056442
29393,-0.395459563
29394,-0.013034835
29395,-0.38508141
29396,0.455540091
29397,0.372499764
29398,-0.441112578
29399,-0.500375867
29400,-0.245739251
29401,-0.528484285
29402,-0.32794714
29403,-0.103180304
29404,-0.437921822
29405,0.511644185
29406,-0.288925529
29407,-0.145986021
29408,0.474291027
29409,0.398546696
29410,-0.013607252
29411,-0.34901154
29412,0.503965139
29413,0.385132611
29414,0.180636376
29415,-0.264404237
29416,-0.320971608
29417,-0.366643429
29418,-0.435252249
29419,0.09927956
29420,0.633915663
29421,-0.417115331
29422,-0.210394621
29423,0.457506537
29424,-0.452960074
29425,-0.466934502
29426,0.577923059
29427,0.39616257
29428,0.179654643
29429,-0.051074095
29430,-0.430255234
29431,0.53845644
29432,0.050517496
29433,-0.084608279
29434,0.019118179
29435,-0.615545034
29436,-0.241262242
29437,0.546045661
29438,0.0007421
29439,-0.455553293
29440,0.588835835
29441,-0.167544633
29442,-0.025143139
29443,0.339367002
29444,0.093944773
29445,-0.613557398
29446,-0.023574628
29447,-0.47555384
29448,0.241144374
29449,0.541363239
29450,0.086541228
29451,-0.590061903
29452,0.651301205
29453,0.607457876
29454,-0.429956317
29455,-0.082570434
29456,0.499478221
29457,-0.275315046
29458,-0.528276205
29459,0.380548954
29460,0.337543875
29461,0.03114607
29462,-0.520040035
29463,0.278102934
29464,-0.375533968
29465,0.476072907
29466,0.038476102
29467,-0.692239642
29468,0.094860271
29469,0.362284601
29470,-0.286399096
29471,-0.215038985
29472,0.2143507
29473,-0.485565633
29474,-0.113175586
29475,-0.197545007
29476,0.447101355
29477,-0.541473031
29478,-0.257759154
29479,0.087085396
29480,-0.267053396
29481,0.156856656
29482,-0.479924977
29483,0.479685962
29484,0.579008102
29485,-0.452332556
29486,0.619398713
29487,-0.057496879
29488,0.341699272
29489,-0.230524898
29490,-0.566655636
29491,-0.393158853
29492,-0.487290442
29493,-0.34946686
29494,-0.549067259
29495,0.499136358
29496,-0.065896764
29497,0.35577935
29498,-0.18170394
29499,0.509116054
29500,-0.188351884
29501,-0.202349216
29502,-0.062485114
29503,-0.385097027
29504,-0.037967402
29505,-0.535151124
29506,-0.081795365
29507,-0.571199119
29508,0.434091926
29509,0.389991522
29510,0.455463678
29511,-0.446420193
29512,-0.528118551
29513,0.487955213
29514,-0.469311059
29515,0.338790148
29516,0.397967607
29517,-0.003491186
29518,0.314675838
29519,-0.526553988
29520,-0.470279694
29521,0.521397471
29522,0.012074994
29523,0.132359132
29524,-0.495690763
29525,0.091641262
29526,-0.540877819
29527,-0.471492529
29528,0.529239058
29529,-0.528490126
29530,0.045878068
29531,-0.249705225
29532,-0.095988289
29533,0.540966868
29534,-0.580406964
29535,0.187286228
29536,-0.576751828
29537,-0.216784716
29538,0.021776039
29539,0.270912439
29540,-0.325292945
29541,0.02259377
29542,0.381632507
29543,0.238094926
29544,0.458275944
29545,-0.230262965
29546,-0.101983495
29547,-0.496669233
29548,0.62477982
29549,0.356312722
29550,-0.57194078
29551,-0.314023793
29552,-0.192335561
29553,-0.031743683
29554,-0.251275241
29555,-0.113851875
29556,-0.163343728
29557,-0.22964415
29558,-0.458801448
29559,-0.336707145
29560,-0.229937777
29561,0.42348814
29562,-0.560873866
29563,-0.243876502
29564,-0.390707076
29565,0.188877359
29566,-0.004231781
29567,-0.005268887
29568,-0.438257664
29569,-0.498761654
29570,-0.262380749
29571,0.280917346
29572,-0.446375966
29573,-0.149696752
29574,-0.066600084
29575,-0.033851244
29576,0.122754082
29577,0.078440279
29578,-0.546057701
29579,0.052103642
29580,0.561402857
29581,0.463693857
29582,-0.251331031
29583,0.516019583
29584,0.192680299
29585,-0.574085593
29586,-0.34222731
29587,0.405324697
29588,-0.493263304
29589,-0.175328881
29590,-0.369618863
29591,0.605142415
29592,-0.294098705
29593,-0.241003513
29594,0.506409705
29595,-0.191246971
29596,0.642009258
29597,0.116646975
29598,-0.470531046
29599,-0.392017365
29600,0.472448289
29601,0.447707266
29602,0.515460491
29603,-0.160314977
29604,-0.287580371
29605,0.56811738
29606,0.680354238
29607,-0.508287966
29608,0.214298695
29609,0.229915738
29610,-0.64196974
29611,-0.527853727
29612,0.001692353
29613,0.159177676
29614,-0.289303273
29615,0.300255418
29616,-0.422693402
29617,-0.283770591
29618,-0.091746464
29619,0.517340064
29620,-0.587834001
29621,0.646854401
29622,-0.500428915
29623,0.438028693
29624,-0.03637626
29625,0.533522367
29626,-0.379076004
29627,0.653429985
29628,0.405528009
29629,-0.202490658
29630,-0.075859576
29631,-0.514647603
29632,0.529205799
29633,-0.324108005
29634,-0.476371974
29635,-0.354159087
29636,0.455369174
29637,0.646149397
29638,-0.32756722
29639,-0.07230965
29640,0.376069039
29641,0.404075921
29642,-0.561729193
29643,0.463007092
29644,0.509427428
29645,-0.33441484
29646,0.238260329
29647,0.533072412
29648,-0.269728124
29649,-0.349734604
29650,-0.641602159
29651,-0.317874581
29652,0.207801044
29653,-0.298009336
29654,0.461000562
29655,-0.588603675
29656,-0.58835572
29657,0.618005633
29658,-0.511091471
29659,0.265336424
29660,0.626079321
29661,-0.495707363
29662,0.422172248
29663,0.486642331
29664,0.234800532
29665,-0.346428692
29666,-0.500729144
29667,-0.537793159
29668,0.533077002
29669,-0.352532238
29670,0.028372362
29671,0.60969311
29672,0.065722421
29673,-0.474432081
29674,-0.323104233
29675,0.563116312
29676,0.529728055
29677,-0.367926866
29678,-0.471831203
29679,-0.328936368
29680,-0.492058873
29681,-0.232487649
29682,-0.534276068
29683,0.046038948
29684,-0.43386516
29685,0.44213295
29686,-0.131061703
29687,-0.560829043
29688,-0.466115355
29689,0.48136574
29690,0.285725951
29691,-0.507660806
29692,0.523729026
29693,0.201960951
29694,0.247417733
29695,0.241563886
29696,0.471043259
29697,-0.510680676
29698,0.077572092
29699,-0.14248921
29700,-0.172338143
29701,-0.530626178
29702,-0.751131296
29703,0.207858503
29704,0.574654162
29705,0.204483584
29706,0.018857021
29707,0.148712292
29708,-0.38903898
29709,-0.177956119
29710,0.032711416
29711,-0.407817423
29712,-0.364675552
29713,0.388785064
29714,0.280436158
29715,-0.349179029
29716,-0.335808784
29717,0.395469606
29718,0.468475401
29719,0.535172105
29720,0.384985507
29721,-0.058342624
29722,0.519468844
29723,-0.231929675
29724,-0.570601881
29725,0.393978655
29726,0.479626358
29727,-0.150499076
29728,0.158135161
29729,-0.367713809
29730,-0.427329481
29731,-0.124792531
29732,0.457829535
29733,-0.554862261
29734,-0.139446363
29735,0.45662874
29736,-0.565574765
29737,0.433707625
29738,0.45957166
29739,0.405961931
29740,0.12260408
29741,-0.295746267
29742,0.598602533
29743,0.500591636
29744,0.363545418
29745,0.268808335
29746,-0.243105426
29747,0.171438903
29748,0.470236838
29749,0.39034313
29750,0.241232246
29751,0.662981391
29752,0.435927272
29753,0.2042422
29754,-0.249492496
29755,0.361661434
29756,0.124507554
29757,0.173921153
29758,0.392011374
29759,0.382224292
29760,-0.473907292
29761,0.348613232
29762,0.107325904
29763,-0.431725323
29764,-0.30875057
29765,0.286833286
29766,-0.15802072
29767,0.516624808
29768,0.509540439
29769,0.273559958
29770,-0.382344693
29771,-0.422111154
29772,-0.482573867
29773,0.348064184
29774,0.051432788
29775,-0.510898471
29776,-0.073044963
29777,-0.538461804
29778,-0.29915297
29779,-0.067809105
29780,-0.609558821
29781,0.644398391
29782,-0.549281716
29783,0.49450171
29784,-0.427874506
29785,-0.603407383
29786,-0.074225999
29787,0.610509574
29788,0.321141779
29789,0.030601013
29790,0.417684138
29791,0.235127658
29792,-0.030751843
29793,-0.0098937
29794,-0.197438523
29795,0.206173807
29796,-0.348963141
29797,-0.131614149
29798,-0.491101742
29799,0.431328863
29800,0.569574893
29801,-0.023535289
29802,0.430911243
29803,0.567399144
29804,0.564451814
29805,-0.20795998
29806,0.231333032
29807,0.364187658
29808,-0.203787029
29809,0.403118372
29810,-0.254578859
29811,0.435952902
29812,-0.587841153
29813,-0.392210543
29814,0.279550731
29815,0.517496705
29816,-0.418568641
29817,0.413721234
29818,0.676742673
29819,-0.504355073
29820,-0.175874293
29821,0.259019256
29822,0.5346421
29823,-0.449553192
29824,0.133805066
29825,0.582147658
29826,-0.430927485
29827,-0.534755826
29828,0.309121907
29829,-0.301995039
29830,-0.206427142
29831,0.41197893
29832,-0.477811456
29833,-0.511218548
29834,0.056107502
29835,0.356318414
29836,-0.332280993
29837,-0.374605179
29838,-0.605016768
29839,-0.475378722
29840,0.514744639
29841,-0.257168323
29842,-0.485012293
29843,-0.12428461
29844,-0.577735424
29845,0.437753856
29846,0.444286823
29847,-0.462991893
29848,0.185509637
29849,0.36219421
29850,0.333470941
29851,0.312683582
29852,0.670405746
29853,0.630710959
29854,-0.16487895
29855,0.551572263
29856,0.468933225
29857,0.230797589
29858,-0.082267426
29859,-0.167212501
29860,-0.494642854
29861,-0.433746338
29862,0.491306603
29863,0.3698107
29864,-0.549525499
29865,0.503758967
29866,0.412799299
29867,-0.119327843
29868,-0.380501956
29869,-0.44312793
29870,0.447939903
29871,-0.070508696
29872,0.199180052
29873,0.488138676
29874,-0.177269816
29875,0.212452561
29876,-0.162628114
29877,-0.630101681
29878,-0.618455768
29879,-0.292975545
29880,0.556248426
29881,0.509073257
29882,-0.221973866
29883,-0.528411508
29884,0.471568525
29885,0.204309702
29886,-0.071563423
29887,-0.006843857
29888,-0.067664616
29889,0.55554378
29890,0.315632999
29891,0.251209468
29892,-0.496978939
29893,-0.112245709
29894,-0.091822043
29895,0.120431975
29896,0.043427594
29897,-0.460997343
29898,0.539044738
29899,-0.549603105
29900,0.46528849
29901,0.268432349
29902,0.340456903
29903,-0.368333608
29904,0.404750645
29905,0.250699013
29906,-0.327970088
29907,-0.364999115
29908,-0.430426717
29909,-0.36706394
29910,0.414515227
29911,0.051945925
29912,0.242397562
29913,-0.546608806
29914,-0.177959144
29915,-0.388757348
29916,-0.628254294
29917,0.532606721
29918,-0.224576846
29919,-0.303766072
29920,-0.423919052
29921,0.274562776
29922,0.533113301
29923,-0.062625445
29924,0.634477496
29925,-0.258393586
29926,0.629949272
29927,-0.372959256
29928,-0.337603092
29929,0.102038562
29930,0.356856674
29931,0.155711174
29932,0.517092705
29933,0.091740727
29934,0.138538435
29935,0.517113984
29936,-0.29177466
29937,-0.57675761
29938,-0.333811224
29939,0.545632482
29940,-0.300577521
29941,-0.681214213
29942,0.629510283
29943,0.037649155
29944,0.487555861
29945,-0.339288414
29946,-0.498646468
29947,0.311626792
29948,0.214685246
29949,0.448190719
29950,-0.495026827
29951,0.248626858
29952,0.240041226
29953,-0.105210409
29954,-0.23421818
29955,-0.548770189
29956,0.484464824
29957,-0.334412962
29958,-0.445884019
29959,0.044897404
29960,0.203081787
29961,0.345074624
29962,-0.532075047
29963,-0.517576098
29964,0.476515681
29965,-0.232187241
29966,0.317094684
29967,0.385300249
29968,-0.43491751
29969,-0.120937183
29970,-0.47521013
29971,-0.068584599
29972,0.242654234
29973,0.400325537
29974,0.569209814
29975,-0.53344667
29976,-0.231838256
29977,0.057549182
29978,-0.060061947
29979,0.501197457
29980,0.3280316
29981,-0.053371806
29982,0.301604837
29983,0.058992565
29984,0.068064332
29985,-0.138736159
29986,-0.09693227
29987,0.411110163
29988,0.423272341
29989,0.332188755
29990,-0.23723501
29991,-0.501980364
29992,0.144060612
29993,-0.378475249
29994,0.540791094
29995,-0.277905017
29996,0.639968395
29997,-0.417802244
29998,-0.140195563
29999,0.646316648
30000,-0.112314984
30001,0.10924913
30002,-0.52737999
30003,0.461028665
30004,0.334574759
30005,0.136892051
30006,-0.013565468
30007,-0.380767047
30008,-0.435176373
30009,-0.443251759
30010,0.068549722
30011,0.232292786
30012,0.374347329
30013,0.493626297
30014,-0.663572073
30015,0.269289106
30016,0.497976899
30017,-0.620561957
30018,-0.542853951
30019,0.375967562
30020,-0.124930143
30021,-0.61010915
30022,0.465967834
30023,0.302800745
30024,0.216274291
30025,0.19559738
30026,-0.198511243
30027,-0.412676096
30028,-0.271921515
30029,-0.313267112
30030,-0.028737774
30031,0.674834371
30032,0.23318553
30033,-0.541061759
30034,-0.052563313
30035,
30036,
30037,-0.529580474
30038,-0.444221973
30039,0.261209249
30040,0.506236076
30041,0.278085858
30042,0.498646617
30043,0.04553929
30044,0.645902395
30045,-0.416617334
30046,-0.013330564
30047,-0.204312056
30048,-0.53032589
30049,-0.155359268
30050,0.416611612
30051,0.131578729
30052,-0.465936184
30053,-0.448398739
30054,0.126987889
30055,-0.497799695
30056,-0.066817731
30057,-0.446772695
30058,-0.06075304
30059,-0.029965438
30060,-0.571703017
30061,0.572411656
30062,0.238141328
30063,0.594796121
30064,-0.47948736
30065,0.25689742
30066,0.684342861
30067,-0.164376378
30068,0.446276873
30069,-0.243201077
30070,0.501918018
30071,-0.121620178
30072,-0.378822863
30073,-0.49310869
30074,-0.334492683
30075,-0.241821647
30076,-0.16534321
30077,-0.230475754
30078,0.311001062
30079,-0.191633552
30080,-0.20447582
30081,-0.216443062
30082,-0.231325537
30083,0.504926026
30084,0.376081675
30085,-0.375552833
30086,0.295655251
30087,-0.102759108
30088,-0.663069725
30089,-0.520789266
30090,-0.073557921
30091,0.425534129
30092,-0.235585928
30093,-0.218202382
30094,-0.102784216
30095,-0.020333581
30096,0.220779032
30097,-0.239918813
30098,-0.258232862
30099,-0.176267445
30100,0.186248049
30101,0.169748828
30102,0.665393472
30103,0.516889811
30104,0.435677916
30105,-0.23547259
30106,-0.197595
30107,0.502640784
30108,0.220843717
30109,-0.354896128
30110,0.105635345
30111,0.190296158
30112,0.128132239
30113,-0.190432072
30114,-0.181387305
30115,0.350278556
30116,-0.38774845
30117,0.54894191
30118,-0.559457719
30119,-0.679127932
30120,0.084446281
30121,0.445648193
30122,-0.037042491
30123,0.090713561
30124,0.548297167
30125,0.139949977
30126,-0.113341972
30127,-0.479333222
30128,0.456187367
30129,0.304420292
30130,-0.200137213
30131,-0.483594388
30132,-0.482444167
30133,0.123725742
30134,0.47247088
30135,0.707791924
30136,0.411085963
30137,-0.330893815
30138,0.291331112
30139,0.571267128
30140,-0.472085088
30141,0.141546533
30142,-0.374129415
30143,0.53503716
30144,0.571655571
30145,0.549782038
30146,0.351600885
30147,0.388343155
30148,-0.479087502
30149,0.245114103
30150,0.363545865
30151,0.023221239
30152,0.034652129
30153,-0.582748652
30154,-0.244567037
30155,-0.390188217
30156,0.588063359
30157,-0.535921276
30158,-0.401438832
30159,0.314031273
30160,0.657501817
30161,0.582270026
30162,0.470699608
30163,-0.205652744
30164,0.316412121
30165,-0.018373642
30166,0.610832453
30167,-0.248531476
30168,-0.249533311
30169,-0.362363815
30170,-0.373096496
30171,-0.265309632
30172,-0.504447699
30173,0.127798244
30174,-0.508643091
30175,-0.241479993
30176,-0.452336907
30177,0.455782533
30178,0.28856051
30179,0.473529041
30180,-0.655853987
30181,-0.280763716
30182,0.123191148
30183,0.470373213
30184,-0.472741067
30185,0.13468869
30186,-0.04754157
30187,0.153515995
30188,0.510314524
30189,-0.068432033
30190,0.456800908
30191,0.312977016
30192,0.282415748
30193,0.271460354
30194,-0.4475604
30195,0.284186006
30196,-0.019046389
30197,-0.549464524
30198,-0.302532822
30199,0.448802471
30200,0.280259371
30201,0.068309747
30202,0.21071811
30203,-0.136559665
30204,-0.375847876
30205,0.477917522
30206,-0.408870876
30207,-0.408346713
30208,-0.376191407
30209,0.349892378
30210,0.279944122
30211,0.448456913
30212,0.069952518
30213,0.426639915
30214,0.530604482
30215,0.31745398
30216,0.649974525
30217,0.515294909
30218,-0.34838298
30219,-0.494236618
30220,0.304904819
30221,-0.287972033
30222,0.221608236
30223,0.245149076
30224,0.061451301
30225,0.622565985
30226,-0.267642617
30227,0.254326701
30228,0.226202101
30229,-0.47093612
30230,0.508526206
30231,-0.404772669
30232,0.663569272
30233,0.634632349
30234,-0.408970684
30235,0.358357131
30236,0.425322115
30237,0.63749063
30238,-0.406808197
30239,0.031338483
30240,0.467804313
30241,0.129062265
30242,-0.362127185
30243,-0.473716617
30244,0.519568622
30245,-0.069255084
30246,-0.338585347
30247,0.691379309
30248,0.513762116
30249,-0.479686588
30250,0.36843127
30251,0.334804833
30252,0.532788336
30253,-0.477847099
30254,-0.297654361
30255,0.54374814
30256,-0.510016561
30257,0.214131385
30258,-0.260725528
30259,0.436617076
30260,-0.36230284
30261,-0.392992258
30262,0.412091345
30263,0.73520118
30264,-0.62070483
30265,-0.356187969
30266,0.312989891
30267,-0.51376307
30268,0.308253139
30269,0.59269011
30270,0.64230299
30271,0.52475518
30272,-0.259544164
30273,-0.106315099
30274,0.115231864
30275,-0.332988262
30276,-0.108877063
30277,0.587569594
30278,0.449746698
30279,-0.518003106
30280,-0.047422744
30281,0.303597748
30282,0.365407646
30283,-0.378723204
30284,-0.297169358
30285,-0.26564151
30286,0.580744743
30287,0.20253557
30288,-0.075428784
30289,-0.535769701
30290,0.297040999
30291,-0.282238156
30292,-0.366309226
30293,0.154227614
30294,0.676806211
30295,0.573341727
30296,-0.334247291
30297,-0.208736777
30298,-0.01347287
30299,0.214411169
30300,0.461319208
30301,-0.293371439
30302,-0.336625338
30303,-0.108714372
30304,0.487403274
30305,0.465847492
30306,-0.440585703
30307,-0.336232305
30308,0.475925595
30309,-0.061349787
30310,-0.085144237
30311,0.255150825
30312,-0.417975843
30313,-0.444987297
30314,-0.335865557
30315,0.431272805
30316,0.217052668
30317,0.409507155
30318,0.555466115
30319,-0.220881581
30320,-0.335967481
30321,0.61062175
30322,-0.360389888
30323,0.523117483
30324,-0.338098019
30325,0.236466885
30326,-0.123913333
30327,-0.108365238
30328,-0.577736855
30329,-0.400405526
30330,-0.209885418
30331,0.492553711
30332,-0.324513644
30333,-0.390817702
30334,-0.48585999
30335,0.171471387
30336,0.45668757
30337,-0.203282267
30338,-0.513801575
30339,0.003918931
30340,0.56663239
30341,-0.451752603
30342,-0.285567701
30343,-0.309611142
30344,-0.634283423
30345,-0.479225814
30346,-0.321988553
30347,-0.225122213
30348,0.311151028
30349,-0.101536885
30350,0.600272477
30351,0.46213308
30352,-0.230450541
30353,0.3278974
30354,-0.456388026
30355,0.244025081
30356,-0.375587761
30357,-0.018085372
30358,-0.545129657
30359,0.021122783
30360,-0.024550948
30361,0.202524364
30362,0.452375114
30363,0.386946678
30364,-0.548442483
30365,0.284920812
30366,-0.602926433
30367,0.422454655
30368,0.480838358
30369,-0.264771074
30370,-0.200641468
30371,-0.137890086
30372,0.43767795
30373,0.518250346
30374,-0.342365623
30375,-0.462972075
30376,-0.572822988
30377,0.335372657
30378,0.472671628
30379,0.442421198
30380,-0.290280253
30381,0.433955282
30382,-0.63660419
30383,0.205318689
30384,-0.373470902
30385,0.525530517
30386,0.363290757
30387,0.537434399
30388,0.29157263
30389,0.57541424
30390,-0.051048636
30391,-0.293364108
30392,0.449892402
30393,0.304430425
30394,-0.492066741
30395,-0.426926494
30396,-0.070342757
30397,-0.403972238
30398,-0.026214987
30399,0.407636195
30400,0.223582551
30401,-0.57349503
30402,0.046555571
30403,0.254180521
30404,0.53195864
30405,0.298275322
30406,-0.059071772
30407,-0.616791606
30408,0.563316345
30409,0.526425421
30410,0.403156847
30411,0.296303958
30412,-0.396642953
30413,0.677654624
30414,-0.691981792
30415,0.238331124
30416,0.370122612
30417,0.06004047
30418,0.001834311
30419,-0.483231604
30420,-0.309275091
30421,-0.053549122
30422,0.418739915
30423,-0.493348777
30424,-0.006333992
30425,-0.087130964
30426,-0.402068913
30427,0.324041247
30428,0.263966411
30429,-0.323846281
30430,0.252271742
30431,0.543889284
30432,0.305080086
30433,-0.624487698
30434,0.451105595
30435,-0.514515042
30436,0.594513595
30437,0.548656702
30438,-0.517867923
30439,0.4206222
30440,0.482121557
30441,-0.286183923
30442,0.109273434
30443,0.490518302
30444,-0.338457167
30445,0.344050139
30446,-0.368991733
30447,0.556963742
30448,-0.269034624
30449,-0.243542641
30450,0.534103811
30451,-0.432278335
30452,-0.514840722
30453,0.434246421
30454,-0.380201936
30455,-0.008628428
30456,0.525045156
30457,0.222035617
30458,-0.445354015
30459,0.361542642
30460,-0.192088917
30461,-0.461896896
30462,0.231460765
30463,-0.24235779
30464,-0.375503719
30465,0.021207951
30466,0.253280282
30467,0.582128882
30468,0.596056998
30469,-0.59123224
30470,0.234412134
30471,-0.003927981
30472,-0.324433237
30473,-0.266500115
30474,-0.449914753
30475,0.486151725
30476,0.246755436
30477,-0.491760314
30478,0.482565314
30479,0.313726723
30480,-0.353779435
30481,0.085375749
30482,-0.296219081
30483,-0.464100212
30484,-0.380149543
30485,-0.273408353
30486,-0.253211439
30487,-0.410489589
30488,-0.461477965
30489,-0.135737896
30490,-0.388811827
30491,0.261133969
30492,-0.211296394
30493,-0.29316467
30494,0.202117145
30495,-0.145828366
30496,0.188532829
30497,-0.256078213
30498,-0.371828467
30499,0.339651942
30500,0.076148756
30501,0.621924102
30502,0.388154626
30503,-0.327541709
30504,0.19443658
30505,-0.516673386
30506,-0.250652313
30507,0.604275703
30508,0.31096223
30509,-0.44825238
30510,-0.457810968
30511,0.645935655
30512,-0.09664315
30513,0.603338838
30514,-0.62932086
30515,0.61571908
30516,-0.475520879
30517,0.461495966
30518,-0.353602052
30519,-0.420271754
30520,0.474146694
30521,-0.168904155
30522,-0.298700571
30523,-0.093414664
30524,0.595461786
30525,0.322162092
30526,0.154340744
30527,0.089210764
30528,0.264534622
30529,0.13162896
30530,0.505318403
30531,0.421162665
30532,-0.563171744
30533,-0.167690262
30534,0.071128786
30535,0.479491055
30536,-0.502536952
30537,-0.532394528
30538,0.456763864
30539,-0.044575647
30540,0.515769005
30541,0.428881526
30542,-0.059087224
30543,-0.317447782
30544,0.499005079
30545,0.22847271
30546,0.26859796
30547,-0.109265625
30548,-0.070587568
30549,0.706240892
30550,-0.519808292
30551,-0.40052107
30552,-0.427231044
30553,0.553462863
30554,0.362828195
30555,0.130767509
30556,-0.196348816
30557,-0.226794511
30558,-0.273971438
30559,0.518563271
30560,-0.216504529
30561,-0.565080225
30562,-0.299316943
30563,0.02327735
30564,0.365747035
30565,-0.317853391
30566,0.573158264
30567,0.513286173
30568,0.399304986
30569,-0.334228456
30570,0.184491426
30571,0.56539607
30572,0.51046586
30573,0.31030798
30574,-0.043220904
30575,0.457368612
30576,-0.599499583
30577,0.050631516
30578,0.3909145
30579,-0.196987569
30580,-0.481266439
30581,0.145507276
30582,-0.194186166
30583,0.113787271
30584,0.56204772
30585,-0.25546062
30586,-0.534875274
30587,-0.703921974
30588,0.532922745
30589,-0.497833192
30590,0.196794167
30591,-0.568166196
30592,-0.301531196
30593,0.015042864
30594,0.50163877
30595,0.560997725
30596,0.122029409
30597,-0.656650603
30598,-0.127260625
30599,-0.303183258
30600,-0.31769079
30601,0.446926981
30602,-0.406445116
30603,-0.325372577
30604,0.299700946
30605,0.173195973
30606,-0.447545558
30607,0.104427017
30608,-0.442809522
30609,0.504077792
30610,-0.178558901
30611,-0.453727931
30612,0.071432173
30613,0.355533361
30614,0.274287462
30615,-0.573389411
30616,-0.580360889
30617,-0.375350714
30618,-0.248751223
30619,-0.360264748
30620,-0.343323529
30621,-0.172789723
30622,-0.176136434
30623,0.256927997
30624,0.295801818
30625,0.61279726
30626,0.451389819
30627,-0.351296723
30628,-0.107664488
30629,0.636700273
30630,-0.137197822
30631,-0.558468163
30632,-0.616153002
30633,0.026568241
30634,0.540656686
30635,0.070527673
30636,0.256741226
30637,0.022047471
30638,-0.584261656
30639,-0.333468229
30640,0.479534805
30641,0.431258082
30642,0.116614565
30643,-0.506330013
30644,0.005949387
30645,0.549744487
30646,-0.380286485
30647,-0.496458709
30648,0.400279343
30649,0.312914968
30650,-0.250039011
30651,-0.363310754
30652,0.321333349
30653,0.556032658
30654,0.310265481
30655,-0.306824476
30656,-0.618558407
30657,0.591059208
30658,0.401223898
30659,-0.373041511
30660,-0.513303399
30661,0.600024819
30662,0.250876248
30663,0.476347923
30664,0.335286438
30665,-0.539619565
30666,0.203173161
30667,0.55578208
30668,0.108979359
30669,0.453491092
30670,-0.523293734
30671,-0.346100152
30672,0.157130867
30673,-0.158342034
30674,0.408022463
30675,-0.019651338
30676,0.326177061
30677,0.353277445
30678,-0.218539819
30679,-0.607163012
30680,-0.45831722
30681,0.435978413
30682,-0.6497823
30683,-0.438877881
30684,-0.250457346
30685,0.21469678
30686,-0.522144914
30687,-0.46120593
30688,0.555311978
30689,0.350003153
30690,0.021989562
30691,-0.453108847
30692,0.365732789
30693,-0.665412664
30694,0.23627162
30695,-0.367290288
30696,-0.568170905
30697,-0.511045337
30698,-0.053589538
30699,-0.607041001
30700,0.340873659
30701,0.466799378
30702,0.137910321
30703,-0.396690547
30704,0.677885056
30705,-0.455266953
30706,-0.426256955
30707,0.476347655
30708,0.359004557
30709,-0.464006722
30710,-0.138612509
30711,-0.351659656
30712,0.085202046
30713,-0.455006063
30714,-0.584429085
30715,0.547402501
30716,0.645290077
30717,-0.11892204
30718,-0.050803289
30719,-0.154640228
30720,-0.417193741
30721,-0.512446165
30722,0.425191194
30723,0.392290801
30724,0.195839569
30725,0.200591028
30726,-0.666015029
30727,-0.64648658
30728,0.512715757
30729,0.429331958
30730,-0.393484712
30731,-0.151783466
30732,0.527673244
30733,0.284687668
30734,0.302298427
30735,0.463964492
30736,0.487062275
30737,-0.332544208
30738,0.249060407
30739,-0.528335035
30740,0.198869929
30741,0.017060239
30742,-0.310841709
30743,-0.409857273
30744,-0.515792251
30745,-0.496030152
30746,0.373901606
30747,0.496230811
30748,0.371314734
30749,0.355901092
30750,-0.311664462
30751,-0.543869972
30752,-0.474865735
30753,0.018097855
30754,0.550215244
30755,0.168705821
30756,0.433713377
30757,-0.581244826
30758,0.17468369
30759,-0.509481847
30760,-0.584229231
30761,0.009926038
30762,-0.335252166
30763,0.511200786
30764,0.332404673
30765,0.288727134
30766,0.279128075
30767,-0.180531874
30768,-0.544522643
30769,0.444899201
30770,-0.547962904
30771,0.50161165
30772,0.375596315
30773,0.485906303
30774,0.456247896
30775,-0.23052755
30776,-0.119137876
30777,0.011936381
30778,-0.441161841
30779,-0.208092064
30780,-0.226035535
30781,0.51774168
30782,-0.601573646
30783,-0.45296362
30784,0.414081156
30785,-0.417396367
30786,0.359267354
30787,-0.02805892
30788,0.134448454
30789,0.453351617
30790,0.013628736
30791,-0.387883961
30792,-0.415565908
30793,0.397239268
30794,-0.037854441
30795,-0.419014096
30796,-0.588783264
30797,0.281626165
30798,0.298636734
30799,0.404139876
30800,-0.236193642
30801,-0.344923437
30802,-0.287781924
30803,0.145310193
30804,0.350946903
30805,-0.546793401
30806,0.037764568
30807,0.123341091
30808,-0.435852945
30809,-0.376003593
30810,0.372390389
30811,0.554328442
30812,0.1813526
30813,-0.194833517
30814,-0.629025996
30815,-0.327864945
30816,-0.210562527
30817,-0.503977597
30818,-0.550900817
30819,0.180813491
30820,-0.359611869
30821,-0.360646367
30822,0.283382416
30823,0.435335606
30824,-0.058826115
30825,0.432523906
30826,0.574049175
30827,-0.281735718
30828,0.040731642
30829,-0.361607909
30830,0.408351243
30831,0.548993409
30832,-0.383818746
30833,-0.588391423
30834,-0.015166879
30835,-0.555287838
30836,0.401113868
30837,-0.297690332
30838,-0.499774903
30839,-0.498554498
30840,0.472510934
30841,-0.043869279
30842,0.36401403
30843,0.191332057
30844,0.514815927
30845,0.41865164
30846,-0.403575271
30847,-0.557399213
30848,0.352687895
30849,0.627659202
30850,-0.322004139
30851,-0.548350573
30852,-0.581294477
30853,0.28411448
30854,0.484464824
30855,-0.436159581
30856,-0.365538716
30857,0.458453149
30858,0.386127055
30859,0.198134527
30860,0.371079981
30861,0.034771007
30862,-0.505793571
30863,-0.245600402
30864,-0.276248336
30865,0.395307422
30866,0.517947435
30867,0.555873394
30868,0.376748919
30869,-0.404785872
30870,-0.421446025
30871,-0.313843757
30872,0.67672652
30873,0.354961246
30874,-0.374025226
30875,-0.399503171
30876,0.360751182
30877,-0.557454586
30878,0.508494258
30879,-0.310098082
30880,-0.348454356
30881,0.409608424
30882,0.463185787
30883,0.404293388
30884,-0.086405434
30885,0.077922568
30886,0.517316699
30887,-0.55637002
30888,0.642681897
30889,-0.632483304
30890,-0.236527666
30891,0.531822205
30892,-0.528455853
30893,-0.476757348
30894,0.377058327
30895,0.144416168
30896,0.634740174
30897,0.419066936
30898,-0.268817127
30899,0.311751038
30900,-0.129049331
30901,-0.512291133
30902,0.619522214
30903,-0.105122484
30904,-0.549679995
30905,-0.396133214
30906,-0.612946033
30907,-0.165037647
30908,0.532866836
30909,-0.085882209
30910,-0.262295425
30911,-0.03511712
30912,-0.416094303
30913,-0.47133106
30914,0.622225583
30915,0.571981788
30916,-0.379432619
30917,-0.649434626
30918,-0.320300102
30919,0.377354324
30920,0.466309756
30921,0.219600752
30922,-0.341604292
30923,-0.268987328
30924,-0.505606771
30925,-0.286876321
30926,0.395488709
30927,0.034070369
30928,0.532527566
30929,0.567082942
30930,0.339482069
30931,0.563384056
30932,0.082861751
30933,0.560989857
30934,0.122648843
30935,-0.511507928
30936,0.085456207
30937,0.374597996
30938,-0.379782319
30939,0.006954536
30940,-0.280253291
30941,0.471077889
30942,-0.136859477
30943,-0.481358618
30944,0.327877134
30945,0.489552498
30946,-0.307041824
30947,0.203311309
30948,0.124520063
30949,-0.250236094
30950,0.371158093
30951,-0.267687023
30952,-0.390346229
30953,-0.592469215
30954,-0.190709531
30955,-0.260250688
30956,0.522329807
30957,-0.33237049
30958,-0.367795616
30959,0.367094725
30960,0.397773653
30961,-0.434026539
30962,-0.582486868
30963,-0.379209816
30964,0.021469019
30965,0.084502779
30966,-0.445077121
30967,0.265646935
30968,0.351886034
30969,-0.548235416
30970,-0.403101623
30971,-0.277582616
30972,0.562096
30973,0.619468391
30974,-0.569626689
30975,-0.204004571
30976,0.165605068
30977,-0.002726302
30978,-0.428480923
30979,0.045184463
30980,0.576036513
30981,0.184878618
30982,-0.038636647
30983,0.403919011
30984,0.238134399
30985,-0.316553384
30986,-0.170693815
30987,-0.608614445
30988,0.414877594
30989,-0.3075279
30990,-0.520372748
30991,0.640139937
30992,0.621561587
30993,0.100947164
30994,0.435848802
30995,0.510882378
30996,0.316279471
30997,0.562317848
30998,-0.504059911
30999,0.181620404
31000,0.363044679
31001,-0.479662955
31002,0.166569948
31003,-0.204447389
31004,-0.551342964
31005,-0.218853384
31006,0.428689241
31007,0.12569578
31008,-0.374986678
31009,-0.731848955
31010,0.49298501
31011,0.609950542
31012,0.503853083
31013,0.631228447
31014,-0.067618787
31015,0.138006091
31016,0.508662403
31017,0.043336127
31018,0.252987653
31019,0.543743193
31020,0.426178306
31021,-0.432808638
31022,-0.664985836
31023,0.340785265
31024,0.452402771
31025,-0.29072699
31026,0.497995406
31027,0.298603505
31028,-0.319957227
31029,-0.506239533
31030,0.332241476
31031,0.415138543
31032,-0.566743255
31033,0.010546282
31034,0.405139387
31035,-0.071602292
31036,-0.306076944
31037,-0.034923043
31038,0.345050275
31039,0.521538973
31040,-0.388424814
31041,-0.15011844
31042,-0.34309265
31043,-0.346411169
31044,0.331173718
31045,-0.139547259
31046,0.14460808
31047,-0.079897881
31048,0.43655628
31049,0.55023098
31050,0.50554949
31051,0.166142642
31052,-0.527894735
31053,-0.278975606
31054,-0.394460022
31055,-0.340314209
31056,-0.467925251
31057,0.526672602
31058,0.470436871
31059,-0.359284937
31060,0.127934203
31061,-0.001311585
31062,0.323089331
31063,0.531295002
31064,-0.442437887
31065,0.464948863
31066,-0.561432064
31067,-0.127582222
31068,-0.151314646
31069,-0.540323257
31070,0.153379411
31071,0.399524212
31072,0.513116419
31073,-0.007482931
31074,-0.338813514
31075,-0.509419203
31076,-0.549611092
31077,0.246460319
31078,0.477512658
31079,-0.271042049
31080,-0.544139385
31081,0.376621068
31082,-0.350774825
31083,-0.417489856
31084,0.412108928
31085,0.001941346
31086,0.205917656
31087,-0.444392264
31088,-0.061804734
31089,-0.573086858
31090,-0.120306633
31091,-0.147081822
31092,-0.119995005
31093,0.351973772
31094,0.529744446
31095,-0.046365336
31096,0.476829708
31097,-0.442635059
31098,0.449749917
31099,0.457466662
31100,0.336303651
31101,-0.165028915
31102,-0.258436382
31103,-0.322164714
31104,0.519228756
31105,0.438138485
31106,0.094996393
31107,0.29213056
31108,-0.47865808
31109,0.230174094
31110,-0.388084173
31111,0.515097618
31112,0.106560923
31113,0.212527841
31114,0.655967295
31115,-0.213903606
31116,0.562687278
31117,0.42377454
31118,-0.325016141
31119,0.178227276
31120,0.68164593
31121,-0.144681796
31122,0.275217652
31123,-0.33504793
31124,0.007009245
31125,-0.378912151
31126,0.251051635
31127,0.061178893
31128,-0.518586516
31129,0.260174364
31130,0.536535919
31131,-0.272470832
31132,-0.232874036
31133,0.581630826
31134,-0.099417806
31135,-0.375864863
31136,-0.169084623
31137,0.350883484
31138,0.018715099
31139,-0.446421385
31140,-0.348957777
31141,-0.51260674
31142,-0.440796047
31143,-0.190663919
31144,0.279443234
31145,-0.663856566
31146,0.654207051
31147,-0.431564748
31148,-0.009775795
31149,0.224073708
31150,-0.084410161
31151,0.530888915
31152,-0.428989977
31153,-0.039864611
31154,-0.049533188
31155,-0.261741161
31156,0.34274295
31157,0.371338427
31158,-0.276907116
31159,-0.623864532
31160,-0.416278094
31161,-0.155777097
31162,-0.255359769
31163,-0.075819828
31164,0.247009188
31165,-0.303986132
31166,0.430143833
31167,0.458388627
31168,-0.256078929
31169,0.438185662
31170,0.291179895
31171,0.231389195
31172,-0.550604701
31173,-0.426122367
31174,0.016975656
31175,-0.041221179
31176,-0.290014565
31177,-0.445940882
31178,-0.342383832
31179,-0.398686469
31180,-0.108548887
31181,0.19294925
31182,0.125112817
31183,0.235364288
31184,-0.040257908
31185,-0.329013139
31186,0.385873795
31187,0.41812557
31188,-0.092906937
31189,0.420525908
31190,0.202249408
31191,-0.519164562
31192,-0.452912062
31193,0.186716065
31194,-0.623175919
31195,0.239875764
31196,0.504933
31197,0.6102736
31198,0.507655144
31199,0.461346805
31200,-0.071239188
31201,0.032007057
31202,-0.587850571
31203,0.539077044
31204,0.419220448
31205,-0.489890158
31206,-0.350468665
31207,-0.069166943
31208,0.513716519
31209,0.227649897
31210,0.106356971
31211,-0.415661693
31212,0.442276329
31213,-0.364599526
31214,0.148551822
31215,0.418835819
31216,0.570342898
31217,0.0663663
31218,0.191365927
31219,-0.528957307
31220,-0.190433681
31221,0.60106504
31222,-0.335846066
31223,-0.578405857
31224,-0.369687796
31225,-0.524944365
31226,-0.432298034
31227,0.355974972
31228,0.528192103
31229,0.336882859
31230,-0.462691844
31231,-0.516559362
31232,0.643666983
31233,0.240825787
31234,0.358819246
31235,-0.088672332
31236,0.451794088
31237,-0.545579672
31238,-0.453309417
31239,0.481271923
31240,0.133038029
31241,-0.65305388
31242,-0.15029788
31243,-0.486993611
31244,-0.45319891
31245,-0.292364746
31246,-0.494119436
31247,-0.523373485
31248,0.367002487
31249,0.408533096
31250,0.581154406
31251,-0.267364919
31252,0.258405626
31253,0.266003191
31254,-0.425592989
31255,0.127009138
31256,0.185897544
31257,-0.154611722
31258,-0.600723267
31259,0.035210274
31260,0.265414327
31261,-0.210986868
31262,-0.634729266
31263,-0.029754955
31264,0.26347056
31265,-0.183382392
31266,0.520933211
31267,-0.463041961
31268,-0.152340591
31269,-0.529143572
31270,0.063863248
31271,0.133898735
31272,-0.514199555
31273,-0.503207684
31274,0.430575848
31275,-0.44530198
31276,0.333843827
31277,-0.251177549
31278,0.125315383
31279,-0.301733613
31280,-0.012356667
31281,0.298435479
31282,0.19290185
31283,-0.351236463
31284,-0.241210878
31285,-0.312048435
31286,
31287,
31288,0.370433271
31289,0.618223786
31290,-0.508952081
31291,0.510456085
31292,0.285057783
31293,-0.599354923
31294,-0.280435383
31295,0.138595045
31296,-0.26834321
31297,0.180940568
31298,0.149762049
31299,0.211735934
31300,-0.503697574
31301,-0.426314712
31302,0.493230402
31303,0.412938893
31304,0.180022001
31305,0.230215654
31306,-0.151435703
31307,-0.438586444
31308,0.177133545
31309,-0.588972211
31310,-0.533702314
31311,0.27856794
31312,0.110755652
31313,0.596465766
31314,-0.341948688
31315,-0.47729224
31316,-0.391421914
31317,0.059667818
31318,0.492941886
31319,-0.424359739
31320,0.648818672
31321,0.609135389
31322,-0.433968902
31323,0.526255012
31324,-0.045905754
31325,0.207964331
31326,0.651775002
31327,0.388528883
31328,-0.044031814
31329,0.391966373
31330,0.674416304
31331,0.439779013
31332,-0.050391518
31333,0.596003056
31334,-0.586937785
31335,-0.174282208
31336,-0.372021139
31337,-0.451827109
31338,0.047075585
31339,0.478606403
31340,0.139617592
31341,-0.296420932
31342,0.385057449
31343,0.255286247
31344,-0.171749443
31345,-0.360815138
31346,-0.628774822
31347,-0.628335595
31348,0.604824662
31349,0.630093455
31350,-0.444450378
31351,0.440459013
31352,0.310950905
31353,0.324147671
31354,0.441373289
31355,0.392988175
31356,0.489511073
31357,0.149309561
31358,-0.384867609
31359,0.236270696
31360,-0.47781533
31361,-0.054483529
31362,0.586353064
31363,-0.330294162
31364,-0.495116144
31365,-0.13081789
31366,-0.259095252
31367,-0.516145587
31368,0.654494762
31369,-0.101089418
31370,0.098280445
31371,-0.55522871
31372,-0.401027352
31373,0.164974153
31374,0.490690768
31375,-0.609482467
31376,0.296032041
31377,0.484633505
31378,0.557621002
31379,0.615951419
31380,0.522962332
31381,-0.435041368
31382,0.250100017
31383,-0.074038491
31384,-0.43053633
31385,-0.357312202
31386,0.46573177
31387,0.595466554
31388,-0.3438721
31389,0.079616085
31390,-0.395412743
31391,-0.384667575
31392,0.424409151
31393,-0.040518917
31394,-0.461770535
31395,0.529835463
31396,0.484825492
31397,0.535923958
31398,0.114409968
31399,-0.238607556
31400,0.357070804
31401,0.270848751
31402,0.548188806
31403,0.191324145
31404,-0.031606734
31405,0.049964316
31406,0.418619841
31407,0.311692476
31408,0.237137258
31409,-0.520389795
31410,-0.209272295
31411,-0.186865062
31412,-0.088322073
31413,0.379752278
31414,0.098521307
31415,0.574734032
31416,-0.162784874
31417,-0.505339026
31418,-0.48367849
31419,0.501136005
31420,0.154940099
31421,0.012473099
31422,-0.248304173
31423,-0.131039575
31424,0.528010249
31425,0.259818673
31426,-0.534342527
31427,0.491444528
31428,-0.447553098
31429,0.472114146
31430,-0.14837715
31431,0.05406709
31432,0.562888503
31433,-0.194304407
31434,-0.563326597
31435,0.407171607
31436,-0.359602451
31437,-0.530180216
31438,-0.545140505
31439,0.519637704
31440,0.402725875
31441,-0.217851371
31442,-0.454251885
31443,-0.382022321
31444,0.364880741
31445,0.045545742
31446,-0.586760402
31447,-0.392231137
31448,-0.377827406
31449,-0.315132201
31450,-0.342211664
31451,0.535594344
31452,-0.399969935
31453,-0.454526275
31454,-0.206590623
31455,0.34637183
31456,0.524946511
31457,-0.449222654
31458,-0.529264748
31459,0.218019605
31460,0.594793558
31461,-0.382107556
31462,0.352540821
31463,0.417774916
31464,0.404117405
31465,-0.193655819
31466,-0.371552229
31467,0.456808954
31468,0.569017947
31469,-0.592297554
31470,0.527725637
31471,-0.014449652
31472,-0.041141011
31473,0.301947802
31474,0.497442603
31475,0.563231468
31476,-0.344578475
31477,0.003140215
31478,0.022790439
31479,-0.453267187
31480,0.117164843
31481,0.046258204
31482,-0.188566253
31483,-0.113528617
31484,0.154049382
31485,-0.436210454
31486,-0.485825419
31487,-0.470901251
31488,0.381714612
31489,0.488440454
31490,-0.492967129
31491,-0.420709729
31492,0.233166844
31493,0.44145298
31494,0.552968502
31495,-0.613073528
31496,-0.434965253
31497,0.143578798
31498,-0.398878425
31499,0.391043842
31500,-0.537278891
31501,-0.497258872
31502,0.390143722
31503,0.062423311
31504,0.250471622
31505,-0.325783968
31506,0.278654993
31507,0.507696271
31508,0.007463681
31509,-0.459973127
31510,0.438500911
31511,0.419386625
31512,0.460121751
31513,0.01803375
31514,-0.495345384
31515,-0.370049059
31516,-0.049104847
31517,0.567005396
31518,0.231904089
31519,-0.249054551
31520,0.184272647
31521,-0.396384895
31522,-0.164348617
31523,-0.426268309
31524,0.112930119
31525,-0.175539374
31526,-0.587815464
31527,-0.43545562
31528,-0.488799244
31529,0.065901399
31530,-0.500116825
31531,-0.582537949
31532,0.378837287
31533,0.257301509
31534,-0.545130908
31535,-0.275657654
31536,0.617616534
31537,0.536864758
31538,0.352905154
31539,-0.394177347
31540,0.432005584
31541,0.126858294
31542,-0.188576683
31543,0.044444025
31544,-0.490920931
31545,-0.517834425
31546,0.439545065
31547,0.532788396
31548,-0.248189285
31549,0.396522403
31550,0.410171777
31551,0.167505711
31552,-0.348507047
31553,-0.137431309
31554,-0.413968146
31555,0.530875623
31556,-0.346780777
31557,-0.389021039
31558,0.442086875
31559,0.298387408
31560,-0.417895555
31561,0.452990562
31562,-0.221899331
31563,-0.297551185
31564,-0.312068045
31565,0.119048804
31566,0.397375643
31567,0.294014275
31568,0.427621722
31569,0.54753083
31570,-0.070814334
31571,0.432611823
31572,-0.258234143
31573,0.515003085
31574,0.140243217
31575,0.295978844
31576,0.483344674
31577,-0.557224751
31578,0.533215523
31579,-0.240281388
31580,-0.40776962
31581,0.589593351
31582,0.07592871
31583,-0.354121745
31584,0.454873919
31585,0.135700807
31586,0.314810127
31587,0.35409677
31588,-0.078386903
31589,0.531627715
31590,0.45406127
31591,-0.59352541
31592,0.433016866
31593,0.690613866
31594,-0.448390365
31595,0.198099837
31596,0.271912009
31597,-0.483867824
31598,0.163392872
31599,0.564454198
31600,-0.451616585
31601,0.40512991
31602,0.550340056
31603,-0.327478677
31604,0.340930849
31605,-0.436009347
31606,0.585870504
31607,0.176984772
31608,-0.274928093
31609,0.461764663
31610,-0.609426916
31611,-0.405192643
31612,0.424794137
31613,-0.52070272
31614,-0.529067636
31615,0.248471782
31616,-0.451435089
31617,-0.097207822
31618,0.657245159
31619,0.150577515
31620,0.080859751
31621,-0.040121116
31622,-0.269704074
31623,-0.512978792
31624,-0.275269628
31625,-0.169569552
31626,-0.338370323
31627,0.262432516
31628,-0.226086408
31629,0.580476522
31630,-0.553344131
31631,0.158602029
31632,-0.331412554
31633,-0.225400209
31634,0.501704872
31635,-0.371933192
31636,-0.42848447
31637,0.470330894
31638,-0.525123775
31639,-0.62758404
31640,0.552238882
31641,0.073109031
31642,0.24987781
31643,-0.598283768
31644,-0.181661159
31645,0.290113956
31646,-0.240962356
31647,-0.644231856
31648,-0.118455172
31649,0.4965536
31650,0.272408217
31651,-0.627694726
31652,-0.345900744
31653,0.480033934
31654,0.213071421
31655,-0.026938632
31656,0.313639581
31657,-0.16432488
31658,-0.091538794
31659,-0.689221144
31660,0.259432852
31661,0.469567776
31662,0.031161759
31663,0.5080778
31664,0.37403816
31665,0.163552105
31666,-0.60294497
31667,0.072206385
31668,-0.082916446
31669,-0.522812247
31670,-0.139784649
31671,-0.324474424
31672,0.367326707
31673,-0.418266922
31674,-0.480051935
31675,-0.468059689
31676,0.565895677
31677,-0.567257047
31678,0.460377216
31679,0.474864036
31680,0.418167472
31681,-0.156246915
31682,0.126385212
31683,0.460333169
31684,-0.520800233
31685,0.228636593
31686,-0.249670044
31687,0.063521475
31688,0.458856404
31689,0.527563512
31690,0.297049522
31691,0.510771155
31692,0.543923736
31693,-0.059567776
31694,-0.124800146
31695,-0.518174589
31696,0.458687454
31697,-0.239716843
31698,-0.60636282
31699,0.288737655
31700,-0.04474159
31701,0.442418396
31702,0.182962596
31703,0.266256273
31704,0.493554115
31705,-0.001623683
31706,0.128506944
31707,-0.436619669
31708,0.099562317
31709,0.374795735
31710,0.528724253
31711,-0.545446694
31712,0.2844612
31713,-0.464787453
31714,-0.464023888
31715,-0.254772395
31716,0.083182015
31717,0.563052416
31718,-0.337629586
31719,0.027716413
31720,0.144836679
31721,0.070558667
31722,0.169784054
31723,-0.297048509
31724,0.213322997
31725,-0.009436237
31726,-0.199689105
31727,-0.045312315
31728,0.481932342
31729,-0.355341107
31730,0.074590713
31731,0.139855295
31732,0.590391636
31733,0.366900176
31734,0.363974631
31735,-0.329371035
31736,-0.469324619
31737,0.580767155
31738,-0.261361659
31739,-0.199123606
31740,0.480754435
31741,0.082429796
31742,-0.159517974
31743,0.291016221
31744,0.614060283
31745,0.482417166
31746,-0.347143412
31747,0.259158403
31748,-0.286831051
31749,-0.042727843
31750,-0.542997777
31751,-0.514035285
31752,-0.451008558
31753,0.518246531
31754,0.193685442
31755,-0.577929497
31756,-0.578586996
31757,0.170904189
31758,0.317752033
31759,0.422806859
31760,-0.15022698
31761,0.220371366
31762,0.516954839
31763,-0.520178914
31764,0.432441056
31765,-0.382253379
31766,0.588003159
31767,-0.529912353
31768,0.016166762
31769,0.022721261
31770,0.44892481
31771,0.180355757
31772,0.42554003
31773,0.520823717
31774,0.319638729
31775,0.219580576
31776,-0.017335698
31777,0.487990975
31778,-0.554111481
31779,-0.319285363
31780,0.443473369
31781,0.265070558
31782,0.364356875
31783,-0.411997288
31784,-0.569339693
31785,0.568719447
31786,0.468264669
31787,-0.526302397
31788,-0.119401813
31789,0.379006982
31790,-0.366020381
31791,-0.501196623
31792,0.430370063
31793,-0.427468836
31794,0.213192135
31795,-0.52347827
31796,0.240286916
31797,0.121431746
31798,-0.211404011
31799,-0.010885464
31800,0.48454386
31801,-0.271807969
31802,0.476319671
31803,0.436116457
31804,-0.317264169
31805,0.174290329
31806,-0.156002238
31807,0.441425413
31808,-0.603716016
31809,-0.228431836
31810,0.451280355
31811,-0.504217327
31812,-0.335160643
31813,-0.58004427
31814,0.551883459
31815,-0.001240991
31816,-0.467960387
31817,0.608379006
31818,-0.049451262
31819,0.454101831
31820,-0.469238251
31821,0.28280586
31822,-0.371245325
31823,-0.235998154
31824,-0.140783623
31825,0.304191291
31826,-0.427172691
31827,0.089649856
31828,0.427734643
31829,0.091752142
31830,0.567743719
31831,0.440227836
31832,0.503391266
31833,0.363936007
31834,-0.079962902
31835,-0.166200638
31836,-0.187478572
31837,0.277152777
31838,-0.207001299
31839,0.336569309
31840,-0.04773213
31841,0.311805308
31842,-0.435183227
31843,0.54990083
31844,0.477307528
31845,0.30786705
31846,0.416174799
31847,-0.464043438
31848,-0.334674835
31849,-0.473417342
31850,0.052704066
31851,0.019045644
31852,-0.557447255
31853,0.621291637
31854,-0.014798939
31855,-0.425775409
31856,-0.382587612
31857,0.20555684
31858,-0.088568918
31859,0.570309222
31860,0.447686404
31861,-0.618137956
31862,-0.035806675
31863,0.335567504
31864,-0.215593159
31865,-0.427971542
31866,0.685195446
31867,0.19655326
31868,0.062587172
31869,-0.578897774
31870,-0.169733733
31871,0.535300732
31872,-0.236902952
31873,-0.292384177
31874,-0.544660032
31875,0.287454128
31876,-0.506395042
31877,-0.399326384
31878,0.652691364
31879,0.478829533
31880,-0.167183965
31881,0.128704458
31882,0.558504999
31883,-0.300749451
31884,-0.255934983
31885,-0.473788708
31886,0.41999948
31887,-0.311293721
31888,-0.377429426
31889,-0.256499767
31890,-0.461593628
31891,0.216360942
31892,-0.57035321
31893,-0.292411864
31894,-0.439650238
31895,-0.139939815
31896,-0.435201585
31897,0.517328382
31898,-0.497966707
31899,-0.508441508
31900,0.204801381
31901,0.5125736
31902,-0.526724339
31903,0.374589205
31904,-0.11494337
31905,-0.226490736
31906,-0.540521741
31907,0.467350036
31908,-0.549994826
31909,-0.524694204
31910,0.156443208
31911,-0.094117142
31912,-0.093644552
31913,0.105984211
31914,-0.459548056
31915,-0.3636235
31916,-0.405577064
31917,0.287708879
31918,0.517751515
31919,-0.169348598
31920,-0.420054674
31921,-0.425628215
31922,0.505105555
31923,0.444152564
31924,0.175961316
31925,0.437859803
31926,-0.445022702
31927,0.203235149
31928,-0.132790029
31929,0.493679523
31930,0.033479888
31931,-0.524049699
31932,0.396987379
31933,0.458513319
31934,0.519660592
31935,0.22773464
31936,-0.455283999
31937,0.536746323
31938,-0.459768891
31939,-0.541313767
31940,0.369322479
31941,-0.418020904
31942,-0.540044546
31943,0.56506145
31944,-0.592921138
31945,0.142880157
31946,-0.339021921
31947,-0.483070165
31948,-0.367613554
31949,0.363081098
31950,0.445183963
31951,-0.211406723
31952,-0.413301498
31953,0.308703899
31954,-0.101091012
31955,-0.227550179
31956,-0.424256146
31957,0.523972571
31958,0.397848904
31959,0.429815292
31960,0.184057742
31961,-0.126809925
31962,0.053507131
31963,-0.584624708
31964,0.036771208
31965,0.260594875
31966,0.435621679
31967,-0.128136456
31968,-0.524498463
31969,-0.528845429
31970,-0.409612656
31971,-0.421738923
31972,-0.563024938
31973,0.524006784
31974,0.488015711
31975,-0.314273357
31976,0.2608895
31977,-0.511914849
31978,0.052552804
31979,0.226889476
31980,-0.495072216
31981,0.27075237
31982,0.412646562
31983,-0.272251457
31984,-0.198652953
31985,-0.050427184
31986,-0.029705394
31987,-0.044120111
31988,0.168584809
31989,-0.078905456
31990,-0.500801206
31991,0.076860756
31992,0.105617233
31993,-0.654352486
31994,0.194421262
31995,0.051839724
31996,0.527170181
31997,-0.580643713
31998,0.192953587
31999,0.045272216
32000,0.541897774
32001,0.052785624
32002,0.622739494
32003,0.135197327
32004,0.214967996
32005,-0.241228282
32006,-0.318148047
32007,-0.506043971
32008,-0.570963323
32009,0.442742527
32010,-0.056128513
32011,-0.508159876
32012,0.067025594
32013,-0.500130892
32014,-0.501108527
32015,-0.289287329
32016,0.589503527
32017,-0.389256001
32018,0.426495075
32019,-0.212995887
32020,0.401895851
32021,0.004213504
32022,-0.470392168
32023,-0.514998972
32024,0.257520348
32025,-0.322141051
32026,0.524440706
32027,-0.434997767
32028,0.241293624
32029,0.474378526
32030,-0.14090544
32031,-0.595027506
32032,0.4133268
32033,0.113547117
32034,-0.140964925
32035,0.567869484
32036,0.436533153
32037,0.400169611
32038,-0.328051597
32039,0.123917043
32040,0.079606727
32041,0.413128734
32042,-0.408402443
32043,-0.570791781
32044,0.460012734
32045,-0.378615469
32046,-0.109849446
32047,0.537827253
32048,-0.423812807
32049,-0.033145826
32050,0.502429783
32051,-0.49126932
32052,0.134681985
32053,0.003451418
32054,0.566101253
32055,0.546555102
32056,0.038355887
32057,0.065792903
32058,-0.074290156
32059,0.059888177
32060,-0.401741236
32061,0.236425519
32062,-0.320445329
32063,-0.091804728
32064,-0.339478314
32065,0.294499695
32066,0.607437611
32067,-0.026942234
32068,0.345083028
32069,-0.516375899
32070,-0.667523623
32071,0.095091991
32072,-0.093702987
32073,0.390329957
32074,0.452044874
32075,-0.50155127
32076,0.510048866
32077,-0.512126029
32078,-0.413221955
32079,-0.436879396
32080,0.452605486
32081,0.24880749
32082,0.433633596
32083,0.136272758
32084,0.268453568
32085,0.48525545
32086,0.248231322
32087,-0.002343163
32088,0.206480235
32089,0.565764248
32090,0.122740388
32091,0.324808776
32092,0.529770255
32093,0.530850351
32094,-0.493186563
32095,-0.04738941
32096,-0.397847742
32097,-0.502151728
32098,0.321945071
32099,0.03341458
32100,0.083058432
32101,-0.035939179
32102,0.278616279
32103,-0.591444194
32104,0.509140551
32105,-0.576905966
32106,0.385855734
32107,-0.194394007
32108,0.075169466
32109,-0.659006536
32110,0.085948303
32111,-0.390779674
32112,0.120807707
32113,-0.484073699
32114,0.109228566
32115,0.034056291
32116,0.38622129
32117,0.357113421
32118,-0.583594799
32119,-0.410951763
32120,-0.054498911
32121,0.221041083
32122,0.398379266
32123,0.410764277
32124,-0.097869739
32125,-0.382538289
32126,-0.298320234
32127,0.665882707
32128,0.292113543
32129,-0.367938995
32130,0.376157403
32131,0.596333146
32132,-0.301417202
32133,0.464784652
32134,0.360022038
32135,0.006019674
32136,-0.379329324
32137,-0.475448251
32138,-0.222494662
32139,0.122356661
32140,0.291378647
32141,0.481620848
32142,0.468149543
32143,-0.545994461
32144,-0.279430747
32145,-0.12495447
32146,0.446716756
32147,-0.544897914
32148,0.323161304
32149,0.546939492
32150,0.407966375
32151,0.038579099
32152,0.356725812
32153,0.40787822
32154,0.485622823
32155,-0.428652883
32156,-0.290148616
32157,-0.451512218
32158,-0.366227925
32159,0.176303163
32160,-0.529347479
32161,-0.201855734
32162,-0.186822921
32163,-0.452804387
32164,-0.448158622
32165,-0.23403284
32166,0.538491845
32167,0.102833286
32168,-0.221105009
32169,0.507978976
32170,-0.344915837
32171,-0.101527974
32172,-0.584452391
32173,-0.419980466
32174,0.461182654
32175,0.360165656
32176,-0.298815072
32177,-0.386723459
32178,0.381454617
32179,0.622645736
32180,-0.166333497
32181,0.179825872
32182,0.09164267
32183,0.009749293
32184,0.402242541
32185,0.162865132
32186,-0.414764464
32187,-0.162902996
32188,0.20193857
32189,-0.460114419
32190,-0.447779149
32191,0.005295698
32192,0.03523802
32193,-0.644351661
32194,-0.159293622
32195,-0.34482488
32196,0.440798879
32197,0.121663779
32198,-0.315781713
32199,-0.0758017
32200,0.583791494
32201,0.234287217
32202,-0.18961525
32203,-0.377072185
32204,-0.234729692
32205,0.443659723
32206,0.190393791
32207,-0.509583116
32208,-0.637335896
32209,-0.077453576
32210,-0.110516265
32211,0.11212647
32212,0.44823426
32213,0.411798596
32214,-0.173388034
32215,-0.369259089
32216,-0.054564707
32217,0.54161042
32218,0.521403909
32219,0.413618207
32220,-0.350707561
32221,-0.476138353
32222,0.623530388
32223,-0.080137961
32224,-0.458469898
32225,-0.084169358
32226,-0.089431502
32227,0.02624058
32228,0.220840991
32229,0.130218327
32230,0.666957319
32231,0.013397131
32232,0.462854385
32233,-0.003586456
32234,0.096593529
32235,-0.509132147
32236,-0.526670814
32237,-0.512888789
32238,0.283090681
32239,-0.164889708
32240,-0.116856828
32241,-0.363640279
32242,0.56325686
32243,-0.270079106
32244,-0.655118227
32245,-0.487135619
32246,0.596684217
32247,0.438790739
32248,0.262336373
32249,-0.522362292
32250,0.340702683
32251,-0.30454281
32252,0.301116079
32253,0.333552599
32254,0.442964703
32255,-0.4046157
32256,0.170874998
32257,0.48020488
32258,-0.223526493
32259,-0.677183032
32260,0.409156322
32261,-0.344190985
32262,0.514606595
32263,0.369003624
32264,-0.449879527
32265,0.48296845
32266,0.477257907
32267,-0.30306986
32268,0.343120903
32269,0.594264746
32270,0.470996678
32271,0.061397985
32272,-0.300794274
32273,-0.393222481
32274,0.273574501
32275,-0.245986164
32276,0.579935789
32277,0.236406654
32278,-0.431667626
32279,0.193291202
32280,0.282812119
32281,-0.32883352
32282,0.330818743
32283,0.030173616
32284,0.347106069
32285,0.15559195
32286,-0.417598307
32287,-0.167756796
32288,0.42373535
32289,-0.425314456
32290,-0.476661593
32291,0.410587609
32292,0.276405603
32293,0.174979225
32294,-0.075308666
32295,0.404245317
32296,-0.185351461
32297,-0.208058238
32298,-0.218934581
32299,-0.523261547
32300,-0.080353275
32301,0.378534794
32302,0.103867702
32303,-0.163169235
32304,0.310602248
32305,0.380554646
32306,-0.553277791
32307,0.56532675
32308,0.53393364
32309,-0.558217049
32310,-0.182914406
32311,0.291083366
32312,-0.112016879
32313,-0.359699994
32314,0.664040744
32315,0.750046253
32316,-0.378541738
32317,-0.432735443
32318,0.374594569
32319,-0.191808984
32320,-0.142947584
32321,-0.401518345
32322,-0.283530354
32323,-0.115561225
32324,0.509996891
32325,-0.411527991
32326,-0.128455311
32327,-0.241610065
32328,0.53505826
32329,-0.345088363
32330,0.279698402
32331,0.051744357
32332,-0.09800972
32333,0.528147221
32334,0.399478078
32335,-0.188104704
32336,-0.255046159
32337,0.458388686
32338,-0.416601539
32339,-0.033724517
32340,0.498636633
32341,0.162801266
32342,-0.553889632
32343,-0.224720597
32344,-0.476486146
32345,0.365455091
32346,0.31765914
32347,-0.242071494
32348,-0.465414762
32349,-0.457021743
32350,0.440220386
32351,0.53287673
32352,0.512732685
32353,0.11237663
32354,-0.277539581
32355,0.098086677
32356,0.007890694
32357,-0.060480282
32358,-0.378532499
32359,0.143250987
32360,-0.397727966
32361,0.345961273
32362,-0.53065145
32363,0.117306963
32364,-0.154838115
32365,0.282812655
32366,-0.280739218
32367,0.496251494
32368,0.483937442
32369,-0.259970665
32370,-0.511828899
32371,-0.339915335
32372,0.195358455
32373,0.42393434
32374,-0.297015727
32375,0.574805498
32376,0.543227851
32377,-0.360256314
32378,-0.398264229
32379,0.13307558
32380,-0.377024472
32381,-0.281696528
32382,0.237825915
32383,0.437100649
32384,0.53794539
32385,-0.36705184
32386,-0.324515581
32387,0.498387754
32388,-0.454723835
32389,-0.344560742
32390,-0.550603271
32391,0.412919879
32392,0.182270586
32393,-0.042388849
32394,0.425839245
32395,0.307143509
32396,0.295717597
32397,0.378951252
32398,-0.207437605
32399,-0.366266787
32400,0.438679934
32401,0.470211297
32402,-0.289863259
32403,0.028569791
32404,0.48625046
32405,0.34297955
32406,-0.177786648
32407,-0.057718672
32408,0.613220155
32409,-0.483566403
32410,-0.092086732
32411,-0.617739379
32412,-0.336019337
32413,-0.010540441
32414,-0.29814142
32415,-0.501195431
32416,0.088052973
32417,-0.092945814
32418,-0.178673208
32419,0.446234107
32420,-0.580700099
32421,-0.397833824
32422,-0.127848864
32423,-0.673701584
32424,0.178879216
32425,-0.242653698
32426,-0.207604975
32427,-0.066080078
32428,-0.578549266
32429,0.021946125
32430,0.571196795
32431,-0.229651019
32432,-0.358289123
32433,0.278128862
32434,0.582155228
32435,0.168549269
32436,-0.030098632
32437,0.470492184
32438,-0.582821369
32439,0.261340261
32440,-0.095706344
32441,0.087561831
32442,-0.349465311
32443,0.335716993
32444,-0.370778769
32445,0.400748014
32446,0.43698138
32447,0.212542489
32448,0.420992285
32449,0.153685421
32450,-0.522552609
32451,0.442402512
32452,0.27494216
32453,-0.016537249
32454,-0.101878896
32455,0.222866476
32456,0.25236243
32457,-0.40087688
32458,0.602609336
32459,0.030728446
32460,-0.09355095
32461,0.53869921
32462,0.5119133
32463,-0.174465969
32464,0.160946637
32465,-0.369858801
32466,0.495997429
32467,0.056526579
32468,-0.333793461
32469,0.522964478
32470,0.6391747
32471,-0.353063881
32472,0.023502178
32473,-0.399153531
32474,-0.518342853
32475,0.010374054
32476,0.550028801
32477,-0.005885862
32478,-0.630199254
32479,-0.577188134
32480,-0.10484159
32481,0.259613395
32482,-0.389990628
32483,-0.191483408
32484,0.123523742
32485,-0.429311186
32486,-0.442958355
32487,0.34748292
32488,0.139312714
32489,-0.274629682
32490,-0.5813936
32491,0.328897178
32492,-0.081893839
32493,-0.109923542
32494,0.214700058
32495,0.306100309
32496,-0.568066478
32497,0.335146844
32498,-0.452728331
32499,-0.222285092
32500,0.537378669
32501,-0.346504688
32502,0.433434367
32503,-0.133306026
32504,0.231666148
32505,-0.429803818
32506,-0.515734673
32507,0.618084788
32508,-0.158656448
32509,0.654429317
32510,0.129858017
32511,-0.243186295
32512,0.451841235
32513,0.458966583
32514,0.354407847
32515,0.34381932
32516,0.47718513
32517,0.257404596
32518,-0.303673148
32519,0.139239699
32520,0.570693135
32521,0.345910788
32522,-0.37935248
32523,0.171685845
32524,0.532314777
32525,-0.357566088
32526,-0.452337086
32527,-0.083410658
32528,0.364023507
32529,-0.481918335
32530,-0.39623037
32531,0.130944297
32532,0.604439139
32533,0.091128975
32534,-0.378341377
32535,0.553324878
32536,-0.220346391
32537,-0.337773234
32538,
32539,
32540,-0.186500862
32541,-0.510859966
32542,0.567388058
32543,-0.459338367
32544,0.058409929
32545,0.398229599
32546,0.551219702
32547,0.194207847
32548,0.213819727
32549,0.484098345
32550,0.229475364
32551,-0.052924331
32552,-0.373308152
32553,0.462910831
32554,-0.630738735
32555,-0.266782045
32556,0.466542631
32557,0.668963015
32558,0.385259092
32559,0.361991704
32560,0.447966635
32561,-0.614470124
32562,-0.562318027
32563,0.513271511
32564,0.03679543
32565,-0.268989384
32566,0.180611968
32567,-0.337753803
32568,-0.292788625
32569,-0.115834862
32570,0.47927019
32571,0.38539362
32572,-0.089072913
32573,-0.411313236
32574,0.263571024
32575,0.518989444
32576,0.241136372
32577,-0.56362915
32578,-0.400371045
32579,0.205429792
32580,-0.407394856
32581,-0.313931823
32582,-0.041594815
32583,-0.435679376
32584,-0.515742719
32585,-0.142510921
32586,0.188954696
32587,-0.395632058
32588,-0.116728768
32589,-0.320292562
32590,0.412613481
32591,-0.027532481
32592,-0.357900858
32593,-0.350256562
32594,0.049968071
32595,-0.533295631
32596,0.40417856
32597,-0.38805908
32598,-0.689876437
32599,-0.452032268
32600,0.540758371
32601,0.282185555
32602,0.008188646
32603,-0.347855121
32604,0.402296603
32605,0.335557044
32606,-0.193283856
32607,-0.567587614
32608,0.505124867
32609,-0.277665645
32610,0.160044909
32611,0.384763002
32612,-0.665958166
32613,0.325207591
32614,0.276542366
32615,0.551043928
32616,0.467248738
32617,0.385380208
32618,0.290227234
32619,0.507067859
32620,-0.677936375
32621,-0.008523025
32622,-0.311029136
32623,0.164235741
32624,-0.586649597
32625,0.603214741
32626,0.35491854
32627,0.268294901
32628,-0.555232644
32629,-0.548519909
32630,-0.505640209
32631,0.421234697
32632,0.139689326
32633,-0.278311431
32634,-0.231748655
32635,0.525208592
32636,-0.163383305
32637,-0.186626136
32638,0.524537563
32639,0.645409346
32640,-0.608341217
32641,-0.350087315
32642,0.509119093
32643,0.038529404
32644,-0.34984079
32645,-0.280468345
32646,-0.292100668
32647,-0.288992584
32648,0.032353617
32649,0.507112861
32650,0.362256497
32651,0.319260418
32652,-0.444511175
32653,0.447809726
32654,0.278828502
32655,-0.484106034
32656,-0.538344383
32657,-0.228654027
32658,0.138893619
32659,0.134049922
32660,0.507072091
32661,0.375870407
32662,0.341543794
32663,-0.065595366
32664,0.352336526
32665,-0.196110055
32666,0.483450979
32667,0.07206317
32668,0.180525526
32669,0.157387272
32670,-0.364506304
32671,0.375424147
32672,0.166584358
32673,0.111325204
32674,0.42104131
32675,0.438419282
32676,-0.405537248
32677,-0.160465479
32678,0.484504104
32679,0.403986752
32680,0.383611619
32681,-0.426340163
32682,-0.185757756
32683,-0.270598054
32684,-0.29080534
32685,0.504102349
32686,0.330954969
32687,0.297552794
32688,0.034168884
32689,-0.375366718
32690,0.586149573
32691,-0.319866687
32692,0.197980344
32693,-0.196736515
32694,0.305864155
32695,-0.447660953
32696,-0.430913478
32697,0.377156109
32698,-0.332773924
32699,0.614574134
32700,-0.556056917
32701,0.305909365
32702,0.402584732
32703,-0.486202359
32704,0.010564618
32705,0.283995628
32706,0.328777909
32707,0.321975291
32708,-0.207348377
32709,0.402582705
32710,0.49467814
32711,-0.563724458
32712,0.521708608
32713,-0.264748216
32714,0.206403017
32715,0.257226527
32716,0.470174134
32717,-0.563372791
32718,0.133185551
32719,0.165519357
32720,-0.111532867
32721,-0.534865141
32722,0.140639007
32723,0.276331812
32724,0.488417298
32725,0.540829897
32726,0.575683832
32727,0.444634676
32728,-0.572623968
32729,0.179418698
32730,0.336085767
32731,0.388852894
32732,-0.242453292
32733,-0.496482342
32734,-0.708673835
32735,-0.357726246
32736,0.386891246
32737,-0.514296472
32738,0.419475973
32739,-0.570756793
32740,-0.463306427
32741,0.268721402
32742,-0.617730081
32743,-0.544573545
32744,0.299702048
32745,-0.41487366
32746,-0.588553667
32747,0.127611607
32748,0.629666686
32749,0.290177375
32750,-0.03375116
32751,-0.611794949
32752,-0.053087845
32753,-0.039096192
32754,-0.251449317
32755,0.319182932
32756,0.421805888
32757,-0.44132787
32758,0.407874495
32759,-0.154167354
32760,-0.514986515
32761,0.16150862
32762,0.355770707
32763,0.071364388
32764,-0.117081724
32765,0.174383014
32766,-0.549904644
32767,-0.14927493
32768,0.630354285
32769,0.241614848
32770,-0.033837445
32771,-0.661344707
32772,-0.606053174
32773,0.407177418
32774,0.171770081
32775,0.549603581
32776,-0.401357442
32777,-0.491311729
32778,0.548945546
32779,-0.414056838
32780,0.155012622
32781,0.323453307
32782,0.489976197
32783,0.560734272
32784,0.349563926
32785,-0.240599737
32786,-0.096269354
32787,0.428840667
32788,0.692081094
32789,-0.690412819
32790,0.388220519
32791,0.59051919
32792,0.584209502
32793,0.477868676
32794,0.331681788
32795,-0.244400114
32796,-0.174418673
32797,-0.109709367
32798,0.181184456
32799,0.195486441
32800,-0.497864932
32801,0.599979043
32802,-0.568002105
32803,-0.039483614
32804,0.562910318
32805,0.435705841
32806,0.020700321
32807,0.331816792
32808,0.174902409
32809,0.168547228
32810,0.380523503
32811,-0.325033337
32812,-0.170751587
32813,-0.358395755
32814,0.472755969
32815,-0.056441028
32816,-0.345718086
32817,-0.262400091
32818,0.309239805
32819,0.437740088
32820,-0.488642305
32821,0.269356698
32822,0.414367974
32823,0.211058214
32824,-0.365640908
32825,0.489186645
32826,0.392041981
32827,-0.36627537
32828,-0.433173448
32829,0.235127285
32830,0.420317531
32831,0.628744543
32832,-0.008166496
32833,0.257790893
32834,0.287859261
32835,-0.558861613
32836,-0.389651775
32837,0.550884604
32838,-0.199004471
32839,0.486243039
32840,0.356350064
32841,-0.451781243
32842,0.332252473
32843,-0.470697463
32844,-0.407460272
32845,-0.315680534
32846,0.575166643
32847,0.135699064
32848,0.211813122
32849,-0.028091501
32850,-0.404716253
32851,-0.489403427
32852,0.352157265
32853,-0.61885184
32854,-0.1948888
32855,-0.239215702
32856,-0.075534478
32857,0.566709399
32858,-0.520594835
32859,-0.677345514
32860,0.04803545
32861,0.030989267
32862,-0.338589251
32863,-0.329334497
32864,0.51742208
32865,0.329635382
32866,-0.527146935
32867,0.424955457
32868,0.027424857
32869,-0.518516779
32870,0.270235062
32871,0.529598773
32872,0.117258377
32873,-0.244753569
32874,0.501901269
32875,0.112298988
32876,-0.021474943
32877,-0.58573997
32878,-0.393574208
32879,0.339862972
32880,0.0700574
32881,-0.338777065
32882,-0.518291175
32883,0.420403928
32884,0.407759488
32885,0.216329753
32886,0.201923698
32887,0.553930283
32888,0.464841992
32889,-0.400028884
32890,0.560681224
32891,0.056532212
32892,-0.346284002
32893,-0.24437508
32894,0.068014219
32895,0.592711806
32896,0.045636281
32897,0.451418012
32898,-0.537301064
32899,0.085980549
32900,0.482236266
32901,-0.421042949
32902,-0.463457257
32903,0.589043975
32904,-0.030759873
32905,-0.497750968
32906,0.059402119
32907,-0.487644553
32908,0.18767345
32909,-0.472874194
32910,0.584694028
32911,-0.239997566
32912,-0.337745637
32913,0.007036239
32914,0.505083084
32915,0.125951916
32916,-0.041876227
32917,-0.630555451
32918,-0.430984616
32919,0.43785727
32920,0.350964963
32921,-0.439073712
32922,-0.256808102
32923,-0.165147901
32924,-0.529713631
32925,-0.406052083
32926,-0.186347693
32927,-0.724145532
32928,-0.632905722
32929,0.450810552
32930,0.561167479
32931,0.42158708
32932,0.284316987
32933,-0.406279266
32934,-0.527637899
32935,0.300141126
32936,-0.418485314
32937,-0.465709925
32938,0.370774716
32939,0.563561559
32940,-0.281430244
32941,0.109313034
32942,0.373514473
32943,0.281265199
32944,0.58044827
32945,-0.385256857
32946,0.087376297
32947,-0.150925487
32948,0.028263763
32949,-0.31136328
32950,-0.353412867
32951,-0.4705396
32952,0.406890213
32953,-0.524103582
32954,0.12926586
32955,0.278363466
32956,-0.170081556
32957,0.427381933
32958,-0.245158315
32959,-0.223896265
32960,0.293677092
32961,-0.534182906
32962,-0.493495524
32963,0.438320786
32964,-0.343807638
32965,-0.510403335
32966,0.199221313
32967,0.128915355
32968,0.158348173
32969,0.550872087
32970,0.541564882
32971,-0.046388827
32972,0.413557678
32973,0.288589537
32974,0.449513972
32975,0.566788554
32976,0.319965184
32977,-0.586573482
32978,0.150371462
32979,0.430511713
32980,-0.271423966
32981,0.606661677
32982,0.313722581
32983,-0.298405766
32984,0.356683314
32985,0.468126118
32986,-0.647463322
32987,-0.143433541
32988,0.184477702
32989,-0.17121762
32990,0.227291822
32991,0.287671447
32992,0.14134036
32993,0.442302704
32994,-0.308019817
32995,0.192198575
32996,0.12429814
32997,-0.270837784
32998,-0.629232466
32999,-0.216347978
33000,-0.387498617
33001,0.370274484
33002,-0.369736671
33003,-0.187502727
33004,-0.497401714
33005,-0.519491851
33006,0.032783147
33007,-0.076424956
33008,-0.066048622
33009,0.55227685
33010,-0.586548328
33011,0.085760973
33012,0.408351839
33013,-0.495222479
33014,-0.491737187
33015,0.427023798
33016,0.055075094
33017,-0.135750473
33018,0.484288961
33019,0.289718926
33020,-0.058760881
33021,0.08245714
33022,-0.463629007
33023,-0.485759854
33024,0.275569946
33025,0.021447685
33026,0.030473664
33027,-0.030925617
33028,0.533115149
33029,-0.54748404
33030,0.106313862
33031,0.222879007
33032,-0.347977996
33033,0.139172718
33034,-0.032694161
33035,0.108575553
33036,-0.163215846
33037,-0.333149195
33038,0.415688396
33039,0.250264347
33040,-0.093790703
33041,0.595287979
33042,-0.612306952
33043,-0.135062292
33044,0.196386948
33045,-0.522913516
33046,-0.551186204
33047,0.370557845
33048,0.452312917
33049,-0.455475807
33050,0.526823878
33051,0.403642982
33052,-0.588712037
33053,0.546581268
33054,-0.350829542
33055,-0.298903823
33056,0.324686766
33057,0.374041259
33058,-0.16551812
33059,-0.223657876
33060,0.547279537
33061,-0.104315244
33062,0.206991524
33063,0.531347632
33064,0.418133974
33065,-0.103043027
33066,-0.172699124
33067,0.204564616
33068,-0.060049351
33069,0.223110452
33070,0.027208038
33071,-0.241871655
33072,0.077347443
33073,0.47160098
33074,-0.125533834
33075,-0.069456957
33076,0.193853885
33077,-0.582329035
33078,-0.071109399
33079,0.634889126
33080,0.395269215
33081,0.08326897
33082,0.109799713
33083,-0.251348197
33084,-0.477153003
33085,-0.515224338
33086,0.070106529
33087,0.406719625
33088,-0.326472282
33089,-0.401575595
33090,0.061590083
33091,-0.570698857
33092,0.439413607
33093,-0.295635283
33094,0.378306806
33095,0.401766062
33096,0.073985599
33097,-0.187300533
33098,-0.478348702
33099,0.33882612
33100,-0.051137581
33101,0.271884352
33102,-0.296358407
33103,0.045322545
33104,-0.540793478
33105,-0.284200311
33106,0.351687223
33107,-0.421521068
33108,-0.325491428
33109,-0.297648758
33110,0.199230343
33111,0.486336052
33112,-0.136574864
33113,-0.091085643
33114,0.231761038
33115,0.630724311
33116,0.329015762
33117,0.354595691
33118,-0.463187933
33119,-0.592430174
33120,0.495484769
33121,-0.37383163
33122,-0.561845899
33123,-0.465964735
33124,0.451801777
33125,-0.271841615
33126,-0.666962445
33127,-0.519012392
33128,0.418249935
33129,0.303220391
33130,-0.397737741
33131,-0.321599185
33132,0.399654984
33133,0.53408283
33134,-0.541637599
33135,-0.268457413
33136,0.325648904
33137,0.34657228
33138,0.271029174
33139,-0.529735804
33140,-0.351311326
33141,-0.169682205
33142,0.400140941
33143,-0.328718781
33144,0.254084557
33145,0.383782566
33146,0.342096955
33147,0.216348812
33148,0.596217453
33149,0.212411433
33150,-0.339731872
33151,-0.055225551
33152,0.72389245
33153,-0.544449747
33154,-0.594832599
33155,0.590080023
33156,0.220407963
33157,-0.296171188
33158,0.399394393
33159,-0.524008095
33160,-0.520734191
33161,-0.522637963
33162,0.119099684
33163,-0.453982383
33164,-0.051072329
33165,-0.471550167
33166,-0.529329896
33167,0.096949667
33168,0.470717132
33169,-0.34545216
33170,-0.525427997
33171,0.0659739
33172,0.252808601
33173,0.549465299
33174,-0.061747547
33175,-0.142986745
33176,-0.366446704
33177,0.622698069
33178,0.042002071
33179,-0.368504465
33180,0.407981336
33181,0.286637604
33182,0.157895133
33183,-0.203429639
33184,-0.214231074
33185,0.361644953
33186,0.377344817
33187,-0.587705135
33188,0.269816488
33189,0.640901923
33190,-0.629540145
33191,-0.607368588
33192,0.539021075
33193,0.543036938
33194,-0.519101739
33195,0.637713492
33196,0.448578417
33197,-0.112187818
33198,-0.284653664
33199,0.563209414
33200,0.306561172
33201,-0.232932925
33202,-0.485162258
33203,0.372430623
33204,0.216453269
33205,0.238860071
33206,-0.336247355
33207,-0.078913465
33208,0.005636919
33209,0.636680782
33210,-0.015369307
33211,0.488857448
33212,-0.06544587
33213,0.363624662
33214,0.588053405
33215,-0.541845679
33216,-0.512997687
33217,-0.024990298
33218,0.500270009
33219,-0.261393368
33220,0.151523381
33221,-0.534277916
33222,-0.218998939
33223,0.353764564
33224,-0.225795567
33225,-0.213020548
33226,0.311719477
33227,-0.209484696
33228,-0.452594131
33229,0.425250649
33230,0.327010423
33231,-0.196645409
33232,0.137629151
33233,-0.485392451
33234,0.572652578
33235,0.265022099
33236,0.165443718
33237,-0.653121471
33238,0.482573003
33239,0.423647761
33240,-0.457009315
33241,-0.470794678
33242,-0.170647264
33243,-0.385877311
33244,0.459621549
33245,0.380444944
33246,-0.334333181
33247,-0.071509168
33248,0.077646345
33249,-0.425365746
33250,0.469591677
33251,-0.45527783
33252,0.063570321
33253,-0.501757503
33254,-0.410292059
33255,0.533759117
33256,-0.484763294
33257,0.227682635
33258,0.230704546
33259,-0.4490574
33260,0.482459366
33261,-0.57062453
33262,-0.306953222
33263,0.247347355
33264,0.524476171
33265,0.398721397
33266,0.044938907
33267,0.515393496
33268,-0.358319551
33269,-0.32697922
33270,0.294662029
33271,0.643706441
33272,-0.154641926
33273,-0.10204953
33274,0.660103142
33275,0.099053331
33276,-0.164377496
33277,-0.110688359
33278,0.3374753
33279,0.156316161
33280,-0.370850861
33281,-0.407002538
33282,0.508637547
33283,-0.511150837
33284,0.217359096
33285,-0.388099492
33286,-0.107304558
33287,-0.383115947
33288,-0.540559351
33289,0.355664104
33290,-0.065660231
33291,0.388688982
33292,0.562635779
33293,0.551357448
33294,0.546958268
33295,0.504443944
33296,-0.480181783
33297,0.486665666
33298,0.492686152
33299,-0.129402339
33300,0.501400113
33301,-0.002201259
33302,-0.152514696
33303,-0.178237721
33304,-0.493833154
33305,-0.164098501
33306,-0.231016636
33307,-0.636864305
33308,-0.318589896
33309,0.121358633
33310,-0.522392035
33311,0.593425155
33312,0.4192487
33313,0.060242362
33314,0.629412055
33315,-0.424765408
33316,-0.490438819
33317,0.011798322
33318,0.06074325
33319,0.431592405
33320,0.567430377
33321,0.375515819
33322,-0.393611491
33323,-0.607669234
33324,-0.182556584
33325,0.452758193
33326,-0.617404699
33327,-0.056155398
33328,0.006714612
33329,-0.478786856
33330,0.537509084
33331,0.429128379
33332,-0.352663606
33333,-0.212326437
33334,-0.454221368
33335,-0.058751091
33336,0.24914977
33337,-0.448435426
33338,0.411629766
33339,0.030138955
33340,0.439355075
33341,-0.278669894
33342,-0.758266866
33343,0.535877705
33344,0.580394566
33345,-0.444964975
33346,0.485542059
33347,0.647762835
33348,-0.455524057
33349,-0.203950852
33350,0.28379938
33351,-0.241868317
33352,-0.491112113
33353,0.165351629
33354,0.275928617
33355,-0.081766717
33356,0.427015722
33357,-0.07098791
33358,-0.393499613
33359,-0.392498195
33360,0.552063584
33361,0.471199095
33362,0.09717197
33363,0.418544888
33364,-0.488949358
33365,-0.277953893
33366,0.440586567
33367,0.061907269
33368,-0.42741704
33369,-0.434577376
33370,-0.196925506
33371,-0.277151704
33372,-0.535075545
33373,0.33304441
33374,-0.358758718
33375,-0.681526065
33376,0.429058909
33377,0.278012633
33378,-0.465656221
33379,0.580252469
33380,-0.174982443
33381,-0.041937031
33382,-0.21267353
33383,-0.681963861
33384,-0.403297573
33385,-0.583565772
33386,0.537639737
33387,0.55142951
33388,0.174366713
33389,0.62797147
33390,-0.037889652
33391,0.671990395
33392,-0.270446986
33393,-0.282691121
33394,-0.520576179
33395,0.512014389
33396,-0.414441288
33397,0.49895072
33398,0.464293659
33399,0.322705388
33400,-0.367670029
33401,-0.352202624
33402,0.598867595
33403,0.515339494
33404,0.636536717
33405,0.52203244
33406,0.082609966
33407,-0.333925664
33408,-0.453428298
33409,0.363277435
33410,-0.649457514
33411,0.568529248
33412,0.351138711
33413,-0.479397893
33414,0.690234065
33415,0.538284183
33416,-0.616359234
33417,0.273158342
33418,0.423722178
33419,-0.504924178
33420,0.613645792
33421,0.350338936
33422,-0.402242541
33423,-0.282239914
33424,-0.050345693
33425,-0.622239649
33426,0.574994266
33427,0.319839418
33428,-0.31091094
33429,-0.121665955
33430,0.588505447
33431,0.583454549
33432,-0.010855082
33433,-0.089936852
33434,0.445478201
33435,0.524806261
33436,-0.197663903
33437,-0.161768153
33438,0.212861776
33439,-0.181257412
33440,-0.570057034
33441,-0.191544548
33442,0.427741289
33443,-0.21381256
33444,0.259409487
33445,0.631152511
33446,0.052162893
33447,0.528968155
33448,0.428206623
33449,-0.523184121
33450,-0.497063994
33451,0.221622556
33452,0.465261281
33453,0.334807873
33454,-0.220870763
33455,-0.569654524
33456,-0.269879103
33457,-0.351130694
33458,0.416890979
33459,0.573513925
33460,0.379832089
33461,-0.470280349
33462,0.369850278
33463,-0.020727172
33464,0.224893183
33465,-0.319886863
33466,-0.594885588
33467,-0.605712652
33468,0.079836652
33469,0.528293431
33470,-0.216899589
33471,-0.366133094
33472,0.38746205
33473,-0.35067445
33474,0.440508783
33475,-0.416647404
33476,0.606194496
33477,0.626348495
33478,0.290575564
33479,0.546294749
33480,-0.412068516
33481,-0.398876995
33482,0.55970794
33483,-0.369615465
33484,-0.331743389
33485,0.543818176
33486,0.096285343
33487,-0.066070333
33488,0.379463136
33489,-0.151588425
33490,0.587592244
33491,-0.098260604
33492,0.192802638
33493,-0.385657072
33494,0.327080548
33495,0.379419565
33496,-0.468963921
33497,0.342784405
33498,0.374493897
33499,-0.301080674
33500,0.368617505
33501,-0.370960444
33502,-0.063092321
33503,-0.087374322
33504,0.280548304
33505,-0.506095767
33506,-0.473203838
33507,-0.069566175
33508,0.215150803
33509,0.17076318
33510,-0.535391986
33511,0.390160471
33512,-0.017004378
33513,0.396211118
33514,0.546091199
33515,0.020059027
33516,-0.254021555
33517,-0.087764382
33518,-0.374622405
33519,-0.554405332
33520,0.375019014
33521,-0.317876548
33522,0.371195406
33523,0.549470901
33524,0.567947447
33525,-0.334137768
33526,0.282629877
33527,-0.366843343
33528,0.612417161
33529,-0.392373651
33530,-0.527555346
33531,0.501761436
33532,0.258371264
33533,0.574086308
33534,0.128859401
33535,-0.192564964
33536,0.03760948
33537,0.495185912
33538,-0.01922423
33539,-0.245933056
33540,0.351893097
33541,0.262886941
33542,0.578356326
33543,0.259698629
33544,-0.328647912
33545,-0.108512551
33546,-0.386361957
33547,0.190769047
33548,-0.104442358
33549,-0.59921211
33550,-0.201999947
33551,-0.006892838
33552,0.35781455
33553,-0.448606431
33554,0.352938712
33555,0.374367565
33556,-0.284070492
33557,-0.066667818
33558,0.495823175
33559,0.03062705
33560,0.552711844
33561,-0.2499879
33562,0.424417645
33563,-0.248650849
33564,-0.589748859
33565,-0.420657814
33566,0.518678248
33567,-0.223320261
33568,0.055250987
33569,-0.333785594
33570,-0.019635733
33571,0.339708626
33572,0.089046128
33573,-0.464078844
33574,0.638550162
33575,-0.326680899
33576,-0.265601516
33577,0.172180787
33578,-0.170749977
33579,-0.371917516
33580,-0.001915824
33581,0.595777273
33582,-0.347950906
33583,0.074632466
33584,0.144485503
33585,-0.239691615
33586,-0.184696138
33587,-0.325847298
33588,-0.338036835
33589,-0.144899622
33590,0.26700148
33591,0.060819034
33592,-0.489174068
33593,0.446866214
33594,0.289582431
33595,-0.527859688
33596,0.245336056
33597,0.379020989
33598,0.055758294
33599,0.022121601
33600,-0.459710449
33601,-0.423850894
33602,0.364169687
33603,0.331525683
33604,0.248216987
33605,-0.079925969
33606,0.368585885
33607,0.434480518
33608,0.125169158
33609,0.365687877
33610,0.242317975
33611,0.576490164
33612,-0.216284022
33613,-0.348861039
33614,0.44580245
33615,-0.088808373
33616,0.005338036
33617,-0.187362894
33618,-0.451662451
33619,-0.146714315
33620,0.426009357
33621,0.149679124
33622,-0.449416012
33623,-0.41276443
33624,0.36235112
33625,-0.081097722
33626,0.107355535
33627,0.227256805
33628,-0.477116078
33629,0.570496082
33630,0.238267422
33631,-0.164601803
33632,-0.494585693
33633,-0.258606166
33634,-0.354587764
33635,-0.186643764
33636,0.104551852
33637,-0.362641424
33638,0.238921627
33639,0.49991399
33640,0.226376265
33641,0.130273521
33642,-0.234836027
33643,0.219933778
33644,-0.220957369
33645,0.375555992
33646,-0.266764104
33647,-0.478389442
33648,0.026288372
33649,-0.407410651
33650,0.296839446
33651,-0.09852764
33652,0.40239498
33653,0.232413277
33654,-0.453413874
33655,0.201454401
33656,0.031957697
33657,0.084875032
33658,-0.127101123
33659,0.181110695
33660,0.243998572
33661,-0.316816747
33662,-0.258022189
33663,0.000145227
33664,0.181625053
33665,-0.637653351
33666,-0.143709019
33667,-0.469730377
33668,0.281619579
33669,0.593828082
33670,0.562230527
33671,-0.480437338
33672,0.256919324
33673,0.668486118
33674,0.110551141
33675,0.422118634
33676,-0.626120687
33677,-0.080577567
33678,-0.412058473
33679,0.424983948
33680,0.564944625
33681,-0.267141491
33682,0.477483869
33683,0.520458996
33684,-0.442107797
33685,0.009839024
33686,-0.500971556
33687,-0.520774543
33688,0.523436666
33689,0.239927381
33690,0.201946855
33691,0.330012351
33692,0.683042169
33693,-0.498225778
33694,0.524973869
33695,-0.120159283
33696,-0.378325731
33697,0.36792013
33698,-0.00512407
33699,0.439879209
33700,-0.450371444
33701,-0.54140228
33702,0.125843927
33703,0.402711928
33704,-0.383661926
33705,0.195826456
33706,0.313034922
33707,0.179975301
33708,-0.48281768
33709,-0.406701028
33710,0.191588506
33711,0.212119505
33712,-0.143907428
33713,-0.470612973
33714,-0.530708849
33715,-0.288405508
33716,-0.591995358
33717,-0.339807391
33718,0.182146117
33719,-0.51767987
33720,0.070694968
33721,0.304616958
33722,0.043680966
33723,0.107168682
33724,0.513898849
33725,-0.494030178
33726,-0.206544355
33727,-0.212586656
33728,-0.124053195
33729,0.091102056
33730,0.439721942
33731,-0.141557872
33732,-0.42345655
33733,-0.180648774
33734,0.631114602
33735,-0.08362256
33736,0.556303501
33737,0.108780421
33738,0.214934766
33739,-0.280278891
33740,0.562454939
33741,0.406706631
33742,-0.296293974
33743,0.486322582
33744,-0.189887479
33745,0.113803133
33746,0.310256779
33747,-0.415405929
33748,0.18687588
33749,0.168146878
33750,-0.390810639
33751,-0.530002832
33752,0.361054659
33753,-0.19995299
33754,0.067396566
33755,0.148487687
33756,0.154289812
33757,0.287009656
33758,-0.3870489
33759,0.195601732
33760,0.054124929
33761,0.447954357
33762,0.076369211
33763,0.094692096
33764,-0.307705879
33765,0.379452467
33766,-0.056210838
33767,-0.032585256
33768,0.404147625
33769,-0.533262253
33770,-0.441675842
33771,-0.373496115
33772,0.455993891
33773,0.320777625
33774,0.325738788
33775,-0.318704396
33776,-0.505841374
33777,0.554850161
33778,-0.094182134
33779,0.606442928
33780,0.3945629
33781,-0.414483547
33782,0.12690106
33783,-0.00116165
33784,0.147876814
33785,-0.396511257
33786,0.498083591
33787,0.316725522
33788,0.376931041
33789,
33790,
33791,-0.05641222
33792,-0.433965385
33793,-0.443186253
33794,-0.351446569
33795,0.617335618
33796,-0.273465365
33797,0.44105798
33798,0.336669505
33799,0.01074067
33800,-0.49227801
33801,-0.519490242
33802,-0.45086363
33803,-0.074339114
33804,-0.43380776
33805,-0.591985822
33806,-0.099126719
33807,0.387915254
33808,0.396148562
33809,0.532485306
33810,-0.263533115
33811,0.196252286
33812,0.119375214
33813,0.30769068
33814,0.41322124
33815,0.464149207
33816,-0.349276155
33817,-0.306781709
33818,0.036703996
33819,-0.455035508
33820,-0.353813261
33821,-0.48028335
33822,0.099294096
33823,-0.490153372
33824,-0.205634162
33825,-0.307504237
33826,0.667631745
33827,0.09166199
33828,0.446685195
33829,-0.38386327
33830,-0.309457183
33831,-0.170677841
33832,0.516104937
33833,-0.096304074
33834,-0.616934657
33835,0.588666201
33836,0.256334722
33837,-0.277503014
33838,0.248055756
33839,0.146028802
33840,0.224477023
33841,0.108212188
33842,-0.070313632
33843,0.273628384
33844,0.080615953
33845,-0.520620048
33846,0.516648471
33847,0.502792358
33848,0.504449248
33849,0.353241205
33850,-0.308725953
33851,-0.335647881
33852,-0.260042608
33853,0.352577418
33854,0.324708939
33855,0.457265973
33856,0.085353889
33857,-0.323163867
33858,0.440640122
33859,-0.575606465
33860,-0.180695385
33861,0.417539299
33862,-0.507269502
33863,0.364536315
33864,0.343030959
33865,-0.436423063
33866,-0.470977455
33867,0.110327095
33868,0.417222172
33869,-0.378887236
33870,0.305030555
33871,-0.287095666
33872,0.43626833
33873,0.453702718
33874,0.387742519
33875,0.155605078
33876,-0.034835041
33877,0.526086211
33878,0.568917811
33879,0.676081121
33880,0.24737142
33881,0.440885723
33882,-0.110530309
33883,0.113198325
33884,0.492910922
33885,-0.398064107
33886,0.362126768
33887,0.298369884
33888,0.444476426
33889,-0.238047495
33890,-0.53267473
33891,-0.414236724
33892,-0.32632336
33893,-0.267559886
33894,-0.569506407
33895,-0.343500674
33896,0.61747396
33897,-0.661033094
33898,0.363265187
33899,-0.243093789
33900,0.301802754
33901,-0.526611567
33902,-0.590344191
33903,0.500986159
33904,-0.609778643
33905,-0.481319964
33906,-0.491320461
33907,-0.470830232
33908,0.042975005
33909,0.420606285
33910,-0.123511128
33911,0.534137487
33912,0.617243648
33913,-0.352123499
33914,0.585984468
33915,0.20846121
33916,0.515619397
33917,-0.472350359
33918,0.510790706
33919,0.154642284
33920,0.178111389
33921,-0.258983374
33922,-0.251941144
33923,-0.065633118
33924,-0.437742233
33925,-0.462590456
33926,0.278094083
33927,-0.271140397
33928,0.412391335
33929,-0.335361481
33930,0.3995772
33931,0.561500609
33932,-0.387387365
33933,-0.498732239
33934,0.508375406
33935,-0.238364413
33936,-0.477986336
33937,0.581849456
33938,-0.594870865
33939,0.466369808
33940,0.379616737
33941,-0.043084051
33942,-0.253653944
33943,0.177975684
33944,-0.395003796
33945,0.495865166
33946,0.439139992
33947,0.27112481
33948,0.246979147
33949,-0.657788455
33950,0.177772775
33951,-0.327299118
33952,0.050443266
33953,0.285842419
33954,-0.103197448
33955,-0.100000724
33956,0.570163846
33957,0.243814766
33958,-0.207634836
33959,-0.274357826
33960,-0.530972004
33961,0.512101531
33962,-0.533844471
33963,0.568578005
33964,0.243812725
33965,0.465839535
33966,0.18563816
33967,-0.508461237
33968,-0.521657228
33969,0.638162255
33970,0.345043719
33971,0.462054729
33972,-0.635652661
33973,0.477139413
33974,-0.270271063
33975,-0.296306908
33976,-0.409657538
33977,0.512298524
33978,-0.451539576
33979,0.408227563
33980,0.412557423
33981,0.098918833
33982,-0.322341651
33983,0.385408133
33984,0.462047905
33985,0.317606628
33986,-0.387404084
33987,-0.202000245
33988,0.437331617
33989,-0.508179188
33990,0.468678266
33991,0.348427057
33992,-0.006806336
33993,-0.416985571
33994,-0.449065089
33995,-0.346252441
33996,-0.458043098
33997,0.063708052
33998,0.028877698
33999,0.231039315
34000,-0.298819602
34001,0.541160583
34002,0.425203204
34003,0.353167385
34004,0.456021935
34005,0.350206554
34006,0.382436574
34007,-0.300586343
34008,0.173279732
34009,-0.231194124
34010,-0.553962111
34011,-0.423237503
34012,0.11500746
34013,0.588695943
34014,0.324298114
34015,0.307004333
34016,-0.474077106
34017,-0.111531325
34018,0.163736194
34019,0.555131674
34020,-0.31277281
34021,-0.24371317
34022,-0.381128728
34023,0.202027202
34024,-0.125482664
34025,0.261759222
34026,0.289504051
34027,0.476964951
34028,0.445988357
34029,-0.001605134
34030,0.479760051
34031,-0.043291986
34032,0.337432206
34033,-0.706196129
34034,0.629031599
34035,-0.457938313
34036,0.227146029
34037,-0.298661441
34038,-0.190257251
34039,-0.556556702
34040,0.427890301
34041,-0.025334287
34042,-0.218853652
34043,0.177864999
34044,0.247090086
34045,-0.072034746
34046,0.147781968
34047,-0.295340002
34048,0.084549434
34049,-0.223155975
34050,0.240142912
34051,0.129218578
34052,-0.084093928
34053,-0.365942895
34054,0.309986174
34055,0.468388468
34056,-0.393028587
34057,-0.655757129
34058,0.278001428
34059,0.325174332
34060,-0.402683794
34061,-0.589077711
34062,0.360739112
34063,0.484045744
34064,-0.285300076
34065,0.479898453
34066,-0.061621547
34067,-0.238987356
34068,0.052013822
34069,0.208920673
34070,-0.107533328
34071,-0.063105866
34072,-0.246975273
34073,-0.287907749
34074,-0.596579552
34075,-0.32600829
34076,-0.41101712
34077,0.346005917
34078,-0.406732261
34079,0.467887014
34080,-0.27444756
34081,-0.165357426
34082,0.520178318
34083,-0.384176642
34084,0.660237551
34085,0.140507534
34086,0.4313173
34087,-0.459657729
34088,-0.069702975
34089,0.525918663
34090,-0.403187752
34091,0.323321342
34092,-0.126871496
34093,-0.368030965
34094,0.345365763
34095,0.577037811
34096,0.492122918
34097,-0.405725181
34098,-0.225546807
34099,-0.150218606
34100,-0.648747206
34101,-0.607916296
34102,-0.232723922
34103,-0.185315073
34104,0.363265365
34105,0.216400996
34106,0.137563929
34107,0.330201268
34108,0.527088702
34109,-0.0743545
34110,0.497251451
34111,0.13798748
34112,-0.259153187
34113,-0.572398722
34114,0.228279516
34115,-0.507591009
34116,-0.269298583
34117,-0.328377217
34118,-0.388306737
34119,0.214771912
34120,-0.576947033
34121,0.016220517
34122,-0.223496094
34123,0.129319727
34124,-0.459380329
34125,-0.190572202
34126,-0.38576892
34127,0.369074911
34128,0.635817945
34129,-0.467717081
34130,-0.565310597
34131,-0.300980449
34132,-0.270966649
34133,0.023875028
34134,0.639781356
34135,0.542477846
34136,0.545423329
34137,-0.130304173
34138,0.119526707
34139,-0.47688055
34140,-0.460678786
34141,-0.518095613
34142,-0.298586011
34143,0.566579938
34144,-0.323871106
34145,-0.333289385
34146,-0.283797204
34147,0.150042921
34148,0.490239769
34149,-0.126707584
34150,-0.215946496
34151,-0.103437439
34152,0.510556936
34153,0.290531486
34154,0.482353151
34155,-0.356387585
34156,0.196047902
34157,-0.47446543
34158,0.096588291
34159,0.543368816
34160,-0.215883583
34161,0.045550272
34162,0.437392861
34163,-0.665529609
34164,0.098170795
34165,0.267553747
34166,-0.424381256
34167,0.204645246
34168,-0.431203485
34169,-0.548752487
34170,-0.179781497
34171,0.159724951
34172,-0.459821403
34173,0.608986616
34174,0.365624249
34175,0.186844081
34176,0.025370281
34177,0.283430368
34178,-0.538243294
34179,0.61008811
34180,0.057357606
34181,-0.399204373
34182,-0.603191912
34183,-0.452698469
34184,-0.473045319
34185,-0.588137507
34186,-0.236426175
34187,-0.352903962
34188,0.172517836
34189,-0.477833688
34190,-0.258587182
34191,0.051077399
34192,0.003890436
34193,-0.364345014
34194,-0.130332708
34195,0.544476509
34196,0.076691687
34197,-0.449926436
34198,0.158648804
34199,-0.558344424
34200,-0.333050132
34201,0.12557897
34202,0.090448663
34203,0.309773088
34204,-0.055709369
34205,0.424991786
34206,-0.464647084
34207,-0.63514179
34208,0.589985132
34209,0.340390116
34210,0.378950357
34211,0.145057023
34212,-0.421869218
34213,-0.490565896
34214,-0.350533307
34215,0.442854941
34216,0.253203899
34217,-0.550644159
34218,-0.230116799
34219,-0.372629464
34220,0.462498069
34221,0.441425472
34222,0.327445865
34223,0.446005046
34224,0.351979017
34225,0.041203856
34226,0.563256741
34227,0.306214452
34228,-0.072321005
34229,-0.529957891
34230,-0.343991607
34231,-0.471836329
34232,0.5459705
34233,-0.03323663
34234,-0.185145587
34235,-0.188526198
34236,0.35606578
34237,0.356616735
34238,-0.077726893
34239,0.138212219
34240,0.017670669
34241,0.420908809
34242,-0.566528857
34243,-0.488714159
34244,-0.347541064
34245,0.542323351
34246,-0.389353156
34247,0.204550311
34248,0.213574499
34249,-0.410881281
34250,-0.518761933
34251,-0.163477391
34252,0.438419312
34253,-0.541303456
34254,0.396674514
34255,0.47683683
34256,-0.617496967
34257,0.199375421
34258,-0.259179533
34259,-0.550310671
34260,0.54576087
34261,-0.416074485
34262,-0.400978029
34263,0.308688283
34264,-0.558039844
34265,0.01804892
34266,-0.163460493
34267,-0.482403219
34268,-0.423888266
34269,-0.512613595
34270,0.466879189
34271,-0.06781701
34272,-0.472055614
34273,-0.532776654
34274,0.300264865
34275,-0.250069708
34276,-0.537502468
34277,-0.41867888
34278,0.17910926
34279,-0.539003611
34280,-0.477103472
34281,0.447458595
34282,-0.387339562
34283,-0.519811869
34284,0.303298026
34285,0.00819695
34286,0.112750515
34287,-0.426363975
34288,-0.148031071
34289,0.580097795
34290,0.343411058
34291,-0.101628087
34292,-0.388066709
34293,0.148489043
34294,0.532484829
34295,-0.041513443
34296,-0.377598763
34297,0.245951414
34298,-0.482637137
34299,0.301671207
34300,-0.350053817
34301,-0.366271734
34302,0.673187196
34303,-0.605836391
34304,-0.370940804
34305,-0.442262799
34306,0.072024979
34307,-0.556135058
34308,-0.504731297
34309,0.611883521
34310,0.618240774
34311,-0.131930083
34312,0.599604726
34313,0.110057399
34314,-0.341161668
34315,0.60846585
34316,-0.522996068
34317,-0.264684558
34318,-0.328181386
34319,-0.354172677
34320,-0.15889363
34321,0.651628256
34322,0.48541671
34323,-0.291381985
34324,-0.392079264
34325,-0.623059392
34326,0.469365418
34327,-0.44585529
34328,0.240902305
34329,0.667077899
34330,-0.511997223
34331,-0.06724152
34332,0.416852713
34333,0.174396902
34334,-0.136348799
34335,-0.631673455
34336,-0.306405425
34337,0.10601449
34338,0.475454628
34339,0.330710292
34340,0.336690515
34341,-0.530044198
34342,0.023541898
34343,-0.072601095
34344,-0.435039669
34345,0.56491673
34346,-0.119151421
34347,-0.491604507
34348,0.202771619
34349,0.438570201
34350,0.368590832
34351,-0.035277408
34352,-0.265100569
34353,-0.510988116
34354,-0.085980505
34355,-0.6261127
34356,-0.322908103
34357,0.591801643
34358,0.151688516
34359,-0.456982255
34360,0.149730101
34361,-0.569519162
34362,0.448364735
34363,0.380772382
34364,-0.34677121
34365,0.499504298
34366,0.41191718
34367,0.265280724
34368,0.689369202
34369,0.524671435
34370,0.651306152
34371,-0.492323995
34372,0.516293585
34373,0.248744369
34374,-0.247275591
34375,0.529323697
34376,-0.410848379
34377,-0.431910336
34378,0.504824221
34379,0.134872347
34380,-0.150028065
34381,0.582878351
34382,-0.347730398
34383,-0.149089277
34384,0.132285863
34385,0.470384419
34386,-0.079728648
34387,0.120430477
34388,0.371321946
34389,-0.193561912
34390,-0.236909956
34391,-0.432785511
34392,-0.432383776
34393,0.456445277
34394,0.469099164
34395,-0.213197649
34396,-0.333800942
34397,0.349091709
34398,0.218684644
34399,0.527625978
34400,-0.596567929
34401,-0.213323206
34402,-0.39481765
34403,0.482758045
34404,-0.143849105
34405,0.454704165
34406,-0.304473698
34407,0.548036277
34408,0.545382619
34409,0.014308974
34410,0.021968044
34411,0.276046097
34412,0.398946404
34413,0.247071087
34414,-0.281792134
34415,-0.290544868
34416,0.320092082
34417,0.30527401
34418,-0.399565637
34419,-0.539196432
34420,0.461386442
34421,0.561782122
34422,0.528594911
34423,-0.102724805
34424,-0.243278265
34425,0.21798557
34426,-0.525868893
34427,0.485784024
34428,0.448295474
34429,-0.395005852
34430,-0.504469037
34431,-0.447533756
34432,0.48736918
34433,0.138322532
34434,-0.510245621
34435,0.49170655
34436,0.11192444
34437,0.578659654
34438,0.490421772
34439,0.364773095
34440,-0.211200178
34441,-0.170430973
34442,-0.426240146
34443,-0.221040398
34444,-0.056042403
34445,-0.285832018
34446,0.394376695
34447,-0.265375078
34448,0.342066467
34449,0.363731861
34450,-0.519076765
34451,0.618177414
34452,-0.501164973
34453,-0.38176626
34454,-0.401391566
34455,0.241762519
34456,0.60223031
34457,0.163309246
34458,0.008902697
34459,0.230724722
34460,0.039545126
34461,-0.414042175
34462,-0.050751433
34463,-0.456804574
34464,0.343294472
34465,-0.505804837
34466,0.152194723
34467,0.382284462
34468,-0.053990185
34469,-0.425118744
34470,0.434446096
34471,0.390885711
34472,0.085943669
34473,0.285784066
34474,-0.648245096
34475,0.42169565
34476,-0.060479607
34477,-0.499613881
34478,0.01864404
34479,-0.248227447
34480,0.463625073
34481,-0.017521195
34482,-0.594465733
34483,0.555857778
34484,0.508269727
34485,-0.520501196
34486,0.543522596
34487,0.331061423
34488,0.142037809
34489,0.29663083
34490,-0.305756152
34491,0.436561584
34492,0.065332487
34493,0.388202459
34494,-0.389318317
34495,0.385595024
34496,0.554034948
34497,-0.372722864
34498,0.228179574
34499,0.509953141
34500,-0.13003251
34501,-0.358868837
34502,0.399353027
34503,-0.514269352
34504,0.555378079
34505,0.454054356
34506,-0.411234081
34507,-0.357450068
34508,-0.251633525
34509,-0.217809185
34510,0.471351683
34511,0.442310721
34512,-0.208051756
34513,-0.129489437
34514,0.517077386
34515,-0.520637453
34516,-0.578555882
34517,0.251872629
34518,-0.233807325
34519,-0.054170392
34520,0.161463857
34521,0.592936337
34522,0.266916156
34523,0.150931686
34524,0.372545511
34525,0.424219668
34526,0.665263891
34527,-0.231078997
34528,-0.304380864
34529,0.421743453
34530,0.549545228
34531,-0.632697821
34532,0.420826524
34533,-0.567037642
34534,-0.443983197
34535,0.087968417
34536,0.206792578
34537,-0.580547452
34538,0.330233127
34539,0.175139308
34540,-0.079914786
34541,0.589913487
34542,0.451178461
34543,0.097286068
34544,0.240486622
34545,0.581846952
34546,0.448128819
34547,0.257152319
34548,-0.25543347
34549,-0.256005317
34550,0.459820628
34551,-0.590970755
34552,0.508000493
34553,0.621673942
34554,-0.175788373
34555,0.363181949
34556,0.5454036
34557,0.433850765
34558,-0.349449813
34559,-0.528148413
34560,-0.500896692
34561,-0.13751629
34562,0.296240628
34563,0.112060122
34564,-0.324069709
34565,0.131890789
34566,-0.119089931
34567,-0.363087535
34568,-0.145203888
34569,-0.239649341
34570,0.318882287
34571,-0.014443874
34572,-0.412771583
34573,0.043797273
34574,0.310315937
34575,-0.236055434
34576,-0.158063203
34577,0.583205104
34578,-0.451250404
34579,-0.294097245
34580,0.312443674
34581,-0.353394181
34582,-0.472727716
34583,0.38443023
34584,-0.405476779
34585,-0.433014393
34586,-0.072893895
34587,-0.524990261
34588,0.297356993
34589,0.327576011
34590,0.495328188
34591,0.288166642
34592,0.501634836
34593,-0.355137467
34594,0.311276764
34595,-0.316753864
34596,-0.353965402
34597,0.350124002
34598,0.146264285
34599,-0.015575074
34600,0.097078986
34601,-0.408136398
34602,-0.278526127
34603,-0.27695322
34604,-0.31894356
34605,-0.23041667
34606,0.063669428
34607,-0.203190729
34608,0.454276711
34609,-0.22415702
34610,-0.220864713
34611,0.267213523
34612,-0.503516197
34613,0.488695383
34614,0.267951608
34615,-0.440764785
34616,-0.572263122
34617,-0.580277681
34618,0.470537663
34619,0.35339272
34620,-0.369686842
34621,0.234629422
34622,-0.313837111
34623,0.280581564
34624,0.058040641
34625,-0.626067877
34626,0.03850833
34627,0.508768201
34628,-0.024942495
34629,-0.261570215
34630,-0.533162475
34631,-0.399416447
34632,0.265257746
34633,0.353759289
34634,0.364897102
34635,-0.453092515
34636,0.5847103
34637,0.123690926
34638,-0.200125456
34639,0.44503808
34640,0.56194073
34641,-0.420783162
34642,-0.404832363
34643,0.472286701
34644,-0.330789208
34645,-0.158323467
34646,0.347877622
34647,0.313491166
34648,-0.392899603
34649,0.310138226
34650,0.565464795
34651,-0.461061567
34652,0.446046829
34653,-0.502272546
34654,-0.505659819
34655,0.336955935
34656,0.455852091
34657,0.022338666
34658,-0.333384842
34659,0.525918305
34660,0.524452865
34661,-0.516558051
34662,-0.385968626
34663,-0.026362486
34664,-0.547227263
34665,0.154869035
34666,0.338087142
34667,0.21143201
34668,0.221151575
34669,0.359226018
34670,0.047252767
34671,0.462874115
34672,0.37078768
34673,-0.316311538
34674,0.400722235
34675,0.384575039
34676,0.154194593
34677,-0.595580697
34678,0.502381146
34679,-0.522487342
34680,0.394166648
34681,0.523778856
34682,0.412449986
34683,-0.495949328
34684,0.478829741
34685,0.104156844
34686,-0.48878929
34687,0.215088814
34688,-0.425925642
34689,-0.460265487
34690,0.202293664
34691,0.469920754
34692,-0.210920081
34693,-0.024343096
34694,0.326226264
34695,-0.077899426
34696,0.2530711
34697,0.433769196
34698,-0.118824765
34699,-0.242305875
34700,-0.437142491
34701,-0.217641205
34702,0.248921558
34703,0.317901045
34704,-0.229866624
34705,0.429160416
34706,0.248316646
34707,0.509328425
34708,0.536061466
34709,-0.610309005
34710,0.125766873
34711,0.36911878
34712,-0.485106558
34713,-0.436611265
34714,0.600511789
34715,0.072812431
34716,-0.018401004
34717,0.557915032
34718,-0.484312534
34719,-0.37622267
34720,-0.003725246
34721,0.462023914
34722,-0.461467147
34723,-0.482101291
34724,-0.233895496
34725,0.383210868
34726,0.362827957
34727,-0.554353833
34728,-0.421356618
34729,0.408549607
34730,0.383360922
34731,0.334317893
34732,-0.078524694
34733,-0.195567384
34734,0.512181163
34735,0.326875418
34736,0.444808841
34737,-0.498434305
34738,-0.295800358
34739,0.070951544
34740,0.390877068
34741,0.501439691
34742,-0.37214601
34743,0.560799241
34744,0.595515728
34745,-0.366545051
34746,-0.520272017
34747,0.456230104
34748,0.380015373
34749,-0.403922409
34750,-0.139078647
34751,-0.290110022
34752,0.014067966
34753,-0.360451937
34754,-0.492663026
34755,-0.173445269
34756,-0.534962177
34757,-0.348001897
34758,0.406657696
34759,-0.124068879
34760,-0.265005141
34761,-0.073412091
34762,-0.378614336
34763,0.310656101
34764,0.398058772
34765,-0.298291713
34766,0.524617672
34767,-0.55814755
34768,-0.265204072
34769,0.448877156
34770,0.421032846
34771,-0.418487608
34772,-0.39344871
34773,0.164467484
34774,0.122307025
34775,-0.188452691
34776,-0.441478014
34777,0.64184469
34778,-0.561951637
34779,0.450183779
34780,0.1215927
34781,-0.52154839
34782,0.483994752
34783,-0.422370791
34784,-0.219344139
34785,0.656903267
34786,-0.409884214
34787,0.54616344
34788,0.46182999
34789,0.405186504
34790,-0.293037593
34791,-0.147221565
34792,0.014450561
34793,0.183247298
34794,-0.114852145
34795,-0.403360546
34796,0.311494648
34797,0.48479107
34798,0.274183154
34799,-0.44977057
34800,-0.474173844
34801,0.277966559
34802,0.635090709
34803,-0.312880456
34804,-0.289394975
34805,0.584169865
34806,-0.407768339
34807,-0.555648983
34808,0.528645158
34809,-0.367175132
34810,-0.148177445
34811,-0.214189529
34812,0.490648955
34813,0.003024548
34814,-0.039944135
34815,0.216051131
34816,0.270565271
34817,-0.245595038
34818,-0.369975477
34819,-0.617447019
34820,-0.209425181
34821,0.084807687
34822,0.236746922
34823,-0.478145659
34824,0.351693064
34825,0.229452863
34826,-0.4368366
34827,-0.330507517
34828,0.499239981
34829,0.034600601
34830,-0.437066793
34831,0.039398693
34832,-0.470968425
34833,-0.164974809
34834,-0.320671648
34835,-0.518767655
34836,-0.52678436
34837,0.531957328
34838,-0.632098794
34839,0.561704516
34840,0.509469271
34841,0.447134137
34842,0.536744654
34843,0.125836745
34844,0.17518869
34845,-0.077949837
34846,-0.158898368
34847,-0.369210899
34848,-0.638501406
34849,-0.33418113
34850,0.192245245
34851,0.294536829
34852,0.413888693
34853,0.479953915
34854,-0.502811074
34855,0.566257715
34856,0.440740794
34857,-0.433642536
34858,0.185597181
34859,0.464744866
34860,0.44387731
34861,-0.44819653
34862,-0.430406153
34863,0.106793433
34864,-0.036570493
34865,-0.419730037
34866,0.033953656
34867,0.388548583
34868,-0.497768104
34869,-0.408924013
34870,0.139114574
34871,-0.361932665
34872,-0.290243685
34873,0.129181996
34874,-0.27625674
34875,-0.300134122
34876,0.076741591
34877,0.140347853
34878,-0.104862668
34879,0.141118243
34880,-0.123692952
34881,0.064638838
34882,0.026813097
34883,0.624160588
34884,-0.520027518
34885,0.343590409
34886,0.54745096
34887,-0.145765275
34888,-0.672910035
34889,0.637229621
34890,0.263647795
34891,-0.340096593
34892,-0.349538863
34893,-0.108863145
34894,-0.092251793
34895,-0.542473674
34896,-0.441875488
34897,0.295395613
34898,0.480077773
34899,0.362359822
34900,0.049713925
34901,-0.06841138
34902,-0.334558576
34903,0.031053793
34904,-0.367037833
34905,-0.295132101
34906,-0.530818224
34907,0.335552961
34908,-0.281560421
34909,-0.412842363
34910,-0.553144574
34911,-0.564384699
34912,-0.629055023
34913,0.017694384
34914,0.512121439
34915,-0.340342194
34916,-0.440576553
34917,0.165279076
34918,0.080776811
34919,-0.26533258
34920,0.361587822
34921,-0.236248881
34922,-0.515450418
34923,0.475680768
34924,0.525860548
34925,-0.425319046
34926,0.43858856
34927,0.042562753
34928,0.395462066
34929,0.454006672
34930,0.417670518
34931,-0.425824404
34932,-0.184165046
34933,-0.476530939
34934,-0.003012892
34935,-0.336110115
34936,0.609339595
34937,0.001039948
34938,0.561600089
34939,0.47867167
34940,0.008344889
34941,-0.265843987
34942,-0.453946173
34943,0.290176928
34944,0.412243903
34945,0.016115079
34946,0.636373937
34947,-0.598598242
34948,0.473704726
34949,-0.596117377
34950,-0.449443161
34951,0.413771868
34952,0.435076684
34953,-0.296003401
34954,-0.561308742
34955,0.423759818
34956,-0.031708498
34957,0.061240762
34958,-0.274002761
34959,-0.43108803
34960,-0.05551511
34961,-0.052277878
34962,-0.08380805
34963,0.394030005
34964,0.099192642
34965,-0.48390764
34966,0.634037375
34967,-0.580937266
34968,0.26433599
34969,0.593565464
34970,-0.61418575
34971,0.459531486
34972,0.416838586
34973,0.021722592
34974,-0.452581227
34975,-0.025697142
34976,0.557199478
34977,-0.683963537
34978,-0.313419759
34979,0.038898449
34980,-0.034467541
34981,0.463653207
34982,0.176845983
34983,0.094220608
34984,-0.424118549
34985,-0.274633288
34986,0.078905001
34987,0.339696884
34988,0.040264376
34989,0.00543569
34990,0.0376653
34991,-0.345378816
34992,0.433507472
34993,-0.187127978
34994,-0.549045205
34995,-0.290516675
34996,-0.677542686
34997,-0.445330054
34998,-0.512510836
34999,-0.414426535
35000,0.180136323
35001,-0.546281755
35002,0.206849843
35003,0.530741096
35004,-0.590095222
35005,0.431183994
35006,-0.515036225
35007,-0.234620422
35008,0.012624212
35009,0.511984646
35010,-0.518655002
35011,0.35917598
35012,0.491441965
35013,-0.526219428
35014,-0.668744326
35015,0.412699759
35016,0.005123444
35017,-0.526904345
35018,-0.055759355
35019,0.478154361
35020,-0.062055781
35021,0.580638051
35022,0.463466287
35023,-0.362645715
35024,0.371230602
35025,0.167683333
35026,-0.238541543
35027,0.517208517
35028,0.378961891
35029,0.134963289
35030,-0.15015547
35031,0.164103776
35032,-0.639405012
35033,-0.452582508
35034,0.481085271
35035,-0.279555321
35036,-0.421605468
35037,-0.471474648
35038,0.031811465
35039,0.03595249
35040,0.361488283
35041,
35042,
35043,-0.022286952
35044,0.426172286
35045,-0.145033315
35046,-0.274688065
35047,-0.393045366
35048,0.438616097
35049,-0.095452957
35050,-0.451793253
35051,-0.395335495
35052,-0.448292136
35053,0.09642458
35054,0.146627173
35055,-0.065920532
35056,0.138045654
35057,0.345694035
35058,-0.353188097
35059,0.509759486
35060,0.43803668
35061,-0.176433653
35062,-0.449423134
35063,0.68552196
35064,0.475567162
35065,-0.229209661
35066,0.184127301
35067,0.469901949
35068,-0.557610095
35069,-0.176604554
35070,0.322342306
35071,0.481713712
35072,-0.000593249
35073,0.276409984
35074,-0.562418401
35075,0.501571536
35076,0.232902005
35077,0.43164739
35078,0.352641881
35079,-0.629433572
35080,0.455161363
35081,0.091801137
35082,-0.275457591
35083,0.437108725
35084,-0.042545211
35085,-0.423218131
35086,-0.350529492
35087,0.179049194
35088,0.579617739
35089,0.349833995
35090,0.288460881
35091,0.114017375
35092,0.580109477
35093,-0.200685561
35094,-0.42004025
35095,-0.428813756
35096,-0.430906981
35097,-0.594492018
35098,-0.168928206
35099,0.351189673
35100,-0.376553059
35101,0.3272205
35102,0.2657184
35103,-0.387413353
35104,0.461262286
35105,-0.266358674
35106,-0.425665796
35107,0.342514873
35108,0.091548935
35109,0.296840131
35110,0.368414909
35111,-0.315872133
35112,-0.234419689
35113,-0.192563698
35114,0.181283891
35115,0.13398245
35116,-0.343880534
35117,-0.291197091
35118,-0.289240777
35119,0.441596061
35120,-0.111490786
35121,0.173830569
35122,0.315265656
35123,0.083788782
35124,0.590672314
35125,0.190538004
35126,-0.175468802
35127,0.4624874
35128,-0.529816985
35129,0.006351467
35130,0.431527913
35131,0.191066206
35132,0.207657129
35133,-0.0915007
35134,-0.115112454
35135,0.472535759
35136,0.003102764
35137,-0.429236352
35138,-0.460632622
35139,0.386636138
35140,-0.176469609
35141,-0.212184861
35142,-0.399070978
35143,0.385456622
35144,-0.487249762
35145,0.541658163
35146,0.501847744
35147,-0.237593204
35148,-0.414780855
35149,-0.367830873
35150,0.148841128
35151,0.521983445
35152,0.192756385
35153,-0.070662484
35154,0.450865448
35155,-0.477409542
35156,-0.586098909
35157,0.186780006
35158,-0.234436333
35159,-0.133719027
35160,0.301758468
35161,0.401431918
35162,-0.190885663
35163,0.414080381
35164,-0.188859463
35165,-0.270974547
35166,0.458540589
35167,-0.436846197
35168,-0.485216707
35169,-0.311634183
35170,0.432027996
35171,-0.52246666
35172,-0.503439486
35173,-0.529316008
35174,0.075548977
35175,0.234452382
35176,-0.538262963
35177,0.548208594
35178,0.470606387
35179,0.464560866
35180,-0.509391725
35181,0.625491261
35182,0.245312423
35183,0.700801969
35184,0.421919823
35185,-0.504833937
35186,0.488917083
35187,0.496328473
35188,-0.140733212
35189,0.463738859
35190,0.609629691
35191,-0.649075627
35192,-0.389772087
35193,0.418025374
35194,-0.269980907
35195,-0.095540881
35196,0.498436987
35197,0.299375266
35198,-0.610151529
35199,0.489671052
35200,-0.492880732
35201,-0.065462247
35202,0.5564906
35203,-0.10878595
35204,0.182966173
35205,0.54636395
35206,0.363462329
35207,0.578616977
35208,-0.021832198
35209,0.369183421
35210,0.065896541
35211,-0.390280902
35212,-0.35665834
35213,-0.497346222
35214,0.501636505
35215,0.447255969
35216,0.324383467
35217,-0.468494296
35218,0.659648478
35219,0.282048553
35220,-0.225947529
35221,0.576722383
35222,-0.589664161
35223,-0.164408416
35224,0.270152777
35225,-0.472300351
35226,0.604498386
35227,-0.004998133
35228,0.664384127
35229,-0.330532074
35230,-0.322011709
35231,0.130924404
35232,-0.345794499
35233,-0.145570159
35234,-0.509068489
35235,0.291129172
35236,0.274733931
35237,0.65500176
35238,-0.600749731
35239,0.471401721
35240,0.132349074
35241,-0.410817891
35242,0.339977801
35243,-0.019448031
35244,-0.402044892
35245,-0.040743273
35246,-0.343033612
35247,0.522058427
35248,0.222149074
35249,-0.503176749
35250,0.078139395
35251,0.116511382
35252,0.264286935
35253,-0.184467748
35254,0.233823001
35255,-0.189392298
35256,-0.180007935
35257,0.250805199
35258,0.459781587
35259,0.556253254
35260,0.257814705
35261,0.662548304
35262,0.426644504
35263,-0.618789911
35264,-0.429562151
35265,-0.377302527
35266,0.489263147
35267,-0.505360365
35268,0.47047767
35269,0.601565242
35270,-0.569455981
35271,0.228490353
35272,-0.042690068
35273,-0.306396902
35274,-0.003097635
35275,0.549588025
35276,-0.675349236
35277,-0.187225372
35278,-0.167357251
35279,-0.059814114
35280,0.574600577
35281,-0.623116553
35282,0.30146417
35283,0.227131024
35284,-0.167409122
35285,0.41452387
35286,0.520928323
35287,-0.567880273
35288,0.19747214
35289,0.34652096
35290,-0.226477295
35291,-0.481331825
35292,-0.501673937
35293,0.374598503
35294,-0.214940786
35295,-0.387583792
35296,0.450635254
35297,0.292587519
35298,0.034432605
35299,0.42713207
35300,0.047332291
35301,-0.543644488
35302,-0.547567666
35303,0.633244097
35304,-0.144011259
35305,-0.285089076
35306,-0.202033684
35307,-0.005330406
35308,0.460381687
35309,-0.573710442
35310,0.258758068
35311,-0.316749305
35312,-0.522872388
35313,0.204136968
35314,0.510600448
35315,-0.414625227
35316,-0.175365031
35317,-0.077060029
35318,-0.293499321
35319,0.48524496
35320,0.399613082
35321,0.477528065
35322,0.017766029
35323,0.114053793
35324,0.488979101
35325,-0.503459215
35326,-0.183310136
35327,-0.407574981
35328,0.46907416
35329,-0.343734145
35330,0.563884258
35331,0.103012063
35332,-0.497335315
35333,0.457075477
35334,-0.450936735
35335,-0.154690012
35336,0.402513623
35337,0.535867572
35338,-0.201290265
35339,0.318466425
35340,0.060173199
35341,0.037905648
35342,-0.359330952
35343,-0.33831498
35344,-0.124936104
35345,-0.228140309
35346,-0.534094393
35347,-0.195463657
35348,0.274505079
35349,0.279343367
35350,-0.232703224
35351,-0.139185905
35352,0.441737235
35353,0.024384022
35354,0.449418306
35355,0.464087337
35356,-0.577870846
35357,-0.414259613
35358,-0.48845464
35359,0.014716357
35360,-0.474548131
35361,-0.391427755
35362,0.215490118
35363,-0.086748518
35364,-0.235838771
35365,0.174226731
35366,-0.166678712
35367,0.523141086
35368,0.041056678
35369,-0.48668623
35370,-0.382741034
35371,0.271146625
35372,0.185602158
35373,0.435740232
35374,-0.539708257
35375,0.588844419
35376,0.473527253
35377,-0.532715023
35378,0.34721753
35379,0.417129874
35380,-0.323072016
35381,-0.586949944
35382,-0.119165376
35383,0.559589922
35384,0.236512065
35385,0.421132177
35386,0.400924325
35387,0.592381477
35388,-0.142518207
35389,-0.50559932
35390,-0.435929447
35391,-0.416866839
35392,0.403869808
35393,-0.592603087
35394,-0.245474622
35395,0.030343987
35396,-0.019450322
35397,0.049949482
35398,-0.379081964
35399,-0.136858746
35400,-0.044824921
35401,-0.219777018
35402,-0.484959036
35403,0.416367888
35404,-0.275719374
35405,-0.447895944
35406,0.347903669
35407,0.319868535
35408,-0.513482392
35409,0.530715823
35410,-0.171346366
35411,-0.190068871
35412,-0.609758854
35413,0.180382177
35414,-0.188627943
35415,0.428286016
35416,-0.334826231
35417,-0.290148973
35418,-0.142593086
35419,-0.24225536
35420,-0.334462672
35421,0.135875478
35422,0.244902343
35423,-0.545303822
35424,-0.258491009
35425,0.396582901
35426,-0.222298235
35427,-0.447642505
35428,-0.268196374
35429,-0.225224957
35430,-0.271515161
35431,-0.352326423
35432,0.410867423
35433,-0.540260732
35434,-0.228076547
35435,0.117027938
35436,-0.27372542
35437,-0.437387854
35438,-0.262902826
35439,0.473164946
35440,-0.603299975
35441,-0.511875927
35442,0.441128075
35443,-0.479765087
35444,0.60593462
35445,-0.337724775
35446,-0.520019412
35447,-0.144203842
35448,-0.247159153
35449,0.313726127
35450,-0.176120937
35451,0.493339241
35452,-0.392125666
35453,-0.240831494
35454,0.031246264
35455,-0.542599738
35456,-0.402667612
35457,-0.435316414
35458,0.418492377
35459,-0.244598702
35460,0.427979738
35461,-0.302028
35462,-0.299914628
35463,-0.023796044
35464,-0.4430646
35465,0.403571635
35466,-0.282998562
35467,-0.574237108
35468,0.099286959
35469,-0.491541743
35470,-0.525497079
35471,0.592300296
35472,0.19426623
35473,-0.546764016
35474,0.360262185
35475,-0.551133513
35476,-0.463530004
35477,0.470120251
35478,0.558820128
35479,-0.665798247
35480,-0.477162659
35481,0.113055773
35482,0.364626765
35483,0.559800744
35484,-0.535001934
35485,0.419520527
35486,-0.202454001
35487,-0.543775797
35488,-0.244388074
35489,0.341387182
35490,0.276494563
35491,-0.392267168
35492,0.237662628
35493,0.414719462
35494,-0.144709244
35495,0.501542985
35496,-0.204781264
35497,-0.145515308
35498,-0.206319273
35499,-0.340010256
35500,-0.196501374
35501,0.456913829
35502,-0.336596698
35503,-0.31928736
35504,0.230603755
35505,-0.499563396
35506,0.324995756
35507,-0.109050892
35508,0.435341001
35509,-0.031524081
35510,0.270869315
35511,-0.001407705
35512,-0.440779984
35513,0.42507118
35514,-0.158833593
35515,-0.094509169
35516,-0.007160231
35517,-0.146818757
35518,-0.297536373
35519,0.60020417
35520,0.304457605
35521,-0.370302677
35522,-0.114706226
35523,-0.523817837
35524,0.50782603
35525,0.003945179
35526,-0.352952361
35527,-0.557431579
35528,0.122850411
35529,-0.002184279
35530,0.387787521
35531,-0.228832752
35532,0.242164686
35533,-0.429348171
35534,0.421755135
35535,-0.272304296
35536,-0.374873459
35537,0.137509122
35538,-0.458179921
35539,-0.495910138
35540,0.287242472
35541,-0.356538296
35542,0.436890423
35543,0.394848883
35544,-0.315024137
35545,-0.41610688
35546,0.109608576
35547,-0.313179463
35548,0.46803391
35549,-0.055232413
35550,0.197643057
35551,0.416604936
35552,-0.576292276
35553,0.264033526
35554,-0.536197364
35555,-0.22187674
35556,-0.390610516
35557,0.345759094
35558,0.488631427
35559,0.150511861
35560,-0.388336003
35561,-0.183426112
35562,0.11070554
35563,-0.29313463
35564,-0.285416514
35565,-0.132558599
35566,-0.055538937
35567,-0.043119736
35568,-0.526800871
35569,-0.067468017
35570,0.322388291
35571,-0.519754708
35572,-0.250224203
35573,0.333817482
35574,0.226463467
35575,0.139586359
35576,0.116940893
35577,-0.107728228
35578,-0.281093955
35579,-0.301243186
35580,0.193326384
35581,0.026346786
35582,-0.168594211
35583,-0.509688139
35584,-0.413000047
35585,0.652449012
35586,0.160024971
35587,-0.358768076
35588,0.034554452
35589,-0.192424029
35590,-0.020898592
35591,0.242784232
35592,0.500100136
35593,0.115797684
35594,0.254624009
35595,-0.400340497
35596,0.299365371
35597,-0.370468229
35598,0.584568381
35599,0.581792414
35600,0.487364054
35601,0.576480746
35602,-0.316602081
35603,0.111079343
35604,-0.652161479
35605,-0.280325681
35606,0.194084108
35607,-0.225692719
35608,-0.1625157
35609,0.473299384
35610,0.051756971
35611,-0.516499877
35612,-0.439854205
35613,0.577348113
35614,-0.168363452
35615,-0.18148753
35616,-0.080235854
35617,0.002594084
35618,0.359862626
35619,0.540508449
35620,-0.514663637
35621,0.362229884
35622,0.161310881
35623,0.222888708
35624,-0.21309489
35625,-0.046506125
35626,-0.027644547
35627,-0.008425288
35628,0.156458288
35629,0.556160331
35630,-0.598787665
35631,0.427482486
35632,-0.271989167
35633,-0.565813839
35634,0.456488699
35635,0.530827165
35636,-0.621957123
35637,0.453187466
35638,0.493655384
35639,-0.47739023
35640,0.161676541
35641,-0.317722499
35642,-0.585627794
35643,0.104242057
35644,0.215480745
35645,-0.58330375
35646,0.37571606
35647,-0.181188583
35648,-0.016763419
35649,0.651676536
35650,-0.161802128
35651,0.661879122
35652,0.537293077
35653,0.016209364
35654,-0.549270093
35655,0.19261533
35656,-0.138325334
35657,-0.543147206
35658,0.613999546
35659,0.296703666
35660,0.457764328
35661,-0.009691663
35662,-0.630855381
35663,-0.534626603
35664,-0.360168874
35665,0.416695476
35666,-0.554052472
35667,-0.247156665
35668,-0.075073093
35669,-0.199828446
35670,-0.352660358
35671,0.543720484
35672,-0.586486816
35673,0.428057313
35674,0.345816672
35675,-0.500597358
35676,0.481201112
35677,0.322276682
35678,-0.334498882
35679,0.520166755
35680,-0.370388508
35681,0.075233869
35682,-0.139775977
35683,-0.693134427
35684,0.347385079
35685,0.436165452
35686,0.093816005
35687,0.375219285
35688,0.36114186
35689,-0.503684223
35690,-0.189165741
35691,-0.568355441
35692,0.007186875
35693,0.460467637
35694,-0.242966145
35695,-0.140841797
35696,-0.04131316
35697,-0.608868539
35698,0.511840045
35699,0.588543057
35700,-0.490826279
35701,-0.499588162
35702,-0.09891507
35703,-0.41671896
35704,-0.466036677
35705,0.549034834
35706,0.453271061
35707,0.597823024
35708,0.158516854
35709,-0.297111511
35710,-0.616464972
35711,0.202107653
35712,0.039411809
35713,-0.557830036
35714,0.152010202
35715,0.467773795
35716,0.023566246
35717,0.175040022
35718,-0.285005242
35719,-0.40251857
35720,-0.551467538
35721,0.610246956
35722,-0.029566146
35723,-0.171645582
35724,-0.410823971
35725,0.415843695
35726,0.52629292
35727,0.319800317
35728,-0.479868352
35729,0.470272452
35730,0.207499579
35731,0.098812237
35732,0.185867473
35733,0.444752395
35734,-0.460348725
35735,-0.610436797
35736,0.444652915
35737,0.122364633
35738,0.043554351
35739,0.415747106
35740,-0.215066224
35741,-0.599032998
35742,0.525730252
35743,-0.539147794
35744,-0.440716088
35745,-0.306601673
35746,-0.406240821
35747,-0.286502123
35748,-0.345071584
35749,0.076401487
35750,-0.408904642
35751,-0.349800706
35752,0.598850071
35753,-0.640893102
35754,-0.443579942
35755,0.386782438
35756,-0.603718817
35757,0.282107085
35758,0.560788393
35759,0.261523247
35760,-0.311625302
35761,0.642400205
35762,-0.10968478
35763,-0.312086195
35764,-0.32726711
35765,0.501760781
35766,-0.189456791
35767,-0.319342226
35768,0.296500057
35769,0.237352625
35770,0.20907709
35771,-0.230527058
35772,-0.359147638
35773,0.57695806
35774,0.324926615
35775,-0.406337142
35776,0.431157172
35777,0.336407095
35778,-0.393812239
35779,-0.053317048
35780,0.39635703
35781,-0.072550438
35782,0.250285357
35783,-0.427191973
35784,-0.531408906
35785,-0.298527479
35786,-0.605286121
35787,0.009665908
35788,-0.533498287
35789,-0.267080426
35790,0.217431292
35791,0.046975121
35792,0.468817681
35793,-0.475310028
35794,-0.563850522
35795,-0.218531787
35796,-0.538562655
35797,-0.35984537
35798,0.490289629
35799,0.200950205
35800,0.019000888
35801,0.472351909
35802,-0.380146146
35803,0.065416984
35804,-0.536820054
35805,0.002051551
35806,0.536753774
35807,0.563681543
35808,-0.154078186
35809,-0.519789696
35810,0.493602812
35811,-0.044828311
35812,-0.223546341
35813,-0.435878307
35814,-0.309096694
35815,0.394582838
35816,0.383060485
35817,0.485148996
35818,-0.068071358
35819,-0.416513443
35820,-0.473593473
35821,-0.375103861
35822,-0.083824441
35823,0.181225121
35824,-0.435656011
35825,0.38754195
35826,-0.207300216
35827,0.182650045
35828,0.370754451
35829,0.54047966
35830,-0.456894577
35831,-0.166523591
35832,0.49888283
35833,0.281442612
35834,-0.38670212
35835,0.013617832
35836,0.620976567
35837,0.68254137
35838,-0.072923943
35839,-0.248501644
35840,0.182675734
35841,0.073259026
35842,0.354391813
35843,-0.048817642
35844,-0.02485681
35845,0.104542278
35846,-0.337009072
35847,-0.36100775
35848,0.377749622
35849,-0.432897091
35850,0.263124228
35851,0.256018162
35852,-0.089137882
35853,0.487991124
35854,0.535614014
35855,0.202970058
35856,0.037480045
35857,0.018385217
35858,0.611321688
35859,-0.327780902
35860,0.346760929
35861,0.116884992
35862,0.324213266
35863,-0.563493431
35864,-0.478880286
35865,0.570301175
35866,0.159867078
35867,0.559314847
35868,0.567639589
35869,0.39156881
35870,-0.482665241
35871,-0.263743579
35872,-0.342379391
35873,-0.08977481
35874,-0.317997456
35875,-0.473228097
35876,0.615085423
35877,-0.678767323
35878,0.567139387
35879,-0.152680874
35880,-0.200823203
35881,0.393254906
35882,0.36835736
35883,0.314083219
35884,0.659769654
35885,-0.52013731
35886,0.061151065
35887,0.261354506
35888,0.269134521
35889,-0.209949002
35890,-0.025741726
35891,-0.553728759
35892,-0.122217767
35893,-0.258752584
35894,0.210794345
35895,0.395655692
35896,-0.215171933
35897,-0.537601411
35898,-0.000894092
35899,0.328408241
35900,-0.596090972
35901,0.446228564
35902,0.353014559
35903,-0.465131819
35904,-0.3228302
35905,-0.046867505
35906,-0.135262311
35907,0.37322557
35908,0.058514789
35909,0.474565625
35910,0.422437966
35911,-0.371820748
35912,0.558051348
35913,0.303727031
35914,-0.368765831
35915,0.564961851
35916,0.507083118
35917,0.245945558
35918,-0.234856755
35919,0.531872988
35920,-0.552855551
35921,-0.418962896
35922,0.09863954
35923,0.431168824
35924,0.223028839
35925,-0.14241913
35926,-0.398528337
35927,-0.538291335
35928,0.10880629
35929,0.493181407
35930,-0.074750729
35931,-0.402352244
35932,0.022833228
35933,-0.189310431
35934,0.451661348
35935,0.136771113
35936,-0.438245922
35937,-0.254317313
35938,0.474401772
35939,-0.397179186
35940,0.530296743
35941,-0.227984428
35942,-0.369832337
35943,0.587409377
35944,0.478960514
35945,-0.36013329
35946,-0.146908164
35947,-0.118302241
35948,-0.633922458
35949,0.129451632
35950,-0.420953274
35951,0.317188084
35952,0.145261437
35953,-0.087629959
35954,0.40255335
35955,-0.351679027
35956,-0.421107978
35957,-0.416622996
35958,0.672708035
35959,-0.017407399
35960,-0.115285829
35961,0.444640607
35962,0.13791579
35963,-0.595159948
35964,-0.659370244
35965,-0.475984693
35966,0.617281556
35967,-0.540476501
35968,-0.423372
35969,0.480372339
35970,-0.157051384
35971,-0.30264011
35972,0.347209126
35973,0.36724937
35974,0.487083107
35975,0.474420011
35976,-0.318864286
35977,-0.223067343
35978,0.10589812
35979,0.505136251
35980,0.472154498
35981,0.023575515
35982,0.050562099
35983,0.392160416
35984,-0.302641094
35985,0.57928586
35986,0.406348586
35987,0.483405054
35988,0.079700381
35989,-0.046421759
35990,0.184632972
35991,0.494026989
35992,-0.269038558
35993,-0.11327222
35994,-0.092286304
35995,-0.041625559
35996,-0.528948367
35997,0.332987428
35998,0.372936279
35999,-0.179466099
36000,-0.386258602
36001,-0.140977263
36002,-0.309805989
36003,0.468469083
36004,-0.281585276
36005,0.275531173
36006,0.363884479
36007,0.289250553
36008,0.571816802
36009,0.541954994
36010,-0.546127379
36011,0.496387362
36012,-0.199394137
36013,0.196672544
36014,-0.264486104
36015,0.3146272
36016,0.083527096
36017,-0.51810348
36018,0.162604719
36019,-0.251306325
36020,0.056731872
36021,0.023851916
36022,-0.458206087
36023,-0.40407005
36024,-0.203833252
36025,-0.234478071
36026,0.518873155
36027,0.473042965
36028,0.532750607
36029,0.03503941
36030,0.296534806
36031,-0.074828237
36032,-0.483551264
36033,-0.462760955
36034,0.360820293
36035,-0.371010602
36036,-0.252391964
36037,0.32810238
36038,0.142744333
36039,0.072354078
36040,0.126899406
36041,-0.356843978
36042,0.259768873
36043,0.21369417
36044,-0.658843875
36045,-0.363864809
36046,0.5029459
36047,0.200893641
36048,-0.399475753
36049,0.115765825
36050,0.127318293
36051,-0.083549812
36052,0.424761772
36053,0.511192739
36054,0.178621784
36055,0.287128955
36056,-0.313425869
36057,-0.516817331
36058,0.473483622
36059,-0.270357579
36060,0.58907491
36061,0.524101496
36062,-0.48180747
36063,0.397926509
36064,-0.364614367
36065,0.59330821
36066,0.564320624
36067,0.277059019
36068,0.123360083
36069,-0.42821762
36070,0.672940612
36071,-0.375358462
36072,0.233001798
36073,0.676437855
36074,-0.391244948
36075,0.006315798
36076,0.250362486
36077,0.081900105
36078,-0.060878839
36079,0.56096226
36080,-0.391488403
36081,0.043637477
36082,0.075641692
36083,0.096963719
36084,-0.225518942
36085,-0.022539042
36086,-0.311305225
36087,0.339496136
36088,0.542988956
36089,-0.322133183
36090,0.053640984
36091,-0.16788137
36092,0.402934879
36093,0.617332995
36094,-0.206467375
36095,-0.440359473
36096,-0.418051898
36097,0.052468009
36098,0.573531985
36099,-0.171670586
36100,-0.475195169
36101,0.352858603
36102,0.263361663
36103,-0.361769617
36104,-0.415772736
36105,-0.400461882
36106,0.488022864
36107,-0.215100735
36108,0.249187201
36109,-0.383767843
36110,-0.226418555
36111,-0.310902417
36112,-0.479489923
36113,0.334364384
36114,0.411949992
36115,-0.124596342
36116,0.516379118
36117,0.132180527
36118,-0.45639044
36119,0.412023067
36120,-0.004329491
36121,-0.574015141
36122,0.426346272
36123,0.290379584
36124,-0.25756368
36125,0.142049432
36126,-0.473739803
36127,-0.198754057
36128,0.473298669
36129,-0.566918731
36130,-0.603720546
36131,0.425574124
36132,-0.176315129
36133,-0.404179692
36134,0.315019131
36135,0.435031831
36136,-0.522743165
36137,-0.159535721
36138,0.069643036
36139,0.132585704
36140,-0.330810189
36141,0.34057188
36142,0.057345547
36143,-0.084069371
36144,-0.72213161
36145,0.006715879
36146,-0.535499334
36147,0.035434984
36148,0.346986055
36149,-0.559848189
36150,-0.118120886
36151,-0.431726307
36152,-0.538360119
36153,0.224311352
36154,0.59382093
36155,-0.262801558
36156,0.515468359
36157,-0.41823861
36158,-0.129503801
36159,0.331280738
36160,-0.185804889
36161,-0.232074574
36162,-0.067224309
36163,-0.505086184
36164,-0.472085059
36165,0.338809431
36166,0.546068132
36167,-0.413724005
36168,0.329238653
36169,0.476391733
36170,-0.046490114
36171,0.382400095
36172,0.327640623
36173,0.028523089
36174,-0.392426193
36175,0.495637596
36176,0.461918265
36177,-0.434370071
36178,0.060676422
36179,0.380120218
36180,-0.485960066
36181,-0.319430411
36182,0.317798674
36183,0.000805609
36184,-0.5223912
36185,-0.567965627
36186,0.508061528
36187,-0.407919973
36188,-0.343839288
36189,0.392128289
36190,0.520129859
36191,0.412490308
36192,-0.4603073
36193,0.277355224
36194,0.288369805
36195,-0.531824291
36196,-0.193577766
36197,0.180969402
36198,-0.509290278
36199,0.193017453
36200,0.507210195
36201,0.274370492
36202,-0.346513212
36203,0.491141319
36204,-0.17694281
36205,-0.350230217
36206,0.040460847
36207,-0.121756464
36208,0.222952783
36209,0.468138874
36210,0.431955546
36211,-0.102897748
36212,0.400198579
36213,0.32265085
36214,-0.04684817
36215,-0.04553109
36216,0.125306234
36217,0.547040403
36218,0.54483068
36219,0.623437762
36220,0.615671277
36221,0.035631582
36222,-0.234749764
36223,-0.07525976
36224,0.567222238
36225,0.488811553
36226,-0.435862601
36227,0.329575181
36228,0.432316422
36229,0.351290643
36230,0.496719241
36231,-0.319533706
36232,-0.109157205
36233,-0.268818021
36234,-0.085326776
36235,0.367322683
36236,-0.494172215
36237,0.021791823
36238,0.339611411
36239,-0.165514022
36240,0.51243782
36241,0.367538244
36242,0.284307629
36243,0.341623574
36244,-0.013937406
36245,-0.037766762
36246,0.298884153
36247,-0.156390488
36248,-0.621516287
36249,0.112562001
36250,0.48613587
36251,-0.147211909
36252,0.163389713
36253,0.324666023
36254,0.692173779
36255,-0.334771007
36256,-0.497281432
36257,0.530634701
36258,-0.500972509
36259,0.20321475
36260,0.117087491
36261,-0.573153555
36262,0.243356198
36263,0.455895305
36264,-0.293037593
36265,0.25090602
36266,-0.225275412
36267,-0.538286924
36268,0.311184376
36269,-0.565177083
36270,0.490953743
36271,0.482839942
36272,-0.344404846
36273,0.596798182
36274,0.328523785
36275,0.291096449
36276,0.602093816
36277,0.106343985
36278,0.287387967
36279,-0.354645133
36280,0.529008567
36281,-0.422583044
36282,-0.413901746
36283,0.462829679
36284,-0.484389007
36285,-0.298106968
36286,0.499289125
36287,-0.452673584
36288,-0.403628469
36289,0.154861301
36290,-0.46919775
36291,-0.254255295
36292,
36293,
